[INFO] ATRACE(111294,npu_reader):2026-09-21-12:30:39.909.552 [trace_attr.c:100](tid:111294) doesn't set env ASCEND_LOG_DEVICE_FLUSH_TIMEOUT, use default timeout=0ms.
[INFO] ATRACE(111294,npu_reader):2026-09-21-12:30:39.909.697 [trace_attr.c:190](tid:111294) attr init successfully, timeout=0ms.
[WARNING] ATRACE(111294,npu_reader):2026-09-21-12:30:39.909.707 [trace_system_api.c:111](tid:111294) Environment variable is null or the length exceeds 255.
[INFO] ATRACE(111294,npu_reader):2026-09-21-12:30:39.909.724 [trace_recorder.c:45](tid:111294) home_directory=/root.
[INFO] ATRACE(111294,npu_reader):2026-09-21-12:30:39.909.729 [trace_recorder.c:211](tid:111294) use root path: /root/ascend
[INFO] ATRACE(111294,npu_reader):2026-09-21-12:30:39.909.733 [trace_recorder.c:154](tid:111294) doesn't set env ASCEND_TRACE_RECORD_NUM, use default dir num=10.
[INFO] ATRACE(111294,npu_reader):2026-09-21-12:30:39.909.740 [trace_event.c:147](tid:111294) init trace event successfully
[INFO] ATRACE(111294,npu_reader):2026-09-21-12:30:39.909.778 [atrace_client_core.c:185](tid:111294) init atrace client successfully.
[INFO] ATRACE(111294,npu_reader):2026-09-21-12:30:39.910.123 [stacktrace_dumper.c:244](tid:111294) path = /usr/local/Ascend/cann-9.1.0/aarch64-linux/bin/asc_dumper
[WARNING] ATRACE(111294,npu_reader):2026-09-21-12:30:39.910.138 [trace_system_api.c:111](tid:111294) Environment variable is null or the length exceeds 256.
[INFO] ATRACE(111294,npu_reader):2026-09-21-12:30:39.910.253 [stacktrace_signal.c:176](tid:111294) register signal handler for signal 2 succeed.
[INFO] ATRACE(111294,npu_reader):2026-09-21-12:30:39.910.258 [stacktrace_signal.c:176](tid:111294) register signal handler for signal 15 succeed.
[INFO] ATRACE(111294,npu_reader):2026-09-21-12:30:39.910.260 [stacktrace_signal.c:176](tid:111294) register signal handler for signal 3 succeed.
[INFO] ATRACE(111294,npu_reader):2026-09-21-12:30:39.910.264 [stacktrace_signal.c:176](tid:111294) register signal handler for signal 4 succeed.
[INFO] ATRACE(111294,npu_reader):2026-09-21-12:30:39.910.266 [stacktrace_signal.c:176](tid:111294) register signal handler for signal 5 succeed.
[INFO] ATRACE(111294,npu_reader):2026-09-21-12:30:39.910.269 [stacktrace_signal.c:176](tid:111294) register signal handler for signal 6 succeed.
[INFO] ATRACE(111294,npu_reader):2026-09-21-12:30:39.910.272 [stacktrace_signal.c:176](tid:111294) register signal handler for signal 7 succeed.
[INFO] ATRACE(111294,npu_reader):2026-09-21-12:30:39.910.275 [stacktrace_signal.c:176](tid:111294) register signal handler for signal 8 succeed.
[INFO] ATRACE(111294,npu_reader):2026-09-21-12:30:39.910.277 [stacktrace_signal.c:176](tid:111294) register signal handler for signal 11 succeed.
[INFO] ATRACE(111294,npu_reader):2026-09-21-12:30:39.910.281 [stacktrace_signal.c:176](tid:111294) register signal handler for signal 24 succeed.
[INFO] ATRACE(111294,npu_reader):2026-09-21-12:30:39.910.284 [stacktrace_signal.c:176](tid:111294) register signal handler for signal 25 succeed.
[INFO] ATRACE(111294,npu_reader):2026-09-21-12:30:39.910.287 [stacktrace_signal.c:176](tid:111294) register signal handler for signal 31 succeed.
[INFO] ATRACE(111294,npu_reader):2026-09-21-12:30:39.910.291 [stacktrace_signal.c:176](tid:111294) register signal handler for signal 35 succeed.
[INFO] ATRACE(111294,npu_reader):2026-09-21-12:30:39.910.293 [stacktrace_signal.c:179](tid:111294) trace signal init succeed.
[INFO] ATRACE(111294,npu_reader):2026-09-21-12:30:39.910.296 [trace_core.c:51](tid:111294) init trace successfully.
[INFO] ATRACE(111294,npu_reader):2026-09-21-12:30:39.910.338 [awatchdog_core.c:99](tid:111294) watchdog get platform host side
[INFO] ATRACE(111294,npu_reader):2026-09-21-12:30:39.910.380 [awatchdog_monitor.c:127](tid:111294) create monitor thread successfully, tid :281458621924384 
[INFO] ATRACE(111294,npu_reader):2026-09-21-12:30:39.910.384 [awatchdog_monitor.c:225](tid:111294) AwdMonitorInit
[WARNING] RUNTIME(111294,npu_reader):2026-09-21-12:30:39.912.141 [runtime_keeper.cc:258] 111294 RegisterDrvErrMsgHandle: [drv api] drv_log_report_err_msg_handle_register does not exist, skip register err msg handle.
[INFO] RUNTIME(111294,npu_reader):2026-09-21-12:30:39.912.182 [task_fail_callback_data_manager.cc:93] 111294 TaskFailCallBackManager: Constructor.
[INFO] RUNTIME(111294,npu_reader):2026-09-21-12:30:39.912.187 [xpu_task_fail_callback_data_manager.cc:59] 111294 XpuTaskFailCallBackManager: XpuTaskFailCallBackManager Constructor.
[INFO] IDEDD(111294,npu_reader):2026-09-21-12:30:39.912.699 [dump_config_converter.cpp:1153][tid:111294] No Env enable exception dump
[INFO] TDT(111294,npu_reader):2026-09-21-12:30:39.913.420 [package_worker_factory.cpp:38][RegisterPackageWorkerCreator][tid:111294] Register[2] package worker was created successfully
[INFO] TDT(111294,npu_reader):2026-09-21-12:30:39.913.436 [package_worker_factory.cpp:38][RegisterPackageWorkerCreator][tid:111294] Register[3] package worker was created successfully
[INFO] HCCL(111294,npu_reader):2026-09-21-12:30:39.920.232 [global_mirror_tasks.cc:19][111294][GlobalMirrorTasks][GlobalMirrorTasks]GlobalMirrorTasks Contruct
[INFO] HCCL(111294,npu_reader):2026-09-21-12:30:39.930.395 [adapter_rts.cc:2585] [111294][adapter_rts.cc][CallBackInitRts] g_deviceType [8] g_deviceLogicId [-1] g_devicePhyId [-1]
[INFO] GE(111294,npu_reader):2026-09-21-12:30:39.946.088 [error_manager.cc:1047]111294 RegisterFormatErrorMessage:RegisterFormatErrorMessage, try to register error message
LIBRARY HcommEndpointCreate => /usr/local/Ascend/cann-9.1.0/lib64/libhcomm.so

STAGE 1. 初始化 ACL，选择 NPU2，创建 DEVICE/ROCE Endpoint
[INFO] ASCENDCL(111294,npu_reader):2026-09-21-12:30:39.954.015 [acl.cpp:364]111294 aclInitImpl: start to execute aclInit
[INFO] ASCENDCL(111294,npu_reader):2026-09-21-12:30:39.954.028 [hash_utils.cpp:19]111294 CalculateSimpleHash: Begin to calculate hash for file: (null)
[INFO] ASCENDCL(111294,npu_reader):2026-09-21-12:30:39.954.034 [hash_utils.cpp:23]111294 CalculateSimpleHash: End to calculate hash for file: (null), hash value: 6142509188972423790
[INFO] ASCENDCL(111294,npu_reader):2026-09-21-12:30:39.954.038 [acl.cpp:397]111294 aclInitImpl: call ErrorManager.Initialize
[INFO] GE(111294,npu_reader):2026-09-21-12:30:39.954.061 [error_manager.cc:346]111294 Init:Begin to init, path is /usr/local/Ascend/cann-9.1.0/aarch64-linux/lib64/
[INFO] PROFILING(111294,npu_reader):2026-09-21-12:30:39.957.389 [prof_cann_plugin.cpp:390] (tid:111294) Register module[ASCENDCL(48)] callback.
[INFO] ASCENDCL(111294,npu_reader):2026-09-21-12:30:39.957.399 [acl.cpp:470]111294 aclInitImpl: set ProfilingConfig in aclInit
[INFO] ASCENDCL(111294,npu_reader):2026-09-21-12:30:39.957.403 [profiling.cpp:138]111294 HandleProfilingConfig: start to execute HandleProfilingConfig
[INFO] ASCENDCL(111294,npu_reader):2026-09-21-12:30:39.957.407 [profiling.cpp:132]111294 GetProfilingConfigFile: no profiling config file.
[INFO] ASCENDCL(111294,npu_reader):2026-09-21-12:30:39.957.409 [profiling.cpp:153]111294 HandleProfilingConfig: configPath is null, no need to do profiling.
[INFO] ASCENDCL(111294,npu_reader):2026-09-21-12:30:39.957.411 [profiling.cpp:89]111294 HandleProfilingCommand: start to execute HandleProfilingCommand
[INFO] PROFILING(111294,npu_reader):2026-09-21-12:30:39.959.022 [command_handle.cpp:163] (tid:111294) Module[ASCENDCL(48)] register callback of ctrl handle.
[INFO] PROFILING(111294,npu_reader):2026-09-21-12:30:39.959.043 [msprofiler_impl.cpp:447] (tid:111294) Profiling Init useless
[INFO] PROFILING(111294,npu_reader):2026-09-21-12:30:39.959.047 [prof_cann_plugin.cpp:271] (tid:111294) Report buffer does not need to be initialized.
[INFO] PROFILING(111294,npu_reader):2026-09-21-12:30:39.959.096 [prof_runtime_plugin.cpp:44] (tid:111294) Load api[rtCacheLastTaskOpInfo] from libruntime.so successfully.
[INFO] PROFILING(111294,npu_reader):2026-09-21-12:30:39.959.101 [prof_runtime_plugin.cpp:44] (tid:111294) Load api[rtProfilerTraceEx] from libruntime.so successfully.
[INFO] PROFILING(111294,npu_reader):2026-09-21-12:30:39.959.104 [prof_runtime_plugin.cpp:44] (tid:111294) Load api[rtsStreamGetAttribute] from libruntime.so successfully.
[INFO] PROFILING(111294,npu_reader):2026-09-21-12:30:39.959.113 [msprof_tx_manager.cpp:379] (tid:111294) [MsprofTxManager]Register MsprofReportAdditional function.
[INFO] PROFILING(111294,npu_reader):2026-09-21-12:30:39.959.116 [msprof_tx_manager.cpp:370] (tid:111294) [MsprofTxManager]Register rtProfilerTraceEx function.
[INFO] PROFILING(111294,npu_reader):2026-09-21-12:30:39.959.121 [mstx_inject.cpp:319] (tid:111294) Succeed to get func table for module 1
[INFO] PROFILING(111294,npu_reader):2026-09-21-12:30:39.959.123 [mstx_inject.cpp:319] (tid:111294) Succeed to get func table for module 2
[WARNING] PROFILING(111294,npu_reader):2026-09-21-12:30:39.959.134 [json_parser.cpp:53] (tid:111294) The configPathString path: [] does not exist or permission denied.
[INFO] PROFILING(111294,npu_reader):2026-09-21-12:30:39.959.138 [platform.cpp:52] (tid:111294) Profiling platform version: 1.0.
[INFO] PROFILING(111294,npu_reader):2026-09-21-12:30:39.959.146 [platform.cpp:264] (tid:111294) Succeeded to DrvGetApiVersion version: 0x72418
[INFO] PROFILING(111294,npu_reader):2026-09-21-12:30:39.959.170 [ai_drv_dev_api.cpp:312] (tid:111294) Succeeded to DrvGetHostFreq frequency=100000
[INFO] PROFILING(111294,npu_reader):2026-09-21-12:30:39.959.183 [ai_drv_dev_api.cpp:36] (tid:111294) Succeeded to drvGetDevNum, numDev=16
[INFO] PROFILING(111294,npu_reader):2026-09-21-12:30:39.959.186 [ai_drv_dev_api.cpp:55] (tid:111294) Succeeded to drvGetDevIDs, numDevices=16
[INFO] PROFILING(111294,npu_reader):2026-09-21-12:30:39.959.221 [config_manager.cpp:92] (tid:111294) Success to get chip id: 5.
[INFO] PROFILING(111294,npu_reader):2026-09-21-12:30:39.959.229 [platform.cpp:69] (tid:111294) Profiling platform type: 5
[INFO] PROFILING(111294,npu_reader):2026-09-21-12:30:39.959.239 [msprofiler_impl.cpp:95] (tid:111294) Dynamic profiling environment not really set, so do nothing.
[INFO] ASCENDCL(111294,npu_reader):2026-09-21-12:30:39.959.243 [profiling.cpp:119]111294 HandleProfilingCommand: set profiling config successfully
[INFO] ASCENDCL(111294,npu_reader):2026-09-21-12:30:39.959.246 [acl_rt_impl_base.cpp:206]111294 aclrtGetSocNameImpl: start to execute aclrtGetSocName.
[INFO] RUNTIME(111294,npu_reader):2026-09-21-12:30:39.959.256 [runtime_keeper.cc:98] 111294 GetDeviceType: hardwareVersion=0x500
[INFO] RUNTIME(111294,npu_reader):2026-09-21-12:30:39.960.328 [plugin_old_arch.cc:21] 111294 ConstructRuntimeImpl: RuntimeImpl construct success, runtime = 0xaaac31803a60
[INFO] RUNTIME(111294,npu_reader):2026-09-21-12:30:39.960.339 [runtime_keeper.cc:211] 111294 CreateRuntimeImpl: Open libruntime_v100.so successfully
[INFO] RUNTIME(111294,npu_reader):2026-09-21-12:30:39.960.342 [runtime_keeper.cc:331] 111294 BootRuntime: new Runtime ok, Runtime_alloc_size 13920.
[INFO] RUNTIME(111294,npu_reader):2026-09-21-12:30:39.960.354 [runtime.cc:1081] 111294 CheckHaveDevice: hardwareVersion=0x500
[INFO] FE(111294,npu_reader):2026-09-21-12:30:39.960.390 [platform_manager_v2.cpp:75]111294 GetConfigFilePath:Current so file path is [/usr/local/Ascend/cann-9.1.0/aarch64-linux/].
[INFO] RUNTIME(111294,npu_reader):2026-09-21-12:30:39.960.874 [runtime.cc:687] 111294 InitSocVersionByDrvSocVersion: socVersion=Ascend910_9362, chipType=5
[INFO] RUNTIME(111294,npu_reader):2026-09-21-12:30:39.960.895 [runtime.cc:810] 111294 InitChipTypeAndSocVersion: Runtime init: device type=5, soc version=Ascend910_9362, have device=1
[WARNING] FE(111294,npu_reader):2026-09-21-12:30:39.960.905 [platform_manager_v2.cpp:259]111294 GetSocSpec:Failed to get platform info, label[SoCInfo], key[io_die_num].
[INFO] RUNTIME(111294,npu_reader):2026-09-21-12:30:39.960.909 [ini_parse_utils.cc:108] 111294 GetStreamSpecFromIniFile: iniAttrs: normalStreamNum=32768, normalStreamDepth=2048, hugeStreamNum=0, hugeStreamDepth=0.
[INFO] RUNTIME(111294,npu_reader):2026-09-21-12:30:39.960.914 [ini_parse_utils.cc:130] 111294 GetArchInfoFromIniFile: iniAttrs: socVersion=Ascend910_9362, npuArch=2201.
[INFO] RUNTIME(111294,npu_reader):2026-09-21-12:30:39.960.939 [npu_driver.cc:1109] 111294 CheckIsSupportFeature: Support FEATURE_TRSDRV_SQ_SUPPORT_DYNAMIC_BIND, drv devId=0.
[INFO] RUNTIME(111294,npu_reader):2026-09-21-12:30:39.960.947 [runtime.cc:4440] 111294 GetVisibleDevices: ASCEND_RT_VISIBLE_DEVICES param was not set
[INFO] RUNTIME(111294,npu_reader):2026-09-21-12:30:39.960.952 [runtime.cc:822] 111294 InitApiImplies: ApiImpl:Runtime_alloc_size 16
[INFO] RUNTIME(111294,npu_reader):2026-09-21-12:30:39.960.955 [runtime.cc:830] 111294 InitApiImplies: ApiImplMbuf:Runtime_alloc_size 8
[INFO] RUNTIME(111294,npu_reader):2026-09-21-12:30:39.960.958 [runtime.cc:838] 111294 InitApiImplies: ApiImplSoma:Runtime_alloc_size 8
[INFO] RUNTIME(111294,npu_reader):2026-09-21-12:30:39.960.960 [runtime.cc:849] 111294 InitLogger: Logger:Runtime_alloc_size 32
[INFO] RUNTIME(111294,npu_reader):2026-09-21-12:30:39.960.964 [runtime.cc:860] 111294 InitApiProfiler: RProfiler:Runtime_alloc_size 176
[INFO] RUNTIME(111294,npu_reader):2026-09-21-12:30:39.960.969 [profiler.cc:88] 111294 Init: Init ok, Runtime_alloc_size 48
[INFO] RUNTIME(111294,npu_reader):2026-09-21-12:30:39.960.973 [runtime.cc:877] 111294 InitApiErrorDecorator: ApiErrorDecorator:Runtime_alloc_size 16.
[INFO] RUNTIME(111294,npu_reader):2026-09-21-12:30:39.960.976 [runtime.cc:888] 111294 InitThreadGuard: Runtime init:new ThreadGuard ok, Runtime_alloc_size 104.
[INFO] RUNTIME(111294,npu_reader):2026-09-21-12:30:39.960.978 [runtime.cc:900] 111294 InitStreamObserver: EngineStreamObserver:Runtime_alloc_size 8.
[INFO] RUNTIME(111294,npu_reader):2026-09-21-12:30:39.960.981 [runtime.cc:913] 111294 InitAicpuStreamIdBitmap: Bitmap(1024):Runtime_alloc_size 80.
[INFO] RUNTIME(111294,npu_reader):2026-09-21-12:30:39.960.984 [runtime.cc:931] 111294 InitCbSubscribe: The thread group num is 1024
[INFO] RUNTIME(111294,npu_reader):2026-09-21-12:30:39.960.986 [runtime.cc:938] 111294 InitCbSubscribe: Runtime init:new CbSubscribe ok, Runtime_alloc_size 320.
[INFO] RUNTIME(111294,npu_reader):2026-09-21-12:30:39.961.018 [runtime.cc:115] 111294 Init: ObjAllocator alloc success, Runtime_alloc_size 160000(bytes)
[INFO] RUNTIME(111294,npu_reader):2026-09-21-12:30:39.961.065 [runtime.cc:127] 111294 Init: ObjAllocator alloc success, Runtime_alloc_size 960000(bytes)
[INFO] RUNTIME(111294,npu_reader):2026-09-21-12:30:39.961.082 [runtime.cc:1011] 111294 InitLabelAllocator: Runtime init:new LabelAllocator ok, Runtime_alloc_size 131152.
[INFO] RUNTIME(111294,npu_reader):2026-09-21-12:30:39.961.085 [runtime.cc:1019] 111294 InitSetRuntimeVersion: set runtime api ver success
[INFO] RUNTIME(111294,npu_reader):2026-09-21-12:30:39.961.126 [runtime.cc:1032] 111294 InitNpuCollectPath: NPU_COLLECT_PATH is not set!
[INFO] RUNTIME(111294,npu_reader):2026-09-21-12:30:39.961.167 [runtime.cc:1188] 111294 GetDcacheLockMixOpPath: dcacheLockMixOpPath /usr/local/Ascend/cann-9.1.0/lib64/dcache_lock_mix.o.
[INFO] RUNTIME(111294,npu_reader):2026-09-21-12:30:39.961.184 [runtime.cc:1233] 111294 FindDcacheLockOp: read dcache lock op file success
[INFO] PROFILING(111294,npu_reader):2026-09-21-12:30:39.961.190 [prof_cann_plugin.cpp:387] (tid:111294) Register module[RUNTIME(7)] callback with handle.
[INFO] PROFILING(111294,npu_reader):2026-09-21-12:30:39.961.194 [command_handle.cpp:163] (tid:111294) Module[RUNTIME(7)] register callback of ctrl handle.
[WARNING] RUNTIME(111294,npu_reader):2026-09-21-12:30:39.961.201 [heterogenous.cc:22] 111294 ReadHeterogenousModeFromConfigIni: can not read ASCEND_LATEST_INSTALL_PATH! isHeterogenous=0.
[INFO] RUNTIME(111294,npu_reader):2026-09-21-12:30:39.961.218 [api_c_soc.cc:84] 111294 rtGetSocVersion: soc version is Ascend910_9362
[INFO] ASCENDCL(111294,npu_reader):2026-09-21-12:30:39.961.223 [acl_rt_impl_base.cpp:135]111294 InitSocVersion: get SocVersion success, SocVersion = Ascend910_9362
[INFO] ASCENDCL(111294,npu_reader):2026-09-21-12:30:39.961.225 [acl_rt_impl_base.cpp:213]111294 aclrtGetSocNameImpl: execute aclrtGetSocName successfully
[INFO] ASCENDCL(111294,npu_reader):2026-09-21-12:30:39.961.229 [acl.cpp:340]111294 IsEnableAutoUCMemeory: auto-uc-memory is enabled.
[INFO] ASCENDCL(111294,npu_reader):2026-09-21-12:30:39.961.232 [acl.cpp:494]111294 aclInitImpl: register kernel launch fill function in aclInit
[INFO] RUNTIME(111294,npu_reader):2026-09-21-12:30:39.961.239 [runtime.cc:4625] 111294 RegKernelLaunchFillFunc: register callback finish, symbol:g_opSystemRunCfg.
[INFO] ASCENDCL(111294,npu_reader):2026-09-21-12:30:39.961.242 [acl.cpp:790]111294 aclsysGetCANNVersionImpl: start to execute aclsysGetCANNVersion.
[INFO] ASCENDCL(111294,npu_reader):2026-09-21-12:30:39.961.246 [acl.cpp:793]111294 aclsysGetCANNVersionImpl: enum name id is [0], enum name is [runtime].
[INFO] ASCENDCL(111294,npu_reader):2026-09-21-12:30:39.961.248 [acl.cpp:812]111294 aclsysGetCANNVersionImpl: value of env [ASCEND_HOME_PATH] is [/usr/local/Ascend/cann-9.1.0].
[INFO] ASCENDCL(111294,npu_reader):2026-09-21-12:30:39.961.275 [acl.cpp:775]111294 GetCANNVersionInternal: versionInfo is [9.1.0].
[INFO] ASCENDCL(111294,npu_reader):2026-09-21-12:30:39.961.285 [acl.cpp:350]111294 GetAllPackageVersion: Version of runtime package is 9.1.0
[INFO] ASCENDCL(111294,npu_reader):2026-09-21-12:30:39.961.288 [acl.cpp:790]111294 aclsysGetCANNVersionImpl: start to execute aclsysGetCANNVersion.
[INFO] ASCENDCL(111294,npu_reader):2026-09-21-12:30:39.961.290 [acl.cpp:793]111294 aclsysGetCANNVersionImpl: enum name id is [1], enum name is [runtime].
[INFO] ASCENDCL(111294,npu_reader):2026-09-21-12:30:39.961.293 [acl.cpp:812]111294 aclsysGetCANNVersionImpl: value of env [ASCEND_HOME_PATH] is [/usr/local/Ascend/cann-9.1.0].
[INFO] ASCENDCL(111294,npu_reader):2026-09-21-12:30:39.961.305 [acl.cpp:775]111294 GetCANNVersionInternal: versionInfo is [9.1.0].
[INFO] ASCENDCL(111294,npu_reader):2026-09-21-12:30:39.961.309 [acl.cpp:350]111294 GetAllPackageVersion: Version of runtime package is 9.1.0
[INFO] ASCENDCL(111294,npu_reader):2026-09-21-12:30:39.961.312 [acl.cpp:790]111294 aclsysGetCANNVersionImpl: start to execute aclsysGetCANNVersion.
[INFO] ASCENDCL(111294,npu_reader):2026-09-21-12:30:39.961.314 [acl.cpp:793]111294 aclsysGetCANNVersionImpl: enum name id is [2], enum name is [bisheng-compiler].
[INFO] ASCENDCL(111294,npu_reader):2026-09-21-12:30:39.961.316 [acl.cpp:812]111294 aclsysGetCANNVersionImpl: value of env [ASCEND_HOME_PATH] is [/usr/local/Ascend/cann-9.1.0].
[INFO] ASCENDCL(111294,npu_reader):2026-09-21-12:30:39.961.333 [acl.cpp:775]111294 GetCANNVersionInternal: versionInfo is [9.1.0].
[INFO] ASCENDCL(111294,npu_reader):2026-09-21-12:30:39.961.337 [acl.cpp:350]111294 GetAllPackageVersion: Version of bisheng-compiler package is 9.1.0
[INFO] ASCENDCL(111294,npu_reader):2026-09-21-12:30:39.961.340 [acl.cpp:790]111294 aclsysGetCANNVersionImpl: start to execute aclsysGetCANNVersion.
[INFO] ASCENDCL(111294,npu_reader):2026-09-21-12:30:39.961.342 [acl.cpp:793]111294 aclsysGetCANNVersionImpl: enum name id is [3], enum name is [hccl].
[INFO] ASCENDCL(111294,npu_reader):2026-09-21-12:30:39.961.344 [acl.cpp:812]111294 aclsysGetCANNVersionImpl: value of env [ASCEND_HOME_PATH] is [/usr/local/Ascend/cann-9.1.0].
[INFO] ASCENDCL(111294,npu_reader):2026-09-21-12:30:39.961.360 [acl.cpp:775]111294 GetCANNVersionInternal: versionInfo is [9.1.0].
[INFO] ASCENDCL(111294,npu_reader):2026-09-21-12:30:39.961.364 [acl.cpp:350]111294 GetAllPackageVersion: Version of hccl package is 9.1.0
[INFO] ASCENDCL(111294,npu_reader):2026-09-21-12:30:39.961.366 [acl.cpp:790]111294 aclsysGetCANNVersionImpl: start to execute aclsysGetCANNVersion.
[INFO] ASCENDCL(111294,npu_reader):2026-09-21-12:30:39.961.368 [acl.cpp:793]111294 aclsysGetCANNVersionImpl: enum name id is [4], enum name is [oam-tools].
[INFO] ASCENDCL(111294,npu_reader):2026-09-21-12:30:39.961.371 [acl.cpp:812]111294 aclsysGetCANNVersionImpl: value of env [ASCEND_HOME_PATH] is [/usr/local/Ascend/cann-9.1.0].
[INFO] ASCENDCL(111294,npu_reader):2026-09-21-12:30:39.961.378 [acl.cpp:755]111294 GetCANNVersionInternal: [Check]versionInfoPath [/usr/local/Ascend/cann-9.1.0/share/info/oam-tools/version.info] does not exist, try use Alternative versionInfoPath.
[INFO] ASCENDCL(111294,npu_reader):2026-09-21-12:30:39.961.381 [acl.cpp:761]111294 GetCANNVersionInternal: [Check]use Alternative versionInfoPath [/usr/local/Ascend/cann-9.1.0/share/info/oam_tools/version.info].
[INFO] ASCENDCL(111294,npu_reader):2026-09-21-12:30:39.961.398 [acl.cpp:775]111294 GetCANNVersionInternal: versionInfo is [9.1.0].
[INFO] ASCENDCL(111294,npu_reader):2026-09-21-12:30:39.961.402 [acl.cpp:350]111294 GetAllPackageVersion: Version of oam-tools package is 9.1.0
[INFO] ASCENDCL(111294,npu_reader):2026-09-21-12:30:39.961.404 [acl.cpp:790]111294 aclsysGetCANNVersionImpl: start to execute aclsysGetCANNVersion.
[INFO] ASCENDCL(111294,npu_reader):2026-09-21-12:30:39.961.406 [acl.cpp:793]111294 aclsysGetCANNVersionImpl: enum name id is [5], enum name is [ops-legacy].
[INFO] ASCENDCL(111294,npu_reader):2026-09-21-12:30:39.961.408 [acl.cpp:812]111294 aclsysGetCANNVersionImpl: value of env [ASCEND_HOME_PATH] is [/usr/local/Ascend/cann-9.1.0].
[INFO] ASCENDCL(111294,npu_reader):2026-09-21-12:30:39.961.415 [acl.cpp:755]111294 GetCANNVersionInternal: [Check]versionInfoPath [/usr/local/Ascend/cann-9.1.0/share/info/ops-legacy/version.info] does not exist, try use Alternative versionInfoPath.
[INFO] ASCENDCL(111294,npu_reader):2026-09-21-12:30:39.961.418 [acl.cpp:761]111294 GetCANNVersionInternal: [Check]use Alternative versionInfoPath [/usr/local/Ascend/cann-9.1.0/share/info/ops_legacy/version.info].
[INFO] ASCENDCL(111294,npu_reader):2026-09-21-12:30:39.961.433 [acl.cpp:775]111294 GetCANNVersionInternal: versionInfo is [9.1.0].
[INFO] ASCENDCL(111294,npu_reader):2026-09-21-12:30:39.961.437 [acl.cpp:350]111294 GetAllPackageVersion: Version of ops-legacy package is 9.1.0
[INFO] ASCENDCL(111294,npu_reader):2026-09-21-12:30:39.961.439 [acl.cpp:790]111294 aclsysGetCANNVersionImpl: start to execute aclsysGetCANNVersion.
[INFO] ASCENDCL(111294,npu_reader):2026-09-21-12:30:39.961.441 [acl.cpp:793]111294 aclsysGetCANNVersionImpl: enum name id is [6], enum name is [ops-legacy].
[INFO] ASCENDCL(111294,npu_reader):2026-09-21-12:30:39.961.444 [acl.cpp:812]111294 aclsysGetCANNVersionImpl: value of env [ASCEND_HOME_PATH] is [/usr/local/Ascend/cann-9.1.0].
[INFO] ASCENDCL(111294,npu_reader):2026-09-21-12:30:39.961.450 [acl.cpp:755]111294 GetCANNVersionInternal: [Check]versionInfoPath [/usr/local/Ascend/cann-9.1.0/share/info/ops-legacy/version.info] does not exist, try use Alternative versionInfoPath.
[INFO] ASCENDCL(111294,npu_reader):2026-09-21-12:30:39.961.452 [acl.cpp:761]111294 GetCANNVersionInternal: [Check]use Alternative versionInfoPath [/usr/local/Ascend/cann-9.1.0/share/info/ops_legacy/version.info].
[INFO] ASCENDCL(111294,npu_reader):2026-09-21-12:30:39.961.464 [acl.cpp:775]111294 GetCANNVersionInternal: versionInfo is [9.1.0].
[INFO] ASCENDCL(111294,npu_reader):2026-09-21-12:30:39.961.467 [acl.cpp:350]111294 GetAllPackageVersion: Version of ops-legacy package is 9.1.0
[INFO] ASCENDCL(111294,npu_reader):2026-09-21-12:30:39.961.470 [acl.cpp:790]111294 aclsysGetCANNVersionImpl: start to execute aclsysGetCANNVersion.
[INFO] ASCENDCL(111294,npu_reader):2026-09-21-12:30:39.961.472 [acl.cpp:793]111294 aclsysGetCANNVersionImpl: enum name id is [7], enum name is [driver].
[INFO] ASCENDCL(111294,npu_reader):2026-09-21-12:30:39.961.484 [acl.cpp:740]111294 GetDriverPath: driver path is [/usr/local/Ascend].
[INFO] ASCENDCL(111294,npu_reader):2026-09-21-12:30:39.961.500 [acl.cpp:775]111294 GetCANNVersionInternal: versionInfo is [25.5.1.1].
[INFO] ASCENDCL(111294,npu_reader):2026-09-21-12:30:39.961.504 [acl.cpp:350]111294 GetAllPackageVersion: Version of driver package is 25.5.1.1
[INFO] ASCENDCL(111294,npu_reader):2026-09-21-12:30:39.961.506 [acl.cpp:523]111294 aclInitImpl: successfully execute aclInit, aclInitRefCount is 1
API aclInit(nullptr) => 0
[INFO] ASCENDCL(111294,npu_reader):2026-09-21-12:30:39.961.519 [device.cpp:56]111294 aclrtSetDeviceImpl: start to execute aclrtSetDevice, deviceId = 2.
[INFO] RUNTIME(111294,npu_reader):2026-09-21-12:30:39.961.537 [npu_driver.cc:93] 111294 NpuDriver: Run mode=1 [0:offline, 1:online], env type=3
[INFO] RUNTIME(111294,npu_reader):2026-09-21-12:30:39.961.542 [api_impl.cc:3235] 111294 SetDevice: drv devId=2.
[INFO] RUNTIME(111294,npu_reader):2026-09-21-12:30:39.961.547 [runtime.cc:2701] 111294 DeviceRetain: [dlog api] DlogReportStart exist.
[INFO] DRV(111294,npu_reader):2026-09-21-12:30:39.961.745 [hdc_core.c:1982][ascend][curpid:111294,111294][drv][hdc][drvHdcSetSessionReference]Get pid number. (session=834; pid=111294)
[INFO] RUNTIME(111294,npu_reader):2026-09-21-12:30:39.961.853 [runtime.cc:2708] 111294 DeviceRetain: [dlog api] AtraceReportStart exist.
[INFO] ATRACE(111294,npu_reader):2026-09-21-12:30:39.961.859 [atrace_client_communication.c:103](tid:111294) send [hello] msg.
[INFO] ATRACE(111294,npu_reader):2026-09-21-12:30:39.961.862 [atrace_client_communication.c:63](tid:111294) send msg by adx[begin], resultLen=1024 bytes.
[INFO] DRV(111294,npu_reader):2026-09-21-12:30:39.962.146 [hdc_core.c:1982][ascend][curpid:111294,111294][drv][hdc][drvHdcSetSessionReference]Get pid number. (session=835; pid=111294)
[INFO] DRV(111294,npu_reader):2026-09-21-12:30:39.963.359 [hdc_client.c:425][ascend][curpid:111294,111294][drv][hdc][drvHdcClientSessionClose]Destroy client session. (sock=835)
[INFO] ATRACE(111294,npu_reader):2026-09-21-12:30:39.963.375 [atrace_client_communication.c:65](tid:111294) send msg by adx[finish], ret=0.
[INFO] ATRACE(111294,npu_reader):2026-09-21-12:30:39.963.379 [atrace_client_communication.c:97](tid:111294) msgType=1, magic=49959, version=1.
[INFO] ATRACE(111294,npu_reader):2026-09-21-12:30:39.963.382 [atrace_client_communication.c:135](tid:111294) send [hello] msg successfully.
[INFO] ATRACE(111294,npu_reader):2026-09-21-12:30:39.963.405 [atrace_client_core.c:160](tid:111294) start to receive device[2] trace log.
[INFO] RUNTIME(111294,npu_reader):2026-09-21-12:30:39.963.413 [runtime.cc:1856] 111294 startAicpuExecutor: TsdOpen devId=2
[WARNING] TDT(111294,npu_reader):2026-09-21-12:30:39.963.419 [env_internal_api.cpp:21][GetEnvFromMmSys][tid:111294] Get env[ASCEND_RT_VISIBLE_DEVICES] failed
[INFO] TDT(111294,npu_reader):2026-09-21-12:30:39.963.423 [client_manager.cpp:477][GetVisibleDevices][tid:111294] [TsdClient] Get env ASCEND_RT_VISIBLE_DEVICES [].
[INFO] TDT(111294,npu_reader):2026-09-21-12:30:39.963.434 [client_manager.cpp:172][GetPlatformInfo][tid:111294] [TsdClient] mode[1] chipType[5]
[INFO] TDT(111294,npu_reader):2026-09-21-12:30:39.963.439 [client_manager.cpp:139][GetInstance][tid:111294] [ClientManager] GetInstance, deviceId[2], g_runningMode[0], begin saving instance
[INFO] TDT(111294,npu_reader):2026-09-21-12:30:39.963.442 [client_manager.cpp:141][GetInstance][tid:111294] [ClientManager] Current mode:1
[WARNING] TDT(111294,npu_reader):2026-09-21-12:30:39.963.446 [env_internal_api.cpp:21][GetEnvFromMmSys][tid:111294] Get env[AICPU_PROFILING_MODE] failed
[INFO] TDT(111294,npu_reader):2026-09-21-12:30:39.963.448 [client_manager.cpp:382][GetProfilingMode][tid:111294] Get AICPU_PROFILING_MODE[]
[WARNING] TDT(111294,npu_reader):2026-09-21-12:30:39.963.456 [env_internal_api.cpp:21][GetEnvFromMmSys][tid:111294] Get env[ASCEND_GLOBAL_EVENT_ENABLE] failed
[WARNING] TDT(111294,npu_reader):2026-09-21-12:30:39.963.459 [env_internal_api.cpp:21][GetEnvFromMmSys][tid:111294] Get env[ASCEND_MODULE_LOG_LEVEL] failed
[INFO] TDT(111294,npu_reader):2026-09-21-12:30:39.963.462 [process_mode_base.cpp:145][GetLogLevel][tid:111294] [TsdClient] get ASCEND_GLOBAL_LOG_LEVEL [1] ASCEND_GLOBAL_EVENT_ENABLE [] ASCEND_MODULE_LOG_LEVEL []
[INFO] TDT(111294,npu_reader):2026-09-21-12:30:39.963.501 [process_mode_base.cpp:157][GetLogLevel][tid:111294] [TsdClient] Get Log Level[101]
[INFO] TDT(111294,npu_reader):2026-09-21-12:30:39.963.506 [process_mode_manager.cpp:132][OpenProcess][tid:111294] [ProcessModeManager] enter into open process deviceId[2] rankSize[0]
[INFO] TDT(111294,npu_reader):2026-09-21-12:30:39.963.511 [process_mode_base.cpp:194][CheckNeedToOpen][tid:111294] [TsdClient] get open para startCp[1] startHccp[0] (0:false 1:true)
[INFO] TDT(111294,npu_reader):2026-09-21-12:30:39.963.531 [process_mode_base.cpp:205][GetHostSoPath][tid:111294] dli_fname[/usr/local/Ascend/driver/lib64/driver/libascend_hal.so]
[INFO] TDT(111294,npu_reader):2026-09-21-12:30:39.963.536 [process_mode_base.cpp:217][GetHostSoPath][tid:111294] host so path[/usr/local/Ascend/driver/lib64/driver/]
[INFO] TDT(111294,npu_reader):2026-09-21-12:30:39.963.551 [process_mode_manager.cpp:269][IsSupportCommonSink][tid:111294] mutexFile[/usr/local/Ascend/driver/lib64/driver/sink_file_mutex_0.cfg] found means supporting common sink
[INFO] DRV(111294,npu_reader):2026-09-21-12:30:39.963.601 [devdrv_hccl.c:103][ascend][curpid:111294,111294][drv][devmng][drvGetProcessSign]Process sign list add success.(tgid=934687)
[INFO] TDT(111294,npu_reader):2026-09-21-12:30:39.963.605 [process_mode_manager.cpp:554][InitTsdClient][tid:111294] [TsdClient][deviceId=2] get process sign success, procPid[934687]
[INFO] TDT(111294,npu_reader):2026-09-21-12:30:39.963.608 [process_mode_manager.cpp:561][InitTsdClient][tid:111294] [TsdClient] deviceId[2] begin to init hdc client
[INFO] TDT(111294,npu_reader):2026-09-21-12:30:39.963.616 [hdc_common.cpp:62][InitMsgSize][tid:111294] HdcCommon::InitMsgSize Start
[INFO] TDT(111294,npu_reader):2026-09-21-12:30:39.963.619 [hdc_common.cpp:75][InitMsgSize][tid:111294] msgMaxSize_ = 524288 bytes, msgShortHeadDataMaxSize_ = 524276 bytes, msgLongHeadDataMaxSize_ = 524264 bytes
[INFO] TDT(111294,npu_reader):2026-09-21-12:30:39.963.622 [hdc_client.cpp:146][CommCreateSession][tid:111294] HdcClient::CommCreateSession Start
[INFO] TDT(111294,npu_reader):2026-09-21-12:30:39.963.848 [hdc_client.cpp:170][CommCreateSession][tid:111294] [HdcClient] deviceId: 2 connect session
[INFO] DRV(111294,npu_reader):2026-09-21-12:30:39.963.872 [hdc_core.c:1982][ascend][curpid:111294,111294][drv][hdc][drvHdcSetSessionReference]Get pid number. (session=836; pid=111294)
[INFO] TDT(111294,npu_reader):2026-09-21-12:30:39.963.877 [hdc_client.cpp:181][CommCreateSession][tid:111294] [HdcClient] drvHdcSetSessionReference success
[INFO] TDT(111294,npu_reader):2026-09-21-12:30:39.963.884 [hdc_client.cpp:192][CommCreateSession][tid:111294] [HdcClient] deviceId: 2 connect session and drvHdcSetSessionReference success, sessionId=1
[INFO] TDT(111294,npu_reader):2026-09-21-12:30:39.963.891 [version_verify.cpp:39][SetVersionInfo][tid:111294] VersionVerify: send client version to server
[INFO] TDT(111294,npu_reader):2026-09-21-12:30:39.963.896 [version_verify.cpp:55][SetVersionInfo][tid:111294] send feature_info:{msgType:35, features:{check before send aicpu package}}
[INFO] TDT(111294,npu_reader):2026-09-21-12:30:39.963.901 [version_verify.cpp:55][SetVersionInfo][tid:111294] send feature_info:{msgType:37, features:{check before send open qs message}}
[INFO] TDT(111294,npu_reader):2026-09-21-12:30:39.963.905 [version_verify.cpp:55][SetVersionInfo][tid:111294] send feature_info:{msgType:64, features:{get check code retry}}
[WARNING] TDT(111294,npu_reader):2026-09-21-12:30:39.963.975 [tsd_util_func.cpp:150][GetScheduleEnv][tid:111294] Get env[DATAMASTER_RUN_MODE] failed
[INFO] DRV(111294,npu_reader):2026-09-21-12:30:39.964.298 [hdc_core.c:1982][ascend][curpid:111294,111368][drv][hdc][drvHdcSetSessionReference]Get pid number. (session=837; pid=111294)
[INFO] ATRACE(111294,npu_reader):2026-09-21-12:30:39.964.386 [atrace_client_communication.c:177](tid:111368) send [start] msg.
[INFO] ATRACE(111294,npu_reader):2026-09-21-12:30:39.964.445 [atrace_client_communication.c:189](tid:111368) send [start] msg successfully.
[INFO] TDT(111294,npu_reader):2026-09-21-12:30:39.964.540 [version_verify.cpp:71][PeerVersionCheck][tid:111294] VersionVerify: Check client version info, server[1230], client[1230]
[INFO] TDT(111294,npu_reader):2026-09-21-12:30:39.964.547 [version_verify.cpp:92][ParseVersionInfo][tid:111294] VersionVerify: pass client version info success
[INFO] TDT(111294,npu_reader):2026-09-21-12:30:39.964.550 [hdc_client.cpp:243][CheckHdcConnection][tid:111294] Service create hdc successfully.
[INFO] TDT(111294,npu_reader):2026-09-21-12:30:39.964.563 [process_mode_manager.cpp:2510][GetShortSocVersion][tid:111294] get soc_version:Ascend910_9362
[INFO] FE(111294,npu_reader):2026-09-21-12:30:39.964.588 [platform_info.cpp:75]111294 GetConfigFilePath:Current so file path is [/usr/local/Ascend/cann-9.1.0/aarch64-linux/].
[INFO] TDT(111294,npu_reader):2026-09-21-12:30:39.965.335 [process_mode_manager.cpp:2520][GetShortSocVersion][tid:111294] get short_soc_version:Ascend910_93
[INFO] TDT(111294,npu_reader):2026-09-21-12:30:39.965.358 [package_process_config.cpp:114][GetHostFilePath][tid:111294] get config path:/usr/local/Ascend/cann-9.1.0//conf/ascend_package_load.ini
[INFO] TDT(111294,npu_reader):2026-09-21-12:30:39.965.385 [package_process_config.cpp:142][ParseConfigDataFromFile][tid:111294] read config data current line:name:Ascend-aicpu_legacy.tar.gz
[INFO] TDT(111294,npu_reader):2026-09-21-12:30:39.965.403 [package_process_config.cpp:114][GetHostFilePath][tid:111294] get config path:/usr/local/Ascend/cann-9.1.0/opp/Ascend/aicpu/Ascend-aicpu_legacy.tar.gz
[INFO] TDT(111294,npu_reader):2026-09-21-12:30:39.965.406 [package_process_config.cpp:424][SetPkgHostTruePath][tid:111294] get package:Ascend-aicpu_legacy.tar.gz host real path:/usr/local/Ascend/cann-9.1.0/opp/Ascend/aicpu/Ascend-aicpu_legacy.tar.gz
[INFO] TDT(111294,npu_reader):2026-09-21-12:30:39.965.411 [package_process_config.cpp:45][PrintfInfo][tid:111294] package:Ascend-aicpu_legacy.tar.gz, decDstDir:2, findPath:opp, hostTruePath:/usr/local/Ascend/cann-9.1.0/opp/Ascend/aicpu/Ascend-aicpu_legacy.tar.gz, optionalFlag:1, validFlag:1, loadAsPerSocFlag:0
[INFO] TDT(111294,npu_reader):2026-09-21-12:30:39.965.414 [package_process_config.cpp:264][SetConfigDataOnHost][tid:111294] insert package:Ascend-aicpu_legacy.tar.gz config
[INFO] TDT(111294,npu_reader):2026-09-21-12:30:39.965.418 [package_process_config.cpp:142][ParseConfigDataFromFile][tid:111294] read config data current line:name:Ascend910-aicpu_legacy.tar.gz
[INFO] TDT(111294,npu_reader):2026-09-21-12:30:39.965.428 [package_process_config.cpp:111][GetHostFilePath][tid:111294] cannot get package file:/usr/local/Ascend/cann-9.1.0/opp/Ascend/aicpu/Ascend910-aicpu_legacy.tar.gz, reason:No such file or directory
[INFO] TDT(111294,npu_reader):2026-09-21-12:30:39.965.431 [package_process_config.cpp:424][SetPkgHostTruePath][tid:111294] get package:Ascend910-aicpu_legacy.tar.gz host real path:
[INFO] TDT(111294,npu_reader):2026-09-21-12:30:39.965.434 [package_process_config.cpp:45][PrintfInfo][tid:111294] package:Ascend910-aicpu_legacy.tar.gz, decDstDir:2, findPath:opp, hostTruePath:, optionalFlag:1, validFlag:1, loadAsPerSocFlag:0
[INFO] TDT(111294,npu_reader):2026-09-21-12:30:39.965.436 [package_process_config.cpp:264][SetConfigDataOnHost][tid:111294] insert package:Ascend910-aicpu_legacy.tar.gz config
[INFO] TDT(111294,npu_reader):2026-09-21-12:30:39.965.439 [package_process_config.cpp:142][ParseConfigDataFromFile][tid:111294] read config data current line:name:Ascend310P-aicpu_legacy.tar.gz
[INFO] TDT(111294,npu_reader):2026-09-21-12:30:39.965.446 [package_process_config.cpp:111][GetHostFilePath][tid:111294] cannot get package file:/usr/local/Ascend/cann-9.1.0/opp/Ascend/aicpu/Ascend310P-aicpu_legacy.tar.gz, reason:No such file or directory
[INFO] TDT(111294,npu_reader):2026-09-21-12:30:39.965.449 [package_process_config.cpp:424][SetPkgHostTruePath][tid:111294] get package:Ascend310P-aicpu_legacy.tar.gz host real path:
[INFO] TDT(111294,npu_reader):2026-09-21-12:30:39.965.452 [package_process_config.cpp:45][PrintfInfo][tid:111294] package:Ascend310P-aicpu_legacy.tar.gz, decDstDir:2, findPath:opp, hostTruePath:, optionalFlag:1, validFlag:1, loadAsPerSocFlag:0
[INFO] TDT(111294,npu_reader):2026-09-21-12:30:39.965.454 [package_process_config.cpp:264][SetConfigDataOnHost][tid:111294] insert package:Ascend310P-aicpu_legacy.tar.gz config
[INFO] TDT(111294,npu_reader):2026-09-21-12:30:39.965.457 [package_process_config.cpp:142][ParseConfigDataFromFile][tid:111294] read config data current line:name:aicpu_hccl.tar.gz
[INFO] TDT(111294,npu_reader):2026-09-21-12:30:39.965.468 [package_process_config.cpp:114][GetHostFilePath][tid:111294] get config path:/usr/local/Ascend/cann-9.1.0/opp/built-in/op_impl/aicpu/kernel/aicpu_hccl.tar.gz
[INFO] TDT(111294,npu_reader):2026-09-21-12:30:39.965.472 [package_process_config.cpp:424][SetPkgHostTruePath][tid:111294] get package:aicpu_hccl.tar.gz host real path:/usr/local/Ascend/cann-9.1.0/opp/built-in/op_impl/aicpu/kernel/aicpu_hccl.tar.gz
[INFO] TDT(111294,npu_reader):2026-09-21-12:30:39.965.475 [package_process_config.cpp:45][PrintfInfo][tid:111294] package:aicpu_hccl.tar.gz, decDstDir:2, findPath:opp/built-in/op_impl/aicpu/kernel, hostTruePath:/usr/local/Ascend/cann-9.1.0/opp/built-in/op_impl/aicpu/kernel/aicpu_hccl.tar.gz, optionalFlag:1, validFlag:1, loadAsPerSocFlag:0
[INFO] TDT(111294,npu_reader):2026-09-21-12:30:39.965.478 [package_process_config.cpp:264][SetConfigDataOnHost][tid:111294] insert package:aicpu_hccl.tar.gz config
[INFO] TDT(111294,npu_reader):2026-09-21-12:30:39.965.480 [package_process_config.cpp:142][ParseConfigDataFromFile][tid:111294] read config data current line:name:mc2_server.tar.gz
[INFO] TDT(111294,npu_reader):2026-09-21-12:30:39.965.488 [package_process_config.cpp:114][GetHostFilePath][tid:111294] get config path:/usr/local/Ascend/cann-9.1.0/opp/built-in/op_impl/aicpu/kernel/mc2_server.tar.gz
[INFO] TDT(111294,npu_reader):2026-09-21-12:30:39.965.490 [package_process_config.cpp:424][SetPkgHostTruePath][tid:111294] get package:mc2_server.tar.gz host real path:/usr/local/Ascend/cann-9.1.0/opp/built-in/op_impl/aicpu/kernel/mc2_server.tar.gz
[INFO] TDT(111294,npu_reader):2026-09-21-12:30:39.965.493 [package_process_config.cpp:45][PrintfInfo][tid:111294] package:mc2_server.tar.gz, decDstDir:2, findPath:opp/built-in/op_impl/aicpu/kernel, hostTruePath:/usr/local/Ascend/cann-9.1.0/opp/built-in/op_impl/aicpu/kernel/mc2_server.tar.gz, optionalFlag:1, validFlag:1, loadAsPerSocFlag:0
[INFO] TDT(111294,npu_reader):2026-09-21-12:30:39.965.495 [package_process_config.cpp:264][SetConfigDataOnHost][tid:111294] insert package:mc2_server.tar.gz config
[INFO] TDT(111294,npu_reader):2026-09-21-12:30:39.965.498 [package_process_config.cpp:142][ParseConfigDataFromFile][tid:111294] read config data current line:name:aicpu_hcomm.tar.gz
[INFO] TDT(111294,npu_reader):2026-09-21-12:30:39.965.506 [package_process_config.cpp:114][GetHostFilePath][tid:111294] get config path:/usr/local/Ascend/cann-9.1.0/opp/built-in/op_impl/aicpu/kernel/aicpu_hcomm.tar.gz
[INFO] TDT(111294,npu_reader):2026-09-21-12:30:39.965.508 [package_process_config.cpp:424][SetPkgHostTruePath][tid:111294] get package:aicpu_hcomm.tar.gz host real path:/usr/local/Ascend/cann-9.1.0/opp/built-in/op_impl/aicpu/kernel/aicpu_hcomm.tar.gz
[INFO] TDT(111294,npu_reader):2026-09-21-12:30:39.965.510 [package_process_config.cpp:45][PrintfInfo][tid:111294] package:aicpu_hcomm.tar.gz, decDstDir:2, findPath:opp/built-in/op_impl/aicpu/kernel, hostTruePath:/usr/local/Ascend/cann-9.1.0/opp/built-in/op_impl/aicpu/kernel/aicpu_hcomm.tar.gz, optionalFlag:1, validFlag:1, loadAsPerSocFlag:0
[INFO] TDT(111294,npu_reader):2026-09-21-12:30:39.965.513 [package_process_config.cpp:264][SetConfigDataOnHost][tid:111294] insert package:aicpu_hcomm.tar.gz config
[INFO] TDT(111294,npu_reader):2026-09-21-12:30:39.965.515 [package_process_config.cpp:142][ParseConfigDataFromFile][tid:111294] read config data current line:name:cann-hixl-compat.tar.gz
[INFO] TDT(111294,npu_reader):2026-09-21-12:30:39.965.523 [package_process_config.cpp:114][GetHostFilePath][tid:111294] get config path:/usr/local/Ascend/cann-9.1.0/opp/built-in/op_impl/aicpu/kernel/cann-hixl-compat.tar.gz
[INFO] TDT(111294,npu_reader):2026-09-21-12:30:39.965.525 [package_process_config.cpp:424][SetPkgHostTruePath][tid:111294] get package:cann-hixl-compat.tar.gz host real path:/usr/local/Ascend/cann-9.1.0/opp/built-in/op_impl/aicpu/kernel/cann-hixl-compat.tar.gz
[INFO] TDT(111294,npu_reader):2026-09-21-12:30:39.965.528 [package_process_config.cpp:45][PrintfInfo][tid:111294] package:cann-hixl-compat.tar.gz, decDstDir:2, findPath:opp/built-in/op_impl/aicpu/kernel, hostTruePath:/usr/local/Ascend/cann-9.1.0/opp/built-in/op_impl/aicpu/kernel/cann-hixl-compat.tar.gz, optionalFlag:1, validFlag:1, loadAsPerSocFlag:0
[INFO] TDT(111294,npu_reader):2026-09-21-12:30:39.965.531 [package_process_config.cpp:264][SetConfigDataOnHost][tid:111294] insert package:cann-hixl-compat.tar.gz config
[INFO] TDT(111294,npu_reader):2026-09-21-12:30:39.965.534 [package_process_config.cpp:142][ParseConfigDataFromFile][tid:111294] read config data current line:name:cann-hcomm-compat.tar.gz
[INFO] TDT(111294,npu_reader):2026-09-21-12:30:39.965.543 [package_process_config.cpp:114][GetHostFilePath][tid:111294] get config path:/usr/local/Ascend/cann-9.1.0/compat/cann-hcomm-compat.tar.gz
[INFO] TDT(111294,npu_reader):2026-09-21-12:30:39.965.545 [package_process_config.cpp:424][SetPkgHostTruePath][tid:111294] get package:cann-hcomm-compat.tar.gz host real path:/usr/local/Ascend/cann-9.1.0/compat/cann-hcomm-compat.tar.gz
[INFO] TDT(111294,npu_reader):2026-09-21-12:30:39.965.548 [package_process_config.cpp:45][PrintfInfo][tid:111294] package:cann-hcomm-compat.tar.gz, decDstDir:3, findPath:compat, hostTruePath:/usr/local/Ascend/cann-9.1.0/compat/cann-hcomm-compat.tar.gz, optionalFlag:1, validFlag:1, loadAsPerSocFlag:0
[INFO] TDT(111294,npu_reader):2026-09-21-12:30:39.965.551 [package_process_config.cpp:264][SetConfigDataOnHost][tid:111294] insert package:cann-hcomm-compat.tar.gz config
[INFO] TDT(111294,npu_reader):2026-09-21-12:30:39.965.553 [package_process_config.cpp:142][ParseConfigDataFromFile][tid:111294] read config data current line:name:cann-hccd-compat.tar.gz
[INFO] TDT(111294,npu_reader):2026-09-21-12:30:39.965.560 [package_process_config.cpp:114][GetHostFilePath][tid:111294] get config path:/usr/local/Ascend/cann-9.1.0/compat/cann-hccd-compat.tar.gz
[INFO] TDT(111294,npu_reader):2026-09-21-12:30:39.965.562 [package_process_config.cpp:424][SetPkgHostTruePath][tid:111294] get package:cann-hccd-compat.tar.gz host real path:/usr/local/Ascend/cann-9.1.0/compat/cann-hccd-compat.tar.gz
[INFO] TDT(111294,npu_reader):2026-09-21-12:30:39.965.565 [package_process_config.cpp:45][PrintfInfo][tid:111294] package:cann-hccd-compat.tar.gz, decDstDir:0, findPath:compat, hostTruePath:/usr/local/Ascend/cann-9.1.0/compat/cann-hccd-compat.tar.gz, optionalFlag:1, validFlag:1, loadAsPerSocFlag:0
[INFO] TDT(111294,npu_reader):2026-09-21-12:30:39.965.568 [package_process_config.cpp:264][SetConfigDataOnHost][tid:111294] insert package:cann-hccd-compat.tar.gz config
[INFO] TDT(111294,npu_reader):2026-09-21-12:30:39.965.570 [package_process_config.cpp:142][ParseConfigDataFromFile][tid:111294] read config data current line:name:cann-udf-compat.tar.gz
[INFO] TDT(111294,npu_reader):2026-09-21-12:30:39.965.577 [package_process_config.cpp:114][GetHostFilePath][tid:111294] get config path:/usr/local/Ascend/cann-9.1.0/compat/cann-udf-compat.tar.gz
[INFO] TDT(111294,npu_reader):2026-09-21-12:30:39.965.580 [package_process_config.cpp:424][SetPkgHostTruePath][tid:111294] get package:cann-udf-compat.tar.gz host real path:/usr/local/Ascend/cann-9.1.0/compat/cann-udf-compat.tar.gz
[INFO] TDT(111294,npu_reader):2026-09-21-12:30:39.965.582 [package_process_config.cpp:45][PrintfInfo][tid:111294] package:cann-udf-compat.tar.gz, decDstDir:0, findPath:compat, hostTruePath:/usr/local/Ascend/cann-9.1.0/compat/cann-udf-compat.tar.gz, optionalFlag:1, validFlag:1, loadAsPerSocFlag:0
[INFO] TDT(111294,npu_reader):2026-09-21-12:30:39.965.585 [package_process_config.cpp:264][SetConfigDataOnHost][tid:111294] insert package:cann-udf-compat.tar.gz config
[INFO] TDT(111294,npu_reader):2026-09-21-12:30:39.965.587 [package_process_config.cpp:142][ParseConfigDataFromFile][tid:111294] read config data current line:name:cann-tsch-compat.tar.gz
[INFO] TDT(111294,npu_reader):2026-09-21-12:30:39.965.595 [package_process_config.cpp:114][GetHostFilePath][tid:111294] get config path:/usr/local/Ascend/cann-9.1.0/compat/cann-tsch-compat.tar.gz
[INFO] TDT(111294,npu_reader):2026-09-21-12:30:39.965.598 [package_process_config.cpp:424][SetPkgHostTruePath][tid:111294] get package:cann-tsch-compat.tar.gz host real path:/usr/local/Ascend/cann-9.1.0/compat/cann-tsch-compat.tar.gz
[INFO] TDT(111294,npu_reader):2026-09-21-12:30:39.965.600 [package_process_config.cpp:45][PrintfInfo][tid:111294] package:cann-tsch-compat.tar.gz, decDstDir:3, findPath:compat, hostTruePath:/usr/local/Ascend/cann-9.1.0/compat/cann-tsch-compat.tar.gz, optionalFlag:1, validFlag:1, loadAsPerSocFlag:0
[INFO] TDT(111294,npu_reader):2026-09-21-12:30:39.965.603 [package_process_config.cpp:264][SetConfigDataOnHost][tid:111294] insert package:cann-tsch-compat.tar.gz config
[INFO] TDT(111294,npu_reader):2026-09-21-12:30:39.965.622 [package_process_config.cpp:328][RefreshHostPluginVersions][tid:111294] host plugin pkg:cann-hcomm-compat.tar.gz ini parsed, version:9.1.0 timestamp:20260921_190035795
[INFO] TDT(111294,npu_reader):2026-09-21-12:30:39.965.635 [package_process_config.cpp:328][RefreshHostPluginVersions][tid:111294] host plugin pkg:cann-tsch-compat.tar.gz ini parsed, version:9.1.0 timestamp:20260730_231653901
[INFO] TDT(111294,npu_reader):2026-09-21-12:30:39.965.646 [package_process_config.cpp:114][GetHostFilePath][tid:111294] get config path:/usr/local/Ascend/cann-9.1.0//conf/ascend_package_load.ini
[INFO] TDT(111294,npu_reader):2026-09-21-12:30:39.965.663 [tsd_sha256.cpp:275][operator()][tid:111294] [TsdSha256] Using ARM SHA2 Crypto Extensions accelerated path.
[INFO] TDT(111294,npu_reader):2026-09-21-12:30:39.965.672 [package_process_config.cpp:296][ConstructPkgConfigMsg][tid:111294] set config hash code:38b4b47eb913cf1085561f45e65f34545947a6650a0170ec4e4c333a0dc1912f
[INFO] TDT(111294,npu_reader):2026-09-21-12:30:39.965.675 [version_verify.cpp:117][SpecialFeatureCheck][tid:111294] VersionVerify: previous type[69], supported
[INFO] TDT(111294,npu_reader):2026-09-21-12:30:39.965.732 [hdc_client.cpp:116][CommRecvData][tid:111294] recv timeout is:150000 ms
[INFO] TDT(111294,npu_reader):2026-09-21-12:30:39.966.813 [process_mode_msg_parse.cpp:147][ServerToClientMsgProc][tid:111294] [ServerToClientMsgProc] [sessionID=1]
[INFO] TDT(111294,npu_reader):2026-09-21-12:30:39.966.819 [process_mode_msg_parse.cpp:450][SetDeviceCommonSinkPackHashValue][tid:111294] update device package:Ascend-aicpu_legacy.tar.gz hash value:
[INFO] TDT(111294,npu_reader):2026-09-21-12:30:39.966.823 [process_mode_msg_parse.cpp:450][SetDeviceCommonSinkPackHashValue][tid:111294] update device package:aicpu_hccl.tar.gz hash value:44aacf15f6653b693eaf49a09bcdfe9bcc32205430043bba6f2c854851a49770
[INFO] TDT(111294,npu_reader):2026-09-21-12:30:39.966.825 [process_mode_msg_parse.cpp:450][SetDeviceCommonSinkPackHashValue][tid:111294] update device package:aicpu_hcomm.tar.gz hash value:6a87971228957c62d429a4f69d0421be0cc4315aa62c5da69988937ceb052bd0
[INFO] TDT(111294,npu_reader):2026-09-21-12:30:39.966.828 [process_mode_msg_parse.cpp:450][SetDeviceCommonSinkPackHashValue][tid:111294] update device package:cann-hixl-compat.tar.gz hash value:5aca585d459281e4b5809269c789b7adba50c95bb26bcfe6e1bf3d1b3498eb5c
[INFO] TDT(111294,npu_reader):2026-09-21-12:30:39.966.831 [process_mode_msg_parse.cpp:202][HandleDevicePluginVersionRsp][tid:111294] device plugin info rsp, pkgCount:0
[INFO] TDT(111294,npu_reader):2026-09-21-12:30:39.966.834 [process_mode_msg_parse.cpp:142][DeviceMsgProcess][tid:111294] [TsdClient] DeviceMsgProc recvMsg realDeviceId[2] msgType[70] localDevId[2] rspCode[0]heterogeneousSubPid[0], tsdSupportLevel_[0]
[INFO] TDT(111294,npu_reader):2026-09-21-12:30:39.966.836 [hdc_client.cpp:134][CommRecvData][tid:111294] [deviceId=2] the Tsd recv data already
[INFO] TDT(111294,npu_reader):2026-09-21-12:30:39.966.840 [process_mode_manager.cpp:2216][LoadPackageConfigInfoToDevice][tid:111294] Receive load package config response result:0
[INFO] TDT(111294,npu_reader):2026-09-21-12:30:39.966.853 [process_mode_manager.cpp:269][IsSupportCommonSink][tid:111294] mutexFile[/usr/local/Ascend/driver/lib64/driver/sink_file_mutex_0.cfg] found means supporting common sink
[INFO] TDT(111294,npu_reader):2026-09-21-12:30:39.966.857 [process_mode_manager.cpp:287][LoadSysOpKernel][tid:111294] [TsdClient][logicDeviceId_=2] use legacy package
[INFO] TDT(111294,npu_reader):2026-09-21-12:30:39.966.862 [client_manager.cpp:343][GetPackagePath][tid:111294] [TsdClient][deviceId=2] get packagePath[/usr/local/Ascend/cann-9.1.0/opp/built-in/]
[INFO] TDT(111294,npu_reader):2026-09-21-12:30:39.966.898 [client_manager.cpp:270][CheckPackageExistsOnce][tid:111294] [TsdClient][deviceId=2] check file[.], packageType[6]
[INFO] TDT(111294,npu_reader):2026-09-21-12:30:39.966.914 [client_manager.cpp:270][CheckPackageExistsOnce][tid:111294] [TsdClient][deviceId=2] check file[..], packageType[6]
[INFO] TDT(111294,npu_reader):2026-09-21-12:30:39.966.924 [client_manager.cpp:270][CheckPackageExistsOnce][tid:111294] [TsdClient][deviceId=2] check file[data], packageType[6]
[INFO] TDT(111294,npu_reader):2026-09-21-12:30:39.966.934 [client_manager.cpp:270][CheckPackageExistsOnce][tid:111294] [TsdClient][deviceId=2] check file[framework], packageType[6]
[INFO] TDT(111294,npu_reader):2026-09-21-12:30:39.966.943 [client_manager.cpp:270][CheckPackageExistsOnce][tid:111294] [TsdClient][deviceId=2] check file[op_graph], packageType[6]
[INFO] TDT(111294,npu_reader):2026-09-21-12:30:39.966.952 [client_manager.cpp:270][CheckPackageExistsOnce][tid:111294] [TsdClient][deviceId=2] check file[op_impl], packageType[6]
[INFO] TDT(111294,npu_reader):2026-09-21-12:30:39.966.961 [client_manager.cpp:270][CheckPackageExistsOnce][tid:111294] [TsdClient][deviceId=2] check file[op_proto], packageType[6]
[INFO] TDT(111294,npu_reader):2026-09-21-12:30:39.966.970 [client_manager.cpp:282][CheckPackageExistsOnce][tid:111294] [TsdClient][deviceId=2] pkg size[0] in path[/usr/local/Ascend/cann-9.1.0/opp/built-in/] must be only one, skip send package, packageType[6]
[INFO] TDT(111294,npu_reader):2026-09-21-12:30:39.966.974 [process_mode_manager.cpp:292][LoadSysOpKernel][tid:111294] [TsdClient][logicDeviceId_=2] can not find aicpu packages
[INFO] TDT(111294,npu_reader):2026-09-21-12:30:39.966.983 [process_mode_manager.cpp:269][IsSupportCommonSink][tid:111294] mutexFile[/usr/local/Ascend/driver/lib64/driver/sink_file_mutex_0.cfg] found means supporting common sink
[INFO] TDT(111294,npu_reader):2026-09-21-12:30:39.966.994 [process_mode_manager.cpp:2307][LoadSinglePackageToDevice][tid:111294] begin to load package:Ascend-aicpu_legacy.tar.gz to device:2
[INFO] TDT(111294,npu_reader):2026-09-21-12:30:39.966.998 [process_mode_manager.cpp:2264][SupportLoadPkg][tid:111294] current package:Ascend-aicpu_legacy.tar.gz does not need to check chiptype
[INFO] TDT(111294,npu_reader):2026-09-21-12:30:39.967.004 [package_process_config.cpp:393][GetPkgHostAndDeviceDstPath][tid:111294] get orgFile:/usr/local/Ascend/cann-9.1.0/opp/Ascend/aicpu/Ascend-aicpu_legacy.tar.gz, dstFile:/home/HwHiAiUser/hdcd/device0/aicpu/934687_Ascend-aicpu_legacy.tar.gz
[INFO] TDT(111294,npu_reader):2026-09-21-12:30:40.060.190 [process_mode_manager.cpp:456][SetHostCommonSinkPackHashValue][tid:111294] update host package:Ascend-aicpu_legacy.tar.gz hash value:ae6b685f4c145fe9fb9be3e631870b438c89caf22eec22d8eef34b57d7db0ee1
[INFO] TDT(111294,npu_reader):2026-09-21-12:30:40.060.204 [process_mode_manager.cpp:473][GetHostCommonSinkPackHashValue][tid:111294] get host package:Ascend-aicpu_legacy.tar.gz, hash value:ae6b685f4c145fe9fb9be3e631870b438c89caf22eec22d8eef34b57d7db0ee1
[INFO] TDT(111294,npu_reader):2026-09-21-12:30:40.060.208 [process_mode_manager.cpp:463][GetDeviceCommonSinkPackHashValue][tid:111294] get device package:Ascend-aicpu_legacy.tar.gz, hash value:
[INFO] TDT(111294,npu_reader):2026-09-21-12:30:40.060.216 [process_mode_manager.cpp:2487][GetCurHostMutexFile][tid:111294] deviceId[2] physical ID[2]
[INFO] TDT(111294,npu_reader):2026-09-21-12:30:40.060.226 [process_mode_manager.cpp:2497][GetCurHostMutexFile][tid:111294] get masterId:2, logicDeviceId:2, physicalDeviceId[2],devOsId:2, mutexFile:sink_file_mutex_2.cfg, maxcount:8
[INFO] TDT(111294,npu_reader):2026-09-21-12:30:40.060.230 [process_mode_manager.cpp:473][SendHostPackageComplex][tid:111294] get host mutex file:/usr/local/Ascend/driver/lib64/driver/sink_file_mutex_2.cfg, logicDeviceId:2
[INFO] TDT(111294,npu_reader):2026-09-21-12:30:40.060.253 [process_mode_manager.cpp:483][SendHostPackageComplex][tid:111294] Open qs so [/usr/local/Ascend/driver/lib64/driver/sink_file_mutex_2.cfg] success
[INFO] TDT(111294,npu_reader):2026-09-21-12:30:40.060.260 [process_mode_manager.cpp:544][InitTsdClient][tid:111294] [TsdClient] tsd client has already been initialized
[INFO] TDT(111294,npu_reader):2026-09-21-12:30:40.060.267 [version_verify.cpp:117][SpecialFeatureCheck][tid:111294] VersionVerify: previous type[67], supported
[INFO] TDT(111294,npu_reader):2026-09-21-12:30:40.060.326 [process_mode_manager.cpp:771][GetDeviceCheckCodeOnce][tid:111294] [TsdClient][deviceId=2] [sessionId=1] wait package info response
[INFO] TDT(111294,npu_reader):2026-09-21-12:30:40.060.330 [hdc_client.cpp:116][CommRecvData][tid:111294] recv timeout is:150000 ms
[INFO] TDT(111294,npu_reader):2026-09-21-12:30:40.061.339 [process_mode_msg_parse.cpp:240][PackageInfoMsgProc][tid:111294] [PackageInfoMsgProc] [sessionID=1]
[INFO] TDT(111294,npu_reader):2026-09-21-12:30:40.061.343 [process_mode_msg_parse.cpp:243][PackageInfoMsgProc][tid:111294] [PackageInfoMsgProc] [sessionID=1] deviceId[2], checkCode[0]
[INFO] TDT(111294,npu_reader):2026-09-21-12:30:40.061.347 [process_mode_msg_parse.cpp:450][SetDeviceCommonSinkPackHashValue][tid:111294] update device package:Ascend-aicpu_legacy.tar.gz hash value:
[INFO] TDT(111294,npu_reader):2026-09-21-12:30:40.061.350 [hdc_client.cpp:134][CommRecvData][tid:111294] [deviceId=2] the Tsd recv data already
[INFO] TDT(111294,npu_reader):2026-09-21-12:30:40.061.355 [hdc_client.cpp:395][CommDestroy][tid:111294] enter HdcClient::CommDestroy() function
[INFO] DRV(111294,npu_reader):2026-09-21-12:30:40.061.360 [hdc_client.c:425][ascend][curpid:111294,111294][drv][hdc][drvHdcClientSessionClose]Destroy client session. (sock=836)
[INFO] TDT(111294,npu_reader):2026-09-21-12:30:40.061.372 [hdc_client.cpp:378][DestroyClient][tid:111294] begin drvHdcClientDestroy
[INFO] TDT(111294,npu_reader):2026-09-21-12:30:40.061.377 [hdc_client.cpp:383][DestroyClient][tid:111294] end drvHdcClientDestroy
[INFO] TDT(111294,npu_reader):2026-09-21-12:30:40.061.379 [hdc_client.cpp:354][ClearClientPtr][tid:111294] begin HdcClient::ClearClientPtr
[INFO] TDT(111294,npu_reader):2026-09-21-12:30:40.061.382 [hdc_client.cpp:369][ClearClientPtr][tid:111294] end HdcClient::ClearClientPtr
[INFO] TDT(111294,npu_reader):2026-09-21-12:30:40.061.385 [hdc_client.cpp:402][CommDestroy][tid:111294] end HdcClient::CommDestroy() function
[INFO] TDT(111294,npu_reader):2026-09-21-12:30:40.061.388 [process_mode_manager.cpp:473][GetHostCommonSinkPackHashValue][tid:111294] get host package:Ascend-aicpu_legacy.tar.gz, hash value:ae6b685f4c145fe9fb9be3e631870b438c89caf22eec22d8eef34b57d7db0ee1
[INFO] TDT(111294,npu_reader):2026-09-21-12:30:40.061.390 [process_mode_manager.cpp:463][GetDeviceCommonSinkPackHashValue][tid:111294] get device package:Ascend-aicpu_legacy.tar.gz, hash value:
[INFO] TDT(111294,npu_reader):2026-09-21-12:30:40.061.393 [process_mode_manager.cpp:400][SendAICPUPackageSimple][tid:111294] [TsdClient][deviceId=2] no equal to begin send file[/usr/local/Ascend/cann-9.1.0/opp/Ascend/aicpu/Ascend-aicpu_legacy.tar.gz] to [/home/HwHiAiUser/hdcd/device0/aicpu/934687_Ascend-aicpu_legacy.tar.gz]
[INFO] DRV(111294,npu_reader):2026-09-21-12:30:40.061.666 [hdc_core.c:1982][ascend][curpid:111294,111294][drv][hdc][drvHdcSetSessionReference]Get pid number. (session=838; pid=111294)
[INFO] DRV(111294,npu_reader):2026-09-21-12:30:40.062.106 [hdc_file.c:690][ascend][curpid:111294,111294][drv][hdc][send_data]Get capacity_maxSegment value. (maxSegment=524288; bufsize=524288)
[INFO] DRV(111294,npu_reader):2026-09-21-12:30:40.143.726 [hdc_client.c:425][ascend][curpid:111294,111294][drv][hdc][drvHdcClientSessionClose]Destroy client session. (sock=838)
[INFO] TDT(111294,npu_reader):2026-09-21-12:30:40.152.141 [process_mode_manager.cpp:420][SendAICPUPackageSimple][tid:111294] [TsdClient][deviceId=2] hdc send file[/usr/local/Ascend/cann-9.1.0/opp/Ascend/aicpu/Ascend-aicpu_legacy.tar.gz] to [/home/HwHiAiUser/hdcd/device0/aicpu/934687_Ascend-aicpu_legacy.tar.gz] success
[INFO] DRV(111294,npu_reader):2026-09-21-12:30:40.152.152 [devdrv_hccl.c:103][ascend][curpid:111294,111294][drv][devmng][drvGetProcessSign]Process sign list add success.(tgid=934687)
[INFO] TDT(111294,npu_reader):2026-09-21-12:30:40.152.156 [process_mode_manager.cpp:554][InitTsdClient][tid:111294] [TsdClient][deviceId=2] get process sign success, procPid[934687]
[INFO] TDT(111294,npu_reader):2026-09-21-12:30:40.152.159 [process_mode_manager.cpp:561][InitTsdClient][tid:111294] [TsdClient] deviceId[2] begin to init hdc client
[INFO] TDT(111294,npu_reader):2026-09-21-12:30:40.152.166 [hdc_common.cpp:62][InitMsgSize][tid:111294] HdcCommon::InitMsgSize Start
[INFO] TDT(111294,npu_reader):2026-09-21-12:30:40.152.169 [hdc_common.cpp:75][InitMsgSize][tid:111294] msgMaxSize_ = 524288 bytes, msgShortHeadDataMaxSize_ = 524276 bytes, msgLongHeadDataMaxSize_ = 524264 bytes
[INFO] TDT(111294,npu_reader):2026-09-21-12:30:40.152.171 [hdc_client.cpp:146][CommCreateSession][tid:111294] HdcClient::CommCreateSession Start
[INFO] TDT(111294,npu_reader):2026-09-21-12:30:40.152.319 [hdc_client.cpp:170][CommCreateSession][tid:111294] [HdcClient] deviceId: 2 connect session
[INFO] DRV(111294,npu_reader):2026-09-21-12:30:40.152.336 [hdc_core.c:1982][ascend][curpid:111294,111294][drv][hdc][drvHdcSetSessionReference]Get pid number. (session=839; pid=111294)
[INFO] TDT(111294,npu_reader):2026-09-21-12:30:40.152.339 [hdc_client.cpp:181][CommCreateSession][tid:111294] [HdcClient] drvHdcSetSessionReference success
[INFO] TDT(111294,npu_reader):2026-09-21-12:30:40.152.343 [hdc_client.cpp:192][CommCreateSession][tid:111294] [HdcClient] deviceId: 2 connect session and drvHdcSetSessionReference success, sessionId=1
[INFO] TDT(111294,npu_reader):2026-09-21-12:30:40.152.348 [version_verify.cpp:39][SetVersionInfo][tid:111294] VersionVerify: send client version to server
[INFO] TDT(111294,npu_reader):2026-09-21-12:30:40.152.351 [version_verify.cpp:55][SetVersionInfo][tid:111294] send feature_info:{msgType:35, features:{check before send aicpu package}}
[INFO] TDT(111294,npu_reader):2026-09-21-12:30:40.152.355 [version_verify.cpp:55][SetVersionInfo][tid:111294] send feature_info:{msgType:37, features:{check before send open qs message}}
[INFO] TDT(111294,npu_reader):2026-09-21-12:30:40.152.359 [version_verify.cpp:55][SetVersionInfo][tid:111294] send feature_info:{msgType:64, features:{get check code retry}}
[INFO] TDT(111294,npu_reader):2026-09-21-12:30:40.153.228 [version_verify.cpp:71][PeerVersionCheck][tid:111294] VersionVerify: Check client version info, server[1230], client[1230]
[INFO] TDT(111294,npu_reader):2026-09-21-12:30:40.153.234 [version_verify.cpp:92][ParseVersionInfo][tid:111294] VersionVerify: pass client version info success
[INFO] TDT(111294,npu_reader):2026-09-21-12:30:40.153.236 [hdc_client.cpp:243][CheckHdcConnection][tid:111294] Service create hdc successfully.
[INFO] TDT(111294,npu_reader):2026-09-21-12:30:40.153.243 [version_verify.cpp:117][SpecialFeatureCheck][tid:111294] VersionVerify: previous type[67], supported
[INFO] TDT(111294,npu_reader):2026-09-21-12:30:40.153.293 [process_mode_manager.cpp:771][GetDeviceCheckCodeOnce][tid:111294] [TsdClient][deviceId=2] [sessionId=1] wait package info response
[INFO] TDT(111294,npu_reader):2026-09-21-12:30:40.153.296 [hdc_client.cpp:116][CommRecvData][tid:111294] recv timeout is:150000 ms
[INFO] TDT(111294,npu_reader):2026-09-21-12:30:45.157.601 [process_mode_msg_parse.cpp:240][PackageInfoMsgProc][tid:111294] [PackageInfoMsgProc] [sessionID=1]
[INFO] TDT(111294,npu_reader):2026-09-21-12:30:45.157.639 [process_mode_msg_parse.cpp:243][PackageInfoMsgProc][tid:111294] [PackageInfoMsgProc] [sessionID=1] deviceId[2], checkCode[0]
[INFO] TDT(111294,npu_reader):2026-09-21-12:30:45.157.654 [process_mode_msg_parse.cpp:450][SetDeviceCommonSinkPackHashValue][tid:111294] update device package:Ascend-aicpu_legacy.tar.gz hash value:ae6b685f4c145fe9fb9be3e631870b438c89caf22eec22d8eef34b57d7db0ee1
[INFO] TDT(111294,npu_reader):2026-09-21-12:30:45.157.660 [hdc_client.cpp:134][CommRecvData][tid:111294] [deviceId=2] the Tsd recv data already
[INFO] TDT(111294,npu_reader):2026-09-21-12:30:45.157.713 [hdc_client.cpp:395][CommDestroy][tid:111294] enter HdcClient::CommDestroy() function
[INFO] DRV(111294,npu_reader):2026-09-21-12:30:45.158.058 [hdc_client.c:425][ascend][curpid:111294,111294][drv][hdc][drvHdcClientSessionClose]Destroy client session. (sock=839)
[INFO] TDT(111294,npu_reader):2026-09-21-12:30:45.158.089 [hdc_client.cpp:378][DestroyClient][tid:111294] begin drvHdcClientDestroy
[INFO] TDT(111294,npu_reader):2026-09-21-12:30:45.158.100 [hdc_client.cpp:383][DestroyClient][tid:111294] end drvHdcClientDestroy
[INFO] TDT(111294,npu_reader):2026-09-21-12:30:45.158.103 [hdc_client.cpp:354][ClearClientPtr][tid:111294] begin HdcClient::ClearClientPtr
[INFO] TDT(111294,npu_reader):2026-09-21-12:30:45.158.108 [hdc_client.cpp:369][ClearClientPtr][tid:111294] end HdcClient::ClearClientPtr
[INFO] TDT(111294,npu_reader):2026-09-21-12:30:45.158.110 [hdc_client.cpp:402][CommDestroy][tid:111294] end HdcClient::CommDestroy() function
[INFO] TDT(111294,npu_reader):2026-09-21-12:30:45.158.192 [process_mode_manager.cpp:2344][LoadSinglePackageToDevice][tid:111294] load package:Ascend-aicpu_legacy.tar.gz to device:2 success
[INFO] TDT(111294,npu_reader):2026-09-21-12:30:45.158.213 [process_mode_manager.cpp:2307][LoadSinglePackageToDevice][tid:111294] begin to load package:Ascend310P-aicpu_legacy.tar.gz to device:2
[INFO] TDT(111294,npu_reader):2026-09-21-12:30:45.158.225 [process_mode_manager.cpp:2264][SupportLoadPkg][tid:111294] current package:Ascend310P-aicpu_legacy.tar.gz does not need to check chiptype
[INFO] TDT(111294,npu_reader):2026-09-21-12:30:45.158.248 [package_process_config.cpp:387][GetPkgHostAndDeviceDstPath][tid:111294] cannot find package:Ascend310P-aicpu_legacy.tar.gz
[INFO] TDT(111294,npu_reader):2026-09-21-12:30:45.158.252 [process_mode_manager.cpp:2322][LoadSinglePackageToDevice][tid:111294] cannot find package:Ascend310P-aicpu_legacy.tar.gz, optional is true skip
[INFO] TDT(111294,npu_reader):2026-09-21-12:30:45.158.256 [process_mode_manager.cpp:2307][LoadSinglePackageToDevice][tid:111294] begin to load package:Ascend910-aicpu_legacy.tar.gz to device:2
[INFO] TDT(111294,npu_reader):2026-09-21-12:30:45.158.259 [process_mode_manager.cpp:2264][SupportLoadPkg][tid:111294] current package:Ascend910-aicpu_legacy.tar.gz does not need to check chiptype
[INFO] TDT(111294,npu_reader):2026-09-21-12:30:45.158.262 [package_process_config.cpp:387][GetPkgHostAndDeviceDstPath][tid:111294] cannot find package:Ascend910-aicpu_legacy.tar.gz
[INFO] TDT(111294,npu_reader):2026-09-21-12:30:45.158.264 [process_mode_manager.cpp:2322][LoadSinglePackageToDevice][tid:111294] cannot find package:Ascend910-aicpu_legacy.tar.gz, optional is true skip
[INFO] TDT(111294,npu_reader):2026-09-21-12:30:45.158.267 [process_mode_manager.cpp:2307][LoadSinglePackageToDevice][tid:111294] begin to load package:aicpu_hccl.tar.gz to device:2
[INFO] TDT(111294,npu_reader):2026-09-21-12:30:45.158.269 [process_mode_manager.cpp:2277][SupportLoadPkg][tid:111294] current device chip:5 support package:aicpu_hccl.tar.gz
[INFO] TDT(111294,npu_reader):2026-09-21-12:30:45.158.285 [package_process_config.cpp:393][GetPkgHostAndDeviceDstPath][tid:111294] get orgFile:/usr/local/Ascend/cann-9.1.0/opp/built-in/op_impl/aicpu/kernel/aicpu_hccl.tar.gz, dstFile:/home/HwHiAiUser/hdcd/device0/aicpu/934687_aicpu_hccl.tar.gz
[INFO] TDT(111294,npu_reader):2026-09-21-12:30:45.161.710 [process_mode_manager.cpp:456][SetHostCommonSinkPackHashValue][tid:111294] update host package:aicpu_hccl.tar.gz hash value:44aacf15f6653b693eaf49a09bcdfe9bcc32205430043bba6f2c854851a49770
[INFO] TDT(111294,npu_reader):2026-09-21-12:30:45.161.750 [process_mode_manager.cpp:473][GetHostCommonSinkPackHashValue][tid:111294] get host package:aicpu_hccl.tar.gz, hash value:44aacf15f6653b693eaf49a09bcdfe9bcc32205430043bba6f2c854851a49770
[INFO] TDT(111294,npu_reader):2026-09-21-12:30:45.161.759 [process_mode_manager.cpp:463][GetDeviceCommonSinkPackHashValue][tid:111294] get device package:aicpu_hccl.tar.gz, hash value:44aacf15f6653b693eaf49a09bcdfe9bcc32205430043bba6f2c854851a49770
[INFO] TDT(111294,npu_reader):2026-09-21-12:30:45.161.799 [process_mode_manager.cpp:473][GetHostCommonSinkPackHashValue][tid:111294] get host package:aicpu_hccl.tar.gz, hash value:44aacf15f6653b693eaf49a09bcdfe9bcc32205430043bba6f2c854851a49770
[INFO] TDT(111294,npu_reader):2026-09-21-12:30:45.161.801 [process_mode_manager.cpp:2333][LoadSinglePackageToDevice][tid:111294] current package:aicpu_hccl.tar.gz is same as device, skip load
[INFO] TDT(111294,npu_reader):2026-09-21-12:30:45.161.807 [process_mode_manager.cpp:2307][LoadSinglePackageToDevice][tid:111294] begin to load package:aicpu_hcomm.tar.gz to device:2
[INFO] TDT(111294,npu_reader):2026-09-21-12:30:45.161.812 [process_mode_manager.cpp:2277][SupportLoadPkg][tid:111294] current device chip:5 support package:aicpu_hcomm.tar.gz
[INFO] TDT(111294,npu_reader):2026-09-21-12:30:45.161.833 [package_process_config.cpp:393][GetPkgHostAndDeviceDstPath][tid:111294] get orgFile:/usr/local/Ascend/cann-9.1.0/opp/built-in/op_impl/aicpu/kernel/aicpu_hcomm.tar.gz, dstFile:/home/HwHiAiUser/hdcd/device0/aicpu/934687_aicpu_hcomm.tar.gz
[INFO] TDT(111294,npu_reader):2026-09-21-12:30:45.186.205 [process_mode_manager.cpp:456][SetHostCommonSinkPackHashValue][tid:111294] update host package:aicpu_hcomm.tar.gz hash value:e233eb7231071c5f5a99cf481549d80257641725fa3ff2c142571df81e6e3da2
[INFO] TDT(111294,npu_reader):2026-09-21-12:30:45.186.262 [process_mode_manager.cpp:473][GetHostCommonSinkPackHashValue][tid:111294] get host package:aicpu_hcomm.tar.gz, hash value:e233eb7231071c5f5a99cf481549d80257641725fa3ff2c142571df81e6e3da2
[INFO] TDT(111294,npu_reader):2026-09-21-12:30:45.186.268 [process_mode_manager.cpp:463][GetDeviceCommonSinkPackHashValue][tid:111294] get device package:aicpu_hcomm.tar.gz, hash value:6a87971228957c62d429a4f69d0421be0cc4315aa62c5da69988937ceb052bd0
[INFO] TDT(111294,npu_reader):2026-09-21-12:30:45.186.293 [process_mode_manager.cpp:2487][GetCurHostMutexFile][tid:111294] deviceId[2] physical ID[2]
[INFO] TDT(111294,npu_reader):2026-09-21-12:30:45.186.342 [process_mode_manager.cpp:2497][GetCurHostMutexFile][tid:111294] get masterId:2, logicDeviceId:2, physicalDeviceId[2],devOsId:2, mutexFile:sink_file_mutex_2.cfg, maxcount:8
[INFO] TDT(111294,npu_reader):2026-09-21-12:30:45.186.348 [process_mode_manager.cpp:473][SendHostPackageComplex][tid:111294] get host mutex file:/usr/local/Ascend/driver/lib64/driver/sink_file_mutex_2.cfg, logicDeviceId:2
[INFO] TDT(111294,npu_reader):2026-09-21-12:30:45.186.404 [process_mode_manager.cpp:483][SendHostPackageComplex][tid:111294] Open qs so [/usr/local/Ascend/driver/lib64/driver/sink_file_mutex_2.cfg] success
[INFO] DRV(111294,npu_reader):2026-09-21-12:30:45.186.434 [devdrv_hccl.c:103][ascend][curpid:111294,111294][drv][devmng][drvGetProcessSign]Process sign list add success.(tgid=934687)
[INFO] TDT(111294,npu_reader):2026-09-21-12:30:45.186.442 [process_mode_manager.cpp:554][InitTsdClient][tid:111294] [TsdClient][deviceId=2] get process sign success, procPid[934687]
[INFO] TDT(111294,npu_reader):2026-09-21-12:30:45.186.445 [process_mode_manager.cpp:561][InitTsdClient][tid:111294] [TsdClient] deviceId[2] begin to init hdc client
[INFO] TDT(111294,npu_reader):2026-09-21-12:30:45.186.468 [hdc_common.cpp:62][InitMsgSize][tid:111294] HdcCommon::InitMsgSize Start
[INFO] TDT(111294,npu_reader):2026-09-21-12:30:45.186.472 [hdc_common.cpp:75][InitMsgSize][tid:111294] msgMaxSize_ = 524288 bytes, msgShortHeadDataMaxSize_ = 524276 bytes, msgLongHeadDataMaxSize_ = 524264 bytes
[INFO] TDT(111294,npu_reader):2026-09-21-12:30:45.186.476 [hdc_client.cpp:146][CommCreateSession][tid:111294] HdcClient::CommCreateSession Start
[INFO] TDT(111294,npu_reader):2026-09-21-12:30:45.186.673 [hdc_client.cpp:170][CommCreateSession][tid:111294] [HdcClient] deviceId: 2 connect session
[INFO] DRV(111294,npu_reader):2026-09-21-12:30:45.186.707 [hdc_core.c:1982][ascend][curpid:111294,111294][drv][hdc][drvHdcSetSessionReference]Get pid number. (session=840; pid=111294)
[INFO] TDT(111294,npu_reader):2026-09-21-12:30:45.186.712 [hdc_client.cpp:181][CommCreateSession][tid:111294] [HdcClient] drvHdcSetSessionReference success
[INFO] TDT(111294,npu_reader):2026-09-21-12:30:45.186.728 [hdc_client.cpp:192][CommCreateSession][tid:111294] [HdcClient] deviceId: 2 connect session and drvHdcSetSessionReference success, sessionId=1
[INFO] TDT(111294,npu_reader):2026-09-21-12:30:45.186.737 [version_verify.cpp:39][SetVersionInfo][tid:111294] VersionVerify: send client version to server
[INFO] TDT(111294,npu_reader):2026-09-21-12:30:45.186.744 [version_verify.cpp:55][SetVersionInfo][tid:111294] send feature_info:{msgType:35, features:{check before send aicpu package}}
[INFO] TDT(111294,npu_reader):2026-09-21-12:30:45.186.751 [version_verify.cpp:55][SetVersionInfo][tid:111294] send feature_info:{msgType:37, features:{check before send open qs message}}
[INFO] TDT(111294,npu_reader):2026-09-21-12:30:45.186.754 [version_verify.cpp:55][SetVersionInfo][tid:111294] send feature_info:{msgType:64, features:{get check code retry}}
[INFO] TDT(111294,npu_reader):2026-09-21-12:30:45.187.472 [version_verify.cpp:71][PeerVersionCheck][tid:111294] VersionVerify: Check client version info, server[1230], client[1230]
[INFO] TDT(111294,npu_reader):2026-09-21-12:30:45.187.481 [version_verify.cpp:92][ParseVersionInfo][tid:111294] VersionVerify: pass client version info success
[INFO] TDT(111294,npu_reader):2026-09-21-12:30:45.187.484 [hdc_client.cpp:243][CheckHdcConnection][tid:111294] Service create hdc successfully.
[INFO] TDT(111294,npu_reader):2026-09-21-12:30:45.187.502 [version_verify.cpp:117][SpecialFeatureCheck][tid:111294] VersionVerify: previous type[67], supported
[INFO] TDT(111294,npu_reader):2026-09-21-12:30:45.187.601 [process_mode_manager.cpp:771][GetDeviceCheckCodeOnce][tid:111294] [TsdClient][deviceId=2] [sessionId=1] wait package info response
[INFO] TDT(111294,npu_reader):2026-09-21-12:30:45.187.605 [hdc_client.cpp:116][CommRecvData][tid:111294] recv timeout is:150000 ms
[INFO] TDT(111294,npu_reader):2026-09-21-12:30:45.188.592 [process_mode_msg_parse.cpp:240][PackageInfoMsgProc][tid:111294] [PackageInfoMsgProc] [sessionID=1]
[INFO] TDT(111294,npu_reader):2026-09-21-12:30:45.188.597 [process_mode_msg_parse.cpp:243][PackageInfoMsgProc][tid:111294] [PackageInfoMsgProc] [sessionID=1] deviceId[2], checkCode[0]
[INFO] TDT(111294,npu_reader):2026-09-21-12:30:45.188.608 [process_mode_msg_parse.cpp:450][SetDeviceCommonSinkPackHashValue][tid:111294] update device package:aicpu_hcomm.tar.gz hash value:6a87971228957c62d429a4f69d0421be0cc4315aa62c5da69988937ceb052bd0
[INFO] TDT(111294,npu_reader):2026-09-21-12:30:45.188.614 [hdc_client.cpp:134][CommRecvData][tid:111294] [deviceId=2] the Tsd recv data already
[INFO] TDT(111294,npu_reader):2026-09-21-12:30:45.188.618 [hdc_client.cpp:395][CommDestroy][tid:111294] enter HdcClient::CommDestroy() function
[INFO] DRV(111294,npu_reader):2026-09-21-12:30:45.188.625 [hdc_client.c:425][ascend][curpid:111294,111294][drv][hdc][drvHdcClientSessionClose]Destroy client session. (sock=840)
[INFO] TDT(111294,npu_reader):2026-09-21-12:30:45.188.699 [hdc_client.cpp:378][DestroyClient][tid:111294] begin drvHdcClientDestroy
[INFO] TDT(111294,npu_reader):2026-09-21-12:30:45.188.705 [hdc_client.cpp:383][DestroyClient][tid:111294] end drvHdcClientDestroy
[INFO] TDT(111294,npu_reader):2026-09-21-12:30:45.188.708 [hdc_client.cpp:354][ClearClientPtr][tid:111294] begin HdcClient::ClearClientPtr
[INFO] TDT(111294,npu_reader):2026-09-21-12:30:45.188.713 [hdc_client.cpp:369][ClearClientPtr][tid:111294] end HdcClient::ClearClientPtr
[INFO] TDT(111294,npu_reader):2026-09-21-12:30:45.188.715 [hdc_client.cpp:402][CommDestroy][tid:111294] end HdcClient::CommDestroy() function
[INFO] TDT(111294,npu_reader):2026-09-21-12:30:45.188.719 [process_mode_manager.cpp:473][GetHostCommonSinkPackHashValue][tid:111294] get host package:aicpu_hcomm.tar.gz, hash value:e233eb7231071c5f5a99cf481549d80257641725fa3ff2c142571df81e6e3da2
[INFO] TDT(111294,npu_reader):2026-09-21-12:30:45.188.722 [process_mode_manager.cpp:463][GetDeviceCommonSinkPackHashValue][tid:111294] get device package:aicpu_hcomm.tar.gz, hash value:6a87971228957c62d429a4f69d0421be0cc4315aa62c5da69988937ceb052bd0
[INFO] TDT(111294,npu_reader):2026-09-21-12:30:45.188.729 [process_mode_manager.cpp:400][SendAICPUPackageSimple][tid:111294] [TsdClient][deviceId=2] no equal to begin send file[/usr/local/Ascend/cann-9.1.0/opp/built-in/op_impl/aicpu/kernel/aicpu_hcomm.tar.gz] to [/home/HwHiAiUser/hdcd/device0/aicpu/934687_aicpu_hcomm.tar.gz]
[INFO] DRV(111294,npu_reader):2026-09-21-12:30:45.188.851 [hdc_core.c:1982][ascend][curpid:111294,111294][drv][hdc][drvHdcSetSessionReference]Get pid number. (session=841; pid=111294)
[INFO] DRV(111294,npu_reader):2026-09-21-12:30:45.189.383 [hdc_file.c:690][ascend][curpid:111294,111294][drv][hdc][send_data]Get capacity_maxSegment value. (maxSegment=524288; bufsize=524288)
[INFO] DRV(111294,npu_reader):2026-09-21-12:30:45.209.877 [hdc_client.c:425][ascend][curpid:111294,111294][drv][hdc][drvHdcClientSessionClose]Destroy client session. (sock=841)
[INFO] TDT(111294,npu_reader):2026-09-21-12:30:45.212.678 [process_mode_manager.cpp:420][SendAICPUPackageSimple][tid:111294] [TsdClient][deviceId=2] hdc send file[/usr/local/Ascend/cann-9.1.0/opp/built-in/op_impl/aicpu/kernel/aicpu_hcomm.tar.gz] to [/home/HwHiAiUser/hdcd/device0/aicpu/934687_aicpu_hcomm.tar.gz] success
[INFO] DRV(111294,npu_reader):2026-09-21-12:30:45.212.701 [devdrv_hccl.c:103][ascend][curpid:111294,111294][drv][devmng][drvGetProcessSign]Process sign list add success.(tgid=934687)
[INFO] TDT(111294,npu_reader):2026-09-21-12:30:45.212.707 [process_mode_manager.cpp:554][InitTsdClient][tid:111294] [TsdClient][deviceId=2] get process sign success, procPid[934687]
[INFO] TDT(111294,npu_reader):2026-09-21-12:30:45.212.711 [process_mode_manager.cpp:561][InitTsdClient][tid:111294] [TsdClient] deviceId[2] begin to init hdc client
[INFO] TDT(111294,npu_reader):2026-09-21-12:30:45.212.727 [hdc_common.cpp:62][InitMsgSize][tid:111294] HdcCommon::InitMsgSize Start
[INFO] TDT(111294,npu_reader):2026-09-21-12:30:45.212.730 [hdc_common.cpp:75][InitMsgSize][tid:111294] msgMaxSize_ = 524288 bytes, msgShortHeadDataMaxSize_ = 524276 bytes, msgLongHeadDataMaxSize_ = 524264 bytes
[INFO] TDT(111294,npu_reader):2026-09-21-12:30:45.212.734 [hdc_client.cpp:146][CommCreateSession][tid:111294] HdcClient::CommCreateSession Start
[INFO] TDT(111294,npu_reader):2026-09-21-12:30:45.216.797 [hdc_client.cpp:170][CommCreateSession][tid:111294] [HdcClient] deviceId: 2 connect session
[INFO] DRV(111294,npu_reader):2026-09-21-12:30:45.216.839 [hdc_core.c:1982][ascend][curpid:111294,111294][drv][hdc][drvHdcSetSessionReference]Get pid number. (session=842; pid=111294)
[INFO] TDT(111294,npu_reader):2026-09-21-12:30:45.216.844 [hdc_client.cpp:181][CommCreateSession][tid:111294] [HdcClient] drvHdcSetSessionReference success
[INFO] TDT(111294,npu_reader):2026-09-21-12:30:45.216.848 [hdc_client.cpp:192][CommCreateSession][tid:111294] [HdcClient] deviceId: 2 connect session and drvHdcSetSessionReference success, sessionId=1
[INFO] TDT(111294,npu_reader):2026-09-21-12:30:45.216.858 [version_verify.cpp:39][SetVersionInfo][tid:111294] VersionVerify: send client version to server
[INFO] TDT(111294,npu_reader):2026-09-21-12:30:45.216.866 [version_verify.cpp:55][SetVersionInfo][tid:111294] send feature_info:{msgType:35, features:{check before send aicpu package}}
[INFO] TDT(111294,npu_reader):2026-09-21-12:30:45.216.873 [version_verify.cpp:55][SetVersionInfo][tid:111294] send feature_info:{msgType:37, features:{check before send open qs message}}
[INFO] TDT(111294,npu_reader):2026-09-21-12:30:45.216.879 [version_verify.cpp:55][SetVersionInfo][tid:111294] send feature_info:{msgType:64, features:{get check code retry}}
[INFO] TDT(111294,npu_reader):2026-09-21-12:30:45.217.606 [version_verify.cpp:71][PeerVersionCheck][tid:111294] VersionVerify: Check client version info, server[1230], client[1230]
[INFO] TDT(111294,npu_reader):2026-09-21-12:30:45.217.615 [version_verify.cpp:92][ParseVersionInfo][tid:111294] VersionVerify: pass client version info success
[INFO] TDT(111294,npu_reader):2026-09-21-12:30:45.217.618 [hdc_client.cpp:243][CheckHdcConnection][tid:111294] Service create hdc successfully.
[INFO] TDT(111294,npu_reader):2026-09-21-12:30:45.217.643 [version_verify.cpp:117][SpecialFeatureCheck][tid:111294] VersionVerify: previous type[67], supported
[INFO] TDT(111294,npu_reader):2026-09-21-12:30:45.217.740 [process_mode_manager.cpp:771][GetDeviceCheckCodeOnce][tid:111294] [TsdClient][deviceId=2] [sessionId=1] wait package info response
[INFO] TDT(111294,npu_reader):2026-09-21-12:30:45.217.744 [hdc_client.cpp:116][CommRecvData][tid:111294] recv timeout is:150000 ms
[INFO] TDT(111294,npu_reader):2026-09-21-12:30:46.218.913 [process_mode_msg_parse.cpp:240][PackageInfoMsgProc][tid:111294] [PackageInfoMsgProc] [sessionID=1]
[INFO] TDT(111294,npu_reader):2026-09-21-12:30:46.218.924 [process_mode_msg_parse.cpp:243][PackageInfoMsgProc][tid:111294] [PackageInfoMsgProc] [sessionID=1] deviceId[2], checkCode[0]
[INFO] TDT(111294,npu_reader):2026-09-21-12:30:46.218.936 [process_mode_msg_parse.cpp:450][SetDeviceCommonSinkPackHashValue][tid:111294] update device package:aicpu_hcomm.tar.gz hash value:e233eb7231071c5f5a99cf481549d80257641725fa3ff2c142571df81e6e3da2
[INFO] TDT(111294,npu_reader):2026-09-21-12:30:46.218.941 [hdc_client.cpp:134][CommRecvData][tid:111294] [deviceId=2] the Tsd recv data already
[INFO] TDT(111294,npu_reader):2026-09-21-12:30:46.218.945 [hdc_client.cpp:395][CommDestroy][tid:111294] enter HdcClient::CommDestroy() function
[INFO] DRV(111294,npu_reader):2026-09-21-12:30:46.218.952 [hdc_client.c:425][ascend][curpid:111294,111294][drv][hdc][drvHdcClientSessionClose]Destroy client session. (sock=842)
[INFO] TDT(111294,npu_reader):2026-09-21-12:30:46.218.969 [hdc_client.cpp:378][DestroyClient][tid:111294] begin drvHdcClientDestroy
[INFO] TDT(111294,npu_reader):2026-09-21-12:30:46.218.974 [hdc_client.cpp:383][DestroyClient][tid:111294] end drvHdcClientDestroy
[INFO] TDT(111294,npu_reader):2026-09-21-12:30:46.218.978 [hdc_client.cpp:354][ClearClientPtr][tid:111294] begin HdcClient::ClearClientPtr
[INFO] TDT(111294,npu_reader):2026-09-21-12:30:46.218.983 [hdc_client.cpp:369][ClearClientPtr][tid:111294] end HdcClient::ClearClientPtr
[INFO] TDT(111294,npu_reader):2026-09-21-12:30:46.218.985 [hdc_client.cpp:402][CommDestroy][tid:111294] end HdcClient::CommDestroy() function
[INFO] TDT(111294,npu_reader):2026-09-21-12:30:46.219.006 [process_mode_manager.cpp:2344][LoadSinglePackageToDevice][tid:111294] load package:aicpu_hcomm.tar.gz to device:2 success
[INFO] TDT(111294,npu_reader):2026-09-21-12:30:46.219.015 [process_mode_manager.cpp:2307][LoadSinglePackageToDevice][tid:111294] begin to load package:cann-hccd-compat.tar.gz to device:2
[INFO] TDT(111294,npu_reader):2026-09-21-12:30:46.219.020 [process_mode_manager.cpp:2269][SupportLoadPkg][tid:111294] package is not need load, name:cann-hccd-compat.tar.gz
[INFO] TDT(111294,npu_reader):2026-09-21-12:30:46.219.023 [process_mode_manager.cpp:2309][LoadSinglePackageToDevice][tid:111294] current package:cann-hccd-compat.tar.gz does not need to load to device:2
[INFO] TDT(111294,npu_reader):2026-09-21-12:30:46.219.026 [process_mode_manager.cpp:2307][LoadSinglePackageToDevice][tid:111294] begin to load package:cann-hcomm-compat.tar.gz to device:2
[INFO] TDT(111294,npu_reader):2026-09-21-12:30:46.219.029 [process_mode_manager.cpp:2277][SupportLoadPkg][tid:111294] current device chip:5 support package:cann-hcomm-compat.tar.gz
[INFO] DRV(111294,npu_reader):2026-09-21-12:30:46.219.042 [devdrv_hccl.c:103][ascend][curpid:111294,111294][drv][devmng][drvGetProcessSign]Process sign list add success.(tgid=934687)
[INFO] TDT(111294,npu_reader):2026-09-21-12:30:46.219.045 [process_mode_manager.cpp:554][InitTsdClient][tid:111294] [TsdClient][deviceId=2] get process sign success, procPid[934687]
[INFO] TDT(111294,npu_reader):2026-09-21-12:30:46.219.048 [process_mode_manager.cpp:561][InitTsdClient][tid:111294] [TsdClient] deviceId[2] begin to init hdc client
[INFO] TDT(111294,npu_reader):2026-09-21-12:30:46.219.057 [hdc_common.cpp:62][InitMsgSize][tid:111294] HdcCommon::InitMsgSize Start
[INFO] TDT(111294,npu_reader):2026-09-21-12:30:46.219.064 [hdc_common.cpp:75][InitMsgSize][tid:111294] msgMaxSize_ = 524288 bytes, msgShortHeadDataMaxSize_ = 524276 bytes, msgLongHeadDataMaxSize_ = 524264 bytes
[INFO] TDT(111294,npu_reader):2026-09-21-12:30:46.219.067 [hdc_client.cpp:146][CommCreateSession][tid:111294] HdcClient::CommCreateSession Start
[INFO] TDT(111294,npu_reader):2026-09-21-12:30:46.219.278 [hdc_client.cpp:170][CommCreateSession][tid:111294] [HdcClient] deviceId: 2 connect session
[INFO] DRV(111294,npu_reader):2026-09-21-12:30:46.219.301 [hdc_core.c:1982][ascend][curpid:111294,111294][drv][hdc][drvHdcSetSessionReference]Get pid number. (session=843; pid=111294)
[INFO] TDT(111294,npu_reader):2026-09-21-12:30:46.219.305 [hdc_client.cpp:181][CommCreateSession][tid:111294] [HdcClient] drvHdcSetSessionReference success
[INFO] TDT(111294,npu_reader):2026-09-21-12:30:46.219.308 [hdc_client.cpp:192][CommCreateSession][tid:111294] [HdcClient] deviceId: 2 connect session and drvHdcSetSessionReference success, sessionId=1
[INFO] TDT(111294,npu_reader):2026-09-21-12:30:46.219.312 [version_verify.cpp:39][SetVersionInfo][tid:111294] VersionVerify: send client version to server
[INFO] TDT(111294,npu_reader):2026-09-21-12:30:46.219.315 [version_verify.cpp:55][SetVersionInfo][tid:111294] send feature_info:{msgType:35, features:{check before send aicpu package}}
[INFO] TDT(111294,npu_reader):2026-09-21-12:30:46.219.319 [version_verify.cpp:55][SetVersionInfo][tid:111294] send feature_info:{msgType:37, features:{check before send open qs message}}
[INFO] TDT(111294,npu_reader):2026-09-21-12:30:46.219.324 [version_verify.cpp:55][SetVersionInfo][tid:111294] send feature_info:{msgType:64, features:{get check code retry}}
[INFO] TDT(111294,npu_reader):2026-09-21-12:30:46.220.063 [version_verify.cpp:71][PeerVersionCheck][tid:111294] VersionVerify: Check client version info, server[1230], client[1230]
[INFO] TDT(111294,npu_reader):2026-09-21-12:30:46.220.068 [version_verify.cpp:92][ParseVersionInfo][tid:111294] VersionVerify: pass client version info success
[INFO] TDT(111294,npu_reader):2026-09-21-12:30:46.220.070 [hdc_client.cpp:243][CheckHdcConnection][tid:111294] Service create hdc successfully.
[INFO] TDT(111294,npu_reader):2026-09-21-12:30:46.220.077 [version_verify.cpp:117][SpecialFeatureCheck][tid:111294] VersionVerify: previous type[40], supported
[INFO] TDT(111294,npu_reader):2026-09-21-12:30:46.220.169 [hdc_client.cpp:116][CommRecvData][tid:111294] recv timeout is:10000 ms
[INFO] TDT(111294,npu_reader):2026-09-21-12:30:46.221.166 [process_mode_msg_parse.cpp:147][ServerToClientMsgProc][tid:111294] [ServerToClientMsgProc] [sessionID=1]
[INFO] TDT(111294,npu_reader):2026-09-21-12:30:46.221.171 [process_mode_msg_parse.cpp:142][DeviceMsgProcess][tid:111294] [TsdClient] DeviceMsgProc recvMsg realDeviceId[2] msgType[41] localDevId[2] rspCode[0]heterogeneousSubPid[0], tsdSupportLevel_[511]
[INFO] TDT(111294,npu_reader):2026-09-21-12:30:46.221.175 [hdc_client.cpp:134][CommRecvData][tid:111294] [deviceId=2] the Tsd recv data already
[INFO] TDT(111294,npu_reader):2026-09-21-12:30:46.221.177 [process_mode_manager.cpp:1755][IsSupportCommonInterface][tid:111294] IsSupportCommonInterface check was not successful, level[9], tsd support level[511]
[INFO] TDT(111294,npu_reader):2026-09-21-12:30:46.221.181 [process_mode_manager.cpp:2315][LoadSinglePackageToDevice][tid:111294] device does not support cann-hcomm-compat package, skip load to device:2
[INFO] TDT(111294,npu_reader):2026-09-21-12:30:46.221.185 [process_mode_manager.cpp:2307][LoadSinglePackageToDevice][tid:111294] begin to load package:cann-hixl-compat.tar.gz to device:2
[INFO] TDT(111294,npu_reader):2026-09-21-12:30:46.221.189 [process_mode_manager.cpp:2277][SupportLoadPkg][tid:111294] current device chip:5 support package:cann-hixl-compat.tar.gz
[INFO] TDT(111294,npu_reader):2026-09-21-12:30:46.221.212 [package_process_config.cpp:393][GetPkgHostAndDeviceDstPath][tid:111294] get orgFile:/usr/local/Ascend/cann-9.1.0/opp/built-in/op_impl/aicpu/kernel/cann-hixl-compat.tar.gz, dstFile:/home/HwHiAiUser/hdcd/device0/aicpu/934687_cann-hixl-compat.tar.gz
[INFO] TDT(111294,npu_reader):2026-09-21-12:30:46.221.429 [process_mode_manager.cpp:456][SetHostCommonSinkPackHashValue][tid:111294] update host package:cann-hixl-compat.tar.gz hash value:5aca585d459281e4b5809269c789b7adba50c95bb26bcfe6e1bf3d1b3498eb5c
[INFO] TDT(111294,npu_reader):2026-09-21-12:30:46.221.437 [process_mode_manager.cpp:473][GetHostCommonSinkPackHashValue][tid:111294] get host package:cann-hixl-compat.tar.gz, hash value:5aca585d459281e4b5809269c789b7adba50c95bb26bcfe6e1bf3d1b3498eb5c
[INFO] TDT(111294,npu_reader):2026-09-21-12:30:46.221.443 [process_mode_manager.cpp:463][GetDeviceCommonSinkPackHashValue][tid:111294] get device package:cann-hixl-compat.tar.gz, hash value:5aca585d459281e4b5809269c789b7adba50c95bb26bcfe6e1bf3d1b3498eb5c
[INFO] TDT(111294,npu_reader):2026-09-21-12:30:46.221.446 [process_mode_manager.cpp:473][GetHostCommonSinkPackHashValue][tid:111294] get host package:cann-hixl-compat.tar.gz, hash value:5aca585d459281e4b5809269c789b7adba50c95bb26bcfe6e1bf3d1b3498eb5c
[INFO] TDT(111294,npu_reader):2026-09-21-12:30:46.221.449 [process_mode_manager.cpp:2333][LoadSinglePackageToDevice][tid:111294] current package:cann-hixl-compat.tar.gz is same as device, skip load
[INFO] TDT(111294,npu_reader):2026-09-21-12:30:46.221.452 [process_mode_manager.cpp:2307][LoadSinglePackageToDevice][tid:111294] begin to load package:cann-tsch-compat.tar.gz to device:2
[INFO] TDT(111294,npu_reader):2026-09-21-12:30:46.221.455 [process_mode_manager.cpp:2282][SupportLoadPkg][tid:111294] current device chip:5 does not support package:cann-tsch-compat.tar.gz
[INFO] TDT(111294,npu_reader):2026-09-21-12:30:46.221.457 [process_mode_manager.cpp:2309][LoadSinglePackageToDevice][tid:111294] current package:cann-tsch-compat.tar.gz does not need to load to device:2
[INFO] TDT(111294,npu_reader):2026-09-21-12:30:46.221.460 [process_mode_manager.cpp:2307][LoadSinglePackageToDevice][tid:111294] begin to load package:cann-udf-compat.tar.gz to device:2
[INFO] TDT(111294,npu_reader):2026-09-21-12:30:46.221.463 [process_mode_manager.cpp:2269][SupportLoadPkg][tid:111294] package is not need load, name:cann-udf-compat.tar.gz
[INFO] TDT(111294,npu_reader):2026-09-21-12:30:46.221.465 [process_mode_manager.cpp:2309][LoadSinglePackageToDevice][tid:111294] current package:cann-udf-compat.tar.gz does not need to load to device:2
[INFO] TDT(111294,npu_reader):2026-09-21-12:30:46.221.468 [process_mode_manager.cpp:2307][LoadSinglePackageToDevice][tid:111294] begin to load package:mc2_server.tar.gz to device:2
[INFO] TDT(111294,npu_reader):2026-09-21-12:30:46.221.471 [process_mode_manager.cpp:2282][SupportLoadPkg][tid:111294] current device chip:5 does not support package:mc2_server.tar.gz
[INFO] TDT(111294,npu_reader):2026-09-21-12:30:46.221.474 [process_mode_manager.cpp:2309][LoadSinglePackageToDevice][tid:111294] current package:mc2_server.tar.gz does not need to load to device:2
[INFO] TDT(111294,npu_reader):2026-09-21-12:30:46.221.486 [process_mode_manager.cpp:544][InitTsdClient][tid:111294] [TsdClient] tsd client has already been initialized
[INFO] TDT(111294,npu_reader):2026-09-21-12:30:46.221.502 [process_mode_manager.cpp:620][ConstructOpenMsg][tid:111294] [TsdClient] tsd get process sign successfully, procpid[934687] signSize[48]
[INFO] TDT(111294,npu_reader):2026-09-21-12:30:46.221.509 [process_mode_base.cpp:171][SetTsdClientCapabilityLevel][tid:111294] Set tsdclient capability level, value is [2].
[INFO] TDT(111294,npu_reader):2026-09-21-12:30:46.221.522 [version_verify.cpp:117][SpecialFeatureCheck][tid:111294] VersionVerify: previous type[6], supported
[INFO] TDT(111294,npu_reader):2026-09-21-12:30:46.221.627 [process_mode_manager.cpp:159][OpenProcess][tid:111294] [ProcessModeManager] deviceId[2] sessionId[1] rankSize[0], wait subprocess start response
[WARNING] TDT(111294,npu_reader):2026-09-21-12:30:46.221.632 [env_internal_api.cpp:21][GetEnvFromMmSys][tid:111294] Get env[ASAN_RUN_MODE] failed
[INFO] TDT(111294,npu_reader):2026-09-21-12:30:46.221.637 [hdc_client.cpp:116][CommRecvData][tid:111294] recv timeout is:150000 ms
[INFO] TDT(111294,npu_reader):2026-09-21-12:30:46.443.399 [process_mode_msg_parse.cpp:147][ServerToClientMsgProc][tid:111294] [ServerToClientMsgProc] [sessionID=1]
[INFO] TDT(111294,npu_reader):2026-09-21-12:30:46.443.408 [process_mode_msg_parse.cpp:142][DeviceMsgProcess][tid:111294] [TsdClient] DeviceMsgProc recvMsg realDeviceId[2] msgType[8] localDevId[2] rspCode[0]heterogeneousSubPid[0], tsdSupportLevel_[511]
[INFO] TDT(111294,npu_reader):2026-09-21-12:30:46.443.412 [hdc_client.cpp:134][CommRecvData][tid:111294] [deviceId=2] the Tsd recv data already
[INFO] TDT(111294,npu_reader):2026-09-21-12:30:46.443.420 [stub_process_mode_nowin.cpp:22][ProcessQueueForAdc][tid:111294] [TsdClient] it is unnecessary for current mode[0] to grant queue auth to aicpusd
[INFO] TDT(111294,npu_reader):2026-09-21-12:30:46.443.426 [process_mode_manager.cpp:197][OpenProcess][tid:111294] [TsdClient][deviceId=2] [sessionId=1] start hccp and computer process success,whole process spent time as follows:phase1:[3]ms load sink package config to device,phase2:[0]ms load opkernel to device,phase3:[6254]ms load sink package to device,phase4:[0]ms send open message to device,phase5:[221]ms receive open message to device,phase6:[0]ms process for adc on host,whole duration:[6479]ms
[INFO] RUNTIME(111294,npu_reader):2026-09-21-12:30:46.443.438 [runtime.cc:1876] 111294 startAicpuExecutor: userDeviceId=2, devId=2, tsdOpen ret=0
[INFO] RUNTIME(111294,npu_reader):2026-09-21-12:30:46.443.447 [runtime.cc:1888] 111294 startAicpuExecutor: TsdOpen success, devId=2, ret=0
[INFO] RUNTIME(111294,npu_reader):2026-09-21-12:30:46.443.493 [runtime.cc:2724] 111294 DeviceRetain: new dev ok id=2, rawDevSize=3752 (bytes), ts_id=0
[INFO] RUNTIME(111294,npu_reader):2026-09-21-12:30:46.443.501 [raw_device.cc:1524] 111294 DevSetTsId: tsId=0
[INFO] RUNTIME(111294,npu_reader):2026-09-21-12:30:46.443.514 [npu_driver.cc:422] 111294 DeviceOpen: Open device start, device_id=2, tsId=0.
[INFO] DRV(111294,npu_reader):2026-09-21-12:30:46.443.526 [event_sched.c:1536][ascend][curpid:111294,111294][drv][event-sche][eschedDeviceOpen]The devId open success. (devId=2)
[INFO] DRV(111294,npu_reader):2026-09-21-12:30:46.443.730 [trs_sqcq.c:418][ascend][curpid:111294,111294][drv][tsdrv][trsDevSqCqInit]Sqcq init. (devid=2)
[INFO] DRV(111294,npu_reader):2026-09-21-12:30:46.443.984 [trs_sqcq.c:354][ascend][curpid:111294,111294][drv][tsdrv][trsIdTypeInit]Id type init success. (devId=2; tsId=0; id_type=6; num=2044)
[INFO] DRV(111294,npu_reader):2026-09-21-12:30:46.444.232 [trs_sqcq.c:354][ascend][curpid:111294,111294][drv][tsdrv][trsIdTypeInit]Id type init success. (devId=2; tsId=0; id_type=7; num=2044)
[INFO] DRV(111294,npu_reader):2026-09-21-12:30:46.444.373 [trs_sqcq.c:354][ascend][curpid:111294,111294][drv][tsdrv][trsIdTypeInit]Id type init success. (devId=2; tsId=0; id_type=10; num=1024)
[INFO] DRV(111294,npu_reader):2026-09-21-12:30:46.444.511 [trs_sqcq.c:354][ascend][curpid:111294,111294][drv][tsdrv][trsIdTypeInit]Id type init success. (devId=2; tsId=0; id_type=11; num=1024)
[INFO] DRV(111294,npu_reader):2026-09-21-12:30:46.448.799 [trs_sqcq.c:354][ascend][curpid:111294,111294][drv][tsdrv][trsIdTypeInit]Id type init success. (devId=2; tsId=0; id_type=12; num=32768)
[INFO] DRV(111294,npu_reader):2026-09-21-12:30:46.448.853 [trs_sqcq.c:354][ascend][curpid:111294,111294][drv][tsdrv][trsIdTypeInit]Id type init success. (devId=2; tsId=0; id_type=8; num=16)
[INFO] DRV(111294,npu_reader):2026-09-21-12:30:46.448.858 [trs_sqcq.c:354][ascend][curpid:111294,111294][drv][tsdrv][trsIdTypeInit]Id type init success. (devId=2; tsId=0; id_type=9; num=16)
[INFO] DRV(111294,npu_reader):2026-09-21-12:30:46.448.864 [trs_sqcq.c:354][ascend][curpid:111294,111294][drv][tsdrv][trsIdTypeInit]Id type init success. (devId=2; tsId=0; id_type=13; num=4)
[INFO] DRV(111294,npu_reader):2026-09-21-12:30:46.448.871 [trs_sqcq.c:354][ascend][curpid:111294,111294][drv][tsdrv][trsIdTypeInit]Id type init success. (devId=2; tsId=0; id_type=14; num=10)
[INFO] DRV(111294,npu_reader):2026-09-21-12:30:46.449.124 [event_sched.c:663][ascend][curpid:111294,111294][drv][event-sche][halEschedAttachDevice]Attach device finish. (ret=0; devId=2)
[INFO] DRV(111294,npu_reader):2026-09-21-12:30:46.449.274 [event_sched.c:1108][ascend][curpid:111294,111294][drv][event-sche][eschedCreateGrp]Esched create grp success. (devId=2; gid=11; sched_mode=2; grpName=)
[INFO] DRV(111294,npu_reader):2026-09-21-12:30:46.450.386 [trs_dev_drv.c:302][ascend][curpid:111294,111294][drv][tsdrv][drvDeviceOpenComm]Open success. (devid=2; fd=10; mmapFd=11)
[INFO] DRV(111294,npu_reader):2026-09-21-12:30:46.450.414 [devmm_svm.c:157][ascend][curpid:111294,111294][drv][devmm][devmm_setup_device]DrvMemDeviceOpen. (devid=2)
[INFO] DRV(111294,npu_reader):2026-09-21-12:30:46.453.482 [devmm_virt_interface.c:462][ascend][curpid:111294,111294][drv][devmm][devmm_ioctl_init_process]Init_process details. (hostpid=111294; ret=0; cnt=0)
[INFO] DRV(111294,npu_reader):2026-09-21-12:30:46.454.025 [drv_share_log.c:240][ascend][curpid:111294,111294][drv][devmm][share_log_read_in_single_module]Setup device succeeded. (logical_devid=2; devid=2; vfid=0; hostpid=934687; devpid=31765)
[INFO] DRV(111294,npu_reader):2026-09-21-12:30:46.454.043 [devmm_svm.c:119][ascend][curpid:111294,111294][drv][devmm][devmm_set_device_info]Device info. (devid=2; dvpp_size=17179869184; support_bar_mem=0; support_dev_read_only=1; support_dev_mem_map_host=0; support_bar_huge_mem=1; allocated_by_malloc=0; host_rw_dev_ro=1)
[INFO] DRV(111294,npu_reader):2026-09-21-12:30:46.454.050 [devmm_svm.c:125][ascend][curpid:111294,111294][drv][devmm][devmm_set_device_info]Device info. (double_pgtable_offset=17592186044416; support_host_pin_pre_register=1; support_host_mem_pool=1; is_support_agent_giant_page=1; is_support_host_giant_page=0; support_remote_mmap=1; support_shmem_map_exbus=1; support_mem_host_uva=1)
[INFO] DRV(111294,npu_reader):2026-09-21-12:30:46.455.073 [devmm_host_mem_pool.c:170][ascend][curpid:111294,111294][drv][devmm][devmm_host_mem_pool_init]devmm host mem pool init success. (devid=2)
[INFO] DRV(111294,npu_reader):2026-09-21-12:30:46.455.096 [queue_interface.c:655][ascend][curpid:111294,111294][drv][queuemng][queueDeviceOpen]queue open finish. (devId=2)
[INFO] RUNTIME(111294,npu_reader):2026-09-21-12:30:46.455.202 [npu_driver.cc:471] 111294 DeviceOpen: Open device success, device_id=2, tsId=0, SSID=934687.
[INFO] RUNTIME(111294,npu_reader):2026-09-21-12:30:46.455.216 [npu_driver.cc:1109] 111294 CheckIsSupportFeature: Support FEATURE_SVM_GET_USER_MALLOC_ATTR, drv devId=2.
[INFO] RUNTIME(111294,npu_reader):2026-09-21-12:30:46.455.223 [npu_driver.cc:1109] 111294 CheckIsSupportFeature: Not support FEATURE_SVM_MEM_REGISTER_QUERY_AND_GET_ATTR, drv devId=2.
[INFO] RUNTIME(111294,npu_reader):2026-09-21-12:30:46.455.236 [task_manager.cc:1082] 111294 RefreshTaskFuncPointer: Task func pointer refreshed to chip type: 5
[INFO] RUNTIME(111294,npu_reader):2026-09-21-12:30:46.455.255 [raw_device.cc:547] 111294 Init: chipType:0x5
[INFO] RUNTIME(111294,npu_reader):2026-09-21-12:30:46.455.293 [raw_device.cc:560] 111294 Init: isAddrFlat:0x1
[INFO] DRV(111294,npu_reader):2026-09-21-12:30:46.455.307 [devmm_svm.c:2232][ascend][curpid:111294,111294][drv][devmm][devmm_ctrl_support_feature]RTS note drv support feature. (in_feature=0x1; out_feature=0x1)
[INFO] RUNTIME(111294,npu_reader):2026-09-21-12:30:46.455.316 [npu_driver_mem.cc:2480] 111294 SupportNumaTsMemCtrl: chip type=5, support flag=1
[INFO] DRV(111294,npu_reader):2026-09-21-12:30:46.456.471 [devdrv_manager.c:1089][ascend][curpid:111294,111294][drv][devmng][drvGetSystemInfo]This version does not support this type. (dev_id=2; Type=64)
[INFO] DRV(111294,npu_reader):2026-09-21-12:30:46.456.483 [devdrv_manager.c:2016][ascend][curpid:111294,111294][drv][devmng][halGetDeviceInfo]Reasult of call halgetdeviceinfo. (ret=3; module_type=0; info_type=64).
[INFO] RUNTIME(111294,npu_reader):2026-09-21-12:30:46.456.492 [raw_device.cc:615] 111294 Init: Get phy info, phy chip id 1, phy die id 0
[INFO] RUNTIME(111294,npu_reader):2026-09-21-12:30:46.456.501 [runtime.cc:1788] 111294 GetTsdQos: [TSD] start get qos, devId=2
[INFO] TDT(111294,npu_reader):2026-09-21-12:30:46.456.520 [tsd_client.cpp:188][TsdCapabilityGet][tid:111294] TsdCapabilityGet Begin.
[INFO] TDT(111294,npu_reader):2026-09-21-12:30:46.456.533 [process_mode_manager.cpp:1075][CapabilityGet][tid:111294] [ProcessModeManager] enter into CapabilityGet process deviceId[2] type[0].
[INFO] TDT(111294,npu_reader):2026-09-21-12:30:46.456.539 [process_mode_manager.cpp:544][InitTsdClient][tid:111294] [TsdClient] tsd client has already been initialized
[INFO] TDT(111294,npu_reader):2026-09-21-12:30:46.456.555 [version_verify.cpp:117][SpecialFeatureCheck][tid:111294] VersionVerify: previous type[38], supported
[INFO] TDT(111294,npu_reader):2026-09-21-12:30:46.456.691 [process_mode_manager.cpp:1098][CapabilityGet][tid:111294] [TsdClient][deviceId=2] [sessionId=1] [type=0]send capability successfully.
[INFO] TDT(111294,npu_reader):2026-09-21-12:30:46.456.699 [hdc_client.cpp:116][CommRecvData][tid:111294] recv timeout is:150000 ms
[INFO] TDT(111294,npu_reader):2026-09-21-12:30:46.457.691 [process_mode_msg_parse.cpp:267][CapabilityResMsgProc][tid:111294] [CapabilityResMsgProc] [sessionID=1]
[INFO] TDT(111294,npu_reader):2026-09-21-12:30:46.457.699 [process_mode_msg_parse.cpp:262][PidQosMsgProc][tid:111294] [TsdClient] PidQosMsgProc recvMsg realDeviceId[2] msgType[39] localDevId[2] rspCode[0],pidqos[1]
[INFO] TDT(111294,npu_reader):2026-09-21-12:30:46.457.702 [hdc_client.cpp:134][CommRecvData][tid:111294] [deviceId=2] the Tsd recv data already
[INFO] TDT(111294,npu_reader):2026-09-21-12:30:46.457.707 [process_mode_manager.cpp:1103][CapabilityGet][tid:111294] [TsdClient][logicDeviceId_=2][type=0][pidQos=1][ret=0]recv capability response finished.
[INFO] RUNTIME(111294,npu_reader):2026-09-21-12:30:46.457.710 [runtime.cc:1799] 111294 GetTsdQos: [TSD] get qos success, userDeviceId=2, devId=2, qos=1
[INFO] RUNTIME(111294,npu_reader):2026-09-21-12:30:46.457.732 [engine.cc:82] 111294 Engine: Constructor.
[INFO] RUNTIME(111294,npu_reader):2026-09-21-12:30:46.457.741 [stars_engine.cc:53] 111294 StarsEngine: Constructor.
[INFO] RUNTIME(111294,npu_reader):2026-09-21-12:30:46.457.745 [engine_factory.cc:32] 111294 CreateEngine: new StarsEngine, Runtime_alloc_size 344
[INFO] RUNTIME(111294,npu_reader):2026-09-21-12:30:46.457.755 [engine_factory.cc:45] 111294 CreateEngine: Engine init success.
[INFO] RUNTIME(111294,npu_reader):2026-09-21-12:30:46.457.760 [raw_device.cc:628] 111294 Init: new SpmPool ok, Runtime_alloc_size 56(bytes)
[INFO] RUNTIME(111294,npu_reader):2026-09-21-12:30:46.457.767 [spm_pool.cc:47] 111294 Init: new buffer ok, Runtime_alloc_size 128
[INFO] RUNTIME(111294,npu_reader):2026-09-21-12:30:46.457.972 [buffer_allocator.cc:70] 111294 BufferAllocator: alloc success, Runtime_alloc_size 128(bytes)
[INFO] RUNTIME(111294,npu_reader):2026-09-21-12:30:46.457.979 [spm_pool.cc:61] 111294 Init: new BufferAllocator ok, Runtime_alloc_size 216
[INFO] RUNTIME(111294,npu_reader):2026-09-21-12:30:46.457.991 [raw_device.cc:657] 111294 Init: new UmaArgLoader ok, Runtime_alloc_size 296(bytes)
[INFO] DRV(111294,npu_reader):2026-09-21-12:30:46.458.001 [devmm_svm.c:2232][ascend][curpid:111294,111294][drv][devmm][devmm_ctrl_support_feature]RTS note drv support feature. (in_feature=0xa; out_feature=0x8)
[INFO] RUNTIME(111294,npu_reader):2026-09-21-12:30:46.458.007 [npu_driver_mem.cc:2584] 111294 CheckSupportPcieBarCopy: chip type=5, drv support pcie bar copy
[INFO] DRV(111294,npu_reader):2026-09-21-12:30:46.458.014 [devmm_svm.c:2232][ascend][curpid:111294,111294][drv][devmm][devmm_ctrl_support_feature]RTS note drv support feature. (in_feature=0xa; out_feature=0x8)
[INFO] RUNTIME(111294,npu_reader):2026-09-21-12:30:46.458.016 [npu_driver_mem.cc:2584] 111294 CheckSupportPcieBarCopy: chip type=5, drv support pcie bar copy
[INFO] RUNTIME(111294,npu_reader):2026-09-21-12:30:46.465.730 [buffer_allocator.cc:70] 111294 BufferAllocator: alloc success, Runtime_alloc_size 524288(bytes)
[INFO] RUNTIME(111294,npu_reader):2026-09-21-12:30:46.465.793 [task_allocator.cc:72] 111294 DefaultAlloc: Runtime_alloc_size 32768(bytes)
[INFO] RUNTIME(111294,npu_reader):2026-09-21-12:30:46.465.824 [buffer_allocator.cc:70] 111294 BufferAllocator: alloc success, Runtime_alloc_size 136(bytes)
[INFO] RUNTIME(111294,npu_reader):2026-09-21-12:30:46.465.827 [h2d_copy_mgr.cc:60] 111294 H2DCopyMgr: alloc h2d copy buff success, policy 2
[INFO] DRV(111294,npu_reader):2026-09-21-12:30:46.465.840 [devmm_svm.c:2232][ascend][curpid:111294,111294][drv][devmm][devmm_ctrl_support_feature]RTS note drv support feature. (in_feature=0xa; out_feature=0x8)
[INFO] RUNTIME(111294,npu_reader):2026-09-21-12:30:46.465.845 [npu_driver_mem.cc:2584] 111294 CheckSupportPcieBarCopy: chip type=5, drv support pcie bar copy
[INFO] RUNTIME(111294,npu_reader):2026-09-21-12:30:46.467.948 [buffer_allocator.cc:70] 111294 BufferAllocator: alloc success, Runtime_alloc_size 4194304(bytes)
[INFO] RUNTIME(111294,npu_reader):2026-09-21-12:30:46.467.986 [task_allocator.cc:72] 111294 DefaultAlloc: Runtime_alloc_size 4096(bytes)
[INFO] RUNTIME(111294,npu_reader):2026-09-21-12:30:46.467.990 [buffer_allocator.cc:70] 111294 BufferAllocator: alloc success, Runtime_alloc_size 160(bytes)
[INFO] RUNTIME(111294,npu_reader):2026-09-21-12:30:46.467.993 [h2d_copy_mgr.cc:60] 111294 H2DCopyMgr: alloc h2d copy buff success, policy 2
[INFO] DRV(111294,npu_reader):2026-09-21-12:30:46.468.007 [devmm_svm.c:2232][ascend][curpid:111294,111294][drv][devmm][devmm_ctrl_support_feature]RTS note drv support feature. (in_feature=0xa; out_feature=0x8)
[INFO] RUNTIME(111294,npu_reader):2026-09-21-12:30:46.468.012 [npu_driver_mem.cc:2584] 111294 CheckSupportPcieBarCopy: chip type=5, drv support pcie bar copy
[INFO] RUNTIME(111294,npu_reader):2026-09-21-12:30:46.470.695 [buffer_allocator.cc:70] 111294 BufferAllocator: alloc success, Runtime_alloc_size 8388608(bytes)
[INFO] RUNTIME(111294,npu_reader):2026-09-21-12:30:46.470.742 [task_allocator.cc:72] 111294 DefaultAlloc: Runtime_alloc_size 2048(bytes)
[INFO] RUNTIME(111294,npu_reader):2026-09-21-12:30:46.470.746 [buffer_allocator.cc:70] 111294 BufferAllocator: alloc success, Runtime_alloc_size 168(bytes)
[INFO] RUNTIME(111294,npu_reader):2026-09-21-12:30:46.470.748 [h2d_copy_mgr.cc:60] 111294 H2DCopyMgr: alloc h2d copy buff success, policy 2
[INFO] RUNTIME(111294,npu_reader):2026-09-21-12:30:46.470.757 [uma_arg_loader.cc:101] 111294 Init: new BufferAllocator superArgAllocator_ ok, Runtime_alloc_size 216
[INFO] RUNTIME(111294,npu_reader):2026-09-21-12:30:46.470.764 [task_allocator.cc:72] 111294 DefaultAlloc: Runtime_alloc_size 24576(bytes)
[INFO] RUNTIME(111294,npu_reader):2026-09-21-12:30:46.470.772 [buffer_allocator.cc:70] 111294 BufferAllocator: alloc success, Runtime_alloc_size 136(bytes)
[INFO] RUNTIME(111294,npu_reader):2026-09-21-12:30:46.470.774 [uma_arg_loader.cc:108] 111294 Init: new BufferAllocator handleAllocator_ ok, Runtime_alloc_size 216
[INFO] RUNTIME(111294,npu_reader):2026-09-21-12:30:46.472.354 [buffer_allocator.cc:70] 111294 BufferAllocator: alloc success, Runtime_alloc_size 2097152(bytes)
[INFO] RUNTIME(111294,npu_reader):2026-09-21-12:30:46.472.386 [uma_arg_loader.cc:116] 111294 Init: new BufferAllocator kernelInfoAllocator_ ok, Runtime_alloc_size 216
[INFO] RUNTIME(111294,npu_reader):2026-09-21-12:30:46.472.390 [uma_arg_loader.cc:118] 111294 Init: ALLOC PCIE is support[1]
[INFO] DRV(111294,npu_reader):2026-09-21-12:30:46.472.405 [devmm_svm.c:2232][ascend][curpid:111294,111294][drv][devmm][devmm_ctrl_support_feature]RTS note drv support feature. (in_feature=0xa; out_feature=0x8)
[INFO] RUNTIME(111294,npu_reader):2026-09-21-12:30:46.472.412 [npu_driver_mem.cc:2584] 111294 CheckSupportPcieBarCopy: chip type=5, drv support pcie bar copy
[INFO] RUNTIME(111294,npu_reader):2026-09-21-12:30:46.472.793 [buffer_allocator.cc:70] 111294 BufferAllocator: alloc success, Runtime_alloc_size 524288(bytes)
[INFO] RUNTIME(111294,npu_reader):2026-09-21-12:30:46.472.801 [h2d_copy_mgr.cc:60] 111294 H2DCopyMgr: alloc h2d copy buff success, policy 1
[INFO] RUNTIME(111294,npu_reader):2026-09-21-12:30:46.472.823 [raw_device.cc:669] 111294 Init: new StreamSqCqManage ok, Runtime_alloc_size 512(bytes)
[INFO] RUNTIME(111294,npu_reader):2026-09-21-12:30:46.472.837 [raw_device.cc:674] 111294 Init: New taskFactory ok, Runtime_alloc_size 136(bytes)
[INFO] RUNTIME(111294,npu_reader):2026-09-21-12:30:46.472.846 [task_allocator.cc:72] 111294 DefaultAlloc: Runtime_alloc_size 458752(bytes)
[INFO] RUNTIME(111294,npu_reader):2026-09-21-12:30:46.472.963 [buffer_allocator.cc:70] 111294 BufferAllocator: alloc success, Runtime_alloc_size 136(bytes)
[INFO] RUNTIME(111294,npu_reader):2026-09-21-12:30:46.473.231 [raw_device.cc:115] 111294 Init: ObjAllocator alloc success, Runtime_alloc_size 160000(bytes)
[INFO] RUNTIME(111294,npu_reader):2026-09-21-12:30:46.473.487 [raw_device.cc:127] 111294 Init: ObjAllocator alloc success, Runtime_alloc_size 960000(bytes)
[INFO] RUNTIME(111294,npu_reader):2026-09-21-12:30:46.473.501 [raw_device.cc:702] 111294 Init: new DeviceSqCqPool ok, Runtime_alloc_size 96(bytes)
[INFO] RUNTIME(111294,npu_reader):2026-09-21-12:30:46.473.507 [raw_device.cc:711] 111294 Init: new SqAddrMemoryOrder ok, Runtime_alloc_size 88(bytes)
[INFO] RUNTIME(111294,npu_reader):2026-09-21-12:30:46.473.509 [raw_device.cc:718] 111294 Init: Runtime_alloc_size=64000(bytes)
[INFO] RUNTIME(111294,npu_reader):2026-09-21-12:30:46.473.727 [npu_driver_res.cc:1164] 111294 StreamIdAlloc: stream id alloc begin, device_id=2, priority=0, ts_id=0, remote_stream_id=0, vf_id=0
[INFO] RUNTIME(111294,npu_reader):2026-09-21-12:30:46.473.986 [stream.cc:2998] 111294 AllocExecutedTimesSvm: stream_id=49.
[INFO] RUNTIME(111294,npu_reader):2026-09-21-12:30:46.474.060 [stream_sqcq_manage.cc:357] 111294 Alloc: deviceId=2, tsId=0, drvFlag=0
[INFO] RUNTIME(111294,npu_reader):2026-09-21-12:30:46.474.071 [npu_driver_res.cc:1565] 111294 NormalSqCqAllocate: Set cq dep to 2048, sysMode=0 addrMode=1
[INFO] RUNTIME(111294,npu_reader):2026-09-21-12:30:46.475.347 [npu_driver_res.cc:1702] 111294 LogicCqAllocateV2: cqeDepth=4096, isDvppGrp=0, inFlag=0
[INFO] RUNTIME(111294,npu_reader):2026-09-21-12:30:46.475.417 [npu_driver_res.cc:1714] 111294 LogicCqAllocateV2: success: deviceId=2, tsId=0, cqId=132, streamId=49, logicCq=132, cqeDepth=4096
[INFO] RUNTIME(111294,npu_reader):2026-09-21-12:30:46.475.461 [npu_driver_res.cc:909] 111294 StreamBindLogicCq: success: deviceId=2, tsId=0, streamId=49, logicCq=132.
[INFO] RUNTIME(111294,npu_reader):2026-09-21-12:30:46.475.475 [npu_driver_res.cc:1106] 111294 GetSqRegVirtualAddrBySqid: addr high 32 bit=0x3ff, addr low 32 bit=0xffff6000, addr=0x3ffffff6000, size=4096
[INFO] RUNTIME(111294,npu_reader):2026-09-21-12:30:46.475.481 [stream.cc:766] 111294 Setup: Success to get sq=0 sq reg virtual addr length=4096.
[INFO] DRV(111294,npu_reader):2026-09-21-12:30:46.475.629 [devmm_svm.c:2232][ascend][curpid:111294,111294][drv][devmm][devmm_ctrl_support_feature]RTS note drv support feature. (in_feature=0xa; out_feature=0x8)
[INFO] RUNTIME(111294,npu_reader):2026-09-21-12:30:46.475.635 [npu_driver_mem.cc:2584] 111294 CheckSupportPcieBarCopy: chip type=5, drv support pcie bar copy
[INFO] RUNTIME(111294,npu_reader):2026-09-21-12:30:46.475.921 [stream.cc:348] 111294 CreateStreamTaskRes: STREAM TaskRes Setup stream_id=49, flags_=0x6c0.
[INFO] RUNTIME(111294,npu_reader):2026-09-21-12:30:46.475.933 [stream.cc:805] 111294 Setup: stream setup end, stream_id=49, IsTaskSink=0, sqId=0, cqId=0, deviceId=2, streamResId=0
[INFO] RUNTIME(111294,npu_reader):2026-09-21-12:30:46.475.950 [stream_state_callback_manager.cc:66] 111294 Notify: No stream state callback function registered!
[INFO] RUNTIME(111294,npu_reader):2026-09-21-12:30:46.475.957 [raw_device.cc:1041] 111294 Start: new primary Stream ok, Runtime_alloc_size 4224(bytes), stream_id=49.
[INFO] DRV(111294,npu_reader):2026-09-21-12:30:46.476.024 [devmm_proc_event.c:51][ascend][curpid:111294,111294][drv][devmm][devmm_get_devpid]Query devpid succ. (devId=2; hostpid=111294; proc_type=0; devpid=31765).
[INFO] DRV(111294,npu_reader):2026-09-21-12:30:46.476.242 [event_sched.c:1108][ascend][curpid:111294,111294][drv][event-sche][eschedCreateGrp]Esched create grp success. (devId=2; gid=32; sched_mode=2; grpName=ESCHED_GRP_0)
[INFO] DRV(111294,npu_reader):2026-09-21-12:30:46.476.330 [event_sched.c:1108][ascend][curpid:111294,111294][drv][event-sche][eschedCreateGrp]Esched create grp success. (devId=2; gid=33; sched_mode=2; grpName=ESCHED_GRP_1)
[INFO] DRV(111294,npu_reader):2026-09-21-12:30:46.476.391 [event_sched.c:1108][ascend][curpid:111294,111294][drv][event-sche][eschedCreateGrp]Esched create grp success. (devId=2; gid=34; sched_mode=2; grpName=ESCHED_GRP_2)
[INFO] DRV(111294,npu_reader):2026-09-21-12:30:46.476.435 [event_sched.c:1108][ascend][curpid:111294,111294][drv][event-sche][eschedCreateGrp]Esched create grp success. (devId=2; gid=35; sched_mode=2; grpName=ESCHED_GRP_3)
[INFO] DRV(111294,npu_reader):2026-09-21-12:30:46.476.480 [event_sched.c:1108][ascend][curpid:111294,111294][drv][event-sche][eschedCreateGrp]Esched create grp success. (devId=2; gid=36; sched_mode=2; grpName=ESCHED_GRP_4)
[INFO] DRV(111294,npu_reader):2026-09-21-12:30:46.476.524 [event_sched.c:1108][ascend][curpid:111294,111294][drv][event-sche][eschedCreateGrp]Esched create grp success. (devId=2; gid=37; sched_mode=2; grpName=ESCHED_GRP_5)
[INFO] DRV(111294,npu_reader):2026-09-21-12:30:46.476.571 [event_sched.c:1108][ascend][curpid:111294,111294][drv][event-sche][eschedCreateGrp]Esched create grp success. (devId=2; gid=38; sched_mode=2; grpName=ESCHED_GRP_6)
[INFO] DRV(111294,npu_reader):2026-09-21-12:30:46.476.615 [event_sched.c:1108][ascend][curpid:111294,111294][drv][event-sche][eschedCreateGrp]Esched create grp success. (devId=2; gid=39; sched_mode=2; grpName=ESCHED_GRP_7)
[INFO] DRV(111294,npu_reader):2026-09-21-12:30:46.476.669 [event_sched.c:1108][ascend][curpid:111294,111294][drv][event-sche][eschedCreateGrp]Esched create grp success. (devId=2; gid=40; sched_mode=2; grpName=ESCHED_GRP_8)
[INFO] DRV(111294,npu_reader):2026-09-21-12:30:46.476.714 [event_sched.c:1108][ascend][curpid:111294,111294][drv][event-sche][eschedCreateGrp]Esched create grp success. (devId=2; gid=41; sched_mode=2; grpName=ESCHED_GRP_9)
[INFO] DRV(111294,npu_reader):2026-09-21-12:30:46.476.777 [event_sched.c:1108][ascend][curpid:111294,111294][drv][event-sche][eschedCreateGrp]Esched create grp success. (devId=2; gid=42; sched_mode=2; grpName=ESCHED_GRP_10)
[INFO] DRV(111294,npu_reader):2026-09-21-12:30:46.476.823 [event_sched.c:1108][ascend][curpid:111294,111294][drv][event-sche][eschedCreateGrp]Esched create grp success. (devId=2; gid=43; sched_mode=2; grpName=ESCHED_GRP_11)
[INFO] DRV(111294,npu_reader):2026-09-21-12:30:46.476.869 [event_sched.c:1108][ascend][curpid:111294,111294][drv][event-sche][eschedCreateGrp]Esched create grp success. (devId=2; gid=44; sched_mode=2; grpName=ESCHED_GRP_12)
[INFO] DRV(111294,npu_reader):2026-09-21-12:30:46.476.915 [event_sched.c:1108][ascend][curpid:111294,111294][drv][event-sche][eschedCreateGrp]Esched create grp success. (devId=2; gid=45; sched_mode=2; grpName=ESCHED_GRP_13)
[INFO] DRV(111294,npu_reader):2026-09-21-12:30:46.476.962 [event_sched.c:1108][ascend][curpid:111294,111294][drv][event-sche][eschedCreateGrp]Esched create grp success. (devId=2; gid=46; sched_mode=2; grpName=ESCHED_GRP_14)
[INFO] DRV(111294,npu_reader):2026-09-21-12:30:46.477.012 [event_sched.c:1108][ascend][curpid:111294,111294][drv][event-sche][eschedCreateGrp]Esched create grp success. (devId=2; gid=47; sched_mode=2; grpName=ESCHED_GRP_15)
[INFO] RUNTIME(111294,npu_reader):2026-09-21-12:30:46.478.949 [npu_driver_dcache_lock_opb.cpp:69] 111294 AllocAddrForDcache: checkTempPtr=0xff000000000, dcacheAddr=0xff000000000, outSize=8
[INFO] RUNTIME(111294,npu_reader):2026-09-21-12:30:46.479.162 [raw_device.cc:887] 111294 AllocCustomerStackPhyBase: drv devId=2, customerStackSize=32768, not alloc
[INFO] RUNTIME(111294,npu_reader):2026-09-21-12:30:46.479.220 [osal.cc:337] 111294 CreateThread: Runtime_alloc_size 64
[INFO] RUNTIME(111294,npu_reader):2026-09-21-12:30:46.479.329 [osal.cc:210] 111294 Start: mmCreateTaskWithThreadAttr, retCode=0, name_=MONITOR_0, i=0
[INFO] RUNTIME(111294,npu_reader):2026-09-21-12:30:46.479.349 [osal.cc:337] 111294 CreateThread: Runtime_alloc_size 64
[INFO] RUNTIME(111294,npu_reader):2026-09-21-12:30:46.479.409 [osal.cc:210] 111294 Start: mmCreateTaskWithThreadAttr, retCode=0, name_=REPORT_RAS, i=0
[INFO] RUNTIME(111294,npu_reader):2026-09-21-12:30:46.479.416 [runtime.cc:4926] 111294 CreateReportRasThread: Start report ras thread success!
[INFO] RUNTIME(111294,npu_reader):2026-09-21-12:30:46.479.444 [osal.cc:337] 111294 CreateThread: Runtime_alloc_size 64
[INFO] RUNTIME(111294,npu_reader):2026-09-21-12:30:46.479.492 [osal.cc:210] 111294 Start: mmCreateTaskWithThreadAttr, retCode=0, name_=RT_RECYCLE_2, i=0
[INFO] RUNTIME(111294,npu_reader):2026-09-21-12:30:46.479.510 [ctrl_sq.cc:39] 111294 Setup: CtrlSQ create success, stream_id=-1.
[INFO] RUNTIME(111294,npu_reader):2026-09-21-12:30:46.479.527 [npu_driver_res.cc:1164] 111294 StreamIdAlloc: stream id alloc begin, device_id=2, priority=0, ts_id=0, remote_stream_id=0, vf_id=0
[INFO] RUNTIME(111294,npu_reader):2026-09-21-12:30:46.479.567 [stream.cc:2998] 111294 AllocExecutedTimesSvm: stream_id=48.
[INFO] RUNTIME(111294,npu_reader):2026-09-21-12:30:46.479.638 [global_state_manager.cc:126] 111372 IncBackgroundThreadCount: ReportRasRun thread needs to be locked. Total:1.
[INFO] RUNTIME(111294,npu_reader):2026-09-21-12:30:46.479.654 [stream_sqcq_manage.cc:357] 111294 Alloc: deviceId=2, tsId=0, drvFlag=0
[INFO] RUNTIME(111294,npu_reader):2026-09-21-12:30:46.479.698 [npu_driver_res.cc:1565] 111294 NormalSqCqAllocate: Set cq dep to 2048, sysMode=0 addrMode=1
[INFO] RUNTIME(111294,npu_reader):2026-09-21-12:30:46.479.793 [stars_engine.cc:208] 111373 RecycleThreadRun: RecycleThreadRun thread start.
[INFO] RUNTIME(111294,npu_reader):2026-09-21-12:30:46.479.852 [stars_engine.cc:1804] 111371 MonitoringRun: Stars Monitor thread has entered, ts_id=0
[INFO] RUNTIME(111294,npu_reader):2026-09-21-12:30:46.479.862 [global_state_manager.cc:126] 111371 IncBackgroundThreadCount: MonitoringRun thread needs to be locked. Total:2.
[INFO] RUNTIME(111294,npu_reader):2026-09-21-12:30:46.479.955 [npu_driver_res.cc:269] 111371 GetDeviceStatus: GetDeviceStatus status=1.
[INFO] RUNTIME(111294,npu_reader):2026-09-21-12:30:46.480.945 [npu_driver_res.cc:1702] 111294 LogicCqAllocateV2: cqeDepth=4096, isDvppGrp=0, inFlag=0
[INFO] RUNTIME(111294,npu_reader):2026-09-21-12:30:46.480.994 [npu_driver_res.cc:1714] 111294 LogicCqAllocateV2: success: deviceId=2, tsId=0, cqId=133, streamId=48, logicCq=133, cqeDepth=4096
[INFO] RUNTIME(111294,npu_reader):2026-09-21-12:30:46.481.017 [npu_driver_res.cc:909] 111294 StreamBindLogicCq: success: deviceId=2, tsId=0, streamId=48, logicCq=133.
[INFO] RUNTIME(111294,npu_reader):2026-09-21-12:30:46.481.024 [npu_driver_res.cc:1106] 111294 GetSqRegVirtualAddrBySqid: addr high 32 bit=0x3ff, addr low 32 bit=0xffff5000, addr=0x3ffffff5000, size=4096
[INFO] RUNTIME(111294,npu_reader):2026-09-21-12:30:46.481.028 [stream.cc:766] 111294 Setup: Success to get sq=1 sq reg virtual addr length=4096.
[INFO] RUNTIME(111294,npu_reader):2026-09-21-12:30:46.481.153 [task_res.cc:152] 111294 CreateTaskRes: stream_id=48, flags_=0x40 create task res success.
[INFO] RUNTIME(111294,npu_reader):2026-09-21-12:30:46.481.160 [stream.cc:348] 111294 CreateStreamTaskRes: STREAM TaskRes Setup stream_id=48, flags_=0x40.
[INFO] RUNTIME(111294,npu_reader):2026-09-21-12:30:46.481.165 [stream.cc:805] 111294 Setup: stream setup end, stream_id=48, IsTaskSink=0, sqId=1, cqId=1, deviceId=2, streamResId=0
[INFO] RUNTIME(111294,npu_reader):2026-09-21-12:30:46.481.173 [stream_state_callback_manager.cc:66] 111294 Notify: No stream state callback function registered!
[INFO] RUNTIME(111294,npu_reader):2026-09-21-12:30:46.481.177 [ctrl_sq.cc:44] 111294 Setup: CtrlSQ setup success, stream_id=48.
[INFO] RUNTIME(111294,npu_reader):2026-09-21-12:30:46.481.219 [maintenance_task_v100.cc:124] 111294 ConstructSqeForStarsVersionTask: Send GetStarsVersionTask success, sqe_type=3,pre_p=1,sqe->rt_streamID=48, stream_id=48,task_id=0,task_type=97.
[INFO] RUNTIME(111294,npu_reader):2026-09-21-12:30:46.481.246 [task_submit.cc:598] 111294 AllocTaskAndSendStars: device_id=2, ts_id=0, sq_id=1, cq_id=1, stream_id=48, task_id=0, task_type=97(STARS_VERSION), sendSqeNum=1, isSupportASyncRecycle=0, isNeedPostProc=1, davinciHead=0, davinciTail=0, taskHead=0, taskTail=0, bindFlag=0, head=0, tail=1, delay recycle num=0.
[INFO] RUNTIME(111294,npu_reader):2026-09-21-12:30:46.481.610 [stars_engine.cc:688] 111373 ProcLogicCqUntilEmpty: Notify: cnt=1, idx=0, stream_id=48, task_id=0, sqeType=3, retCode=0x23, errType=0x20.
[WARNING] RUNTIME(111294,npu_reader):2026-09-21-12:30:46.481.628 [stars_engine.cc:1578] 111373 ProcLogicCqReport: CQE warning, device_id=2, stream_id=48, task_id=0, sqe_type=3(place holder), errType=0x20(sq sw status error), sqSwStatus=0x23
[INFO] RUNTIME(111294,npu_reader):2026-09-21-12:30:46.481.649 [maintenance_task_v100.cc:142] 111373 DoCompleteSuccessForStarsVersionTask: Complete StarsVersionTask success, retCode=35, tschVersion=35.
[INFO] RUNTIME(111294,npu_reader):2026-09-21-12:30:46.481.655 [raw_device.cc:1906] 111373 SetTschVersion: Set tsch version=35.
[INFO] RUNTIME(111294,npu_reader):2026-09-21-12:30:46.481.678 [stars_engine.cc:1896] 111373 RecycleTaskProcessForSeparatedStm: device_id=2, stream_id=48, recycle task_id=0, sqHead=1, sqTail=1, sqeNum=1, resHead=1, resTail=1.
[WARNING] RUNTIME(111294,npu_reader):2026-09-21-12:30:46.481.686 [stars_engine.cc:1368] 111373 StarsResumeRtsq: Begin to query SQ status, stream_id=48.
[INFO] RUNTIME(111294,npu_reader):2026-09-21-12:30:46.481.699 [npu_driver_res.cc:770] 111373 GetSqEnable: deviceId=2, tsId=0, sqId=1, enable=0, readCount=1.
[WARNING] RUNTIME(111294,npu_reader):2026-09-21-12:30:46.481.705 [stars_engine.cc:1390] 111373 StarsResumeRtsq: sq already disable, stream_id=48, queryCnt=1
[INFO] RUNTIME(111294,npu_reader):2026-09-21-12:30:46.481.714 [npu_driver_res.cc:740] 111373 GetSqTail: deviceId=2, tsId=0, sqId=1, tail=1, readCount=1.
[INFO] RUNTIME(111294,npu_reader):2026-09-21-12:30:46.481.720 [npu_driver_res.cc:829] 111373 SetSqHead: deviceId=2, tsId=0, sqId=1, head=1.
[INFO] RUNTIME(111294,npu_reader):2026-09-21-12:30:46.481.739 [npu_driver_res.cc:1903] 111373 EnableSq: deviceId=2, tsId=0, sqId=1.
[INFO] RUNTIME(111294,npu_reader):2026-09-21-12:30:46.481.742 [stream.cc:1955] 111294 SynchronizeImpl: device_id=2, stream_id=48, task_id=0 has been completed, concerned task_id=0 has been recycled.
[WARNING] RUNTIME(111294,npu_reader):2026-09-21-12:30:46.481.747 [stars_engine.cc:1458] 111373 StarsResumeRtsq: Resume stream_id=48, sq_id=1, sq_head=0, task_id=0, taskType=97, head=1.
[INFO] RUNTIME(111294,npu_reader):2026-09-21-12:30:46.481.758 [raw_device.cc:1945] 111294 GetStarsVersion: send alloc get stars version task, stream_id=48, retCode:0
[INFO] RUNTIME(111294,npu_reader):2026-09-21-12:30:46.481.761 [stars_engine.cc:668] 111373 ProcLogicCqUntilEmpty: Task Wait: stream_id=48, logicCqId=133, retCode=0
[INFO] RUNTIME(111294,npu_reader):2026-09-21-12:30:46.481.766 [raw_device.cc:1063] 111294 Start: Get TschVersion, tschVersion=35.
[INFO] RUNTIME(111294,npu_reader):2026-09-21-12:30:46.483.195 [ringbuffer_maintain_task_v100.cc:58] 111294 ConstructSqeForRingBufferMaintainTask: RingBufferMaintainTask stream_id=48, task_id=1, offset=0xbc0
[INFO] RUNTIME(111294,npu_reader):2026-09-21-12:30:46.483.236 [task_submit.cc:598] 111294 AllocTaskAndSendStars: device_id=2, ts_id=0, sq_id=1, cq_id=1, stream_id=48, task_id=1, task_type=83(DEVICE_RINGBUFFER_CONTROL), sendSqeNum=1, isSupportASyncRecycle=0, isNeedPostProc=1, davinciHead=0, davinciTail=0, taskHead=0, taskTail=0, bindFlag=0, head=1, tail=2, delay recycle num=0.
[INFO] RUNTIME(111294,npu_reader):2026-09-21-12:30:46.484.624 [stream.cc:1826] 111294 GetFinishedTaskIdBySqHead: stream_id=48, sq_id=1, sqHead=2, nextTaskId=65535, finishedPos=1, endTaskId=1
[INFO] RUNTIME(111294,npu_reader):2026-09-21-12:30:46.484.626 [stream.cc:1826] 111373 GetFinishedTaskIdBySqHead: stream_id=48, sq_id=1, sqHead=2, nextTaskId=65535, finishedPos=1, endTaskId=1
[INFO] RUNTIME(111294,npu_reader):2026-09-21-12:30:46.484.632 [stream.cc:1949] 111294 SynchronizeImpl: device_id=2, stream_id=48, task_id=1 has been completed, no concerned cqe.
[INFO] RUNTIME(111294,npu_reader):2026-09-21-12:30:46.484.633 [stars_engine.cc:1952] 111373 TaskReclaimBySqHeadForSeparatedStm: device_id=2, stream_id=48, sqHead=2, posHead=1, posTail=2, finishedTaskId=1
[INFO] RUNTIME(111294,npu_reader):2026-09-21-12:30:46.484.651 [stars_engine.cc:1896] 111373 RecycleTaskProcessForSeparatedStm: device_id=2, stream_id=48, recycle task_id=1, sqHead=2, sqTail=2, sqeNum=1, resHead=2, resTail=2.
[INFO] RUNTIME(111294,npu_reader):2026-09-21-12:30:46.484.787 [npu_driver_res.cc:608] 111294 QueryOpExecTimeoutInterval: device_id=2, ts_id=0, op execute timeoutInterval=4294967296ns.
[INFO] RUNTIME(111294,npu_reader):2026-09-21-12:30:46.484.797 [runtime.cc:2680] 111294 InitOpExecTimeout: devId=2, tsId=0, op execute timeout interval=4294967296ns, isOpTimeoutMs=0.
[INFO] RUNTIME(111294,npu_reader):2026-09-21-12:30:46.484.804 [npu_driver.cc:1109] 111294 CheckIsSupportFeature: Support FEATURE_DMS_GET_QOS_MASTER_CONFIG, drv devId=2.
[WARNING] RUNTIME(111294,npu_reader):2026-09-21-12:30:46.484.840 [device_error_proc.cc:173] 111294 GetQosInfoFromRingbuffer: The qosinfo in ringbuffer is invalid, use ipc channel.
[INFO] RUNTIME(111294,npu_reader):2026-09-21-12:30:46.484.848 [raw_device.cc:953] 111294 GetOneAicoreQosCfg: Begin get QOS info from halGetDeviceInfoByBuff, deviceId=2, type=9, moduleType=9, infoType=58.
[INFO] RUNTIME(111294,npu_reader):2026-09-21-12:30:46.485.242 [raw_device.cc:964] 111294 GetOneAicoreQosCfg: The QOS info from halGetDeviceInfoByBuff is: type=9, mpamId=0, qos=0, pmg=0, mode=2.
[INFO] RUNTIME(111294,npu_reader):2026-09-21-12:30:46.485.247 [raw_device.cc:953] 111294 GetOneAicoreQosCfg: Begin get QOS info from halGetDeviceInfoByBuff, deviceId=2, type=10, moduleType=9, infoType=58.
[INFO] RUNTIME(111294,npu_reader):2026-09-21-12:30:46.485.502 [raw_device.cc:964] 111294 GetOneAicoreQosCfg: The QOS info from halGetDeviceInfoByBuff is: type=10, mpamId=0, qos=0, pmg=0, mode=2.
[INFO] RUNTIME(111294,npu_reader):2026-09-21-12:30:46.485.505 [raw_device.cc:953] 111294 GetOneAicoreQosCfg: Begin get QOS info from halGetDeviceInfoByBuff, deviceId=2, type=11, moduleType=9, infoType=58.
[INFO] RUNTIME(111294,npu_reader):2026-09-21-12:30:46.485.749 [raw_device.cc:964] 111294 GetOneAicoreQosCfg: The QOS info from halGetDeviceInfoByBuff is: type=11, mpamId=0, qos=0, pmg=0, mode=2.
[INFO] RUNTIME(111294,npu_reader):2026-09-21-12:30:46.485.752 [raw_device.cc:953] 111294 GetOneAicoreQosCfg: Begin get QOS info from halGetDeviceInfoByBuff, deviceId=2, type=12, moduleType=9, infoType=58.
[INFO] RUNTIME(111294,npu_reader):2026-09-21-12:30:46.485.994 [raw_device.cc:964] 111294 GetOneAicoreQosCfg: The QOS info from halGetDeviceInfoByBuff is: type=12, mpamId=0, qos=0, pmg=0, mode=2.
[INFO] ATRACE(111294,npu_reader):2026-09-21-12:30:46.487.169 [trace_rb_log.c:45](tid:111294) init ring buffer time finished, realTime 1789993846486101962, monotonicTime 19327574438405, freq 99978 kHz, minutesWest 0 minutes
[INFO] ATRACE(111294,npu_reader):2026-09-21-12:30:46.487.175 [trace_rb_log.c:137](tid:111294) [RUNTIME_ATRACE_DEV2_TS0] create ring buffer successfully, msgSize 128 bytes, msgTxtSize 112 bytes, bufferSize 1024 bytes, msg space 128 bytes, total space 131568 bytes
[INFO] ATRACE(111294,npu_reader):2026-09-21-12:30:46.487.183 [tracer_mgr_operate.c:66](tid:111294) create object RUNTIME_ATRACE_DEV2_TS0 successfully, exitSave(false), noLock(false).
[INFO] ATRACE(111294,npu_reader):2026-09-21-12:30:46.487.201 [trace_event.c:66](tid:111294) limitedNum 1.
[INFO] ATRACE(111294,npu_reader):2026-09-21-12:30:46.487.204 [trace_event.c:368](tid:111294) set trace event attr limitedNum: 1
[INFO] RUNTIME(111294,npu_reader):2026-09-21-12:30:46.487.222 [runtime.cc:2172] 111294 SetTsdProfCallback: set tsd prof callback
[INFO] TDT(111294,npu_reader):2026-09-21-12:30:46.487.230 [client_manager.cpp:210][SetProfilingCallback][tid:111294] [TsdClient] set profiling callback successfully
[INFO] PROFILING(111294,npu_reader):2026-09-21-12:30:46.487.311 [msprofiler_impl.cpp:355] (tid:111294) ProfNotifySetDevice, not on cmd mode or acl api not ready.
[INFO] RUNTIME(111294,npu_reader):2026-09-21-12:30:46.487.333 [runtime.cc:2387] 111294 PrimaryContextRetain: new Context ok, Runtime_alloc_size 560
[INFO] RUNTIME(111294,npu_reader):2026-09-21-12:30:46.487.370 [context.cc:115] 111294 Init: ObjAllocator alloc success, Runtime_alloc_size 160000(bytes)
[INFO] RUNTIME(111294,npu_reader):2026-09-21-12:30:46.487.500 [context.cc:127] 111294 Init: ObjAllocator alloc success, Runtime_alloc_size 960000(bytes)
[INFO] RUNTIME(111294,npu_reader):2026-09-21-12:30:46.487.503 [context.cc:407] 111294 Init: Runtime_alloc_size is 16000.
[INFO] RUNTIME(111294,npu_reader):2026-09-21-12:30:46.487.532 [raw_device.cc:1378] 111294 UpdateTimeoutConfig: No need to update timeout config.
[INFO] RUNTIME(111294,npu_reader):2026-09-21-12:30:46.487.600 [npu_driver_dcache_lock_common.cpp:59] 111294 QueryDcacheLockStatus: get ack info from ts, status=1, stack_phy_base_h=ffff00000ff0, stack_phy_base_l=0, drvRet=0.
[INFO] RUNTIME(111294,npu_reader):2026-09-21-12:30:46.487.606 [raw_device.cc:477] 111294 RegisterAndLaunchDcacheLockOp: dcache lock has been set.
[INFO] RUNTIME(111294,npu_reader):2026-09-21-12:30:46.487.611 [runtime.cc:2412] 111294 PrimaryContextRetain: Context inc ref, devId=2, ts_id=0, count=0x1
[INFO] PROFILING(111294,npu_reader):2026-09-21-12:30:46.487.623 [msprofiler_impl.cpp:355] (tid:111294) ProfNotifySetDevice, not on cmd mode or acl api not ready.
[INFO] RUNTIME(111294,npu_reader):2026-09-21-12:30:46.487.626 [runtime.cc:2618] 111294 MsProfNotifyWhenSetDevice: MsprofNotifySetDevice success, devId=2
[INFO] RUNTIME(111294,npu_reader):2026-09-21-12:30:46.487.633 [api_impl.cc:3244] 111294 SetDevice: SetCurRef = 0xaaac31822090,drv devId=2
[INFO] PROFILING(111294,npu_reader):2026-09-21-12:30:46.487.642 [msprofiler_impl.cpp:355] (tid:111294) ProfNotifySetDevice, not on cmd mode or acl api not ready.
[INFO] RUNTIME(111294,npu_reader):2026-09-21-12:30:46.487.649 [api_impl.cc:3247] 111294 SetDevice: New device success, deviceId=2.
[INFO] RUNTIME(111294,npu_reader):2026-09-21-12:30:46.487.656 [api_impl.cc:3256] 111294 SetDevice: SetDevice success, curCtx=0xaaac31822090, drv devId=2.
[INFO] ASCENDCL(111294,npu_reader):2026-09-21-12:30:46.487.664 [device.cpp:58]111294 aclrtSetDeviceImpl: successfully execute aclrtSetDevice, deviceId = 2
[INFO] ASCENDCL(111294,npu_reader):2026-09-21-12:30:46.487.674 [acl_rt_impl_base.cpp:206]111294 aclrtGetSocNameImpl: start to execute aclrtGetSocName.
[INFO] ASCENDCL(111294,npu_reader):2026-09-21-12:30:46.487.681 [acl_rt_impl_base.cpp:135]111294 InitSocVersion: get SocVersion success, SocVersion = Ascend910_9362
[INFO] ASCENDCL(111294,npu_reader):2026-09-21-12:30:46.487.684 [acl_rt_impl_base.cpp:213]111294 aclrtGetSocNameImpl: execute aclrtGetSocName successfully
[INFO] FE(111294,npu_reader):2026-09-21-12:30:46.487.814 [platform_info.cpp:75]111294 GetConfigFilePath:Current so file path is [/usr/local/Ascend/cann-9.1.0/aarch64-linux/].
[INFO] RUNTIME(111294,npu_reader):2026-09-21-12:30:46.489.148 [api_impl.cc:3613] 111294 GetDeviceInfo: get device info, drv devId=2
[INFO] RUNTIME(111294,npu_reader):2026-09-21-12:30:46.489.183 [api_impl.cc:3613] 111294 GetDeviceInfo: get device info, drv devId=2
[INFO] ASCENDCL(111294,npu_reader):2026-09-21-12:30:46.489.306 [acl_rt_impl_base.cpp:117]111294 UpdatePlatformInfoWithDevice: Successfully to UpdatePlatformInfoWithDevice, deviceId = 2, aicCnt = 20, vecCoreCnt = 40, cubeCoreCnt = 20
API aclrtSetDevice(NPU_DEVICE_ID) => 0
[INFO] ASCENDCL(111294,npu_reader):2026-09-21-12:30:46.489.402 [device.cpp:511]111294 aclrtGetPhyDevIdByLogicDevIdImpl: start to execute aclrtGetPhyDevIdByLogicDevId, logicDevId is [2]
[INFO] RUNTIME(111294,npu_reader):2026-09-21-12:30:46.489.415 [api_impl.cc:3295] 111294 GetDevicePhyIdByIndex: get PhyId by Index=2.
[INFO] ASCENDCL(111294,npu_reader):2026-09-21-12:30:46.489.430 [device.cpp:515]111294 aclrtGetPhyDevIdByLogicDevIdImpl: successfully execute aclrtGetPhyDevIdByLogicDevId
API aclrtGetPhyDevIdByLogicDevId(NPU_DEVICE_ID, &physicalId) => 0
API EndpointDescInit(&desc, 1) => 0
[INFO] ASCENDCL(111294,npu_reader):2026-09-21-12:30:46.489.502 [device.cpp:216]111294 aclrtGetDeviceCountImpl: start to execute aclrtGetDeviceCount
[INFO] ASCENDCL(111294,npu_reader):2026-09-21-12:30:46.489.526 [device.cpp:220]111294 aclrtGetDeviceCountImpl: successfully execute aclrtGetDeviceCount, get device count is 16.
[INFO] ASCENDCL(111294,npu_reader):2026-09-21-12:30:46.489.545 [acl_rt_impl_base.cpp:206]111294 aclrtGetSocNameImpl: start to execute aclrtGetSocName.
[INFO] ASCENDCL(111294,npu_reader):2026-09-21-12:30:46.489.549 [acl_rt_impl_base.cpp:135]111294 InitSocVersion: get SocVersion success, SocVersion = Ascend910_9362
[INFO] ASCENDCL(111294,npu_reader):2026-09-21-12:30:46.489.551 [acl_rt_impl_base.cpp:213]111294 aclrtGetSocNameImpl: execute aclrtGetSocName successfully
[INFO] ASCENDCL(111294,npu_reader):2026-09-21-12:30:46.489.585 [device.cpp:128]111294 aclrtGetDeviceImpl: start to execute aclrtGetDevice
[INFO] HCCL(111294,npu_reader):2026-09-21-12:30:46.489.596 [adapter_rts.cc:274] [111294][hrtGetDevice]deviceLogicId[2]
[INFO] ASCENDCL(111294,npu_reader):2026-09-21-12:30:46.489.604 [device.cpp:511]111294 aclrtGetPhyDevIdByLogicDevIdImpl: start to execute aclrtGetPhyDevIdByLogicDevId, logicDevId is [2]
[INFO] RUNTIME(111294,npu_reader):2026-09-21-12:30:46.489.607 [api_impl.cc:3295] 111294 GetDevicePhyIdByIndex: get PhyId by Index=2.
[INFO] ASCENDCL(111294,npu_reader):2026-09-21-12:30:46.489.610 [device.cpp:515]111294 aclrtGetPhyDevIdByLogicDevIdImpl: successfully execute aclrtGetPhyDevIdByLogicDevId
[INFO] HCCL(111294,npu_reader):2026-09-21-12:30:46.489.614 [hcomm_adapter_runtime.cc:58] [111294][HcommAdapterRuntime][ResolveRuntimeDevicePhyId] deviceCount[16], devLogicId[2], devicePhyId[2].
[INFO] ASCENDCL(111294,npu_reader):2026-09-21-12:30:46.489.622 [acl_rt_impl_base.cpp:206]111294 aclrtGetSocNameImpl: start to execute aclrtGetSocName.
[INFO] ASCENDCL(111294,npu_reader):2026-09-21-12:30:46.489.624 [acl_rt_impl_base.cpp:135]111294 InitSocVersion: get SocVersion success, SocVersion = Ascend910_9362
[INFO] ASCENDCL(111294,npu_reader):2026-09-21-12:30:46.489.626 [acl_rt_impl_base.cpp:213]111294 aclrtGetSocNameImpl: execute aclrtGetSocName successfully
[INFO] ASCENDCL(111294,npu_reader):2026-09-21-12:30:46.489.640 [device.cpp:128]111294 aclrtGetDeviceImpl: start to execute aclrtGetDevice
[INFO] HCCL(111294,npu_reader):2026-09-21-12:30:46.489.644 [adapter_rts.cc:238] [111294][hrtGetDeviceRefresh]deviceLogicId[2]
[INFO] ASCENDCL(111294,npu_reader):2026-09-21-12:30:46.489.647 [device.cpp:511]111294 aclrtGetPhyDevIdByLogicDevIdImpl: start to execute aclrtGetPhyDevIdByLogicDevId, logicDevId is [2]
[INFO] RUNTIME(111294,npu_reader):2026-09-21-12:30:46.489.649 [api_impl.cc:3295] 111294 GetDevicePhyIdByIndex: get PhyId by Index=2.
[INFO] ASCENDCL(111294,npu_reader):2026-09-21-12:30:46.489.651 [device.cpp:515]111294 aclrtGetPhyDevIdByLogicDevIdImpl: successfully execute aclrtGetPhyDevIdByLogicDevId
[INFO] HCCL(111294,npu_reader):2026-09-21-12:30:46.489.654 [hcomm_c_adpt.cc:68] [111294][RefreshCurrentDeviceContext] deviceLogicId[2], devicePhyId[2].
[INFO] HCCL(111294,npu_reader):2026-09-21-12:30:46.489.664 [endpoint.cc:66] [111294][CreateEndpoint]endpointDesc.protocol [1] endpointDesc.loc.locType [0].
[INFO] HCCL(111294,npu_reader):2026-09-21-12:30:46.489.680 [aicpu_ts_roce_endpoint.cc:201] [111294][Init] localEndpoint protocol[1]
[INFO] ASCENDCL(111294,npu_reader):2026-09-21-12:30:46.490.052 [device.cpp:500]111294 aclrtGetLogicDevIdByPhyDevIdImpl: start to execute aclrtGetLogicDevIdByPhyDevId, phyDevId is [2]
[INFO] RUNTIME(111294,npu_reader):2026-09-21-12:30:46.490.063 [api_impl.cc:3302] 111294 GetDeviceIndexByPhyId: get Index by PhyId=2.
[INFO] ASCENDCL(111294,npu_reader):2026-09-21-12:30:46.490.070 [device.cpp:504]111294 aclrtGetLogicDevIdByPhyDevIdImpl: successfully execute aclrtGetLogicDevIdByPhyDevId
[INFO] HCCL(111294,npu_reader):2026-09-21-12:30:46.490.090 [adapter_hal.cc:267] [111294]Entry-hrtDrvGetPlatformInfo
[INFO] HCCL(111294,npu_reader):2026-09-21-12:30:46.490.110 [sal.cc:647] [111294]IsHostUseDevNic[1]
[INFO] HCCL(111294,npu_reader):2026-09-21-12:30:46.490.116 [network_manager.cc:72] [111294]NetworkManager::GetInstance deviceLogicID[2].
[INFO] HCCL(111294,npu_reader):2026-09-21-12:30:46.490.129 [network_manager.cc:172] [111294]nicDeploy = [1], devicePhyId = [4294967295] 
[INFO] HCCL(111294,npu_reader):2026-09-21-12:30:46.490.134 [network_manager.cc:339] [111294]NetworkManager InitV2: devicePhyId[4294967295], devicePhyId_[2] deviceLogicId_[2], isBackup[0]
[INFO] TDT(111294,npu_reader):2026-09-21-12:30:46.490.174 [tsd_client.cpp:188][TsdCapabilityGet][tid:111294] TsdCapabilityGet Begin.
[INFO] TDT(111294,npu_reader):2026-09-21-12:30:46.490.184 [process_mode_manager.cpp:1075][CapabilityGet][tid:111294] [ProcessModeManager] enter into CapabilityGet process deviceId[2] type[6].
[INFO] HCCL(111294,npu_reader):2026-09-21-12:30:46.490.189 [adapter_tdt.cc:84] [111294]Get TsdCapability success. deviceLogicId[2]
[INFO] HCCL(111294,npu_reader):2026-09-21-12:30:46.490.192 [network_manager.cc:224] [111294][NetworkManager][Init]supportMultiProcHCCP[1], hasBackup[0]
[INFO] HCCL(111294,npu_reader):2026-09-21-12:30:46.490.204 [network_manager.cc:123] [111294][TsdProcessOpen]params: halAPIVersion[467992], BACKUP_DEVICE_LOG_DEV_VERSION[467736]
[INFO] RUNTIME(111294,npu_reader):2026-09-21-12:30:46.490.224 [api_impl.cc:3180] 111294 OpenNetService: OpenNetService begin. extParamCnt=1, paramLen=12, paramInfo=--hdcType=18
[INFO] TDT(111294,npu_reader):2026-09-21-12:30:46.490.239 [process_mode_manager.cpp:1578][ProcessOpenSubProc][tid:111294] enter into ProcessOpenSubProc subtype:0
[INFO] TDT(111294,npu_reader):2026-09-21-12:30:46.490.243 [process_mode_manager.cpp:544][InitTsdClient][tid:111294] [TsdClient] tsd client has already been initialized
[INFO] TDT(111294,npu_reader):2026-09-21-12:30:46.490.259 [process_mode_manager.cpp:1512][SetCommonOpenParamList][tid:111294] cnt:0, extra parameters:--hdcType=18, len:12
[WARNING] TDT(111294,npu_reader):2026-09-21-12:30:46.490.270 [env_internal_api.cpp:21][GetEnvFromMmSys][tid:111294] Get env[ASCEND_LATEST_INSTALL_PATH] failed
[INFO] TDT(111294,npu_reader):2026-09-21-12:30:46.490.275 [process_mode_manager.cpp:1825][GetAscendLatestIntallPath][tid:111294] latest install path:/usr/local/Ascend/cann-9.1.0
[INFO] TDT(111294,npu_reader):2026-09-21-12:30:46.490.282 [process_mode_manager.cpp:1532][ConstructCommonOpenMsg][tid:111294] runtimePkgPath:/usr/local/Ascend/cann-9.1.0
[INFO] TDT(111294,npu_reader):2026-09-21-12:30:46.490.294 [version_verify.cpp:117][SpecialFeatureCheck][tid:111294] VersionVerify: previous type[48], supported
[INFO] TDT(111294,npu_reader):2026-09-21-12:30:46.490.446 [hdc_client.cpp:116][CommRecvData][tid:111294] recv timeout is:150000 ms
[INFO] TDT(111294,npu_reader):2026-09-21-12:30:46.537.623 [process_mode_msg_parse.cpp:147][ServerToClientMsgProc][tid:111294] [ServerToClientMsgProc] [sessionID=1]
[INFO] TDT(111294,npu_reader):2026-09-21-12:30:46.537.632 [process_mode_msg_parse.cpp:142][DeviceMsgProcess][tid:111294] [TsdClient] DeviceMsgProc recvMsg realDeviceId[2] msgType[49] localDevId[2] rspCode[0]heterogeneousSubPid[31788], tsdSupportLevel_[511]
[INFO] TDT(111294,npu_reader):2026-09-21-12:30:46.537.635 [hdc_client.cpp:134][CommRecvData][tid:111294] [deviceId=2] the Tsd recv data already
[INFO] TDT(111294,npu_reader):2026-09-21-12:30:46.537.638 [process_mode_manager.cpp:1605][ProcessOpenSubProc][tid:111294] OpenSubProc success type:0, pid:31788
[INFO] HCCL(111294,npu_reader):2026-09-21-12:30:46.537.644 [network_manager.cc:140] [111294][TsdProcessOpen]hrtOpenNetService success, subPid[0], devicePhyId_[2], deviceLogicId_[2], hasBackup[0]
[INFO] HCCL(111294,npu_reader):2026-09-21-12:30:46.537.648 [network_manager.cc:228] [111294][NetworkManager][Init]open tsd by process success, devicePhyId[2], deviceLogicId_[2].
[INFO] HCCP(111294,npu_reader):2026-09-21-12:30:46.537.734 [ra_init.c:165]tid:111294,RaInit : Input parameters: phyId[2], nicPosition:[1] hdcType:[18] enableHdcAsync[0]
[INFO] NET(111294,npu_reader):2026-09-21-12:30:46.537.835 [dl_hal_function.c:296]DlHalInit : dl_hal_init success!
[INFO] DRV(111294,npu_reader):2026-09-21-12:30:46.537.858 [devdrv_hccl.c:103][ascend][curpid:111294,111294][drv][devmng][drvGetProcessSign]Process sign list add success.(tgid=934687)
[INFO] NET(111294,npu_reader):2026-09-21-12:30:46.537.912 [dl_hal_function.c:296]DlHalInit : dl_hal_init success!
[INFO] HCCP(111294,npu_reader):2026-09-21-12:30:46.537.921 [ra_hdc.c:798]tid:111294,RaHdcInit : hdc init start! logic id is 2, phy id is 2, hdcType is 18
[INFO] DRV(111294,npu_reader):2026-09-21-12:30:46.538.290 [hdc_core.c:1982][ascend][curpid:111294,111294][drv][hdc][drvHdcSetSessionReference]Get pid number. (session=844; pid=111294)
[INFO] HCCP(111294,npu_reader):2026-09-21-12:30:46.538.593 [ra_hdc.c:835]tid:111294,RaHdcInit : hdc init OK! phyId[2]
[INFO] HCCP(111294,npu_reader):2026-09-21-12:30:46.560.295 [ra_hdc_async.c:650]tid:111294,RaHdcInitAsync : [init][ra_hdc_async]no need to init async hdc session
[INFO] HCCL(111294,npu_reader):2026-09-21-12:30:46.560.305 [adapter_hccp.cc:789] [111294]init ra success.
[INFO] HCCL(111294,npu_reader):2026-09-21-12:30:46.560.311 [network_manager.cc:353] [111294]NetworkManager nicDeploy[1] deviceLogicId_[2] devicePhyId_[2] init ra OK, nicSocketMap size[0], isHostUseDevNic[1]
[INFO] ASCENDCL(111294,npu_reader):2026-09-21-12:30:46.560.327 [device.cpp:500]111294 aclrtGetLogicDevIdByPhyDevIdImpl: start to execute aclrtGetLogicDevIdByPhyDevId, phyDevId is [2]
[INFO] RUNTIME(111294,npu_reader):2026-09-21-12:30:46.560.332 [api_impl.cc:3302] 111294 GetDeviceIndexByPhyId: get Index by PhyId=2.
[INFO] ASCENDCL(111294,npu_reader):2026-09-21-12:30:46.560.336 [device.cpp:504]111294 aclrtGetLogicDevIdByPhyDevIdImpl: successfully execute aclrtGetLogicDevIdByPhyDevId
[INFO] HCCL(111294,npu_reader):2026-09-21-12:30:46.560.356 [hccl_network.cc:58] [111294][NetDevContext][InitV2] netDevDeployment_ = [1], protoType_ = [2]
[INFO] HCCL(111294,npu_reader):2026-09-21-12:30:46.560.363 [network_manager.cc:72] [111294]NetworkManager::GetInstance deviceLogicID[2].
[INFO] HCCL(111294,npu_reader):2026-09-21-12:30:46.560.370 [network_manager.cc:72] [111294]NetworkManager::GetInstance deviceLogicID[2].
[INFO] HCCL(111294,npu_reader):2026-09-21-12:30:46.560.376 [network_manager.cc:72] [111294]NetworkManager::GetInstance deviceLogicID[2].
[INFO] HCCL(111294,npu_reader):2026-09-21-12:30:46.560.382 [network_manager.cc:894] [111294][NetworkManager][CreateRdmaHandle] ipAddr[20.168.0.3] is not backup
[INFO] HCCL(111294,npu_reader):2026-09-21-12:30:46.560.408 [network_manager.cc:1982] [111294][NetworkManager][OccupyIp] device[2] insert ip[20.168.0.3]
[INFO] HCCL(111294,npu_reader):2026-09-21-12:30:46.560.420 [adapter_hccp.cc:826] [111294]mode:[1], NotifyTypeT:[1], enabled910aLite:[0], disabledLiteThread:[0], enabled2mbLite:[0]
[INFO] HCCP(111294,npu_reader):2026-09-21-12:30:46.560.447 [ra_host.c:1777]tid:111294,RaGetIfaddrs : Input parameters: phyId[2], nicPosition:[1], isAll[0], interface num[8]
[INFO] HCCP(111294,npu_reader):2026-09-21-12:30:46.561.171 [ra_host.c:508]tid:111294,RaRdevInitWithBackupInfo : rdev_init:mode=1 phyId=2 family=2 ip=20.168.0.3 notify_type=1
[INFO] HCCP(111294,npu_reader):2026-09-21-12:30:46.561.351 [ra_hdc_rdma.c:49]tid:111294,RaHdcNotifyBaseAddrInit : notify info: size[1048576]
[INFO] DRV(111294,npu_reader):2026-09-21-12:30:46.565.775 [devmm_svm.c:2232][ascend][curpid:111294,111294][drv][devmm][devmm_ctrl_support_feature]RTS note drv support feature. (in_feature=0xc; out_feature=0x8)
[INFO] HCCP(111294,npu_reader):2026-09-21-12:30:46.565.784 [ra_hdc_lite.c:255]tid:111294,RaHdcGetRdmaLiteSupport : [init][ra_hdc_lite]rdma_handle->enabled_2mb_lite=0, no need to support LITE_ALIGN_2MB
[INFO] HCCP(111294,npu_reader):2026-09-21-12:30:46.565.810 [ra_host.c:1727]tid:111294,RaGetIfnum : Input parameters: phyId[2], nicPosition:[1], isAll:[0]
[INFO] HCCL(111294,npu_reader):2026-09-21-12:30:46.566.514 [adapter_hccp.cc:1829] [111294][Get][DeviceIP]hrtGetIfNum success. ifAddrNum[2].
[INFO] HCCP(111294,npu_reader):2026-09-21-12:30:46.566.519 [ra_host.c:1777]tid:111294,RaGetIfaddrs : Input parameters: phyId[2], nicPosition:[1], isAll[0], interface num[2]
[INFO] HCCL(111294,npu_reader):2026-09-21-12:30:46.567.161 [adapter_hccp.cc:1858] [111294][Get][DeviceIP]hrtGetIfAddress: idx[0] ifname[eth2] ip[20.168.0.3%eth2]
[INFO] HCCL(111294,npu_reader):2026-09-21-12:30:46.567.167 [adapter_hccp.cc:1858] [111294][Get][DeviceIP]hrtGetIfAddress: idx[1] ifname[eth2] ip[fe80::c23e:50ff:fe1d:6b4b%eth2]
[INFO] HCCL(111294,npu_reader):2026-09-21-12:30:46.567.174 [network_manager.cc:1197] [111294]devicePhyId[2], ip[20.168.0.3] disabledLiteThread[0] enabled910aLite[0] rdmaHandle[0xaaac331da060] rdma init OK
[INFO] HCCL(111294,npu_reader):2026-09-21-12:30:46.567.187 [network_manager.cc:72] [111294]NetworkManager::GetInstance deviceLogicID[2].
[INFO] HCCL(111294,npu_reader):2026-09-21-12:30:46.567.192 [network_manager.cc:1984] [111294][NetworkManager][OccupyIp] device[2] ip[20.168.0.3] has already occupied.
[INFO] HCCP(111294,npu_reader):2026-09-21-12:30:46.567.200 [ra_host.c:239]tid:111294,RaSocketInit : socket init:mode=1 phyId=2 family=2 ip=20.168.0.3
[INFO] HCCL(111294,npu_reader):2026-09-21-12:30:46.567.204 [adapter_hccp.cc:1017] [111294]socket init success, ip[50374676] device id[2], socketHandle[0xaaac331dd9c0]
[INFO] HCCL(111294,npu_reader):2026-09-21-12:30:46.567.208 [network_manager.cc:1249] [111294]devicePhyId[2], ip[20.168.0.3] socket init OK
[INFO] HCCL(111294,npu_reader):2026-09-21-12:30:46.567.212 [network_manager.cc:885] [111294][NetworkManager][CreateNicSocketHandle] CreateNicSocketHandle OK, ipAddr[20.168.0.3].
[INFO] HCCL(111294,npu_reader):2026-09-21-12:30:46.567.216 [network_manager.cc:72] [111294]NetworkManager::GetInstance deviceLogicID[2].
[INFO] HCCL(111294,npu_reader):2026-09-21-12:30:46.567.223 [hccl_network.cc:106] [111294][NetDevContext][InitV2]Deployment is device and proto is roce
[INFO] HCCL(111294,npu_reader):2026-09-21-12:30:46.567.248 [network_manager.cc:72] [111294]NetworkManager::GetInstance deviceLogicID[2].
[INFO] HCCL(111294,npu_reader):2026-09-21-12:30:46.567.254 [aicpu_ts_roce_endpoint.cc:194] [111294]AicpuTsRoceEndpoint::AcquireRdmaContext success, devId[2], ipAddr[20.168.0.3], ctxHandle[0xaaac331da060]
[INFO] HCCL(111294,npu_reader):2026-09-21-12:30:46.567.281 [aicpu_ts_roce_mem.cc:58] [111294][AicpuTsRoceRegedMemMgr] ctor netDev[0xaaac3180f3f0] phyId[2] process-local localRdmaRmaBufferMgr[0xaaac331fb580] (not NetDev embed)
[INFO] HCCL(111294,npu_reader):2026-09-21-12:30:46.567.307 [hcomm_c_adpt.cc:139] [111294][CreateBuiltinEndpoint] endpointDesc.protocol [1] and endpointDesc.loc.locType [0] create endpointHandle [0xaaac3172b9a0] done.
[INFO] ASCENDCL(111294,npu_reader):2026-09-21-12:30:46.567.330 [callback.cpp:193]111294 aclrtRegDeviceStateCallbackImpl: start to execute aclrtRegDeviceStateCallback
[INFO] RUNTIME(111294,npu_reader):2026-09-21-12:30:46.567.349 [api_impl.cc:4386] 111294 RegDeviceStateCallback: Reg device state callback, regName=hcomm_res_mgr.
[INFO] ASCENDCL(111294,npu_reader):2026-09-21-12:30:46.567.365 [callback.cpp:197]111294 aclrtRegDeviceStateCallbackImpl: successfully execute aclrtRegDeviceStateCallback
[INFO] HCCL(111294,npu_reader):2026-09-21-12:30:46.567.367 [hcomm_res_mgr.cc:147] [111294][RegisterDeviceResetCallback] aclrtRegDeviceStateCallback success
API HcommEndpointCreate(&local, &endpoint) => 0

STAGE 2. 分配 HBM，使用 HcommMemReg/Export 注册并导出内存
[INFO] RUNTIME(111294,npu_reader):2026-09-21-12:30:46.567.423 [api_c_soc.cc:84] 111294 rtGetSocVersion: soc version is Ascend910_9362
[INFO] RUNTIME(111294,npu_reader):2026-09-21-12:30:46.567.466 [api_impl.cc:2200] 111294 DevMalloc: size=4128, type=4096, moduleId=33.
[INFO] RUNTIME(111294,npu_reader):2026-09-21-12:30:46.567.489 [api_error.cc:1458] 111294 DevMalloc: device malloc, size=4128(bytes), type=4096, moduleId=33, start ptr=0x12c0c0014000, end ptr=0x12c0c0015020
API aclrtMalloc(&hbm, BUFFER_BYTES, ACL_MEM_MALLOC_NORMAL_ONLY) => 0
[INFO] RUNTIME(111294,npu_reader):2026-09-21-12:30:46.567.513 [api_impl.cc:3002] 111294 MemSetSync: destMax=4096, value=165, count=4096
API aclrtMemset(hbm, BUFFER_BYTES, 0xa5, BUFFER_BYTES) => 0
[INFO] ASCENDCL(111294,npu_reader):2026-09-21-12:30:46.567.598 [device.cpp:216]111294 aclrtGetDeviceCountImpl: start to execute aclrtGetDeviceCount
[INFO] ASCENDCL(111294,npu_reader):2026-09-21-12:30:46.567.605 [device.cpp:220]111294 aclrtGetDeviceCountImpl: successfully execute aclrtGetDeviceCount, get device count is 16.
[INFO] HCCL(111294,npu_reader):2026-09-21-12:30:46.567.610 [hcomm_adapter_runtime.cc:58] [111294][HcommAdapterRuntime][ResolveRuntimeDevicePhyId] deviceCount[16], devLogicId[2], devicePhyId[2].
[INFO] HCCL(111294,npu_reader):2026-09-21-12:30:46.567.615 [hcomm_c_adpt.cc:460] [111294][HcommMemReg] START. endpointHandle[0xaaac3172b9a0].
[INFO] ASCENDCL(111294,npu_reader):2026-09-21-12:30:46.567.634 [device.cpp:128]111294 aclrtGetDeviceImpl: start to execute aclrtGetDevice
[INFO] HCCL(111294,npu_reader):2026-09-21-12:30:46.567.640 [adapter_rts.cc:238] [111294][hrtGetDeviceRefresh]deviceLogicId[2]
[INFO] ASCENDCL(111294,npu_reader):2026-09-21-12:30:46.567.643 [device.cpp:511]111294 aclrtGetPhyDevIdByLogicDevIdImpl: start to execute aclrtGetPhyDevIdByLogicDevId, logicDevId is [2]
[INFO] RUNTIME(111294,npu_reader):2026-09-21-12:30:46.567.649 [api_impl.cc:3295] 111294 GetDevicePhyIdByIndex: get PhyId by Index=2.
[INFO] ASCENDCL(111294,npu_reader):2026-09-21-12:30:46.567.657 [device.cpp:515]111294 aclrtGetPhyDevIdByLogicDevIdImpl: successfully execute aclrtGetPhyDevIdByLogicDevId
[INFO] HCCL(111294,npu_reader):2026-09-21-12:30:46.567.659 [hcomm_c_adpt.cc:68] [111294][RefreshCurrentDeviceContext] deviceLogicId[2], devicePhyId[2].
[INFO] HCCL(111294,npu_reader):2026-09-21-12:30:46.567.666 [aicpu_ts_roce_mem.cc:90] [111294][RegisterMemory] Begin
[WARNING] HCCL(111294,npu_reader):2026-09-21-12:30:46.567.693 [aicpu_ts_roce_mem.cc:108] [111294]Key[addr:20619064328192, size:4096] not found. There is no key in table.
[INFO] HCCL(111294,npu_reader):2026-09-21-12:30:46.567.713 [network_manager.cc:72] [111294]NetworkManager::GetInstance deviceLogicID[2].
[INFO] HCCL(111294,npu_reader):2026-09-21-12:30:46.568.198 [aicpu_ts_roce_mem.cc:125] [111294][AicpuTsRoceRegedMemMgr][RegisterMemory] success, key {0x12c0c0014000, 4096}
API HcommMemReg(endpoint, "npu-hbm", &memory, &registration) => 0
[INFO] ASCENDCL(111294,npu_reader):2026-09-21-12:30:46.568.220 [device.cpp:216]111294 aclrtGetDeviceCountImpl: start to execute aclrtGetDeviceCount
[INFO] ASCENDCL(111294,npu_reader):2026-09-21-12:30:46.568.223 [device.cpp:220]111294 aclrtGetDeviceCountImpl: successfully execute aclrtGetDeviceCount, get device count is 16.
[INFO] HCCL(111294,npu_reader):2026-09-21-12:30:46.568.226 [hcomm_adapter_runtime.cc:58] [111294][HcommAdapterRuntime][ResolveRuntimeDevicePhyId] deviceCount[16], devLogicId[2], devicePhyId[2].
[INFO] HCCL(111294,npu_reader):2026-09-21-12:30:46.568.229 [hcomm_c_adpt.cc:508] [111294][HcommMemExport] START. endpointHandle[0xaaac3172b9a0].
[INFO] ASCENDCL(111294,npu_reader):2026-09-21-12:30:46.568.235 [device.cpp:128]111294 aclrtGetDeviceImpl: start to execute aclrtGetDevice
[INFO] HCCL(111294,npu_reader):2026-09-21-12:30:46.568.239 [adapter_rts.cc:238] [111294][hrtGetDeviceRefresh]deviceLogicId[2]
[INFO] ASCENDCL(111294,npu_reader):2026-09-21-12:30:46.568.241 [device.cpp:511]111294 aclrtGetPhyDevIdByLogicDevIdImpl: start to execute aclrtGetPhyDevIdByLogicDevId, logicDevId is [2]
[INFO] RUNTIME(111294,npu_reader):2026-09-21-12:30:46.568.244 [api_impl.cc:3295] 111294 GetDevicePhyIdByIndex: get PhyId by Index=2.
[INFO] ASCENDCL(111294,npu_reader):2026-09-21-12:30:46.568.247 [device.cpp:515]111294 aclrtGetPhyDevIdByLogicDevIdImpl: successfully execute aclrtGetPhyDevIdByLogicDevId
[INFO] HCCL(111294,npu_reader):2026-09-21-12:30:46.568.249 [hcomm_c_adpt.cc:68] [111294][RefreshCurrentDeviceContext] deviceLogicId[2], devicePhyId[2].
[INFO] HCCL(111294,npu_reader):2026-09-21-12:30:46.568.254 [aicpu_ts_roce_mem.cc:195] [111294][MemoryExport] Begin
[INFO] HCCL(111294,npu_reader):2026-09-21-12:30:46.568.294 [aicpu_ts_roce_mem.cc:229] [111294][AicpuTsRoceRegedMemMgr][MemoryExport] success memHandle[0xaaac331ca750] memDescLen[193] rdmaSerLen[33]
API HcommMemExport(endpoint, registration, &description, &descriptionBytes) => 0

STAGE 3. TCP 交换 opaque 描述符，HcommMemImport 导入 Host DRAM
[INFO] ASCENDCL(111294,npu_reader):2026-09-21-12:30:46.569.093 [device.cpp:216]111294 aclrtGetDeviceCountImpl: start to execute aclrtGetDeviceCount
[INFO] ASCENDCL(111294,npu_reader):2026-09-21-12:30:46.569.102 [device.cpp:220]111294 aclrtGetDeviceCountImpl: successfully execute aclrtGetDeviceCount, get device count is 16.
[INFO] HCCL(111294,npu_reader):2026-09-21-12:30:46.569.106 [hcomm_adapter_runtime.cc:58] [111294][HcommAdapterRuntime][ResolveRuntimeDevicePhyId] deviceCount[16], devLogicId[2], devicePhyId[2].
[INFO] HCCL(111294,npu_reader):2026-09-21-12:30:46.569.109 [hcomm_c_adpt.cc:531] [111294][HcommMemImport] START. endpointHandle[0xaaac3172b9a0].
[INFO] ASCENDCL(111294,npu_reader):2026-09-21-12:30:46.569.115 [device.cpp:128]111294 aclrtGetDeviceImpl: start to execute aclrtGetDevice
[INFO] HCCL(111294,npu_reader):2026-09-21-12:30:46.569.119 [adapter_rts.cc:238] [111294][hrtGetDeviceRefresh]deviceLogicId[2]
[INFO] ASCENDCL(111294,npu_reader):2026-09-21-12:30:46.569.121 [device.cpp:511]111294 aclrtGetPhyDevIdByLogicDevIdImpl: start to execute aclrtGetPhyDevIdByLogicDevId, logicDevId is [2]
[INFO] RUNTIME(111294,npu_reader):2026-09-21-12:30:46.569.125 [api_impl.cc:3295] 111294 GetDevicePhyIdByIndex: get PhyId by Index=2.
[INFO] ASCENDCL(111294,npu_reader):2026-09-21-12:30:46.569.127 [device.cpp:515]111294 aclrtGetPhyDevIdByLogicDevIdImpl: successfully execute aclrtGetPhyDevIdByLogicDevId
[INFO] HCCL(111294,npu_reader):2026-09-21-12:30:46.569.130 [hcomm_c_adpt.cc:68] [111294][RefreshCurrentDeviceContext] deviceLogicId[2], devicePhyId[2].
[INFO] HCCL(111294,npu_reader):2026-09-21-12:30:46.569.137 [aicpu_ts_roce_mem.cc:287] [111294][MemoryImport] Begin
[INFO] HCCL(111294,npu_reader):2026-09-21-12:30:46.569.202 [aicpu_ts_roce_mem.cc:303] [111294][AicpuTsRoceRegedMemMgr][MemoryImport] created RemoteRdmaRmaBufferMgr for new endpoint, mgrCnt[1]
[INFO] HCCL(111294,npu_reader):2026-09-21-12:30:46.569.222 [aicpu_ts_roce_mem.cc:318] [111294][AicpuTsRoceRegedMemMgr][MemoryImport] success descLen[197] outMem addr[0xaaaaf92df000] size[4096], mgrCnt[1]
API HcommMemImport(endpoint, peer.descriptor.data(), peer.descriptor.size(), &peer.memory) => 0

STAGE 4. HcommChannelCreate 创建连接，GetStatus 推进建链直到 READY
API HcommChannelDescInit(&desc, 1) => 0
API EndpointDescInit(&desc, 1) => 0
[INFO] HCCL(111294,npu_reader):2026-09-21-12:30:46.569.270 [hcomm_c_adpt.cc:642] [111294][HcommChannelCreate] START. endpointHandle[0xaaac3172b9a0], engine[AICPU_TS], channelNum[1].
[INFO] ASCENDCL(111294,npu_reader):2026-09-21-12:30:46.569.274 [device.cpp:128]111294 aclrtGetDeviceImpl: start to execute aclrtGetDevice
[INFO] HCCL(111294,npu_reader):2026-09-21-12:30:46.569.277 [adapter_rts.cc:238] [111294][hrtGetDeviceRefresh]deviceLogicId[2]
[INFO] ASCENDCL(111294,npu_reader):2026-09-21-12:30:46.569.279 [device.cpp:511]111294 aclrtGetPhyDevIdByLogicDevIdImpl: start to execute aclrtGetPhyDevIdByLogicDevId, logicDevId is [2]
[INFO] RUNTIME(111294,npu_reader):2026-09-21-12:30:46.569.281 [api_impl.cc:3295] 111294 GetDevicePhyIdByIndex: get PhyId by Index=2.
[INFO] ASCENDCL(111294,npu_reader):2026-09-21-12:30:46.569.284 [device.cpp:515]111294 aclrtGetPhyDevIdByLogicDevIdImpl: successfully execute aclrtGetPhyDevIdByLogicDevId
[INFO] HCCL(111294,npu_reader):2026-09-21-12:30:46.569.286 [hcomm_c_adpt.cc:68] [111294][RefreshCurrentDeviceContext] deviceLogicId[2], devicePhyId[2].
[INFO] ASCENDCL(111294,npu_reader):2026-09-21-12:30:46.569.289 [device.cpp:216]111294 aclrtGetDeviceCountImpl: start to execute aclrtGetDeviceCount
[INFO] ASCENDCL(111294,npu_reader):2026-09-21-12:30:46.569.291 [device.cpp:220]111294 aclrtGetDeviceCountImpl: successfully execute aclrtGetDeviceCount, get device count is 16.
[INFO] HCCL(111294,npu_reader):2026-09-21-12:30:46.569.294 [hcomm_adapter_runtime.cc:58] [111294][HcommAdapterRuntime][ResolveRuntimeDevicePhyId] deviceCount[16], devLogicId[2], devicePhyId[2].
[INFO] HCCL(111294,npu_reader):2026-09-21-12:30:46.569.342 [aicpu_ts_roce_channel.cc:395] [111294][AicpuTsRoceChannel] Init start
[INFO] HCCL(111294,npu_reader):2026-09-21-12:30:46.569.351 [aicpu_ts_roce_channel.cc:199] [111294][AicpuTsRoceChannel][client] ParseInputParam start
[INFO] HCCL(111294,npu_reader):2026-09-21-12:30:46.569.355 [aicpu_ts_roce_channel.cc:206] [111294][AicpuTsRoceChannel][client] ParseInputParam done
[INFO] HCCL(111294,npu_reader):2026-09-21-12:30:46.569.361 [aicpu_ts_roce_channel.cc:212] [111294][AicpuTsRoceChannel][client] BuildDataSocket start
[INFO] HCCL(111294,npu_reader):2026-09-21-12:30:46.569.388 [aicpu_ts_roce_channel.cc:229] [111294][AicpuTsRoceChannel][client] BuildDataSocket localIp[20.168.0.3] remoteIp[20.168.0.19] port[19517] socketTag[standard-host-to-hbm_20.168.0.19_20.168.0.3_19517]
[INFO] HCCL(111294,npu_reader):2026-09-21-12:30:46.569.394 [aicpu_ts_roce_channel.cc:249] [111294][AicpuTsRoceChannel][client] BuildDataSocket connect to server
[INFO] HCCL(111294,npu_reader):2026-09-21-12:30:46.569.413 [network_manager.cc:72] [111294]NetworkManager::GetInstance deviceLogicID[2].
[INFO] HCCL(111294,npu_reader):2026-09-21-12:30:46.569.421 [hccl_socket.cc:657] [111294][Get][NicHandleInfo]phyId[2], nicSocketMap[1] localIp[[20.168.0.3]
[INFO] HCCL(111294,npu_reader):2026-09-21-12:30:46.569.430 [hccl_socket.cc:262] [111294][Connect] localIp[20.168.0.3], remoteIp[20.168.0.19], socketHandle[187656568691136], tag[standard-host-to-hbm_20.168.0.19_20.168.0.3_19517], port[19517]
[INFO] HCCL(111294,npu_reader):2026-09-21-12:30:46.569.437 [adapter_hccp.cc:1287] [111294]batch connect, port[19517], remoteip[7f7f7f7f]
[INFO] HCCP(111294,npu_reader):2026-09-21-12:30:46.569.453 [ra_host.c:716]tid:111294,RaSocketBatchConnect : Input parameters: [0]th, phyId[2], localIp[20.168.0.3], remoteIp[20.168.0.19], port[19517], tag[standard-host-to-hbm_20.168.0.19_20.168.0.3_19517], cnt[0]
[INFO] HCCL(111294,npu_reader):2026-09-21-12:30:46.576.165 [hccl_socket.cc:396] [111294][Get][Status]status_[2] 
[INFO] HCCL(111294,npu_reader):2026-09-21-12:30:46.576.173 [aicpu_ts_roce_channel.cc:261] [111294][AicpuTsRoceChannel][client] BuildDataSocket TCP link ready
[INFO] HCCL(111294,npu_reader):2026-09-21-12:30:46.576.181 [aicpu_ts_roce_channel.cc:241] [111294][AicpuTsRoceChannel][client] BuildDataSocket done localPort[842412390] remotePort[19517]
[INFO] HCCL(111294,npu_reader):2026-09-21-12:30:46.576.191 [aicpu_ts_roce_channel.cc:378] [111294][AicpuTsRoceChannel][client] BuildDispatcherAndTransport commId[hcomm_roce_ch_0xaaac331ffb30]
[WARNING] HCCL(111294,npu_reader):2026-09-21-12:30:46.576.201 [hccl_dispatcher_ctx.cc:38] [111294][FindDispatcherByCommId] commIdkey[hcomm_roce_ch_0xaaac331ffb30] not found, ctx return nullptr
[INFO] HCCL(111294,npu_reader):2026-09-21-12:30:46.576.246 [adapter_hal.cc:267] [111294]Entry-hrtDrvGetPlatformInfo
[INFO] HCCL(111294,npu_reader):2026-09-21-12:30:46.576.255 [dispatcher_ctx.cc:37] [111294][DispatcherCtx][Init] isDeviceSide[0]
[INFO] HCCL(111294,npu_reader):2026-09-21-12:30:46.576.270 [dispatcher_ctx.cc:47] [111294][DispatcherCtx][Init] Will use NORMAL mode.
[INFO] ASCENDCL(111294,npu_reader):2026-09-21-12:30:46.576.282 [device.cpp:500]111294 aclrtGetLogicDevIdByPhyDevIdImpl: start to execute aclrtGetLogicDevIdByPhyDevId, phyDevId is [2]
[INFO] RUNTIME(111294,npu_reader):2026-09-21-12:30:46.576.287 [api_impl.cc:3302] 111294 GetDeviceIndexByPhyId: get Index by PhyId=2.
[INFO] ASCENDCL(111294,npu_reader):2026-09-21-12:30:46.576.291 [device.cpp:504]111294 aclrtGetLogicDevIdByPhyDevIdImpl: successfully execute aclrtGetLogicDevIdByPhyDevId
[INFO] ASCENDCL(111294,npu_reader):2026-09-21-12:30:46.576.324 [acl_rt_impl_base.cpp:206]111294 aclrtGetSocNameImpl: start to execute aclrtGetSocName.
[INFO] ASCENDCL(111294,npu_reader):2026-09-21-12:30:46.576.329 [acl_rt_impl_base.cpp:135]111294 InitSocVersion: get SocVersion success, SocVersion = Ascend910_9362
[INFO] ASCENDCL(111294,npu_reader):2026-09-21-12:30:46.576.332 [acl_rt_impl_base.cpp:213]111294 aclrtGetSocNameImpl: execute aclrtGetSocName successfully
[INFO] HCCL(111294,npu_reader):2026-09-21-12:30:46.576.341 [legacy_common.cc:30] [111294]get soc name[Ascend910_9362] [Ascend910_9362]
[INFO] HCCL(111294,npu_reader):2026-09-21-12:30:46.576.348 [tbe_vector_reduce.cc:67] [111294]TbeVectorReduce Init get device type[4]
[INFO] ASCENDCL(111294,npu_reader):2026-09-21-12:30:46.576.906 [device.cpp:128]111294 aclrtGetDeviceImpl: start to execute aclrtGetDevice
[INFO] ASCENDCL(111294,npu_reader):2026-09-21-12:30:46.576.915 [device.cpp:294]111294 aclrtGetDeviceInfoImpl: start to execute aclrtGetDeviceInfo
[INFO] RUNTIME(111294,npu_reader):2026-09-21-12:30:46.576.929 [api_impl.cc:3613] 111294 GetDeviceInfo: get device info, drv devId=2
[INFO] ASCENDCL(111294,npu_reader):2026-09-21-12:30:46.576.938 [device.cpp:299]111294 aclrtGetDeviceInfoImpl: successfully execute aclrtGetDeviceInfo
[INFO] HCCL(111294,npu_reader):2026-09-21-12:30:46.576.947 [tbe_vector_reduce.cc:424] [111294]op binary file path[/usr/local/Ascend/cann-9.1.0/lib64]
[INFO] RUNTIME(111294,npu_reader):2026-09-21-12:30:46.577.076 [binary_loader.cc:364] 111294 LoadFromData: New ElfProgram ok, magic=1094799942, kernelAttrType=2, Runtime_alloc_size=11072
[INFO] RUNTIME(111294,npu_reader):2026-09-21-12:30:46.577.085 [program.cc:204] 111294 SaveBinaryData: Malloc the buffer for elfData, len=22320
[INFO] RUNTIME(111294,npu_reader):2026-09-21-12:30:46.577.109 [elf.cc:884] 111294 ParseKernelMetaData: section name = .text.
[INFO] RUNTIME(111294,npu_reader):2026-09-21-12:30:46.577.116 [elf.cc:884] 111294 ParseKernelMetaData: section name = .ascend.stack.size.record.
[INFO] RUNTIME(111294,npu_reader):2026-09-21-12:30:46.577.119 [elf.cc:884] 111294 ParseKernelMetaData: section name = __CCE_KernelArgSize.
[INFO] RUNTIME(111294,npu_reader):2026-09-21-12:30:46.577.122 [elf.cc:884] 111294 ParseKernelMetaData: section name = .ascend.meta.add_Ascend910b_int64_2147483647.
[INFO] RUNTIME(111294,npu_reader):2026-09-21-12:30:46.577.127 [elf.cc:575] 111294 ElfParseParamSummary: paramCount=4, paramTotalSize=32.
[INFO] RUNTIME(111294,npu_reader):2026-09-21-12:30:46.577.133 [elf.cc:610] 111294 ElfParseParamInfo: Cache param info: ordinal=0, offset=0, size=8, align=8, paramType=2, spaceIndex=0.
[INFO] RUNTIME(111294,npu_reader):2026-09-21-12:30:46.577.135 [elf.cc:610] 111294 ElfParseParamInfo: Cache param info: ordinal=1, offset=8, size=8, align=8, paramType=2, spaceIndex=0.
[INFO] RUNTIME(111294,npu_reader):2026-09-21-12:30:46.577.138 [elf.cc:610] 111294 ElfParseParamInfo: Cache param info: ordinal=2, offset=16, size=8, align=8, paramType=2, spaceIndex=0.
[INFO] RUNTIME(111294,npu_reader):2026-09-21-12:30:46.577.140 [elf.cc:610] 111294 ElfParseParamInfo: Cache param info: ordinal=3, offset=24, size=8, align=8, paramType=2, spaceIndex=0.
[INFO] RUNTIME(111294,npu_reader):2026-09-21-12:30:46.577.147 [elf.cc:916] 111294 ParseKernelMetaData: kernel_name=add_Ascend910b_int64_2147483647, ration[0]=0, ration[1]=0, dfxAddr=0xaaac33272bb8, dfxSize=176, funcType=0, crossCoreSync=0, kernelVfType=0, shareMemSize=0, minStackSize=0, isSupportFuncEntry=0, functionEntryFlag=128, functionEntry=0.
[INFO] RUNTIME(111294,npu_reader):2026-09-21-12:30:46.577.161 [elf.cc:884] 111294 ParseKernelMetaData: section name = .comment.
[INFO] RUNTIME(111294,npu_reader):2026-09-21-12:30:46.577.163 [elf.cc:884] 111294 ParseKernelMetaData: section name = .ascend.meta.add_Ascend910b_int64_210010000.
[INFO] RUNTIME(111294,npu_reader):2026-09-21-12:30:46.577.165 [elf.cc:575] 111294 ElfParseParamSummary: paramCount=4, paramTotalSize=32.
[INFO] RUNTIME(111294,npu_reader):2026-09-21-12:30:46.577.167 [elf.cc:610] 111294 ElfParseParamInfo: Cache param info: ordinal=0, offset=0, size=8, align=8, paramType=2, spaceIndex=0.
[INFO] RUNTIME(111294,npu_reader):2026-09-21-12:30:46.577.170 [elf.cc:610] 111294 ElfParseParamInfo: Cache param info: ordinal=1, offset=8, size=8, align=8, paramType=2, spaceIndex=0.
[INFO] RUNTIME(111294,npu_reader):2026-09-21-12:30:46.577.172 [elf.cc:610] 111294 ElfParseParamInfo: Cache param info: ordinal=2, offset=16, size=8, align=8, paramType=2, spaceIndex=0.
[INFO] RUNTIME(111294,npu_reader):2026-09-21-12:30:46.577.176 [elf.cc:610] 111294 ElfParseParamInfo: Cache param info: ordinal=3, offset=24, size=8, align=8, paramType=2, spaceIndex=0.
[INFO] RUNTIME(111294,npu_reader):2026-09-21-12:30:46.577.178 [elf.cc:916] 111294 ParseKernelMetaData: kernel_name=add_Ascend910b_int64_210010000, ration[0]=0, ration[1]=0, dfxAddr=0xaaac33272cac, dfxSize=176, funcType=0, crossCoreSync=0, kernelVfType=0, shareMemSize=0, minStackSize=0, isSupportFuncEntry=0, functionEntryFlag=128, functionEntry=0.
[INFO] RUNTIME(111294,npu_reader):2026-09-21-12:30:46.577.182 [elf.cc:884] 111294 ParseKernelMetaData: section name = .ascend.meta.add_Ascend910b_int64_210000000.
[INFO] RUNTIME(111294,npu_reader):2026-09-21-12:30:46.577.184 [elf.cc:575] 111294 ElfParseParamSummary: paramCount=4, paramTotalSize=32.
[INFO] RUNTIME(111294,npu_reader):2026-09-21-12:30:46.577.186 [elf.cc:610] 111294 ElfParseParamInfo: Cache param info: ordinal=0, offset=0, size=8, align=8, paramType=2, spaceIndex=0.
[INFO] RUNTIME(111294,npu_reader):2026-09-21-12:30:46.577.189 [elf.cc:610] 111294 ElfParseParamInfo: Cache param info: ordinal=1, offset=8, size=8, align=8, paramType=2, spaceIndex=0.
[INFO] RUNTIME(111294,npu_reader):2026-09-21-12:30:46.577.191 [elf.cc:610] 111294 ElfParseParamInfo: Cache param info: ordinal=2, offset=16, size=8, align=8, paramType=2, spaceIndex=0.
[INFO] RUNTIME(111294,npu_reader):2026-09-21-12:30:46.577.194 [elf.cc:610] 111294 ElfParseParamInfo: Cache param info: ordinal=3, offset=24, size=8, align=8, paramType=2, spaceIndex=0.
[INFO] RUNTIME(111294,npu_reader):2026-09-21-12:30:46.577.196 [elf.cc:916] 111294 ParseKernelMetaData: kernel_name=add_Ascend910b_int64_210000000, ration[0]=0, ration[1]=0, dfxAddr=0xaaac33272d5c, dfxSize=176, funcType=0, crossCoreSync=0, kernelVfType=0, shareMemSize=0, minStackSize=0, isSupportFuncEntry=0, functionEntryFlag=128, functionEntry=0.
[INFO] RUNTIME(111294,npu_reader):2026-09-21-12:30:46.577.218 [elf.cc:1076] 111294 UpdateCachedParamInfos: Restore cached param info: kernel_name=add_Ascend910b_int64_2147483647, ordinal=0, offset=0, size=8.
[INFO] RUNTIME(111294,npu_reader):2026-09-21-12:30:46.577.222 [elf.cc:1076] 111294 UpdateCachedParamInfos: Restore cached param info: kernel_name=add_Ascend910b_int64_2147483647, ordinal=1, offset=8, size=8.
[INFO] RUNTIME(111294,npu_reader):2026-09-21-12:30:46.577.224 [elf.cc:1076] 111294 UpdateCachedParamInfos: Restore cached param info: kernel_name=add_Ascend910b_int64_2147483647, ordinal=2, offset=16, size=8.
[INFO] RUNTIME(111294,npu_reader):2026-09-21-12:30:46.577.227 [elf.cc:1076] 111294 UpdateCachedParamInfos: Restore cached param info: kernel_name=add_Ascend910b_int64_2147483647, ordinal=3, offset=24, size=8.
[INFO] RUNTIME(111294,npu_reader):2026-09-21-12:30:46.577.230 [elf.cc:1145] 111294 UpdateKernelsInfo: update meta info, kernel_name=add_Ascend910b_int64_2147483647, dfxAddr=0xaaac33272bb8, dfxSize=176, funcType=0, elfDataFlag=1, userArgsNum=0, crossCoreSync=0, kernelVfType=0, shareMemSize=0, minStackSize=0, funcEntryType=0, functionEntry=0, schedMode=0, taskRation_0=0, taskRation_1=0, hasParamSummary=1, paramCount=4, paramTotalSize=32.
[INFO] RUNTIME(111294,npu_reader):2026-09-21-12:30:46.577.235 [elf.cc:1076] 111294 UpdateCachedParamInfos: Restore cached param info: kernel_name=add_Ascend910b_int64_210010000, ordinal=0, offset=0, size=8.
[INFO] RUNTIME(111294,npu_reader):2026-09-21-12:30:46.577.237 [elf.cc:1076] 111294 UpdateCachedParamInfos: Restore cached param info: kernel_name=add_Ascend910b_int64_210010000, ordinal=1, offset=8, size=8.
[INFO] RUNTIME(111294,npu_reader):2026-09-21-12:30:46.577.240 [elf.cc:1076] 111294 UpdateCachedParamInfos: Restore cached param info: kernel_name=add_Ascend910b_int64_210010000, ordinal=2, offset=16, size=8.
[INFO] RUNTIME(111294,npu_reader):2026-09-21-12:30:46.577.242 [elf.cc:1076] 111294 UpdateCachedParamInfos: Restore cached param info: kernel_name=add_Ascend910b_int64_210010000, ordinal=3, offset=24, size=8.
[INFO] RUNTIME(111294,npu_reader):2026-09-21-12:30:46.577.244 [elf.cc:1145] 111294 UpdateKernelsInfo: update meta info, kernel_name=add_Ascend910b_int64_210010000, dfxAddr=0xaaac33272cac, dfxSize=176, funcType=0, elfDataFlag=1, userArgsNum=0, crossCoreSync=0, kernelVfType=0, shareMemSize=0, minStackSize=0, funcEntryType=0, functionEntry=0, schedMode=0, taskRation_0=0, taskRation_1=0, hasParamSummary=1, paramCount=4, paramTotalSize=32.
[INFO] RUNTIME(111294,npu_reader):2026-09-21-12:30:46.577.248 [elf.cc:1076] 111294 UpdateCachedParamInfos: Restore cached param info: kernel_name=add_Ascend910b_int64_210000000, ordinal=0, offset=0, size=8.
[INFO] RUNTIME(111294,npu_reader):2026-09-21-12:30:46.577.250 [elf.cc:1076] 111294 UpdateCachedParamInfos: Restore cached param info: kernel_name=add_Ascend910b_int64_210000000, ordinal=1, offset=8, size=8.
[INFO] RUNTIME(111294,npu_reader):2026-09-21-12:30:46.577.253 [elf.cc:1076] 111294 UpdateCachedParamInfos: Restore cached param info: kernel_name=add_Ascend910b_int64_210000000, ordinal=2, offset=16, size=8.
[INFO] RUNTIME(111294,npu_reader):2026-09-21-12:30:46.577.255 [elf.cc:1076] 111294 UpdateCachedParamInfos: Restore cached param info: kernel_name=add_Ascend910b_int64_210000000, ordinal=3, offset=24, size=8.
[INFO] RUNTIME(111294,npu_reader):2026-09-21-12:30:46.577.257 [elf.cc:1145] 111294 UpdateKernelsInfo: update meta info, kernel_name=add_Ascend910b_int64_210000000, dfxAddr=0xaaac33272d5c, dfxSize=176, funcType=0, elfDataFlag=1, userArgsNum=0, crossCoreSync=0, kernelVfType=0, shareMemSize=0, minStackSize=0, funcEntryType=0, functionEntry=0, schedMode=0, taskRation_0=0, taskRation_1=0, hasParamSummary=1, paramCount=4, paramTotalSize=32.
[INFO] RUNTIME(111294,npu_reader):2026-09-21-12:30:46.577.266 [runtime.cc:1448] 111294 AddProgramToPool: progId=0
[INFO] RUNTIME(111294,npu_reader):2026-09-21-12:30:46.577.288 [program.cc:1649] 111294 GetKernelTypeAndMixType: Get kernel type success, kernelName=add_Ascend910b_int64_2147483647, funcType=0, kernelAttrType=2, mixType=0
[INFO] RUNTIME(111294,npu_reader):2026-09-21-12:30:46.577.302 [program.cc:1119] 111294 SetKernelAttribute: kernel_name=add_Ascend910b_int64_2147483647, kernelAttrType=2, userParamNum=0, sysParamNum=1, IsNeedSetFftsAddrInArg=0, isSupportOverFlow=1, elfDataFlag=1
[INFO] RUNTIME(111294,npu_reader):2026-09-21-12:30:46.577.307 [program.cc:1690] 111294 BuildNewKernel: new kernel success, size=1320, programId=0, original kernel_name=add_Ascend910b_int64_2147483647, register kernel_name=add_Ascend910b_int64_2147483647, tilingKey=2147483647, functionEntry=0, funcType=0, kernelAttrType=2, mixType=0, taskRation=2, offset=0, dfxAddr=187656569301944, dfxSize=176
[INFO] RUNTIME(111294,npu_reader):2026-09-21-12:30:46.577.316 [program.cc:1649] 111294 GetKernelTypeAndMixType: Get kernel type success, kernelName=add_Ascend910b_int64_210010000, funcType=0, kernelAttrType=2, mixType=0
[INFO] RUNTIME(111294,npu_reader):2026-09-21-12:30:46.577.320 [program.cc:1119] 111294 SetKernelAttribute: kernel_name=add_Ascend910b_int64_210010000, kernelAttrType=2, userParamNum=0, sysParamNum=1, IsNeedSetFftsAddrInArg=0, isSupportOverFlow=1, elfDataFlag=1
[INFO] RUNTIME(111294,npu_reader):2026-09-21-12:30:46.577.322 [program.cc:1690] 111294 BuildNewKernel: new kernel success, size=1320, programId=0, original kernel_name=add_Ascend910b_int64_210010000, register kernel_name=add_Ascend910b_int64_210010000, tilingKey=210010000, functionEntry=0, funcType=0, kernelAttrType=2, mixType=0, taskRation=2, offset=116, dfxAddr=187656569302188, dfxSize=176
[INFO] RUNTIME(111294,npu_reader):2026-09-21-12:30:46.577.327 [program.cc:1649] 111294 GetKernelTypeAndMixType: Get kernel type success, kernelName=add_Ascend910b_int64_210000000, funcType=0, kernelAttrType=2, mixType=0
[INFO] RUNTIME(111294,npu_reader):2026-09-21-12:30:46.577.330 [program.cc:1119] 111294 SetKernelAttribute: kernel_name=add_Ascend910b_int64_210000000, kernelAttrType=2, userParamNum=0, sysParamNum=1, IsNeedSetFftsAddrInArg=0, isSupportOverFlow=1, elfDataFlag=1
[INFO] RUNTIME(111294,npu_reader):2026-09-21-12:30:46.577.333 [program.cc:1690] 111294 BuildNewKernel: new kernel success, size=1320, programId=0, original kernel_name=add_Ascend910b_int64_210000000, register kernel_name=add_Ascend910b_int64_210000000, tilingKey=210000000, functionEntry=0, funcType=0, kernelAttrType=2, mixType=0, taskRation=2, offset=11984, dfxAddr=187656569302364, dfxSize=176
[INFO] RUNTIME(111294,npu_reader):2026-09-21-12:30:46.577.364 [binary_loader.cc:364] 111294 LoadFromData: New ElfProgram ok, magic=1094799942, kernelAttrType=2, Runtime_alloc_size=11072
[INFO] RUNTIME(111294,npu_reader):2026-09-21-12:30:46.577.368 [program.cc:204] 111294 SaveBinaryData: Malloc the buffer for elfData, len=15992
[INFO] RUNTIME(111294,npu_reader):2026-09-21-12:30:46.577.371 [elf.cc:884] 111294 ParseKernelMetaData: section name = .text.
[INFO] RUNTIME(111294,npu_reader):2026-09-21-12:30:46.577.374 [elf.cc:884] 111294 ParseKernelMetaData: section name = .ascend.stack.size.record.
[INFO] RUNTIME(111294,npu_reader):2026-09-21-12:30:46.577.377 [elf.cc:884] 111294 ParseKernelMetaData: section name = __CCE_KernelArgSize.
[INFO] RUNTIME(111294,npu_reader):2026-09-21-12:30:46.577.379 [elf.cc:884] 111294 ParseKernelMetaData: section name = .ascend.meta.max_Ascend910b_int64_2147483647.
[INFO] RUNTIME(111294,npu_reader):2026-09-21-12:30:46.577.381 [elf.cc:575] 111294 ElfParseParamSummary: paramCount=4, paramTotalSize=32.
[INFO] RUNTIME(111294,npu_reader):2026-09-21-12:30:46.577.384 [elf.cc:610] 111294 ElfParseParamInfo: Cache param info: ordinal=0, offset=0, size=8, align=8, paramType=2, spaceIndex=0.
[INFO] RUNTIME(111294,npu_reader):2026-09-21-12:30:46.577.386 [elf.cc:610] 111294 ElfParseParamInfo: Cache param info: ordinal=1, offset=8, size=8, align=8, paramType=2, spaceIndex=0.
[INFO] RUNTIME(111294,npu_reader):2026-09-21-12:30:46.577.389 [elf.cc:610] 111294 ElfParseParamInfo: Cache param info: ordinal=2, offset=16, size=8, align=8, paramType=2, spaceIndex=0.
[INFO] RUNTIME(111294,npu_reader):2026-09-21-12:30:46.577.392 [elf.cc:610] 111294 ElfParseParamInfo: Cache param info: ordinal=3, offset=24, size=8, align=8, paramType=2, spaceIndex=0.
[INFO] RUNTIME(111294,npu_reader):2026-09-21-12:30:46.577.394 [elf.cc:916] 111294 ParseKernelMetaData: kernel_name=max_Ascend910b_int64_2147483647, ration[0]=0, ration[1]=0, dfxAddr=0xaaac3327f424, dfxSize=176, funcType=0, crossCoreSync=0, kernelVfType=0, shareMemSize=0, minStackSize=0, isSupportFuncEntry=0, functionEntryFlag=128, functionEntry=0.
[INFO] RUNTIME(111294,npu_reader):2026-09-21-12:30:46.577.397 [elf.cc:884] 111294 ParseKernelMetaData: section name = .comment.
[INFO] RUNTIME(111294,npu_reader):2026-09-21-12:30:46.577.400 [elf.cc:884] 111294 ParseKernelMetaData: section name = .ascend.meta.max_Ascend910b_int64_210010000.
[INFO] RUNTIME(111294,npu_reader):2026-09-21-12:30:46.577.402 [elf.cc:575] 111294 ElfParseParamSummary: paramCount=4, paramTotalSize=32.
[INFO] RUNTIME(111294,npu_reader):2026-09-21-12:30:46.577.404 [elf.cc:610] 111294 ElfParseParamInfo: Cache param info: ordinal=0, offset=0, size=8, align=8, paramType=2, spaceIndex=0.
[INFO] RUNTIME(111294,npu_reader):2026-09-21-12:30:46.577.407 [elf.cc:610] 111294 ElfParseParamInfo: Cache param info: ordinal=1, offset=8, size=8, align=8, paramType=2, spaceIndex=0.
[INFO] RUNTIME(111294,npu_reader):2026-09-21-12:30:46.577.409 [elf.cc:610] 111294 ElfParseParamInfo: Cache param info: ordinal=2, offset=16, size=8, align=8, paramType=2, spaceIndex=0.
[INFO] RUNTIME(111294,npu_reader):2026-09-21-12:30:46.577.411 [elf.cc:610] 111294 ElfParseParamInfo: Cache param info: ordinal=3, offset=24, size=8, align=8, paramType=2, spaceIndex=0.
[INFO] RUNTIME(111294,npu_reader):2026-09-21-12:30:46.577.414 [elf.cc:916] 111294 ParseKernelMetaData: kernel_name=max_Ascend910b_int64_210010000, ration[0]=0, ration[1]=0, dfxAddr=0xaaac3327f518, dfxSize=176, funcType=0, crossCoreSync=0, kernelVfType=0, shareMemSize=0, minStackSize=0, isSupportFuncEntry=0, functionEntryFlag=128, functionEntry=0.
[INFO] RUNTIME(111294,npu_reader):2026-09-21-12:30:46.577.417 [elf.cc:884] 111294 ParseKernelMetaData: section name = .ascend.meta.max_Ascend910b_int64_210000000.
[INFO] RUNTIME(111294,npu_reader):2026-09-21-12:30:46.577.420 [elf.cc:575] 111294 ElfParseParamSummary: paramCount=4, paramTotalSize=32.
[INFO] RUNTIME(111294,npu_reader):2026-09-21-12:30:46.577.422 [elf.cc:610] 111294 ElfParseParamInfo: Cache param info: ordinal=0, offset=0, size=8, align=8, paramType=2, spaceIndex=0.
[INFO] RUNTIME(111294,npu_reader):2026-09-21-12:30:46.577.425 [elf.cc:610] 111294 ElfParseParamInfo: Cache param info: ordinal=1, offset=8, size=8, align=8, paramType=2, spaceIndex=0.
[INFO] RUNTIME(111294,npu_reader):2026-09-21-12:30:46.577.427 [elf.cc:610] 111294 ElfParseParamInfo: Cache param info: ordinal=2, offset=16, size=8, align=8, paramType=2, spaceIndex=0.
[INFO] RUNTIME(111294,npu_reader):2026-09-21-12:30:46.577.430 [elf.cc:610] 111294 ElfParseParamInfo: Cache param info: ordinal=3, offset=24, size=8, align=8, paramType=2, spaceIndex=0.
[INFO] RUNTIME(111294,npu_reader):2026-09-21-12:30:46.577.432 [elf.cc:916] 111294 ParseKernelMetaData: kernel_name=max_Ascend910b_int64_210000000, ration[0]=0, ration[1]=0, dfxAddr=0xaaac3327f5c8, dfxSize=176, funcType=0, crossCoreSync=0, kernelVfType=0, shareMemSize=0, minStackSize=0, isSupportFuncEntry=0, functionEntryFlag=128, functionEntry=0.
[INFO] RUNTIME(111294,npu_reader):2026-09-21-12:30:46.577.442 [elf.cc:1076] 111294 UpdateCachedParamInfos: Restore cached param info: kernel_name=max_Ascend910b_int64_2147483647, ordinal=0, offset=0, size=8.
[INFO] RUNTIME(111294,npu_reader):2026-09-21-12:30:46.577.444 [elf.cc:1076] 111294 UpdateCachedParamInfos: Restore cached param info: kernel_name=max_Ascend910b_int64_2147483647, ordinal=1, offset=8, size=8.
[INFO] RUNTIME(111294,npu_reader):2026-09-21-12:30:46.577.447 [elf.cc:1076] 111294 UpdateCachedParamInfos: Restore cached param info: kernel_name=max_Ascend910b_int64_2147483647, ordinal=2, offset=16, size=8.
[INFO] RUNTIME(111294,npu_reader):2026-09-21-12:30:46.577.449 [elf.cc:1076] 111294 UpdateCachedParamInfos: Restore cached param info: kernel_name=max_Ascend910b_int64_2147483647, ordinal=3, offset=24, size=8.
[INFO] RUNTIME(111294,npu_reader):2026-09-21-12:30:46.577.451 [elf.cc:1145] 111294 UpdateKernelsInfo: update meta info, kernel_name=max_Ascend910b_int64_2147483647, dfxAddr=0xaaac3327f424, dfxSize=176, funcType=0, elfDataFlag=1, userArgsNum=0, crossCoreSync=0, kernelVfType=0, shareMemSize=0, minStackSize=0, funcEntryType=0, functionEntry=0, schedMode=0, taskRation_0=0, taskRation_1=0, hasParamSummary=1, paramCount=4, paramTotalSize=32.
[INFO] RUNTIME(111294,npu_reader):2026-09-21-12:30:46.577.455 [elf.cc:1076] 111294 UpdateCachedParamInfos: Restore cached param info: kernel_name=max_Ascend910b_int64_210010000, ordinal=0, offset=0, size=8.
[INFO] RUNTIME(111294,npu_reader):2026-09-21-12:30:46.577.457 [elf.cc:1076] 111294 UpdateCachedParamInfos: Restore cached param info: kernel_name=max_Ascend910b_int64_210010000, ordinal=1, offset=8, size=8.
[INFO] RUNTIME(111294,npu_reader):2026-09-21-12:30:46.577.459 [elf.cc:1076] 111294 UpdateCachedParamInfos: Restore cached param info: kernel_name=max_Ascend910b_int64_210010000, ordinal=2, offset=16, size=8.
[INFO] RUNTIME(111294,npu_reader):2026-09-21-12:30:46.577.462 [elf.cc:1076] 111294 UpdateCachedParamInfos: Restore cached param info: kernel_name=max_Ascend910b_int64_210010000, ordinal=3, offset=24, size=8.
[INFO] RUNTIME(111294,npu_reader):2026-09-21-12:30:46.577.464 [elf.cc:1145] 111294 UpdateKernelsInfo: update meta info, kernel_name=max_Ascend910b_int64_210010000, dfxAddr=0xaaac3327f518, dfxSize=176, funcType=0, elfDataFlag=1, userArgsNum=0, crossCoreSync=0, kernelVfType=0, shareMemSize=0, minStackSize=0, funcEntryType=0, functionEntry=0, schedMode=0, taskRation_0=0, taskRation_1=0, hasParamSummary=1, paramCount=4, paramTotalSize=32.
[INFO] RUNTIME(111294,npu_reader):2026-09-21-12:30:46.577.467 [elf.cc:1076] 111294 UpdateCachedParamInfos: Restore cached param info: kernel_name=max_Ascend910b_int64_210000000, ordinal=0, offset=0, size=8.
[INFO] RUNTIME(111294,npu_reader):2026-09-21-12:30:46.577.469 [elf.cc:1076] 111294 UpdateCachedParamInfos: Restore cached param info: kernel_name=max_Ascend910b_int64_210000000, ordinal=1, offset=8, size=8.
[INFO] RUNTIME(111294,npu_reader):2026-09-21-12:30:46.577.472 [elf.cc:1076] 111294 UpdateCachedParamInfos: Restore cached param info: kernel_name=max_Ascend910b_int64_210000000, ordinal=2, offset=16, size=8.
[INFO] RUNTIME(111294,npu_reader):2026-09-21-12:30:46.577.474 [elf.cc:1076] 111294 UpdateCachedParamInfos: Restore cached param info: kernel_name=max_Ascend910b_int64_210000000, ordinal=3, offset=24, size=8.
[INFO] RUNTIME(111294,npu_reader):2026-09-21-12:30:46.577.476 [elf.cc:1145] 111294 UpdateKernelsInfo: update meta info, kernel_name=max_Ascend910b_int64_210000000, dfxAddr=0xaaac3327f5c8, dfxSize=176, funcType=0, elfDataFlag=1, userArgsNum=0, crossCoreSync=0, kernelVfType=0, shareMemSize=0, minStackSize=0, funcEntryType=0, functionEntry=0, schedMode=0, taskRation_0=0, taskRation_1=0, hasParamSummary=1, paramCount=4, paramTotalSize=32.
[INFO] RUNTIME(111294,npu_reader):2026-09-21-12:30:46.577.480 [runtime.cc:1448] 111294 AddProgramToPool: progId=1
[INFO] RUNTIME(111294,npu_reader):2026-09-21-12:30:46.577.483 [program.cc:1649] 111294 GetKernelTypeAndMixType: Get kernel type success, kernelName=max_Ascend910b_int64_2147483647, funcType=0, kernelAttrType=2, mixType=0
[INFO] RUNTIME(111294,npu_reader):2026-09-21-12:30:46.577.487 [program.cc:1119] 111294 SetKernelAttribute: kernel_name=max_Ascend910b_int64_2147483647, kernelAttrType=2, userParamNum=0, sysParamNum=1, IsNeedSetFftsAddrInArg=0, isSupportOverFlow=1, elfDataFlag=1
[INFO] RUNTIME(111294,npu_reader):2026-09-21-12:30:46.577.490 [program.cc:1690] 111294 BuildNewKernel: new kernel success, size=1320, programId=1, original kernel_name=max_Ascend910b_int64_2147483647, register kernel_name=max_Ascend910b_int64_2147483647, tilingKey=2147483647, functionEntry=0, funcType=0, kernelAttrType=2, mixType=0, taskRation=2, offset=0, dfxAddr=187656569353252, dfxSize=176
[INFO] RUNTIME(111294,npu_reader):2026-09-21-12:30:46.577.494 [program.cc:1649] 111294 GetKernelTypeAndMixType: Get kernel type success, kernelName=max_Ascend910b_int64_210010000, funcType=0, kernelAttrType=2, mixType=0
[INFO] RUNTIME(111294,npu_reader):2026-09-21-12:30:46.577.497 [program.cc:1119] 111294 SetKernelAttribute: kernel_name=max_Ascend910b_int64_210010000, kernelAttrType=2, userParamNum=0, sysParamNum=1, IsNeedSetFftsAddrInArg=0, isSupportOverFlow=1, elfDataFlag=1
[INFO] RUNTIME(111294,npu_reader):2026-09-21-12:30:46.577.499 [program.cc:1690] 111294 BuildNewKernel: new kernel success, size=1320, programId=1, original kernel_name=max_Ascend910b_int64_210010000, register kernel_name=max_Ascend910b_int64_210010000, tilingKey=210010000, functionEntry=0, funcType=0, kernelAttrType=2, mixType=0, taskRation=2, offset=116, dfxAddr=187656569353496, dfxSize=176
[INFO] RUNTIME(111294,npu_reader):2026-09-21-12:30:46.577.503 [program.cc:1649] 111294 GetKernelTypeAndMixType: Get kernel type success, kernelName=max_Ascend910b_int64_210000000, funcType=0, kernelAttrType=2, mixType=0
[INFO] RUNTIME(111294,npu_reader):2026-09-21-12:30:46.577.506 [program.cc:1119] 111294 SetKernelAttribute: kernel_name=max_Ascend910b_int64_210000000, kernelAttrType=2, userParamNum=0, sysParamNum=1, IsNeedSetFftsAddrInArg=0, isSupportOverFlow=1, elfDataFlag=1
[INFO] RUNTIME(111294,npu_reader):2026-09-21-12:30:46.577.509 [program.cc:1690] 111294 BuildNewKernel: new kernel success, size=1320, programId=1, original kernel_name=max_Ascend910b_int64_210000000, register kernel_name=max_Ascend910b_int64_210000000, tilingKey=210000000, functionEntry=0, funcType=0, kernelAttrType=2, mixType=0, taskRation=2, offset=8136, dfxAddr=187656569353672, dfxSize=176
[INFO] RUNTIME(111294,npu_reader):2026-09-21-12:30:46.577.540 [binary_loader.cc:364] 111294 LoadFromData: New ElfProgram ok, magic=1094799942, kernelAttrType=2, Runtime_alloc_size=11072
[INFO] RUNTIME(111294,npu_reader):2026-09-21-12:30:46.577.544 [program.cc:204] 111294 SaveBinaryData: Malloc the buffer for elfData, len=15992
[INFO] RUNTIME(111294,npu_reader):2026-09-21-12:30:46.577.548 [elf.cc:884] 111294 ParseKernelMetaData: section name = .text.
[INFO] RUNTIME(111294,npu_reader):2026-09-21-12:30:46.577.550 [elf.cc:884] 111294 ParseKernelMetaData: section name = .ascend.stack.size.record.
[INFO] RUNTIME(111294,npu_reader):2026-09-21-12:30:46.577.553 [elf.cc:884] 111294 ParseKernelMetaData: section name = __CCE_KernelArgSize.
[INFO] RUNTIME(111294,npu_reader):2026-09-21-12:30:46.577.555 [elf.cc:884] 111294 ParseKernelMetaData: section name = .ascend.meta.min_Ascend910b_int64_2147483647.
[INFO] RUNTIME(111294,npu_reader):2026-09-21-12:30:46.577.557 [elf.cc:575] 111294 ElfParseParamSummary: paramCount=4, paramTotalSize=32.
[INFO] RUNTIME(111294,npu_reader):2026-09-21-12:30:46.577.560 [elf.cc:610] 111294 ElfParseParamInfo: Cache param info: ordinal=0, offset=0, size=8, align=8, paramType=2, spaceIndex=0.
[INFO] RUNTIME(111294,npu_reader):2026-09-21-12:30:46.577.562 [elf.cc:610] 111294 ElfParseParamInfo: Cache param info: ordinal=1, offset=8, size=8, align=8, paramType=2, spaceIndex=0.
[INFO] RUNTIME(111294,npu_reader):2026-09-21-12:30:46.577.565 [elf.cc:610] 111294 ElfParseParamInfo: Cache param info: ordinal=2, offset=16, size=8, align=8, paramType=2, spaceIndex=0.
[INFO] RUNTIME(111294,npu_reader):2026-09-21-12:30:46.577.567 [elf.cc:610] 111294 ElfParseParamInfo: Cache param info: ordinal=3, offset=24, size=8, align=8, paramType=2, spaceIndex=0.
[INFO] RUNTIME(111294,npu_reader):2026-09-21-12:30:46.577.570 [elf.cc:916] 111294 ParseKernelMetaData: kernel_name=min_Ascend910b_int64_2147483647, ration[0]=0, ration[1]=0, dfxAddr=0xaaac3328bc84, dfxSize=176, funcType=0, crossCoreSync=0, kernelVfType=0, shareMemSize=0, minStackSize=0, isSupportFuncEntry=0, functionEntryFlag=128, functionEntry=0.
[INFO] RUNTIME(111294,npu_reader):2026-09-21-12:30:46.577.573 [elf.cc:884] 111294 ParseKernelMetaData: section name = .comment.
[INFO] RUNTIME(111294,npu_reader):2026-09-21-12:30:46.577.575 [elf.cc:884] 111294 ParseKernelMetaData: section name = .ascend.meta.min_Ascend910b_int64_210010000.
[INFO] RUNTIME(111294,npu_reader):2026-09-21-12:30:46.577.577 [elf.cc:575] 111294 ElfParseParamSummary: paramCount=4, paramTotalSize=32.
[INFO] RUNTIME(111294,npu_reader):2026-09-21-12:30:46.577.580 [elf.cc:610] 111294 ElfParseParamInfo: Cache param info: ordinal=0, offset=0, size=8, align=8, paramType=2, spaceIndex=0.
[INFO] RUNTIME(111294,npu_reader):2026-09-21-12:30:46.577.582 [elf.cc:610] 111294 ElfParseParamInfo: Cache param info: ordinal=1, offset=8, size=8, align=8, paramType=2, spaceIndex=0.
[INFO] RUNTIME(111294,npu_reader):2026-09-21-12:30:46.577.584 [elf.cc:610] 111294 ElfParseParamInfo: Cache param info: ordinal=2, offset=16, size=8, align=8, paramType=2, spaceIndex=0.
[INFO] RUNTIME(111294,npu_reader):2026-09-21-12:30:46.577.587 [elf.cc:610] 111294 ElfParseParamInfo: Cache param info: ordinal=3, offset=24, size=8, align=8, paramType=2, spaceIndex=0.
[INFO] RUNTIME(111294,npu_reader):2026-09-21-12:30:46.577.589 [elf.cc:916] 111294 ParseKernelMetaData: kernel_name=min_Ascend910b_int64_210010000, ration[0]=0, ration[1]=0, dfxAddr=0xaaac3328bd78, dfxSize=176, funcType=0, crossCoreSync=0, kernelVfType=0, shareMemSize=0, minStackSize=0, isSupportFuncEntry=0, functionEntryFlag=128, functionEntry=0.
[INFO] RUNTIME(111294,npu_reader):2026-09-21-12:30:46.577.592 [elf.cc:884] 111294 ParseKernelMetaData: section name = .ascend.meta.min_Ascend910b_int64_210000000.
[INFO] RUNTIME(111294,npu_reader):2026-09-21-12:30:46.577.595 [elf.cc:575] 111294 ElfParseParamSummary: paramCount=4, paramTotalSize=32.
[INFO] RUNTIME(111294,npu_reader):2026-09-21-12:30:46.577.597 [elf.cc:610] 111294 ElfParseParamInfo: Cache param info: ordinal=0, offset=0, size=8, align=8, paramType=2, spaceIndex=0.
[INFO] RUNTIME(111294,npu_reader):2026-09-21-12:30:46.577.599 [elf.cc:610] 111294 ElfParseParamInfo: Cache param info: ordinal=1, offset=8, size=8, align=8, paramType=2, spaceIndex=0.
[INFO] RUNTIME(111294,npu_reader):2026-09-21-12:30:46.577.602 [elf.cc:610] 111294 ElfParseParamInfo: Cache param info: ordinal=2, offset=16, size=8, align=8, paramType=2, spaceIndex=0.
[INFO] RUNTIME(111294,npu_reader):2026-09-21-12:30:46.577.605 [elf.cc:610] 111294 ElfParseParamInfo: Cache param info: ordinal=3, offset=24, size=8, align=8, paramType=2, spaceIndex=0.
[INFO] RUNTIME(111294,npu_reader):2026-09-21-12:30:46.577.607 [elf.cc:916] 111294 ParseKernelMetaData: kernel_name=min_Ascend910b_int64_210000000, ration[0]=0, ration[1]=0, dfxAddr=0xaaac3328be28, dfxSize=176, funcType=0, crossCoreSync=0, kernelVfType=0, shareMemSize=0, minStackSize=0, isSupportFuncEntry=0, functionEntryFlag=128, functionEntry=0.
[INFO] RUNTIME(111294,npu_reader):2026-09-21-12:30:46.577.616 [elf.cc:1076] 111294 UpdateCachedParamInfos: Restore cached param info: kernel_name=min_Ascend910b_int64_2147483647, ordinal=0, offset=0, size=8.
[INFO] RUNTIME(111294,npu_reader):2026-09-21-12:30:46.577.618 [elf.cc:1076] 111294 UpdateCachedParamInfos: Restore cached param info: kernel_name=min_Ascend910b_int64_2147483647, ordinal=1, offset=8, size=8.
[INFO] RUNTIME(111294,npu_reader):2026-09-21-12:30:46.577.621 [elf.cc:1076] 111294 UpdateCachedParamInfos: Restore cached param info: kernel_name=min_Ascend910b_int64_2147483647, ordinal=2, offset=16, size=8.
[INFO] RUNTIME(111294,npu_reader):2026-09-21-12:30:46.577.623 [elf.cc:1076] 111294 UpdateCachedParamInfos: Restore cached param info: kernel_name=min_Ascend910b_int64_2147483647, ordinal=3, offset=24, size=8.
[INFO] RUNTIME(111294,npu_reader):2026-09-21-12:30:46.577.625 [elf.cc:1145] 111294 UpdateKernelsInfo: update meta info, kernel_name=min_Ascend910b_int64_2147483647, dfxAddr=0xaaac3328bc84, dfxSize=176, funcType=0, elfDataFlag=1, userArgsNum=0, crossCoreSync=0, kernelVfType=0, shareMemSize=0, minStackSize=0, funcEntryType=0, functionEntry=0, schedMode=0, taskRation_0=0, taskRation_1=0, hasParamSummary=1, paramCount=4, paramTotalSize=32.
[INFO] RUNTIME(111294,npu_reader):2026-09-21-12:30:46.577.629 [elf.cc:1076] 111294 UpdateCachedParamInfos: Restore cached param info: kernel_name=min_Ascend910b_int64_210010000, ordinal=0, offset=0, size=8.
[INFO] RUNTIME(111294,npu_reader):2026-09-21-12:30:46.577.631 [elf.cc:1076] 111294 UpdateCachedParamInfos: Restore cached param info: kernel_name=min_Ascend910b_int64_210010000, ordinal=1, offset=8, size=8.
[INFO] RUNTIME(111294,npu_reader):2026-09-21-12:30:46.577.633 [elf.cc:1076] 111294 UpdateCachedParamInfos: Restore cached param info: kernel_name=min_Ascend910b_int64_210010000, ordinal=2, offset=16, size=8.
[INFO] RUNTIME(111294,npu_reader):2026-09-21-12:30:46.577.635 [elf.cc:1076] 111294 UpdateCachedParamInfos: Restore cached param info: kernel_name=min_Ascend910b_int64_210010000, ordinal=3, offset=24, size=8.
[INFO] RUNTIME(111294,npu_reader):2026-09-21-12:30:46.577.638 [elf.cc:1145] 111294 UpdateKernelsInfo: update meta info, kernel_name=min_Ascend910b_int64_210010000, dfxAddr=0xaaac3328bd78, dfxSize=176, funcType=0, elfDataFlag=1, userArgsNum=0, crossCoreSync=0, kernelVfType=0, shareMemSize=0, minStackSize=0, funcEntryType=0, functionEntry=0, schedMode=0, taskRation_0=0, taskRation_1=0, hasParamSummary=1, paramCount=4, paramTotalSize=32.
[INFO] RUNTIME(111294,npu_reader):2026-09-21-12:30:46.577.641 [elf.cc:1076] 111294 UpdateCachedParamInfos: Restore cached param info: kernel_name=min_Ascend910b_int64_210000000, ordinal=0, offset=0, size=8.
[INFO] RUNTIME(111294,npu_reader):2026-09-21-12:30:46.577.643 [elf.cc:1076] 111294 UpdateCachedParamInfos: Restore cached param info: kernel_name=min_Ascend910b_int64_210000000, ordinal=1, offset=8, size=8.
[INFO] RUNTIME(111294,npu_reader):2026-09-21-12:30:46.577.646 [elf.cc:1076] 111294 UpdateCachedParamInfos: Restore cached param info: kernel_name=min_Ascend910b_int64_210000000, ordinal=2, offset=16, size=8.
[INFO] RUNTIME(111294,npu_reader):2026-09-21-12:30:46.577.648 [elf.cc:1076] 111294 UpdateCachedParamInfos: Restore cached param info: kernel_name=min_Ascend910b_int64_210000000, ordinal=3, offset=24, size=8.
[INFO] RUNTIME(111294,npu_reader):2026-09-21-12:30:46.577.650 [elf.cc:1145] 111294 UpdateKernelsInfo: update meta info, kernel_name=min_Ascend910b_int64_210000000, dfxAddr=0xaaac3328be28, dfxSize=176, funcType=0, elfDataFlag=1, userArgsNum=0, crossCoreSync=0, kernelVfType=0, shareMemSize=0, minStackSize=0, funcEntryType=0, functionEntry=0, schedMode=0, taskRation_0=0, taskRation_1=0, hasParamSummary=1, paramCount=4, paramTotalSize=32.
[INFO] RUNTIME(111294,npu_reader):2026-09-21-12:30:46.577.654 [runtime.cc:1448] 111294 AddProgramToPool: progId=2
[INFO] RUNTIME(111294,npu_reader):2026-09-21-12:30:46.577.657 [program.cc:1649] 111294 GetKernelTypeAndMixType: Get kernel type success, kernelName=min_Ascend910b_int64_2147483647, funcType=0, kernelAttrType=2, mixType=0
[INFO] RUNTIME(111294,npu_reader):2026-09-21-12:30:46.577.661 [program.cc:1119] 111294 SetKernelAttribute: kernel_name=min_Ascend910b_int64_2147483647, kernelAttrType=2, userParamNum=0, sysParamNum=1, IsNeedSetFftsAddrInArg=0, isSupportOverFlow=1, elfDataFlag=1
[INFO] RUNTIME(111294,npu_reader):2026-09-21-12:30:46.577.664 [program.cc:1690] 111294 BuildNewKernel: new kernel success, size=1320, programId=2, original kernel_name=min_Ascend910b_int64_2147483647, register kernel_name=min_Ascend910b_int64_2147483647, tilingKey=2147483647, functionEntry=0, funcType=0, kernelAttrType=2, mixType=0, taskRation=2, offset=0, dfxAddr=187656569404548, dfxSize=176
[INFO] RUNTIME(111294,npu_reader):2026-09-21-12:30:46.577.668 [program.cc:1649] 111294 GetKernelTypeAndMixType: Get kernel type success, kernelName=min_Ascend910b_int64_210010000, funcType=0, kernelAttrType=2, mixType=0
[INFO] RUNTIME(111294,npu_reader):2026-09-21-12:30:46.577.671 [program.cc:1119] 111294 SetKernelAttribute: kernel_name=min_Ascend910b_int64_210010000, kernelAttrType=2, userParamNum=0, sysParamNum=1, IsNeedSetFftsAddrInArg=0, isSupportOverFlow=1, elfDataFlag=1
[INFO] RUNTIME(111294,npu_reader):2026-09-21-12:30:46.577.673 [program.cc:1690] 111294 BuildNewKernel: new kernel success, size=1320, programId=2, original kernel_name=min_Ascend910b_int64_210010000, register kernel_name=min_Ascend910b_int64_210010000, tilingKey=210010000, functionEntry=0, funcType=0, kernelAttrType=2, mixType=0, taskRation=2, offset=116, dfxAddr=187656569404792, dfxSize=176
[INFO] RUNTIME(111294,npu_reader):2026-09-21-12:30:46.577.677 [program.cc:1649] 111294 GetKernelTypeAndMixType: Get kernel type success, kernelName=min_Ascend910b_int64_210000000, funcType=0, kernelAttrType=2, mixType=0
[INFO] RUNTIME(111294,npu_reader):2026-09-21-12:30:46.577.680 [program.cc:1119] 111294 SetKernelAttribute: kernel_name=min_Ascend910b_int64_210000000, kernelAttrType=2, userParamNum=0, sysParamNum=1, IsNeedSetFftsAddrInArg=0, isSupportOverFlow=1, elfDataFlag=1
[INFO] RUNTIME(111294,npu_reader):2026-09-21-12:30:46.577.683 [program.cc:1690] 111294 BuildNewKernel: new kernel success, size=1320, programId=2, original kernel_name=min_Ascend910b_int64_210000000, register kernel_name=min_Ascend910b_int64_210000000, tilingKey=210000000, functionEntry=0, funcType=0, kernelAttrType=2, mixType=0, taskRation=2, offset=8136, dfxAddr=187656569404968, dfxSize=176
[INFO] RUNTIME(111294,npu_reader):2026-09-21-12:30:46.577.710 [binary_loader.cc:364] 111294 LoadFromData: New ElfProgram ok, magic=1094799942, kernelAttrType=2, Runtime_alloc_size=11072
[INFO] RUNTIME(111294,npu_reader):2026-09-21-12:30:46.577.713 [program.cc:204] 111294 SaveBinaryData: Malloc the buffer for elfData, len=14920
[INFO] RUNTIME(111294,npu_reader):2026-09-21-12:30:46.577.717 [elf.cc:884] 111294 ParseKernelMetaData: section name = .text.
[INFO] RUNTIME(111294,npu_reader):2026-09-21-12:30:46.577.719 [elf.cc:884] 111294 ParseKernelMetaData: section name = .ascend.stack.size.record.
[INFO] RUNTIME(111294,npu_reader):2026-09-21-12:30:46.577.722 [elf.cc:884] 111294 ParseKernelMetaData: section name = __CCE_KernelArgSize.
[INFO] RUNTIME(111294,npu_reader):2026-09-21-12:30:46.577.724 [elf.cc:884] 111294 ParseKernelMetaData: section name = .ascend.meta.mul_Ascend910B1_float16_232010000.
[INFO] RUNTIME(111294,npu_reader):2026-09-21-12:30:46.577.726 [elf.cc:575] 111294 ElfParseParamSummary: paramCount=4, paramTotalSize=32.
[INFO] RUNTIME(111294,npu_reader):2026-09-21-12:30:46.577.746 [elf.cc:610] 111294 ElfParseParamInfo: Cache param info: ordinal=0, offset=0, size=8, align=8, paramType=2, spaceIndex=0.
[INFO] RUNTIME(111294,npu_reader):2026-09-21-12:30:46.577.749 [elf.cc:610] 111294 ElfParseParamInfo: Cache param info: ordinal=1, offset=8, size=8, align=8, paramType=2, spaceIndex=0.
[INFO] RUNTIME(111294,npu_reader):2026-09-21-12:30:46.577.752 [elf.cc:610] 111294 ElfParseParamInfo: Cache param info: ordinal=2, offset=16, size=8, align=8, paramType=2, spaceIndex=0.
[INFO] RUNTIME(111294,npu_reader):2026-09-21-12:30:46.577.754 [elf.cc:610] 111294 ElfParseParamInfo: Cache param info: ordinal=3, offset=24, size=8, align=8, paramType=2, spaceIndex=0.
[INFO] RUNTIME(111294,npu_reader):2026-09-21-12:30:46.577.757 [elf.cc:916] 111294 ParseKernelMetaData: kernel_name=mul_Ascend910B1_float16_232010000, ration[0]=0, ration[1]=0, dfxAddr=0xaaac33296f80, dfxSize=176, funcType=0, crossCoreSync=0, kernelVfType=0, shareMemSize=0, minStackSize=0, isSupportFuncEntry=0, functionEntryFlag=128, functionEntry=0.
[INFO] RUNTIME(111294,npu_reader):2026-09-21-12:30:46.577.760 [elf.cc:884] 111294 ParseKernelMetaData: section name = .comment.
[INFO] RUNTIME(111294,npu_reader):2026-09-21-12:30:46.577.762 [elf.cc:884] 111294 ParseKernelMetaData: section name = .ascend.meta.mul_Ascend910B1_float16_232000000.
[INFO] RUNTIME(111294,npu_reader):2026-09-21-12:30:46.577.764 [elf.cc:575] 111294 ElfParseParamSummary: paramCount=4, paramTotalSize=32.
[INFO] RUNTIME(111294,npu_reader):2026-09-21-12:30:46.577.767 [elf.cc:610] 111294 ElfParseParamInfo: Cache param info: ordinal=0, offset=0, size=8, align=8, paramType=2, spaceIndex=0.
[INFO] RUNTIME(111294,npu_reader):2026-09-21-12:30:46.577.769 [elf.cc:610] 111294 ElfParseParamInfo: Cache param info: ordinal=1, offset=8, size=8, align=8, paramType=2, spaceIndex=0.
[INFO] RUNTIME(111294,npu_reader):2026-09-21-12:30:46.577.772 [elf.cc:610] 111294 ElfParseParamInfo: Cache param info: ordinal=2, offset=16, size=8, align=8, paramType=2, spaceIndex=0.
[INFO] RUNTIME(111294,npu_reader):2026-09-21-12:30:46.577.774 [elf.cc:610] 111294 ElfParseParamInfo: Cache param info: ordinal=3, offset=24, size=8, align=8, paramType=2, spaceIndex=0.
[INFO] RUNTIME(111294,npu_reader):2026-09-21-12:30:46.577.777 [elf.cc:916] 111294 ParseKernelMetaData: kernel_name=mul_Ascend910B1_float16_232000000, ration[0]=0, ration[1]=0, dfxAddr=0xaaac33297074, dfxSize=176, funcType=0, crossCoreSync=0, kernelVfType=0, shareMemSize=0, minStackSize=0, isSupportFuncEntry=0, functionEntryFlag=128, functionEntry=0.
[INFO] RUNTIME(111294,npu_reader):2026-09-21-12:30:46.577.780 [elf.cc:884] 111294 ParseKernelMetaData: section name = .ascend.meta.mul_Ascend910B1_float16_223010000.
[INFO] RUNTIME(111294,npu_reader):2026-09-21-12:30:46.577.782 [elf.cc:575] 111294 ElfParseParamSummary: paramCount=4, paramTotalSize=32.
[INFO] RUNTIME(111294,npu_reader):2026-09-21-12:30:46.577.784 [elf.cc:610] 111294 ElfParseParamInfo: Cache param info: ordinal=0, offset=0, size=8, align=8, paramType=2, spaceIndex=0.
[INFO] RUNTIME(111294,npu_reader):2026-09-21-12:30:46.577.787 [elf.cc:610] 111294 ElfParseParamInfo: Cache param info: ordinal=1, offset=8, size=8, align=8, paramType=2, spaceIndex=0.
[INFO] RUNTIME(111294,npu_reader):2026-09-21-12:30:46.577.789 [elf.cc:610] 111294 ElfParseParamInfo: Cache param info: ordinal=2, offset=16, size=8, align=8, paramType=2, spaceIndex=0.
[INFO] RUNTIME(111294,npu_reader):2026-09-21-12:30:46.577.792 [elf.cc:610] 111294 ElfParseParamInfo: Cache param info: ordinal=3, offset=24, size=8, align=8, paramType=2, spaceIndex=0.
[INFO] RUNTIME(111294,npu_reader):2026-09-21-12:30:46.577.794 [elf.cc:916] 111294 ParseKernelMetaData: kernel_name=mul_Ascend910B1_float16_223010000, ration[0]=0, ration[1]=0, dfxAddr=0xaaac33297124, dfxSize=176, funcType=0, crossCoreSync=0, kernelVfType=0, shareMemSize=0, minStackSize=0, isSupportFuncEntry=0, functionEntryFlag=128, functionEntry=0.
[INFO] RUNTIME(111294,npu_reader):2026-09-21-12:30:46.577.797 [elf.cc:884] 111294 ParseKernelMetaData: section name = .ascend.meta.mul_Ascend910B1_float16_223000000.
[INFO] RUNTIME(111294,npu_reader):2026-09-21-12:30:46.577.800 [elf.cc:575] 111294 ElfParseParamSummary: paramCount=4, paramTotalSize=32.
[INFO] RUNTIME(111294,npu_reader):2026-09-21-12:30:46.577.802 [elf.cc:610] 111294 ElfParseParamInfo: Cache param info: ordinal=0, offset=0, size=8, align=8, paramType=2, spaceIndex=0.
[INFO] RUNTIME(111294,npu_reader):2026-09-21-12:30:46.577.805 [elf.cc:610] 111294 ElfParseParamInfo: Cache param info: ordinal=1, offset=8, size=8, align=8, paramType=2, spaceIndex=0.
[INFO] RUNTIME(111294,npu_reader):2026-09-21-12:30:46.577.807 [elf.cc:610] 111294 ElfParseParamInfo: Cache param info: ordinal=2, offset=16, size=8, align=8, paramType=2, spaceIndex=0.
[INFO] RUNTIME(111294,npu_reader):2026-09-21-12:30:46.577.810 [elf.cc:610] 111294 ElfParseParamInfo: Cache param info: ordinal=3, offset=24, size=8, align=8, paramType=2, spaceIndex=0.
[INFO] RUNTIME(111294,npu_reader):2026-09-21-12:30:46.577.812 [elf.cc:916] 111294 ParseKernelMetaData: kernel_name=mul_Ascend910B1_float16_223000000, ration[0]=0, ration[1]=0, dfxAddr=0xaaac332971d4, dfxSize=176, funcType=0, crossCoreSync=0, kernelVfType=0, shareMemSize=0, minStackSize=0, isSupportFuncEntry=0, functionEntryFlag=128, functionEntry=0.
[INFO] RUNTIME(111294,npu_reader):2026-09-21-12:30:46.577.815 [elf.cc:884] 111294 ParseKernelMetaData: section name = .ascend.meta.mul_Ascend910B1_float16_210010000.
[INFO] RUNTIME(111294,npu_reader):2026-09-21-12:30:46.577.817 [elf.cc:575] 111294 ElfParseParamSummary: paramCount=4, paramTotalSize=32.
[INFO] RUNTIME(111294,npu_reader):2026-09-21-12:30:46.577.819 [elf.cc:610] 111294 ElfParseParamInfo: Cache param info: ordinal=0, offset=0, size=8, align=8, paramType=2, spaceIndex=0.
[INFO] RUNTIME(111294,npu_reader):2026-09-21-12:30:46.577.822 [elf.cc:610] 111294 ElfParseParamInfo: Cache param info: ordinal=1, offset=8, size=8, align=8, paramType=2, spaceIndex=0.
[INFO] RUNTIME(111294,npu_reader):2026-09-21-12:30:46.577.824 [elf.cc:610] 111294 ElfParseParamInfo: Cache param info: ordinal=2, offset=16, size=8, align=8, paramType=2, spaceIndex=0.
[INFO] RUNTIME(111294,npu_reader):2026-09-21-12:30:46.577.827 [elf.cc:610] 111294 ElfParseParamInfo: Cache param info: ordinal=3, offset=24, size=8, align=8, paramType=2, spaceIndex=0.
[INFO] RUNTIME(111294,npu_reader):2026-09-21-12:30:46.577.829 [elf.cc:916] 111294 ParseKernelMetaData: kernel_name=mul_Ascend910B1_float16_210010000, ration[0]=0, ration[1]=0, dfxAddr=0xaaac33297284, dfxSize=176, funcType=0, crossCoreSync=0, kernelVfType=0, shareMemSize=0, minStackSize=0, isSupportFuncEntry=0, functionEntryFlag=128, functionEntry=0.
[INFO] RUNTIME(111294,npu_reader):2026-09-21-12:30:46.577.832 [elf.cc:884] 111294 ParseKernelMetaData: section name = .ascend.meta.mul_Ascend910B1_float16_210000000.
[INFO] RUNTIME(111294,npu_reader):2026-09-21-12:30:46.577.835 [elf.cc:575] 111294 ElfParseParamSummary: paramCount=4, paramTotalSize=32.
[INFO] RUNTIME(111294,npu_reader):2026-09-21-12:30:46.577.837 [elf.cc:610] 111294 ElfParseParamInfo: Cache param info: ordinal=0, offset=0, size=8, align=8, paramType=2, spaceIndex=0.
[INFO] RUNTIME(111294,npu_reader):2026-09-21-12:30:46.577.839 [elf.cc:610] 111294 ElfParseParamInfo: Cache param info: ordinal=1, offset=8, size=8, align=8, paramType=2, spaceIndex=0.
[INFO] RUNTIME(111294,npu_reader):2026-09-21-12:30:46.577.842 [elf.cc:610] 111294 ElfParseParamInfo: Cache param info: ordinal=2, offset=16, size=8, align=8, paramType=2, spaceIndex=0.
[INFO] RUNTIME(111294,npu_reader):2026-09-21-12:30:46.577.844 [elf.cc:610] 111294 ElfParseParamInfo: Cache param info: ordinal=3, offset=24, size=8, align=8, paramType=2, spaceIndex=0.
[INFO] RUNTIME(111294,npu_reader):2026-09-21-12:30:46.577.846 [elf.cc:916] 111294 ParseKernelMetaData: kernel_name=mul_Ascend910B1_float16_210000000, ration[0]=0, ration[1]=0, dfxAddr=0xaaac33297334, dfxSize=176, funcType=0, crossCoreSync=0, kernelVfType=0, shareMemSize=0, minStackSize=0, isSupportFuncEntry=0, functionEntryFlag=128, functionEntry=0.
[INFO] RUNTIME(111294,npu_reader):2026-09-21-12:30:46.577.860 [elf.cc:1076] 111294 UpdateCachedParamInfos: Restore cached param info: kernel_name=mul_Ascend910B1_float16_232010000, ordinal=0, offset=0, size=8.
[INFO] RUNTIME(111294,npu_reader):2026-09-21-12:30:46.577.862 [elf.cc:1076] 111294 UpdateCachedParamInfos: Restore cached param info: kernel_name=mul_Ascend910B1_float16_232010000, ordinal=1, offset=8, size=8.
[INFO] RUNTIME(111294,npu_reader):2026-09-21-12:30:46.577.865 [elf.cc:1076] 111294 UpdateCachedParamInfos: Restore cached param info: kernel_name=mul_Ascend910B1_float16_232010000, ordinal=2, offset=16, size=8.
[INFO] RUNTIME(111294,npu_reader):2026-09-21-12:30:46.577.867 [elf.cc:1076] 111294 UpdateCachedParamInfos: Restore cached param info: kernel_name=mul_Ascend910B1_float16_232010000, ordinal=3, offset=24, size=8.
[INFO] RUNTIME(111294,npu_reader):2026-09-21-12:30:46.577.869 [elf.cc:1145] 111294 UpdateKernelsInfo: update meta info, kernel_name=mul_Ascend910B1_float16_232010000, dfxAddr=0xaaac33296f80, dfxSize=176, funcType=0, elfDataFlag=1, userArgsNum=0, crossCoreSync=0, kernelVfType=0, shareMemSize=0, minStackSize=0, funcEntryType=0, functionEntry=0, schedMode=0, taskRation_0=0, taskRation_1=0, hasParamSummary=1, paramCount=4, paramTotalSize=32.
[INFO] RUNTIME(111294,npu_reader):2026-09-21-12:30:46.577.873 [elf.cc:1076] 111294 UpdateCachedParamInfos: Restore cached param info: kernel_name=mul_Ascend910B1_float16_232000000, ordinal=0, offset=0, size=8.
[INFO] RUNTIME(111294,npu_reader):2026-09-21-12:30:46.577.875 [elf.cc:1076] 111294 UpdateCachedParamInfos: Restore cached param info: kernel_name=mul_Ascend910B1_float16_232000000, ordinal=1, offset=8, size=8.
[INFO] RUNTIME(111294,npu_reader):2026-09-21-12:30:46.577.878 [elf.cc:1076] 111294 UpdateCachedParamInfos: Restore cached param info: kernel_name=mul_Ascend910B1_float16_232000000, ordinal=2, offset=16, size=8.
[INFO] RUNTIME(111294,npu_reader):2026-09-21-12:30:46.577.880 [elf.cc:1076] 111294 UpdateCachedParamInfos: Restore cached param info: kernel_name=mul_Ascend910B1_float16_232000000, ordinal=3, offset=24, size=8.
[INFO] RUNTIME(111294,npu_reader):2026-09-21-12:30:46.577.882 [elf.cc:1145] 111294 UpdateKernelsInfo: update meta info, kernel_name=mul_Ascend910B1_float16_232000000, dfxAddr=0xaaac33297074, dfxSize=176, funcType=0, elfDataFlag=1, userArgsNum=0, crossCoreSync=0, kernelVfType=0, shareMemSize=0, minStackSize=0, funcEntryType=0, functionEntry=0, schedMode=0, taskRation_0=0, taskRation_1=0, hasParamSummary=1, paramCount=4, paramTotalSize=32.
[INFO] RUNTIME(111294,npu_reader):2026-09-21-12:30:46.577.886 [elf.cc:1076] 111294 UpdateCachedParamInfos: Restore cached param info: kernel_name=mul_Ascend910B1_float16_223010000, ordinal=0, offset=0, size=8.
[INFO] RUNTIME(111294,npu_reader):2026-09-21-12:30:46.577.888 [elf.cc:1076] 111294 UpdateCachedParamInfos: Restore cached param info: kernel_name=mul_Ascend910B1_float16_223010000, ordinal=1, offset=8, size=8.
[INFO] RUNTIME(111294,npu_reader):2026-09-21-12:30:46.577.890 [elf.cc:1076] 111294 UpdateCachedParamInfos: Restore cached param info: kernel_name=mul_Ascend910B1_float16_223010000, ordinal=2, offset=16, size=8.
[INFO] RUNTIME(111294,npu_reader):2026-09-21-12:30:46.577.892 [elf.cc:1076] 111294 UpdateCachedParamInfos: Restore cached param info: kernel_name=mul_Ascend910B1_float16_223010000, ordinal=3, offset=24, size=8.
[INFO] RUNTIME(111294,npu_reader):2026-09-21-12:30:46.577.895 [elf.cc:1145] 111294 UpdateKernelsInfo: update meta info, kernel_name=mul_Ascend910B1_float16_223010000, dfxAddr=0xaaac33297124, dfxSize=176, funcType=0, elfDataFlag=1, userArgsNum=0, crossCoreSync=0, kernelVfType=0, shareMemSize=0, minStackSize=0, funcEntryType=0, functionEntry=0, schedMode=0, taskRation_0=0, taskRation_1=0, hasParamSummary=1, paramCount=4, paramTotalSize=32.
[INFO] RUNTIME(111294,npu_reader):2026-09-21-12:30:46.577.898 [elf.cc:1076] 111294 UpdateCachedParamInfos: Restore cached param info: kernel_name=mul_Ascend910B1_float16_223000000, ordinal=0, offset=0, size=8.
[INFO] RUNTIME(111294,npu_reader):2026-09-21-12:30:46.577.901 [elf.cc:1076] 111294 UpdateCachedParamInfos: Restore cached param info: kernel_name=mul_Ascend910B1_float16_223000000, ordinal=1, offset=8, size=8.
[INFO] RUNTIME(111294,npu_reader):2026-09-21-12:30:46.577.903 [elf.cc:1076] 111294 UpdateCachedParamInfos: Restore cached param info: kernel_name=mul_Ascend910B1_float16_223000000, ordinal=2, offset=16, size=8.
[INFO] RUNTIME(111294,npu_reader):2026-09-21-12:30:46.577.905 [elf.cc:1076] 111294 UpdateCachedParamInfos: Restore cached param info: kernel_name=mul_Ascend910B1_float16_223000000, ordinal=3, offset=24, size=8.
[INFO] RUNTIME(111294,npu_reader):2026-09-21-12:30:46.577.908 [elf.cc:1145] 111294 UpdateKernelsInfo: update meta info, kernel_name=mul_Ascend910B1_float16_223000000, dfxAddr=0xaaac332971d4, dfxSize=176, funcType=0, elfDataFlag=1, userArgsNum=0, crossCoreSync=0, kernelVfType=0, shareMemSize=0, minStackSize=0, funcEntryType=0, functionEntry=0, schedMode=0, taskRation_0=0, taskRation_1=0, hasParamSummary=1, paramCount=4, paramTotalSize=32.
[INFO] RUNTIME(111294,npu_reader):2026-09-21-12:30:46.577.911 [elf.cc:1076] 111294 UpdateCachedParamInfos: Restore cached param info: kernel_name=mul_Ascend910B1_float16_210010000, ordinal=0, offset=0, size=8.
[INFO] RUNTIME(111294,npu_reader):2026-09-21-12:30:46.577.914 [elf.cc:1076] 111294 UpdateCachedParamInfos: Restore cached param info: kernel_name=mul_Ascend910B1_float16_210010000, ordinal=1, offset=8, size=8.
[INFO] RUNTIME(111294,npu_reader):2026-09-21-12:30:46.577.916 [elf.cc:1076] 111294 UpdateCachedParamInfos: Restore cached param info: kernel_name=mul_Ascend910B1_float16_210010000, ordinal=2, offset=16, size=8.
[INFO] RUNTIME(111294,npu_reader):2026-09-21-12:30:46.577.918 [elf.cc:1076] 111294 UpdateCachedParamInfos: Restore cached param info: kernel_name=mul_Ascend910B1_float16_210010000, ordinal=3, offset=24, size=8.
[INFO] RUNTIME(111294,npu_reader):2026-09-21-12:30:46.577.920 [elf.cc:1145] 111294 UpdateKernelsInfo: update meta info, kernel_name=mul_Ascend910B1_float16_210010000, dfxAddr=0xaaac33297284, dfxSize=176, funcType=0, elfDataFlag=1, userArgsNum=0, crossCoreSync=0, kernelVfType=0, shareMemSize=0, minStackSize=0, funcEntryType=0, functionEntry=0, schedMode=0, taskRation_0=0, taskRation_1=0, hasParamSummary=1, paramCount=4, paramTotalSize=32.
[INFO] RUNTIME(111294,npu_reader):2026-09-21-12:30:46.577.924 [elf.cc:1076] 111294 UpdateCachedParamInfos: Restore cached param info: kernel_name=mul_Ascend910B1_float16_210000000, ordinal=0, offset=0, size=8.
[INFO] RUNTIME(111294,npu_reader):2026-09-21-12:30:46.577.926 [elf.cc:1076] 111294 UpdateCachedParamInfos: Restore cached param info: kernel_name=mul_Ascend910B1_float16_210000000, ordinal=1, offset=8, size=8.
[INFO] RUNTIME(111294,npu_reader):2026-09-21-12:30:46.577.928 [elf.cc:1076] 111294 UpdateCachedParamInfos: Restore cached param info: kernel_name=mul_Ascend910B1_float16_210000000, ordinal=2, offset=16, size=8.
[INFO] RUNTIME(111294,npu_reader):2026-09-21-12:30:46.577.930 [elf.cc:1076] 111294 UpdateCachedParamInfos: Restore cached param info: kernel_name=mul_Ascend910B1_float16_210000000, ordinal=3, offset=24, size=8.
[INFO] RUNTIME(111294,npu_reader):2026-09-21-12:30:46.577.933 [elf.cc:1145] 111294 UpdateKernelsInfo: update meta info, kernel_name=mul_Ascend910B1_float16_210000000, dfxAddr=0xaaac33297334, dfxSize=176, funcType=0, elfDataFlag=1, userArgsNum=0, crossCoreSync=0, kernelVfType=0, shareMemSize=0, minStackSize=0, funcEntryType=0, functionEntry=0, schedMode=0, taskRation_0=0, taskRation_1=0, hasParamSummary=1, paramCount=4, paramTotalSize=32.
[INFO] RUNTIME(111294,npu_reader):2026-09-21-12:30:46.577.936 [runtime.cc:1448] 111294 AddProgramToPool: progId=3
[INFO] RUNTIME(111294,npu_reader):2026-09-21-12:30:46.577.939 [program.cc:1649] 111294 GetKernelTypeAndMixType: Get kernel type success, kernelName=mul_Ascend910B1_float16_232010000, funcType=0, kernelAttrType=2, mixType=0
[INFO] RUNTIME(111294,npu_reader):2026-09-21-12:30:46.577.943 [program.cc:1119] 111294 SetKernelAttribute: kernel_name=mul_Ascend910B1_float16_232010000, kernelAttrType=2, userParamNum=0, sysParamNum=1, IsNeedSetFftsAddrInArg=0, isSupportOverFlow=1, elfDataFlag=1
[INFO] RUNTIME(111294,npu_reader):2026-09-21-12:30:46.577.946 [program.cc:1690] 111294 BuildNewKernel: new kernel success, size=1320, programId=3, original kernel_name=mul_Ascend910B1_float16_232010000, register kernel_name=mul_Ascend910B1_float16_232010000, tilingKey=232010000, functionEntry=0, funcType=0, kernelAttrType=2, mixType=0, taskRation=2, offset=0, dfxAddr=187656569450368, dfxSize=176
[INFO] RUNTIME(111294,npu_reader):2026-09-21-12:30:46.577.950 [program.cc:1649] 111294 GetKernelTypeAndMixType: Get kernel type success, kernelName=mul_Ascend910B1_float16_232000000, funcType=0, kernelAttrType=2, mixType=0
[INFO] RUNTIME(111294,npu_reader):2026-09-21-12:30:46.577.954 [program.cc:1119] 111294 SetKernelAttribute: kernel_name=mul_Ascend910B1_float16_232000000, kernelAttrType=2, userParamNum=0, sysParamNum=1, IsNeedSetFftsAddrInArg=0, isSupportOverFlow=1, elfDataFlag=1
[INFO] RUNTIME(111294,npu_reader):2026-09-21-12:30:46.577.956 [program.cc:1690] 111294 BuildNewKernel: new kernel success, size=1320, programId=3, original kernel_name=mul_Ascend910B1_float16_232000000, register kernel_name=mul_Ascend910B1_float16_232000000, tilingKey=232000000, functionEntry=0, funcType=0, kernelAttrType=2, mixType=0, taskRation=2, offset=1520, dfxAddr=187656569450612, dfxSize=176
[INFO] RUNTIME(111294,npu_reader):2026-09-21-12:30:46.577.960 [program.cc:1649] 111294 GetKernelTypeAndMixType: Get kernel type success, kernelName=mul_Ascend910B1_float16_223010000, funcType=0, kernelAttrType=2, mixType=0
[INFO] RUNTIME(111294,npu_reader):2026-09-21-12:30:46.577.963 [program.cc:1119] 111294 SetKernelAttribute: kernel_name=mul_Ascend910B1_float16_223010000, kernelAttrType=2, userParamNum=0, sysParamNum=1, IsNeedSetFftsAddrInArg=0, isSupportOverFlow=1, elfDataFlag=1
[INFO] RUNTIME(111294,npu_reader):2026-09-21-12:30:46.577.966 [program.cc:1690] 111294 BuildNewKernel: new kernel success, size=1320, programId=3, original kernel_name=mul_Ascend910B1_float16_223010000, register kernel_name=mul_Ascend910B1_float16_223010000, tilingKey=223010000, functionEntry=0, funcType=0, kernelAttrType=2, mixType=0, taskRation=2, offset=2448, dfxAddr=187656569450788, dfxSize=176
[INFO] RUNTIME(111294,npu_reader):2026-09-21-12:30:46.577.970 [program.cc:1649] 111294 GetKernelTypeAndMixType: Get kernel type success, kernelName=mul_Ascend910B1_float16_223000000, funcType=0, kernelAttrType=2, mixType=0
[INFO] RUNTIME(111294,npu_reader):2026-09-21-12:30:46.577.973 [program.cc:1119] 111294 SetKernelAttribute: kernel_name=mul_Ascend910B1_float16_223000000, kernelAttrType=2, userParamNum=0, sysParamNum=1, IsNeedSetFftsAddrInArg=0, isSupportOverFlow=1, elfDataFlag=1
[INFO] RUNTIME(111294,npu_reader):2026-09-21-12:30:46.577.976 [program.cc:1690] 111294 BuildNewKernel: new kernel success, size=1320, programId=3, original kernel_name=mul_Ascend910B1_float16_223000000, register kernel_name=mul_Ascend910B1_float16_223000000, tilingKey=223000000, functionEntry=0, funcType=0, kernelAttrType=2, mixType=0, taskRation=2, offset=4028, dfxAddr=187656569450964, dfxSize=176
[INFO] RUNTIME(111294,npu_reader):2026-09-21-12:30:46.577.979 [program.cc:1649] 111294 GetKernelTypeAndMixType: Get kernel type success, kernelName=mul_Ascend910B1_float16_210010000, funcType=0, kernelAttrType=2, mixType=0
[INFO] RUNTIME(111294,npu_reader):2026-09-21-12:30:46.577.982 [program.cc:1119] 111294 SetKernelAttribute: kernel_name=mul_Ascend910B1_float16_210010000, kernelAttrType=2, userParamNum=0, sysParamNum=1, IsNeedSetFftsAddrInArg=0, isSupportOverFlow=1, elfDataFlag=1
[INFO] RUNTIME(111294,npu_reader):2026-09-21-12:30:46.577.985 [program.cc:1690] 111294 BuildNewKernel: new kernel success, size=1320, programId=3, original kernel_name=mul_Ascend910B1_float16_210010000, register kernel_name=mul_Ascend910B1_float16_210010000, tilingKey=210010000, functionEntry=0, funcType=0, kernelAttrType=2, mixType=0, taskRation=2, offset=4944, dfxAddr=187656569451140, dfxSize=176
[INFO] RUNTIME(111294,npu_reader):2026-09-21-12:30:46.577.989 [program.cc:1649] 111294 GetKernelTypeAndMixType: Get kernel type success, kernelName=mul_Ascend910B1_float16_210000000, funcType=0, kernelAttrType=2, mixType=0
[INFO] RUNTIME(111294,npu_reader):2026-09-21-12:30:46.577.992 [program.cc:1119] 111294 SetKernelAttribute: kernel_name=mul_Ascend910B1_float16_210000000, kernelAttrType=2, userParamNum=0, sysParamNum=1, IsNeedSetFftsAddrInArg=0, isSupportOverFlow=1, elfDataFlag=1
[INFO] RUNTIME(111294,npu_reader):2026-09-21-12:30:46.577.995 [program.cc:1690] 111294 BuildNewKernel: new kernel success, size=1320, programId=3, original kernel_name=mul_Ascend910B1_float16_210000000, register kernel_name=mul_Ascend910B1_float16_210000000, tilingKey=210000000, functionEntry=0, funcType=0, kernelAttrType=2, mixType=0, taskRation=2, offset=6540, dfxAddr=187656569451316, dfxSize=176
[INFO] RUNTIME(111294,npu_reader):2026-09-21-12:30:46.578.021 [binary_loader.cc:364] 111294 LoadFromData: New ElfProgram ok, magic=1094799942, kernelAttrType=2, Runtime_alloc_size=11072
[INFO] RUNTIME(111294,npu_reader):2026-09-21-12:30:46.578.025 [program.cc:204] 111294 SaveBinaryData: Malloc the buffer for elfData, len=14920
[INFO] RUNTIME(111294,npu_reader):2026-09-21-12:30:46.578.029 [elf.cc:884] 111294 ParseKernelMetaData: section name = .text.
[INFO] RUNTIME(111294,npu_reader):2026-09-21-12:30:46.578.031 [elf.cc:884] 111294 ParseKernelMetaData: section name = .ascend.stack.size.record.
[INFO] RUNTIME(111294,npu_reader):2026-09-21-12:30:46.578.034 [elf.cc:884] 111294 ParseKernelMetaData: section name = __CCE_KernelArgSize.
[INFO] RUNTIME(111294,npu_reader):2026-09-21-12:30:46.578.036 [elf.cc:884] 111294 ParseKernelMetaData: section name = .ascend.meta.mul_Ascend910B2_float16_232010000.
[INFO] RUNTIME(111294,npu_reader):2026-09-21-12:30:46.578.038 [elf.cc:575] 111294 ElfParseParamSummary: paramCount=4, paramTotalSize=32.
[INFO] RUNTIME(111294,npu_reader):2026-09-21-12:30:46.578.041 [elf.cc:610] 111294 ElfParseParamInfo: Cache param info: ordinal=0, offset=0, size=8, align=8, paramType=2, spaceIndex=0.
[INFO] RUNTIME(111294,npu_reader):2026-09-21-12:30:46.578.043 [elf.cc:610] 111294 ElfParseParamInfo: Cache param info: ordinal=1, offset=8, size=8, align=8, paramType=2, spaceIndex=0.
[INFO] RUNTIME(111294,npu_reader):2026-09-21-12:30:46.578.046 [elf.cc:610] 111294 ElfParseParamInfo: Cache param info: ordinal=2, offset=16, size=8, align=8, paramType=2, spaceIndex=0.
[INFO] RUNTIME(111294,npu_reader):2026-09-21-12:30:46.578.048 [elf.cc:610] 111294 ElfParseParamInfo: Cache param info: ordinal=3, offset=24, size=8, align=8, paramType=2, spaceIndex=0.
[INFO] RUNTIME(111294,npu_reader):2026-09-21-12:30:46.578.051 [elf.cc:916] 111294 ParseKernelMetaData: kernel_name=mul_Ascend910B2_float16_232010000, ration[0]=0, ration[1]=0, dfxAddr=0xaaac332a2f80, dfxSize=176, funcType=0, crossCoreSync=0, kernelVfType=0, shareMemSize=0, minStackSize=0, isSupportFuncEntry=0, functionEntryFlag=128, functionEntry=0.
[INFO] RUNTIME(111294,npu_reader):2026-09-21-12:30:46.578.054 [elf.cc:884] 111294 ParseKernelMetaData: section name = .comment.
[INFO] RUNTIME(111294,npu_reader):2026-09-21-12:30:46.578.056 [elf.cc:884] 111294 ParseKernelMetaData: section name = .ascend.meta.mul_Ascend910B2_float16_232000000.
[INFO] RUNTIME(111294,npu_reader):2026-09-21-12:30:46.578.058 [elf.cc:575] 111294 ElfParseParamSummary: paramCount=4, paramTotalSize=32.
[INFO] RUNTIME(111294,npu_reader):2026-09-21-12:30:46.578.061 [elf.cc:610] 111294 ElfParseParamInfo: Cache param info: ordinal=0, offset=0, size=8, align=8, paramType=2, spaceIndex=0.
[INFO] RUNTIME(111294,npu_reader):2026-09-21-12:30:46.578.063 [elf.cc:610] 111294 ElfParseParamInfo: Cache param info: ordinal=1, offset=8, size=8, align=8, paramType=2, spaceIndex=0.
[INFO] RUNTIME(111294,npu_reader):2026-09-21-12:30:46.578.066 [elf.cc:610] 111294 ElfParseParamInfo: Cache param info: ordinal=2, offset=16, size=8, align=8, paramType=2, spaceIndex=0.
[INFO] RUNTIME(111294,npu_reader):2026-09-21-12:30:46.578.068 [elf.cc:610] 111294 ElfParseParamInfo: Cache param info: ordinal=3, offset=24, size=8, align=8, paramType=2, spaceIndex=0.
[INFO] RUNTIME(111294,npu_reader):2026-09-21-12:30:46.578.071 [elf.cc:916] 111294 ParseKernelMetaData: kernel_name=mul_Ascend910B2_float16_232000000, ration[0]=0, ration[1]=0, dfxAddr=0xaaac332a3074, dfxSize=176, funcType=0, crossCoreSync=0, kernelVfType=0, shareMemSize=0, minStackSize=0, isSupportFuncEntry=0, functionEntryFlag=128, functionEntry=0.
[INFO] RUNTIME(111294,npu_reader):2026-09-21-12:30:46.578.074 [elf.cc:884] 111294 ParseKernelMetaData: section name = .ascend.meta.mul_Ascend910B2_float16_223010000.
[INFO] RUNTIME(111294,npu_reader):2026-09-21-12:30:46.578.076 [elf.cc:575] 111294 ElfParseParamSummary: paramCount=4, paramTotalSize=32.
[INFO] RUNTIME(111294,npu_reader):2026-09-21-12:30:46.578.079 [elf.cc:610] 111294 ElfParseParamInfo: Cache param info: ordinal=0, offset=0, size=8, align=8, paramType=2, spaceIndex=0.
[INFO] RUNTIME(111294,npu_reader):2026-09-21-12:30:46.578.081 [elf.cc:610] 111294 ElfParseParamInfo: Cache param info: ordinal=1, offset=8, size=8, align=8, paramType=2, spaceIndex=0.
[INFO] RUNTIME(111294,npu_reader):2026-09-21-12:30:46.578.084 [elf.cc:610] 111294 ElfParseParamInfo: Cache param info: ordinal=2, offset=16, size=8, align=8, paramType=2, spaceIndex=0.
[INFO] RUNTIME(111294,npu_reader):2026-09-21-12:30:46.578.086 [elf.cc:610] 111294 ElfParseParamInfo: Cache param info: ordinal=3, offset=24, size=8, align=8, paramType=2, spaceIndex=0.
[INFO] RUNTIME(111294,npu_reader):2026-09-21-12:30:46.578.089 [elf.cc:916] 111294 ParseKernelMetaData: kernel_name=mul_Ascend910B2_float16_223010000, ration[0]=0, ration[1]=0, dfxAddr=0xaaac332a3124, dfxSize=176, funcType=0, crossCoreSync=0, kernelVfType=0, shareMemSize=0, minStackSize=0, isSupportFuncEntry=0, functionEntryFlag=128, functionEntry=0.
[INFO] RUNTIME(111294,npu_reader):2026-09-21-12:30:46.578.092 [elf.cc:884] 111294 ParseKernelMetaData: section name = .ascend.meta.mul_Ascend910B2_float16_223000000.
[INFO] RUNTIME(111294,npu_reader):2026-09-21-12:30:46.578.094 [elf.cc:575] 111294 ElfParseParamSummary: paramCount=4, paramTotalSize=32.
[INFO] RUNTIME(111294,npu_reader):2026-09-21-12:30:46.578.096 [elf.cc:610] 111294 ElfParseParamInfo: Cache param info: ordinal=0, offset=0, size=8, align=8, paramType=2, spaceIndex=0.
[INFO] RUNTIME(111294,npu_reader):2026-09-21-12:30:46.578.098 [elf.cc:610] 111294 ElfParseParamInfo: Cache param info: ordinal=1, offset=8, size=8, align=8, paramType=2, spaceIndex=0.
[INFO] RUNTIME(111294,npu_reader):2026-09-21-12:30:46.578.101 [elf.cc:610] 111294 ElfParseParamInfo: Cache param info: ordinal=2, offset=16, size=8, align=8, paramType=2, spaceIndex=0.
[INFO] RUNTIME(111294,npu_reader):2026-09-21-12:30:46.578.103 [elf.cc:610] 111294 ElfParseParamInfo: Cache param info: ordinal=3, offset=24, size=8, align=8, paramType=2, spaceIndex=0.
[INFO] RUNTIME(111294,npu_reader):2026-09-21-12:30:46.578.106 [elf.cc:916] 111294 ParseKernelMetaData: kernel_name=mul_Ascend910B2_float16_223000000, ration[0]=0, ration[1]=0, dfxAddr=0xaaac332a31d4, dfxSize=176, funcType=0, crossCoreSync=0, kernelVfType=0, shareMemSize=0, minStackSize=0, isSupportFuncEntry=0, functionEntryFlag=128, functionEntry=0.
[INFO] RUNTIME(111294,npu_reader):2026-09-21-12:30:46.578.109 [elf.cc:884] 111294 ParseKernelMetaData: section name = .ascend.meta.mul_Ascend910B2_float16_210010000.
[INFO] RUNTIME(111294,npu_reader):2026-09-21-12:30:46.578.111 [elf.cc:575] 111294 ElfParseParamSummary: paramCount=4, paramTotalSize=32.
[INFO] RUNTIME(111294,npu_reader):2026-09-21-12:30:46.578.113 [elf.cc:610] 111294 ElfParseParamInfo: Cache param info: ordinal=0, offset=0, size=8, align=8, paramType=2, spaceIndex=0.
[INFO] RUNTIME(111294,npu_reader):2026-09-21-12:30:46.578.115 [elf.cc:610] 111294 ElfParseParamInfo: Cache param info: ordinal=1, offset=8, size=8, align=8, paramType=2, spaceIndex=0.
[INFO] RUNTIME(111294,npu_reader):2026-09-21-12:30:46.578.118 [elf.cc:610] 111294 ElfParseParamInfo: Cache param info: ordinal=2, offset=16, size=8, align=8, paramType=2, spaceIndex=0.
[INFO] RUNTIME(111294,npu_reader):2026-09-21-12:30:46.578.121 [elf.cc:610] 111294 ElfParseParamInfo: Cache param info: ordinal=3, offset=24, size=8, align=8, paramType=2, spaceIndex=0.
[INFO] RUNTIME(111294,npu_reader):2026-09-21-12:30:46.578.141 [elf.cc:916] 111294 ParseKernelMetaData: kernel_name=mul_Ascend910B2_float16_210010000, ration[0]=0, ration[1]=0, dfxAddr=0xaaac332a3284, dfxSize=176, funcType=0, crossCoreSync=0, kernelVfType=0, shareMemSize=0, minStackSize=0, isSupportFuncEntry=0, functionEntryFlag=128, functionEntry=0.
[INFO] RUNTIME(111294,npu_reader):2026-09-21-12:30:46.578.145 [elf.cc:884] 111294 ParseKernelMetaData: section name = .ascend.meta.mul_Ascend910B2_float16_210000000.
[INFO] RUNTIME(111294,npu_reader):2026-09-21-12:30:46.578.147 [elf.cc:575] 111294 ElfParseParamSummary: paramCount=4, paramTotalSize=32.
[INFO] RUNTIME(111294,npu_reader):2026-09-21-12:30:46.578.150 [elf.cc:610] 111294 ElfParseParamInfo: Cache param info: ordinal=0, offset=0, size=8, align=8, paramType=2, spaceIndex=0.
[INFO] RUNTIME(111294,npu_reader):2026-09-21-12:30:46.578.152 [elf.cc:610] 111294 ElfParseParamInfo: Cache param info: ordinal=1, offset=8, size=8, align=8, paramType=2, spaceIndex=0.
[INFO] RUNTIME(111294,npu_reader):2026-09-21-12:30:46.578.155 [elf.cc:610] 111294 ElfParseParamInfo: Cache param info: ordinal=2, offset=16, size=8, align=8, paramType=2, spaceIndex=0.
[INFO] RUNTIME(111294,npu_reader):2026-09-21-12:30:46.578.157 [elf.cc:610] 111294 ElfParseParamInfo: Cache param info: ordinal=3, offset=24, size=8, align=8, paramType=2, spaceIndex=0.
[INFO] RUNTIME(111294,npu_reader):2026-09-21-12:30:46.578.159 [elf.cc:916] 111294 ParseKernelMetaData: kernel_name=mul_Ascend910B2_float16_210000000, ration[0]=0, ration[1]=0, dfxAddr=0xaaac332a3334, dfxSize=176, funcType=0, crossCoreSync=0, kernelVfType=0, shareMemSize=0, minStackSize=0, isSupportFuncEntry=0, functionEntryFlag=128, functionEntry=0.
[INFO] RUNTIME(111294,npu_reader):2026-09-21-12:30:46.578.172 [elf.cc:1076] 111294 UpdateCachedParamInfos: Restore cached param info: kernel_name=mul_Ascend910B2_float16_232010000, ordinal=0, offset=0, size=8.
[INFO] RUNTIME(111294,npu_reader):2026-09-21-12:30:46.578.174 [elf.cc:1076] 111294 UpdateCachedParamInfos: Restore cached param info: kernel_name=mul_Ascend910B2_float16_232010000, ordinal=1, offset=8, size=8.
[INFO] RUNTIME(111294,npu_reader):2026-09-21-12:30:46.578.177 [elf.cc:1076] 111294 UpdateCachedParamInfos: Restore cached param info: kernel_name=mul_Ascend910B2_float16_232010000, ordinal=2, offset=16, size=8.
[INFO] RUNTIME(111294,npu_reader):2026-09-21-12:30:46.578.179 [elf.cc:1076] 111294 UpdateCachedParamInfos: Restore cached param info: kernel_name=mul_Ascend910B2_float16_232010000, ordinal=3, offset=24, size=8.
[INFO] RUNTIME(111294,npu_reader):2026-09-21-12:30:46.578.181 [elf.cc:1145] 111294 UpdateKernelsInfo: update meta info, kernel_name=mul_Ascend910B2_float16_232010000, dfxAddr=0xaaac332a2f80, dfxSize=176, funcType=0, elfDataFlag=1, userArgsNum=0, crossCoreSync=0, kernelVfType=0, shareMemSize=0, minStackSize=0, funcEntryType=0, functionEntry=0, schedMode=0, taskRation_0=0, taskRation_1=0, hasParamSummary=1, paramCount=4, paramTotalSize=32.
[INFO] RUNTIME(111294,npu_reader):2026-09-21-12:30:46.578.185 [elf.cc:1076] 111294 UpdateCachedParamInfos: Restore cached param info: kernel_name=mul_Ascend910B2_float16_232000000, ordinal=0, offset=0, size=8.
[INFO] RUNTIME(111294,npu_reader):2026-09-21-12:30:46.578.187 [elf.cc:1076] 111294 UpdateCachedParamInfos: Restore cached param info: kernel_name=mul_Ascend910B2_float16_232000000, ordinal=1, offset=8, size=8.
[INFO] RUNTIME(111294,npu_reader):2026-09-21-12:30:46.578.189 [elf.cc:1076] 111294 UpdateCachedParamInfos: Restore cached param info: kernel_name=mul_Ascend910B2_float16_232000000, ordinal=2, offset=16, size=8.
[INFO] RUNTIME(111294,npu_reader):2026-09-21-12:30:46.578.192 [elf.cc:1076] 111294 UpdateCachedParamInfos: Restore cached param info: kernel_name=mul_Ascend910B2_float16_232000000, ordinal=3, offset=24, size=8.
[INFO] RUNTIME(111294,npu_reader):2026-09-21-12:30:46.578.194 [elf.cc:1145] 111294 UpdateKernelsInfo: update meta info, kernel_name=mul_Ascend910B2_float16_232000000, dfxAddr=0xaaac332a3074, dfxSize=176, funcType=0, elfDataFlag=1, userArgsNum=0, crossCoreSync=0, kernelVfType=0, shareMemSize=0, minStackSize=0, funcEntryType=0, functionEntry=0, schedMode=0, taskRation_0=0, taskRation_1=0, hasParamSummary=1, paramCount=4, paramTotalSize=32.
[INFO] RUNTIME(111294,npu_reader):2026-09-21-12:30:46.578.198 [elf.cc:1076] 111294 UpdateCachedParamInfos: Restore cached param info: kernel_name=mul_Ascend910B2_float16_223010000, ordinal=0, offset=0, size=8.
[INFO] RUNTIME(111294,npu_reader):2026-09-21-12:30:46.578.200 [elf.cc:1076] 111294 UpdateCachedParamInfos: Restore cached param info: kernel_name=mul_Ascend910B2_float16_223010000, ordinal=1, offset=8, size=8.
[INFO] RUNTIME(111294,npu_reader):2026-09-21-12:30:46.578.203 [elf.cc:1076] 111294 UpdateCachedParamInfos: Restore cached param info: kernel_name=mul_Ascend910B2_float16_223010000, ordinal=2, offset=16, size=8.
[INFO] RUNTIME(111294,npu_reader):2026-09-21-12:30:46.578.205 [elf.cc:1076] 111294 UpdateCachedParamInfos: Restore cached param info: kernel_name=mul_Ascend910B2_float16_223010000, ordinal=3, offset=24, size=8.
[INFO] RUNTIME(111294,npu_reader):2026-09-21-12:30:46.578.207 [elf.cc:1145] 111294 UpdateKernelsInfo: update meta info, kernel_name=mul_Ascend910B2_float16_223010000, dfxAddr=0xaaac332a3124, dfxSize=176, funcType=0, elfDataFlag=1, userArgsNum=0, crossCoreSync=0, kernelVfType=0, shareMemSize=0, minStackSize=0, funcEntryType=0, functionEntry=0, schedMode=0, taskRation_0=0, taskRation_1=0, hasParamSummary=1, paramCount=4, paramTotalSize=32.
[INFO] RUNTIME(111294,npu_reader):2026-09-21-12:30:46.578.210 [elf.cc:1076] 111294 UpdateCachedParamInfos: Restore cached param info: kernel_name=mul_Ascend910B2_float16_223000000, ordinal=0, offset=0, size=8.
[INFO] RUNTIME(111294,npu_reader):2026-09-21-12:30:46.578.213 [elf.cc:1076] 111294 UpdateCachedParamInfos: Restore cached param info: kernel_name=mul_Ascend910B2_float16_223000000, ordinal=1, offset=8, size=8.
[INFO] RUNTIME(111294,npu_reader):2026-09-21-12:30:46.578.215 [elf.cc:1076] 111294 UpdateCachedParamInfos: Restore cached param info: kernel_name=mul_Ascend910B2_float16_223000000, ordinal=2, offset=16, size=8.
[INFO] RUNTIME(111294,npu_reader):2026-09-21-12:30:46.578.217 [elf.cc:1076] 111294 UpdateCachedParamInfos: Restore cached param info: kernel_name=mul_Ascend910B2_float16_223000000, ordinal=3, offset=24, size=8.
[INFO] RUNTIME(111294,npu_reader):2026-09-21-12:30:46.578.219 [elf.cc:1145] 111294 UpdateKernelsInfo: update meta info, kernel_name=mul_Ascend910B2_float16_223000000, dfxAddr=0xaaac332a31d4, dfxSize=176, funcType=0, elfDataFlag=1, userArgsNum=0, crossCoreSync=0, kernelVfType=0, shareMemSize=0, minStackSize=0, funcEntryType=0, functionEntry=0, schedMode=0, taskRation_0=0, taskRation_1=0, hasParamSummary=1, paramCount=4, paramTotalSize=32.
[INFO] RUNTIME(111294,npu_reader):2026-09-21-12:30:46.578.223 [elf.cc:1076] 111294 UpdateCachedParamInfos: Restore cached param info: kernel_name=mul_Ascend910B2_float16_210010000, ordinal=0, offset=0, size=8.
[INFO] RUNTIME(111294,npu_reader):2026-09-21-12:30:46.578.225 [elf.cc:1076] 111294 UpdateCachedParamInfos: Restore cached param info: kernel_name=mul_Ascend910B2_float16_210010000, ordinal=1, offset=8, size=8.
[INFO] RUNTIME(111294,npu_reader):2026-09-21-12:30:46.578.227 [elf.cc:1076] 111294 UpdateCachedParamInfos: Restore cached param info: kernel_name=mul_Ascend910B2_float16_210010000, ordinal=2, offset=16, size=8.
[INFO] RUNTIME(111294,npu_reader):2026-09-21-12:30:46.578.229 [elf.cc:1076] 111294 UpdateCachedParamInfos: Restore cached param info: kernel_name=mul_Ascend910B2_float16_210010000, ordinal=3, offset=24, size=8.
[INFO] RUNTIME(111294,npu_reader):2026-09-21-12:30:46.578.232 [elf.cc:1145] 111294 UpdateKernelsInfo: update meta info, kernel_name=mul_Ascend910B2_float16_210010000, dfxAddr=0xaaac332a3284, dfxSize=176, funcType=0, elfDataFlag=1, userArgsNum=0, crossCoreSync=0, kernelVfType=0, shareMemSize=0, minStackSize=0, funcEntryType=0, functionEntry=0, schedMode=0, taskRation_0=0, taskRation_1=0, hasParamSummary=1, paramCount=4, paramTotalSize=32.
[INFO] RUNTIME(111294,npu_reader):2026-09-21-12:30:46.578.235 [elf.cc:1076] 111294 UpdateCachedParamInfos: Restore cached param info: kernel_name=mul_Ascend910B2_float16_210000000, ordinal=0, offset=0, size=8.
[INFO] RUNTIME(111294,npu_reader):2026-09-21-12:30:46.578.238 [elf.cc:1076] 111294 UpdateCachedParamInfos: Restore cached param info: kernel_name=mul_Ascend910B2_float16_210000000, ordinal=1, offset=8, size=8.
[INFO] RUNTIME(111294,npu_reader):2026-09-21-12:30:46.578.240 [elf.cc:1076] 111294 UpdateCachedParamInfos: Restore cached param info: kernel_name=mul_Ascend910B2_float16_210000000, ordinal=2, offset=16, size=8.
[INFO] RUNTIME(111294,npu_reader):2026-09-21-12:30:46.578.242 [elf.cc:1076] 111294 UpdateCachedParamInfos: Restore cached param info: kernel_name=mul_Ascend910B2_float16_210000000, ordinal=3, offset=24, size=8.
[INFO] RUNTIME(111294,npu_reader):2026-09-21-12:30:46.578.244 [elf.cc:1145] 111294 UpdateKernelsInfo: update meta info, kernel_name=mul_Ascend910B2_float16_210000000, dfxAddr=0xaaac332a3334, dfxSize=176, funcType=0, elfDataFlag=1, userArgsNum=0, crossCoreSync=0, kernelVfType=0, shareMemSize=0, minStackSize=0, funcEntryType=0, functionEntry=0, schedMode=0, taskRation_0=0, taskRation_1=0, hasParamSummary=1, paramCount=4, paramTotalSize=32.
[INFO] RUNTIME(111294,npu_reader):2026-09-21-12:30:46.578.248 [runtime.cc:1448] 111294 AddProgramToPool: progId=4
[INFO] RUNTIME(111294,npu_reader):2026-09-21-12:30:46.578.251 [program.cc:1649] 111294 GetKernelTypeAndMixType: Get kernel type success, kernelName=mul_Ascend910B2_float16_232010000, funcType=0, kernelAttrType=2, mixType=0
[INFO] RUNTIME(111294,npu_reader):2026-09-21-12:30:46.578.255 [program.cc:1119] 111294 SetKernelAttribute: kernel_name=mul_Ascend910B2_float16_232010000, kernelAttrType=2, userParamNum=0, sysParamNum=1, IsNeedSetFftsAddrInArg=0, isSupportOverFlow=1, elfDataFlag=1
[INFO] RUNTIME(111294,npu_reader):2026-09-21-12:30:46.578.258 [program.cc:1690] 111294 BuildNewKernel: new kernel success, size=1320, programId=4, original kernel_name=mul_Ascend910B2_float16_232010000, register kernel_name=mul_Ascend910B2_float16_232010000, tilingKey=232010000, functionEntry=0, funcType=0, kernelAttrType=2, mixType=0, taskRation=2, offset=0, dfxAddr=187656569499520, dfxSize=176
[INFO] RUNTIME(111294,npu_reader):2026-09-21-12:30:46.578.262 [program.cc:1649] 111294 GetKernelTypeAndMixType: Get kernel type success, kernelName=mul_Ascend910B2_float16_232000000, funcType=0, kernelAttrType=2, mixType=0
[INFO] RUNTIME(111294,npu_reader):2026-09-21-12:30:46.578.265 [program.cc:1119] 111294 SetKernelAttribute: kernel_name=mul_Ascend910B2_float16_232000000, kernelAttrType=2, userParamNum=0, sysParamNum=1, IsNeedSetFftsAddrInArg=0, isSupportOverFlow=1, elfDataFlag=1
[INFO] RUNTIME(111294,npu_reader):2026-09-21-12:30:46.578.267 [program.cc:1690] 111294 BuildNewKernel: new kernel success, size=1320, programId=4, original kernel_name=mul_Ascend910B2_float16_232000000, register kernel_name=mul_Ascend910B2_float16_232000000, tilingKey=232000000, functionEntry=0, funcType=0, kernelAttrType=2, mixType=0, taskRation=2, offset=1520, dfxAddr=187656569499764, dfxSize=176
[INFO] RUNTIME(111294,npu_reader):2026-09-21-12:30:46.578.271 [program.cc:1649] 111294 GetKernelTypeAndMixType: Get kernel type success, kernelName=mul_Ascend910B2_float16_223010000, funcType=0, kernelAttrType=2, mixType=0
[INFO] RUNTIME(111294,npu_reader):2026-09-21-12:30:46.578.274 [program.cc:1119] 111294 SetKernelAttribute: kernel_name=mul_Ascend910B2_float16_223010000, kernelAttrType=2, userParamNum=0, sysParamNum=1, IsNeedSetFftsAddrInArg=0, isSupportOverFlow=1, elfDataFlag=1
[INFO] RUNTIME(111294,npu_reader):2026-09-21-12:30:46.578.277 [program.cc:1690] 111294 BuildNewKernel: new kernel success, size=1320, programId=4, original kernel_name=mul_Ascend910B2_float16_223010000, register kernel_name=mul_Ascend910B2_float16_223010000, tilingKey=223010000, functionEntry=0, funcType=0, kernelAttrType=2, mixType=0, taskRation=2, offset=2448, dfxAddr=187656569499940, dfxSize=176
[INFO] RUNTIME(111294,npu_reader):2026-09-21-12:30:46.578.281 [program.cc:1649] 111294 GetKernelTypeAndMixType: Get kernel type success, kernelName=mul_Ascend910B2_float16_223000000, funcType=0, kernelAttrType=2, mixType=0
[INFO] RUNTIME(111294,npu_reader):2026-09-21-12:30:46.578.284 [program.cc:1119] 111294 SetKernelAttribute: kernel_name=mul_Ascend910B2_float16_223000000, kernelAttrType=2, userParamNum=0, sysParamNum=1, IsNeedSetFftsAddrInArg=0, isSupportOverFlow=1, elfDataFlag=1
[INFO] RUNTIME(111294,npu_reader):2026-09-21-12:30:46.578.287 [program.cc:1690] 111294 BuildNewKernel: new kernel success, size=1320, programId=4, original kernel_name=mul_Ascend910B2_float16_223000000, register kernel_name=mul_Ascend910B2_float16_223000000, tilingKey=223000000, functionEntry=0, funcType=0, kernelAttrType=2, mixType=0, taskRation=2, offset=4028, dfxAddr=187656569500116, dfxSize=176
[INFO] RUNTIME(111294,npu_reader):2026-09-21-12:30:46.578.291 [program.cc:1649] 111294 GetKernelTypeAndMixType: Get kernel type success, kernelName=mul_Ascend910B2_float16_210010000, funcType=0, kernelAttrType=2, mixType=0
[INFO] RUNTIME(111294,npu_reader):2026-09-21-12:30:46.578.294 [program.cc:1119] 111294 SetKernelAttribute: kernel_name=mul_Ascend910B2_float16_210010000, kernelAttrType=2, userParamNum=0, sysParamNum=1, IsNeedSetFftsAddrInArg=0, isSupportOverFlow=1, elfDataFlag=1
[INFO] RUNTIME(111294,npu_reader):2026-09-21-12:30:46.578.296 [program.cc:1690] 111294 BuildNewKernel: new kernel success, size=1320, programId=4, original kernel_name=mul_Ascend910B2_float16_210010000, register kernel_name=mul_Ascend910B2_float16_210010000, tilingKey=210010000, functionEntry=0, funcType=0, kernelAttrType=2, mixType=0, taskRation=2, offset=4944, dfxAddr=187656569500292, dfxSize=176
[INFO] RUNTIME(111294,npu_reader):2026-09-21-12:30:46.578.300 [program.cc:1649] 111294 GetKernelTypeAndMixType: Get kernel type success, kernelName=mul_Ascend910B2_float16_210000000, funcType=0, kernelAttrType=2, mixType=0
[INFO] RUNTIME(111294,npu_reader):2026-09-21-12:30:46.578.303 [program.cc:1119] 111294 SetKernelAttribute: kernel_name=mul_Ascend910B2_float16_210000000, kernelAttrType=2, userParamNum=0, sysParamNum=1, IsNeedSetFftsAddrInArg=0, isSupportOverFlow=1, elfDataFlag=1
[INFO] RUNTIME(111294,npu_reader):2026-09-21-12:30:46.578.306 [program.cc:1690] 111294 BuildNewKernel: new kernel success, size=1320, programId=4, original kernel_name=mul_Ascend910B2_float16_210000000, register kernel_name=mul_Ascend910B2_float16_210000000, tilingKey=210000000, functionEntry=0, funcType=0, kernelAttrType=2, mixType=0, taskRation=2, offset=6540, dfxAddr=187656569500468, dfxSize=176
[INFO] RUNTIME(111294,npu_reader):2026-09-21-12:30:46.578.333 [binary_loader.cc:364] 111294 LoadFromData: New ElfProgram ok, magic=1094799942, kernelAttrType=2, Runtime_alloc_size=11072
[INFO] RUNTIME(111294,npu_reader):2026-09-21-12:30:46.578.342 [program.cc:204] 111294 SaveBinaryData: Malloc the buffer for elfData, len=14920
[INFO] RUNTIME(111294,npu_reader):2026-09-21-12:30:46.578.345 [elf.cc:884] 111294 ParseKernelMetaData: section name = .text.
[INFO] RUNTIME(111294,npu_reader):2026-09-21-12:30:46.578.348 [elf.cc:884] 111294 ParseKernelMetaData: section name = .ascend.stack.size.record.
[INFO] RUNTIME(111294,npu_reader):2026-09-21-12:30:46.578.350 [elf.cc:884] 111294 ParseKernelMetaData: section name = __CCE_KernelArgSize.
[INFO] RUNTIME(111294,npu_reader):2026-09-21-12:30:46.578.353 [elf.cc:884] 111294 ParseKernelMetaData: section name = .ascend.meta.mul_Ascend910B3_float16_232010000.
[INFO] RUNTIME(111294,npu_reader):2026-09-21-12:30:46.578.355 [elf.cc:575] 111294 ElfParseParamSummary: paramCount=4, paramTotalSize=32.
[INFO] RUNTIME(111294,npu_reader):2026-09-21-12:30:46.578.357 [elf.cc:610] 111294 ElfParseParamInfo: Cache param info: ordinal=0, offset=0, size=8, align=8, paramType=2, spaceIndex=0.
[INFO] RUNTIME(111294,npu_reader):2026-09-21-12:30:46.578.360 [elf.cc:610] 111294 ElfParseParamInfo: Cache param info: ordinal=1, offset=8, size=8, align=8, paramType=2, spaceIndex=0.
[INFO] RUNTIME(111294,npu_reader):2026-09-21-12:30:46.578.363 [elf.cc:610] 111294 ElfParseParamInfo: Cache param info: ordinal=2, offset=16, size=8, align=8, paramType=2, spaceIndex=0.
[INFO] RUNTIME(111294,npu_reader):2026-09-21-12:30:46.578.365 [elf.cc:610] 111294 ElfParseParamInfo: Cache param info: ordinal=3, offset=24, size=8, align=8, paramType=2, spaceIndex=0.
[INFO] RUNTIME(111294,npu_reader):2026-09-21-12:30:46.578.368 [elf.cc:916] 111294 ParseKernelMetaData: kernel_name=mul_Ascend910B3_float16_232010000, ration[0]=0, ration[1]=0, dfxAddr=0xaaac332af9e0, dfxSize=176, funcType=0, crossCoreSync=0, kernelVfType=0, shareMemSize=0, minStackSize=0, isSupportFuncEntry=0, functionEntryFlag=128, functionEntry=0.
[INFO] RUNTIME(111294,npu_reader):2026-09-21-12:30:46.578.371 [elf.cc:884] 111294 ParseKernelMetaData: section name = .comment.
[INFO] RUNTIME(111294,npu_reader):2026-09-21-12:30:46.578.373 [elf.cc:884] 111294 ParseKernelMetaData: section name = .ascend.meta.mul_Ascend910B3_float16_232000000.
[INFO] RUNTIME(111294,npu_reader):2026-09-21-12:30:46.578.375 [elf.cc:575] 111294 ElfParseParamSummary: paramCount=4, paramTotalSize=32.
[INFO] RUNTIME(111294,npu_reader):2026-09-21-12:30:46.578.378 [elf.cc:610] 111294 ElfParseParamInfo: Cache param info: ordinal=0, offset=0, size=8, align=8, paramType=2, spaceIndex=0.
[INFO] RUNTIME(111294,npu_reader):2026-09-21-12:30:46.578.380 [elf.cc:610] 111294 ElfParseParamInfo: Cache param info: ordinal=1, offset=8, size=8, align=8, paramType=2, spaceIndex=0.
[INFO] RUNTIME(111294,npu_reader):2026-09-21-12:30:46.578.382 [elf.cc:610] 111294 ElfParseParamInfo: Cache param info: ordinal=2, offset=16, size=8, align=8, paramType=2, spaceIndex=0.
[INFO] RUNTIME(111294,npu_reader):2026-09-21-12:30:46.578.385 [elf.cc:610] 111294 ElfParseParamInfo: Cache param info: ordinal=3, offset=24, size=8, align=8, paramType=2, spaceIndex=0.
[INFO] RUNTIME(111294,npu_reader):2026-09-21-12:30:46.578.387 [elf.cc:916] 111294 ParseKernelMetaData: kernel_name=mul_Ascend910B3_float16_232000000, ration[0]=0, ration[1]=0, dfxAddr=0xaaac332afad4, dfxSize=176, funcType=0, crossCoreSync=0, kernelVfType=0, shareMemSize=0, minStackSize=0, isSupportFuncEntry=0, functionEntryFlag=128, functionEntry=0.
[INFO] RUNTIME(111294,npu_reader):2026-09-21-12:30:46.578.390 [elf.cc:884] 111294 ParseKernelMetaData: section name = .ascend.meta.mul_Ascend910B3_float16_223010000.
[INFO] RUNTIME(111294,npu_reader):2026-09-21-12:30:46.578.392 [elf.cc:575] 111294 ElfParseParamSummary: paramCount=4, paramTotalSize=32.
[INFO] RUNTIME(111294,npu_reader):2026-09-21-12:30:46.578.395 [elf.cc:610] 111294 ElfParseParamInfo: Cache param info: ordinal=0, offset=0, size=8, align=8, paramType=2, spaceIndex=0.
[INFO] RUNTIME(111294,npu_reader):2026-09-21-12:30:46.578.397 [elf.cc:610] 111294 ElfParseParamInfo: Cache param info: ordinal=1, offset=8, size=8, align=8, paramType=2, spaceIndex=0.
[INFO] RUNTIME(111294,npu_reader):2026-09-21-12:30:46.578.400 [elf.cc:610] 111294 ElfParseParamInfo: Cache param info: ordinal=2, offset=16, size=8, align=8, paramType=2, spaceIndex=0.
[INFO] RUNTIME(111294,npu_reader):2026-09-21-12:30:46.578.402 [elf.cc:610] 111294 ElfParseParamInfo: Cache param info: ordinal=3, offset=24, size=8, align=8, paramType=2, spaceIndex=0.
[INFO] RUNTIME(111294,npu_reader):2026-09-21-12:30:46.578.404 [elf.cc:916] 111294 ParseKernelMetaData: kernel_name=mul_Ascend910B3_float16_223010000, ration[0]=0, ration[1]=0, dfxAddr=0xaaac332afb84, dfxSize=176, funcType=0, crossCoreSync=0, kernelVfType=0, shareMemSize=0, minStackSize=0, isSupportFuncEntry=0, functionEntryFlag=128, functionEntry=0.
[INFO] RUNTIME(111294,npu_reader):2026-09-21-12:30:46.578.408 [elf.cc:884] 111294 ParseKernelMetaData: section name = .ascend.meta.mul_Ascend910B3_float16_223000000.
[INFO] RUNTIME(111294,npu_reader):2026-09-21-12:30:46.578.410 [elf.cc:575] 111294 ElfParseParamSummary: paramCount=4, paramTotalSize=32.
[INFO] RUNTIME(111294,npu_reader):2026-09-21-12:30:46.578.412 [elf.cc:610] 111294 ElfParseParamInfo: Cache param info: ordinal=0, offset=0, size=8, align=8, paramType=2, spaceIndex=0.
[INFO] RUNTIME(111294,npu_reader):2026-09-21-12:30:46.578.415 [elf.cc:610] 111294 ElfParseParamInfo: Cache param info: ordinal=1, offset=8, size=8, align=8, paramType=2, spaceIndex=0.
[INFO] RUNTIME(111294,npu_reader):2026-09-21-12:30:46.578.417 [elf.cc:610] 111294 ElfParseParamInfo: Cache param info: ordinal=2, offset=16, size=8, align=8, paramType=2, spaceIndex=0.
[INFO] RUNTIME(111294,npu_reader):2026-09-21-12:30:46.578.420 [elf.cc:610] 111294 ElfParseParamInfo: Cache param info: ordinal=3, offset=24, size=8, align=8, paramType=2, spaceIndex=0.
[INFO] RUNTIME(111294,npu_reader):2026-09-21-12:30:46.578.422 [elf.cc:916] 111294 ParseKernelMetaData: kernel_name=mul_Ascend910B3_float16_223000000, ration[0]=0, ration[1]=0, dfxAddr=0xaaac332afc34, dfxSize=176, funcType=0, crossCoreSync=0, kernelVfType=0, shareMemSize=0, minStackSize=0, isSupportFuncEntry=0, functionEntryFlag=128, functionEntry=0.
[INFO] RUNTIME(111294,npu_reader):2026-09-21-12:30:46.578.425 [elf.cc:884] 111294 ParseKernelMetaData: section name = .ascend.meta.mul_Ascend910B3_float16_210010000.
[INFO] RUNTIME(111294,npu_reader):2026-09-21-12:30:46.578.428 [elf.cc:575] 111294 ElfParseParamSummary: paramCount=4, paramTotalSize=32.
[INFO] RUNTIME(111294,npu_reader):2026-09-21-12:30:46.578.430 [elf.cc:610] 111294 ElfParseParamInfo: Cache param info: ordinal=0, offset=0, size=8, align=8, paramType=2, spaceIndex=0.
[INFO] RUNTIME(111294,npu_reader):2026-09-21-12:30:46.578.432 [elf.cc:610] 111294 ElfParseParamInfo: Cache param info: ordinal=1, offset=8, size=8, align=8, paramType=2, spaceIndex=0.
[INFO] RUNTIME(111294,npu_reader):2026-09-21-12:30:46.578.435 [elf.cc:610] 111294 ElfParseParamInfo: Cache param info: ordinal=2, offset=16, size=8, align=8, paramType=2, spaceIndex=0.
[INFO] RUNTIME(111294,npu_reader):2026-09-21-12:30:46.578.437 [elf.cc:610] 111294 ElfParseParamInfo: Cache param info: ordinal=3, offset=24, size=8, align=8, paramType=2, spaceIndex=0.
[INFO] RUNTIME(111294,npu_reader):2026-09-21-12:30:46.578.439 [elf.cc:916] 111294 ParseKernelMetaData: kernel_name=mul_Ascend910B3_float16_210010000, ration[0]=0, ration[1]=0, dfxAddr=0xaaac332afce4, dfxSize=176, funcType=0, crossCoreSync=0, kernelVfType=0, shareMemSize=0, minStackSize=0, isSupportFuncEntry=0, functionEntryFlag=128, functionEntry=0.
[INFO] RUNTIME(111294,npu_reader):2026-09-21-12:30:46.578.443 [elf.cc:884] 111294 ParseKernelMetaData: section name = .ascend.meta.mul_Ascend910B3_float16_210000000.
[INFO] RUNTIME(111294,npu_reader):2026-09-21-12:30:46.578.445 [elf.cc:575] 111294 ElfParseParamSummary: paramCount=4, paramTotalSize=32.
[INFO] RUNTIME(111294,npu_reader):2026-09-21-12:30:46.578.447 [elf.cc:610] 111294 ElfParseParamInfo: Cache param info: ordinal=0, offset=0, size=8, align=8, paramType=2, spaceIndex=0.
[INFO] RUNTIME(111294,npu_reader):2026-09-21-12:30:46.578.449 [elf.cc:610] 111294 ElfParseParamInfo: Cache param info: ordinal=1, offset=8, size=8, align=8, paramType=2, spaceIndex=0.
[INFO] RUNTIME(111294,npu_reader):2026-09-21-12:30:46.578.452 [elf.cc:610] 111294 ElfParseParamInfo: Cache param info: ordinal=2, offset=16, size=8, align=8, paramType=2, spaceIndex=0.
[INFO] RUNTIME(111294,npu_reader):2026-09-21-12:30:46.578.454 [elf.cc:610] 111294 ElfParseParamInfo: Cache param info: ordinal=3, offset=24, size=8, align=8, paramType=2, spaceIndex=0.
[INFO] RUNTIME(111294,npu_reader):2026-09-21-12:30:46.578.457 [elf.cc:916] 111294 ParseKernelMetaData: kernel_name=mul_Ascend910B3_float16_210000000, ration[0]=0, ration[1]=0, dfxAddr=0xaaac332afd94, dfxSize=176, funcType=0, crossCoreSync=0, kernelVfType=0, shareMemSize=0, minStackSize=0, isSupportFuncEntry=0, functionEntryFlag=128, functionEntry=0.
[INFO] RUNTIME(111294,npu_reader):2026-09-21-12:30:46.578.469 [elf.cc:1076] 111294 UpdateCachedParamInfos: Restore cached param info: kernel_name=mul_Ascend910B3_float16_232010000, ordinal=0, offset=0, size=8.
[INFO] RUNTIME(111294,npu_reader):2026-09-21-12:30:46.578.472 [elf.cc:1076] 111294 UpdateCachedParamInfos: Restore cached param info: kernel_name=mul_Ascend910B3_float16_232010000, ordinal=1, offset=8, size=8.
[INFO] RUNTIME(111294,npu_reader):2026-09-21-12:30:46.578.474 [elf.cc:1076] 111294 UpdateCachedParamInfos: Restore cached param info: kernel_name=mul_Ascend910B3_float16_232010000, ordinal=2, offset=16, size=8.
[INFO] RUNTIME(111294,npu_reader):2026-09-21-12:30:46.578.477 [elf.cc:1076] 111294 UpdateCachedParamInfos: Restore cached param info: kernel_name=mul_Ascend910B3_float16_232010000, ordinal=3, offset=24, size=8.
[INFO] RUNTIME(111294,npu_reader):2026-09-21-12:30:46.578.479 [elf.cc:1145] 111294 UpdateKernelsInfo: update meta info, kernel_name=mul_Ascend910B3_float16_232010000, dfxAddr=0xaaac332af9e0, dfxSize=176, funcType=0, elfDataFlag=1, userArgsNum=0, crossCoreSync=0, kernelVfType=0, shareMemSize=0, minStackSize=0, funcEntryType=0, functionEntry=0, schedMode=0, taskRation_0=0, taskRation_1=0, hasParamSummary=1, paramCount=4, paramTotalSize=32.
[INFO] RUNTIME(111294,npu_reader):2026-09-21-12:30:46.578.483 [elf.cc:1076] 111294 UpdateCachedParamInfos: Restore cached param info: kernel_name=mul_Ascend910B3_float16_232000000, ordinal=0, offset=0, size=8.
[INFO] RUNTIME(111294,npu_reader):2026-09-21-12:30:46.578.485 [elf.cc:1076] 111294 UpdateCachedParamInfos: Restore cached param info: kernel_name=mul_Ascend910B3_float16_232000000, ordinal=1, offset=8, size=8.
[INFO] RUNTIME(111294,npu_reader):2026-09-21-12:30:46.578.487 [elf.cc:1076] 111294 UpdateCachedParamInfos: Restore cached param info: kernel_name=mul_Ascend910B3_float16_232000000, ordinal=2, offset=16, size=8.
[INFO] RUNTIME(111294,npu_reader):2026-09-21-12:30:46.578.489 [elf.cc:1076] 111294 UpdateCachedParamInfos: Restore cached param info: kernel_name=mul_Ascend910B3_float16_232000000, ordinal=3, offset=24, size=8.
[INFO] RUNTIME(111294,npu_reader):2026-09-21-12:30:46.578.492 [elf.cc:1145] 111294 UpdateKernelsInfo: update meta info, kernel_name=mul_Ascend910B3_float16_232000000, dfxAddr=0xaaac332afad4, dfxSize=176, funcType=0, elfDataFlag=1, userArgsNum=0, crossCoreSync=0, kernelVfType=0, shareMemSize=0, minStackSize=0, funcEntryType=0, functionEntry=0, schedMode=0, taskRation_0=0, taskRation_1=0, hasParamSummary=1, paramCount=4, paramTotalSize=32.
[INFO] RUNTIME(111294,npu_reader):2026-09-21-12:30:46.578.495 [elf.cc:1076] 111294 UpdateCachedParamInfos: Restore cached param info: kernel_name=mul_Ascend910B3_float16_223010000, ordinal=0, offset=0, size=8.
[INFO] RUNTIME(111294,npu_reader):2026-09-21-12:30:46.578.498 [elf.cc:1076] 111294 UpdateCachedParamInfos: Restore cached param info: kernel_name=mul_Ascend910B3_float16_223010000, ordinal=1, offset=8, size=8.
[INFO] RUNTIME(111294,npu_reader):2026-09-21-12:30:46.578.500 [elf.cc:1076] 111294 UpdateCachedParamInfos: Restore cached param info: kernel_name=mul_Ascend910B3_float16_223010000, ordinal=2, offset=16, size=8.
[INFO] RUNTIME(111294,npu_reader):2026-09-21-12:30:46.578.502 [elf.cc:1076] 111294 UpdateCachedParamInfos: Restore cached param info: kernel_name=mul_Ascend910B3_float16_223010000, ordinal=3, offset=24, size=8.
[INFO] RUNTIME(111294,npu_reader):2026-09-21-12:30:46.578.504 [elf.cc:1145] 111294 UpdateKernelsInfo: update meta info, kernel_name=mul_Ascend910B3_float16_223010000, dfxAddr=0xaaac332afb84, dfxSize=176, funcType=0, elfDataFlag=1, userArgsNum=0, crossCoreSync=0, kernelVfType=0, shareMemSize=0, minStackSize=0, funcEntryType=0, functionEntry=0, schedMode=0, taskRation_0=0, taskRation_1=0, hasParamSummary=1, paramCount=4, paramTotalSize=32.
[INFO] RUNTIME(111294,npu_reader):2026-09-21-12:30:46.578.508 [elf.cc:1076] 111294 UpdateCachedParamInfos: Restore cached param info: kernel_name=mul_Ascend910B3_float16_223000000, ordinal=0, offset=0, size=8.
[INFO] RUNTIME(111294,npu_reader):2026-09-21-12:30:46.578.510 [elf.cc:1076] 111294 UpdateCachedParamInfos: Restore cached param info: kernel_name=mul_Ascend910B3_float16_223000000, ordinal=1, offset=8, size=8.
[INFO] RUNTIME(111294,npu_reader):2026-09-21-12:30:46.578.512 [elf.cc:1076] 111294 UpdateCachedParamInfos: Restore cached param info: kernel_name=mul_Ascend910B3_float16_223000000, ordinal=2, offset=16, size=8.
[INFO] RUNTIME(111294,npu_reader):2026-09-21-12:30:46.578.515 [elf.cc:1076] 111294 UpdateCachedParamInfos: Restore cached param info: kernel_name=mul_Ascend910B3_float16_223000000, ordinal=3, offset=24, size=8.
[INFO] RUNTIME(111294,npu_reader):2026-09-21-12:30:46.578.517 [elf.cc:1145] 111294 UpdateKernelsInfo: update meta info, kernel_name=mul_Ascend910B3_float16_223000000, dfxAddr=0xaaac332afc34, dfxSize=176, funcType=0, elfDataFlag=1, userArgsNum=0, crossCoreSync=0, kernelVfType=0, shareMemSize=0, minStackSize=0, funcEntryType=0, functionEntry=0, schedMode=0, taskRation_0=0, taskRation_1=0, hasParamSummary=1, paramCount=4, paramTotalSize=32.
[INFO] RUNTIME(111294,npu_reader):2026-09-21-12:30:46.578.520 [elf.cc:1076] 111294 UpdateCachedParamInfos: Restore cached param info: kernel_name=mul_Ascend910B3_float16_210010000, ordinal=0, offset=0, size=8.
[INFO] RUNTIME(111294,npu_reader):2026-09-21-12:30:46.578.523 [elf.cc:1076] 111294 UpdateCachedParamInfos: Restore cached param info: kernel_name=mul_Ascend910B3_float16_210010000, ordinal=1, offset=8, size=8.
[INFO] RUNTIME(111294,npu_reader):2026-09-21-12:30:46.578.525 [elf.cc:1076] 111294 UpdateCachedParamInfos: Restore cached param info: kernel_name=mul_Ascend910B3_float16_210010000, ordinal=2, offset=16, size=8.
[INFO] RUNTIME(111294,npu_reader):2026-09-21-12:30:46.578.527 [elf.cc:1076] 111294 UpdateCachedParamInfos: Restore cached param info: kernel_name=mul_Ascend910B3_float16_210010000, ordinal=3, offset=24, size=8.
[INFO] RUNTIME(111294,npu_reader):2026-09-21-12:30:46.578.529 [elf.cc:1145] 111294 UpdateKernelsInfo: update meta info, kernel_name=mul_Ascend910B3_float16_210010000, dfxAddr=0xaaac332afce4, dfxSize=176, funcType=0, elfDataFlag=1, userArgsNum=0, crossCoreSync=0, kernelVfType=0, shareMemSize=0, minStackSize=0, funcEntryType=0, functionEntry=0, schedMode=0, taskRation_0=0, taskRation_1=0, hasParamSummary=1, paramCount=4, paramTotalSize=32.
[INFO] RUNTIME(111294,npu_reader):2026-09-21-12:30:46.578.533 [elf.cc:1076] 111294 UpdateCachedParamInfos: Restore cached param info: kernel_name=mul_Ascend910B3_float16_210000000, ordinal=0, offset=0, size=8.
[INFO] RUNTIME(111294,npu_reader):2026-09-21-12:30:46.578.535 [elf.cc:1076] 111294 UpdateCachedParamInfos: Restore cached param info: kernel_name=mul_Ascend910B3_float16_210000000, ordinal=1, offset=8, size=8.
[INFO] RUNTIME(111294,npu_reader):2026-09-21-12:30:46.578.537 [elf.cc:1076] 111294 UpdateCachedParamInfos: Restore cached param info: kernel_name=mul_Ascend910B3_float16_210000000, ordinal=2, offset=16, size=8.
[INFO] RUNTIME(111294,npu_reader):2026-09-21-12:30:46.578.539 [elf.cc:1076] 111294 UpdateCachedParamInfos: Restore cached param info: kernel_name=mul_Ascend910B3_float16_210000000, ordinal=3, offset=24, size=8.
[INFO] RUNTIME(111294,npu_reader):2026-09-21-12:30:46.578.541 [elf.cc:1145] 111294 UpdateKernelsInfo: update meta info, kernel_name=mul_Ascend910B3_float16_210000000, dfxAddr=0xaaac332afd94, dfxSize=176, funcType=0, elfDataFlag=1, userArgsNum=0, crossCoreSync=0, kernelVfType=0, shareMemSize=0, minStackSize=0, funcEntryType=0, functionEntry=0, schedMode=0, taskRation_0=0, taskRation_1=0, hasParamSummary=1, paramCount=4, paramTotalSize=32.
[INFO] RUNTIME(111294,npu_reader):2026-09-21-12:30:46.578.545 [runtime.cc:1448] 111294 AddProgramToPool: progId=5
[INFO] RUNTIME(111294,npu_reader):2026-09-21-12:30:46.578.548 [program.cc:1649] 111294 GetKernelTypeAndMixType: Get kernel type success, kernelName=mul_Ascend910B3_float16_232010000, funcType=0, kernelAttrType=2, mixType=0
[INFO] RUNTIME(111294,npu_reader):2026-09-21-12:30:46.578.552 [program.cc:1119] 111294 SetKernelAttribute: kernel_name=mul_Ascend910B3_float16_232010000, kernelAttrType=2, userParamNum=0, sysParamNum=1, IsNeedSetFftsAddrInArg=0, isSupportOverFlow=1, elfDataFlag=1
[INFO] RUNTIME(111294,npu_reader):2026-09-21-12:30:46.578.554 [program.cc:1690] 111294 BuildNewKernel: new kernel success, size=1320, programId=5, original kernel_name=mul_Ascend910B3_float16_232010000, register kernel_name=mul_Ascend910B3_float16_232010000, tilingKey=232010000, functionEntry=0, funcType=0, kernelAttrType=2, mixType=0, taskRation=2, offset=0, dfxAddr=187656569551328, dfxSize=176
[INFO] RUNTIME(111294,npu_reader):2026-09-21-12:30:46.578.559 [program.cc:1649] 111294 GetKernelTypeAndMixType: Get kernel type success, kernelName=mul_Ascend910B3_float16_232000000, funcType=0, kernelAttrType=2, mixType=0
[INFO] RUNTIME(111294,npu_reader):2026-09-21-12:30:46.578.562 [program.cc:1119] 111294 SetKernelAttribute: kernel_name=mul_Ascend910B3_float16_232000000, kernelAttrType=2, userParamNum=0, sysParamNum=1, IsNeedSetFftsAddrInArg=0, isSupportOverFlow=1, elfDataFlag=1
[INFO] RUNTIME(111294,npu_reader):2026-09-21-12:30:46.578.565 [program.cc:1690] 111294 BuildNewKernel: new kernel success, size=1320, programId=5, original kernel_name=mul_Ascend910B3_float16_232000000, register kernel_name=mul_Ascend910B3_float16_232000000, tilingKey=232000000, functionEntry=0, funcType=0, kernelAttrType=2, mixType=0, taskRation=2, offset=1520, dfxAddr=187656569551572, dfxSize=176
[INFO] RUNTIME(111294,npu_reader):2026-09-21-12:30:46.578.569 [program.cc:1649] 111294 GetKernelTypeAndMixType: Get kernel type success, kernelName=mul_Ascend910B3_float16_223010000, funcType=0, kernelAttrType=2, mixType=0
[INFO] RUNTIME(111294,npu_reader):2026-09-21-12:30:46.578.572 [program.cc:1119] 111294 SetKernelAttribute: kernel_name=mul_Ascend910B3_float16_223010000, kernelAttrType=2, userParamNum=0, sysParamNum=1, IsNeedSetFftsAddrInArg=0, isSupportOverFlow=1, elfDataFlag=1
[INFO] RUNTIME(111294,npu_reader):2026-09-21-12:30:46.578.574 [program.cc:1690] 111294 BuildNewKernel: new kernel success, size=1320, programId=5, original kernel_name=mul_Ascend910B3_float16_223010000, register kernel_name=mul_Ascend910B3_float16_223010000, tilingKey=223010000, functionEntry=0, funcType=0, kernelAttrType=2, mixType=0, taskRation=2, offset=2448, dfxAddr=187656569551748, dfxSize=176
[INFO] RUNTIME(111294,npu_reader):2026-09-21-12:30:46.578.578 [program.cc:1649] 111294 GetKernelTypeAndMixType: Get kernel type success, kernelName=mul_Ascend910B3_float16_223000000, funcType=0, kernelAttrType=2, mixType=0
[INFO] RUNTIME(111294,npu_reader):2026-09-21-12:30:46.578.581 [program.cc:1119] 111294 SetKernelAttribute: kernel_name=mul_Ascend910B3_float16_223000000, kernelAttrType=2, userParamNum=0, sysParamNum=1, IsNeedSetFftsAddrInArg=0, isSupportOverFlow=1, elfDataFlag=1
[INFO] RUNTIME(111294,npu_reader):2026-09-21-12:30:46.578.584 [program.cc:1690] 111294 BuildNewKernel: new kernel success, size=1320, programId=5, original kernel_name=mul_Ascend910B3_float16_223000000, register kernel_name=mul_Ascend910B3_float16_223000000, tilingKey=223000000, functionEntry=0, funcType=0, kernelAttrType=2, mixType=0, taskRation=2, offset=4028, dfxAddr=187656569551924, dfxSize=176
[INFO] RUNTIME(111294,npu_reader):2026-09-21-12:30:46.578.588 [program.cc:1649] 111294 GetKernelTypeAndMixType: Get kernel type success, kernelName=mul_Ascend910B3_float16_210010000, funcType=0, kernelAttrType=2, mixType=0
[INFO] RUNTIME(111294,npu_reader):2026-09-21-12:30:46.578.591 [program.cc:1119] 111294 SetKernelAttribute: kernel_name=mul_Ascend910B3_float16_210010000, kernelAttrType=2, userParamNum=0, sysParamNum=1, IsNeedSetFftsAddrInArg=0, isSupportOverFlow=1, elfDataFlag=1
[INFO] RUNTIME(111294,npu_reader):2026-09-21-12:30:46.578.593 [program.cc:1690] 111294 BuildNewKernel: new kernel success, size=1320, programId=5, original kernel_name=mul_Ascend910B3_float16_210010000, register kernel_name=mul_Ascend910B3_float16_210010000, tilingKey=210010000, functionEntry=0, funcType=0, kernelAttrType=2, mixType=0, taskRation=2, offset=4944, dfxAddr=187656569552100, dfxSize=176
[INFO] RUNTIME(111294,npu_reader):2026-09-21-12:30:46.578.597 [program.cc:1649] 111294 GetKernelTypeAndMixType: Get kernel type success, kernelName=mul_Ascend910B3_float16_210000000, funcType=0, kernelAttrType=2, mixType=0
[INFO] RUNTIME(111294,npu_reader):2026-09-21-12:30:46.578.600 [program.cc:1119] 111294 SetKernelAttribute: kernel_name=mul_Ascend910B3_float16_210000000, kernelAttrType=2, userParamNum=0, sysParamNum=1, IsNeedSetFftsAddrInArg=0, isSupportOverFlow=1, elfDataFlag=1
[INFO] RUNTIME(111294,npu_reader):2026-09-21-12:30:46.578.607 [program.cc:1690] 111294 BuildNewKernel: new kernel success, size=1320, programId=5, original kernel_name=mul_Ascend910B3_float16_210000000, register kernel_name=mul_Ascend910B3_float16_210000000, tilingKey=210000000, functionEntry=0, funcType=0, kernelAttrType=2, mixType=0, taskRation=2, offset=6540, dfxAddr=187656569552276, dfxSize=176
[INFO] RUNTIME(111294,npu_reader):2026-09-21-12:30:46.578.637 [binary_loader.cc:364] 111294 LoadFromData: New ElfProgram ok, magic=1094799942, kernelAttrType=2, Runtime_alloc_size=11072
[INFO] RUNTIME(111294,npu_reader):2026-09-21-12:30:46.578.641 [program.cc:204] 111294 SaveBinaryData: Malloc the buffer for elfData, len=14920
[INFO] RUNTIME(111294,npu_reader):2026-09-21-12:30:46.578.644 [elf.cc:884] 111294 ParseKernelMetaData: section name = .text.
[INFO] RUNTIME(111294,npu_reader):2026-09-21-12:30:46.578.647 [elf.cc:884] 111294 ParseKernelMetaData: section name = .ascend.stack.size.record.
[INFO] RUNTIME(111294,npu_reader):2026-09-21-12:30:46.578.649 [elf.cc:884] 111294 ParseKernelMetaData: section name = __CCE_KernelArgSize.
[INFO] RUNTIME(111294,npu_reader):2026-09-21-12:30:46.578.651 [elf.cc:884] 111294 ParseKernelMetaData: section name = .ascend.meta.mul_Ascend910B4_float16_232010000.
[INFO] RUNTIME(111294,npu_reader):2026-09-21-12:30:46.578.653 [elf.cc:575] 111294 ElfParseParamSummary: paramCount=4, paramTotalSize=32.
[INFO] RUNTIME(111294,npu_reader):2026-09-21-12:30:46.578.656 [elf.cc:610] 111294 ElfParseParamInfo: Cache param info: ordinal=0, offset=0, size=8, align=8, paramType=2, spaceIndex=0.
[INFO] RUNTIME(111294,npu_reader):2026-09-21-12:30:46.578.658 [elf.cc:610] 111294 ElfParseParamInfo: Cache param info: ordinal=1, offset=8, size=8, align=8, paramType=2, spaceIndex=0.
[INFO] RUNTIME(111294,npu_reader):2026-09-21-12:30:46.578.661 [elf.cc:610] 111294 ElfParseParamInfo: Cache param info: ordinal=2, offset=16, size=8, align=8, paramType=2, spaceIndex=0.
[INFO] RUNTIME(111294,npu_reader):2026-09-21-12:30:46.578.663 [elf.cc:610] 111294 ElfParseParamInfo: Cache param info: ordinal=3, offset=24, size=8, align=8, paramType=2, spaceIndex=0.
[INFO] RUNTIME(111294,npu_reader):2026-09-21-12:30:46.578.666 [elf.cc:916] 111294 ParseKernelMetaData: kernel_name=mul_Ascend910B4_float16_232010000, ration[0]=0, ration[1]=0, dfxAddr=0xaaac332bc440, dfxSize=176, funcType=0, crossCoreSync=0, kernelVfType=0, shareMemSize=0, minStackSize=0, isSupportFuncEntry=0, functionEntryFlag=128, functionEntry=0.
[INFO] RUNTIME(111294,npu_reader):2026-09-21-12:30:46.578.669 [elf.cc:884] 111294 ParseKernelMetaData: section name = .comment.
[INFO] RUNTIME(111294,npu_reader):2026-09-21-12:30:46.578.671 [elf.cc:884] 111294 ParseKernelMetaData: section name = .ascend.meta.mul_Ascend910B4_float16_232000000.
[INFO] RUNTIME(111294,npu_reader):2026-09-21-12:30:46.578.673 [elf.cc:575] 111294 ElfParseParamSummary: paramCount=4, paramTotalSize=32.
[INFO] RUNTIME(111294,npu_reader):2026-09-21-12:30:46.578.675 [elf.cc:610] 111294 ElfParseParamInfo: Cache param info: ordinal=0, offset=0, size=8, align=8, paramType=2, spaceIndex=0.
[INFO] RUNTIME(111294,npu_reader):2026-09-21-12:30:46.578.678 [elf.cc:610] 111294 ElfParseParamInfo: Cache param info: ordinal=1, offset=8, size=8, align=8, paramType=2, spaceIndex=0.
[INFO] RUNTIME(111294,npu_reader):2026-09-21-12:30:46.578.680 [elf.cc:610] 111294 ElfParseParamInfo: Cache param info: ordinal=2, offset=16, size=8, align=8, paramType=2, spaceIndex=0.
[INFO] RUNTIME(111294,npu_reader):2026-09-21-12:30:46.578.683 [elf.cc:610] 111294 ElfParseParamInfo: Cache param info: ordinal=3, offset=24, size=8, align=8, paramType=2, spaceIndex=0.
[INFO] RUNTIME(111294,npu_reader):2026-09-21-12:30:46.578.685 [elf.cc:916] 111294 ParseKernelMetaData: kernel_name=mul_Ascend910B4_float16_232000000, ration[0]=0, ration[1]=0, dfxAddr=0xaaac332bc534, dfxSize=176, funcType=0, crossCoreSync=0, kernelVfType=0, shareMemSize=0, minStackSize=0, isSupportFuncEntry=0, functionEntryFlag=128, functionEntry=0.
[INFO] RUNTIME(111294,npu_reader):2026-09-21-12:30:46.578.689 [elf.cc:884] 111294 ParseKernelMetaData: section name = .ascend.meta.mul_Ascend910B4_float16_223010000.
[INFO] RUNTIME(111294,npu_reader):2026-09-21-12:30:46.578.691 [elf.cc:575] 111294 ElfParseParamSummary: paramCount=4, paramTotalSize=32.
[INFO] RUNTIME(111294,npu_reader):2026-09-21-12:30:46.578.693 [elf.cc:610] 111294 ElfParseParamInfo: Cache param info: ordinal=0, offset=0, size=8, align=8, paramType=2, spaceIndex=0.
[INFO] RUNTIME(111294,npu_reader):2026-09-21-12:30:46.578.696 [elf.cc:610] 111294 ElfParseParamInfo: Cache param info: ordinal=1, offset=8, size=8, align=8, paramType=2, spaceIndex=0.
[INFO] RUNTIME(111294,npu_reader):2026-09-21-12:30:46.578.698 [elf.cc:610] 111294 ElfParseParamInfo: Cache param info: ordinal=2, offset=16, size=8, align=8, paramType=2, spaceIndex=0.
[INFO] RUNTIME(111294,npu_reader):2026-09-21-12:30:46.578.701 [elf.cc:610] 111294 ElfParseParamInfo: Cache param info: ordinal=3, offset=24, size=8, align=8, paramType=2, spaceIndex=0.
[INFO] RUNTIME(111294,npu_reader):2026-09-21-12:30:46.578.703 [elf.cc:916] 111294 ParseKernelMetaData: kernel_name=mul_Ascend910B4_float16_223010000, ration[0]=0, ration[1]=0, dfxAddr=0xaaac332bc5e4, dfxSize=176, funcType=0, crossCoreSync=0, kernelVfType=0, shareMemSize=0, minStackSize=0, isSupportFuncEntry=0, functionEntryFlag=128, functionEntry=0.
[INFO] RUNTIME(111294,npu_reader):2026-09-21-12:30:46.578.706 [elf.cc:884] 111294 ParseKernelMetaData: section name = .ascend.meta.mul_Ascend910B4_float16_223000000.
[INFO] RUNTIME(111294,npu_reader):2026-09-21-12:30:46.578.708 [elf.cc:575] 111294 ElfParseParamSummary: paramCount=4, paramTotalSize=32.
[INFO] RUNTIME(111294,npu_reader):2026-09-21-12:30:46.578.711 [elf.cc:610] 111294 ElfParseParamInfo: Cache param info: ordinal=0, offset=0, size=8, align=8, paramType=2, spaceIndex=0.
[INFO] RUNTIME(111294,npu_reader):2026-09-21-12:30:46.578.713 [elf.cc:610] 111294 ElfParseParamInfo: Cache param info: ordinal=1, offset=8, size=8, align=8, paramType=2, spaceIndex=0.
[INFO] RUNTIME(111294,npu_reader):2026-09-21-12:30:46.578.715 [elf.cc:610] 111294 ElfParseParamInfo: Cache param info: ordinal=2, offset=16, size=8, align=8, paramType=2, spaceIndex=0.
[INFO] RUNTIME(111294,npu_reader):2026-09-21-12:30:46.578.718 [elf.cc:610] 111294 ElfParseParamInfo: Cache param info: ordinal=3, offset=24, size=8, align=8, paramType=2, spaceIndex=0.
[INFO] RUNTIME(111294,npu_reader):2026-09-21-12:30:46.578.720 [elf.cc:916] 111294 ParseKernelMetaData: kernel_name=mul_Ascend910B4_float16_223000000, ration[0]=0, ration[1]=0, dfxAddr=0xaaac332bc694, dfxSize=176, funcType=0, crossCoreSync=0, kernelVfType=0, shareMemSize=0, minStackSize=0, isSupportFuncEntry=0, functionEntryFlag=128, functionEntry=0.
[INFO] RUNTIME(111294,npu_reader):2026-09-21-12:30:46.578.723 [elf.cc:884] 111294 ParseKernelMetaData: section name = .ascend.meta.mul_Ascend910B4_float16_210010000.
[INFO] RUNTIME(111294,npu_reader):2026-09-21-12:30:46.578.725 [elf.cc:575] 111294 ElfParseParamSummary: paramCount=4, paramTotalSize=32.
[INFO] RUNTIME(111294,npu_reader):2026-09-21-12:30:46.578.727 [elf.cc:610] 111294 ElfParseParamInfo: Cache param info: ordinal=0, offset=0, size=8, align=8, paramType=2, spaceIndex=0.
[INFO] RUNTIME(111294,npu_reader):2026-09-21-12:30:46.578.730 [elf.cc:610] 111294 ElfParseParamInfo: Cache param info: ordinal=1, offset=8, size=8, align=8, paramType=2, spaceIndex=0.
[INFO] RUNTIME(111294,npu_reader):2026-09-21-12:30:46.578.732 [elf.cc:610] 111294 ElfParseParamInfo: Cache param info: ordinal=2, offset=16, size=8, align=8, paramType=2, spaceIndex=0.
[INFO] RUNTIME(111294,npu_reader):2026-09-21-12:30:46.578.735 [elf.cc:610] 111294 ElfParseParamInfo: Cache param info: ordinal=3, offset=24, size=8, align=8, paramType=2, spaceIndex=0.
[INFO] RUNTIME(111294,npu_reader):2026-09-21-12:30:46.578.737 [elf.cc:916] 111294 ParseKernelMetaData: kernel_name=mul_Ascend910B4_float16_210010000, ration[0]=0, ration[1]=0, dfxAddr=0xaaac332bc744, dfxSize=176, funcType=0, crossCoreSync=0, kernelVfType=0, shareMemSize=0, minStackSize=0, isSupportFuncEntry=0, functionEntryFlag=128, functionEntry=0.
[INFO] RUNTIME(111294,npu_reader):2026-09-21-12:30:46.578.741 [elf.cc:884] 111294 ParseKernelMetaData: section name = .ascend.meta.mul_Ascend910B4_float16_210000000.
[INFO] RUNTIME(111294,npu_reader):2026-09-21-12:30:46.578.743 [elf.cc:575] 111294 ElfParseParamSummary: paramCount=4, paramTotalSize=32.
[INFO] RUNTIME(111294,npu_reader):2026-09-21-12:30:46.578.745 [elf.cc:610] 111294 ElfParseParamInfo: Cache param info: ordinal=0, offset=0, size=8, align=8, paramType=2, spaceIndex=0.
[INFO] RUNTIME(111294,npu_reader):2026-09-21-12:30:46.578.748 [elf.cc:610] 111294 ElfParseParamInfo: Cache param info: ordinal=1, offset=8, size=8, align=8, paramType=2, spaceIndex=0.
[INFO] RUNTIME(111294,npu_reader):2026-09-21-12:30:46.578.750 [elf.cc:610] 111294 ElfParseParamInfo: Cache param info: ordinal=2, offset=16, size=8, align=8, paramType=2, spaceIndex=0.
[INFO] RUNTIME(111294,npu_reader):2026-09-21-12:30:46.578.753 [elf.cc:610] 111294 ElfParseParamInfo: Cache param info: ordinal=3, offset=24, size=8, align=8, paramType=2, spaceIndex=0.
[INFO] RUNTIME(111294,npu_reader):2026-09-21-12:30:46.578.755 [elf.cc:916] 111294 ParseKernelMetaData: kernel_name=mul_Ascend910B4_float16_210000000, ration[0]=0, ration[1]=0, dfxAddr=0xaaac332bc7f4, dfxSize=176, funcType=0, crossCoreSync=0, kernelVfType=0, shareMemSize=0, minStackSize=0, isSupportFuncEntry=0, functionEntryFlag=128, functionEntry=0.
[INFO] RUNTIME(111294,npu_reader):2026-09-21-12:30:46.578.767 [elf.cc:1076] 111294 UpdateCachedParamInfos: Restore cached param info: kernel_name=mul_Ascend910B4_float16_232010000, ordinal=0, offset=0, size=8.
[INFO] RUNTIME(111294,npu_reader):2026-09-21-12:30:46.578.770 [elf.cc:1076] 111294 UpdateCachedParamInfos: Restore cached param info: kernel_name=mul_Ascend910B4_float16_232010000, ordinal=1, offset=8, size=8.
[INFO] RUNTIME(111294,npu_reader):2026-09-21-12:30:46.578.772 [elf.cc:1076] 111294 UpdateCachedParamInfos: Restore cached param info: kernel_name=mul_Ascend910B4_float16_232010000, ordinal=2, offset=16, size=8.
[INFO] RUNTIME(111294,npu_reader):2026-09-21-12:30:46.578.774 [elf.cc:1076] 111294 UpdateCachedParamInfos: Restore cached param info: kernel_name=mul_Ascend910B4_float16_232010000, ordinal=3, offset=24, size=8.
[INFO] RUNTIME(111294,npu_reader):2026-09-21-12:30:46.578.777 [elf.cc:1145] 111294 UpdateKernelsInfo: update meta info, kernel_name=mul_Ascend910B4_float16_232010000, dfxAddr=0xaaac332bc440, dfxSize=176, funcType=0, elfDataFlag=1, userArgsNum=0, crossCoreSync=0, kernelVfType=0, shareMemSize=0, minStackSize=0, funcEntryType=0, functionEntry=0, schedMode=0, taskRation_0=0, taskRation_1=0, hasParamSummary=1, paramCount=4, paramTotalSize=32.
[INFO] RUNTIME(111294,npu_reader):2026-09-21-12:30:46.578.780 [elf.cc:1076] 111294 UpdateCachedParamInfos: Restore cached param info: kernel_name=mul_Ascend910B4_float16_232000000, ordinal=0, offset=0, size=8.
[INFO] RUNTIME(111294,npu_reader):2026-09-21-12:30:46.578.783 [elf.cc:1076] 111294 UpdateCachedParamInfos: Restore cached param info: kernel_name=mul_Ascend910B4_float16_232000000, ordinal=1, offset=8, size=8.
[INFO] RUNTIME(111294,npu_reader):2026-09-21-12:30:46.578.785 [elf.cc:1076] 111294 UpdateCachedParamInfos: Restore cached param info: kernel_name=mul_Ascend910B4_float16_232000000, ordinal=2, offset=16, size=8.
[INFO] RUNTIME(111294,npu_reader):2026-09-21-12:30:46.578.787 [elf.cc:1076] 111294 UpdateCachedParamInfos: Restore cached param info: kernel_name=mul_Ascend910B4_float16_232000000, ordinal=3, offset=24, size=8.
[INFO] RUNTIME(111294,npu_reader):2026-09-21-12:30:46.578.789 [elf.cc:1145] 111294 UpdateKernelsInfo: update meta info, kernel_name=mul_Ascend910B4_float16_232000000, dfxAddr=0xaaac332bc534, dfxSize=176, funcType=0, elfDataFlag=1, userArgsNum=0, crossCoreSync=0, kernelVfType=0, shareMemSize=0, minStackSize=0, funcEntryType=0, functionEntry=0, schedMode=0, taskRation_0=0, taskRation_1=0, hasParamSummary=1, paramCount=4, paramTotalSize=32.
[INFO] RUNTIME(111294,npu_reader):2026-09-21-12:30:46.578.793 [elf.cc:1076] 111294 UpdateCachedParamInfos: Restore cached param info: kernel_name=mul_Ascend910B4_float16_223010000, ordinal=0, offset=0, size=8.
[INFO] RUNTIME(111294,npu_reader):2026-09-21-12:30:46.578.796 [elf.cc:1076] 111294 UpdateCachedParamInfos: Restore cached param info: kernel_name=mul_Ascend910B4_float16_223010000, ordinal=1, offset=8, size=8.
[INFO] RUNTIME(111294,npu_reader):2026-09-21-12:30:46.578.798 [elf.cc:1076] 111294 UpdateCachedParamInfos: Restore cached param info: kernel_name=mul_Ascend910B4_float16_223010000, ordinal=2, offset=16, size=8.
[INFO] RUNTIME(111294,npu_reader):2026-09-21-12:30:46.578.800 [elf.cc:1076] 111294 UpdateCachedParamInfos: Restore cached param info: kernel_name=mul_Ascend910B4_float16_223010000, ordinal=3, offset=24, size=8.
[INFO] RUNTIME(111294,npu_reader):2026-09-21-12:30:46.578.802 [elf.cc:1145] 111294 UpdateKernelsInfo: update meta info, kernel_name=mul_Ascend910B4_float16_223010000, dfxAddr=0xaaac332bc5e4, dfxSize=176, funcType=0, elfDataFlag=1, userArgsNum=0, crossCoreSync=0, kernelVfType=0, shareMemSize=0, minStackSize=0, funcEntryType=0, functionEntry=0, schedMode=0, taskRation_0=0, taskRation_1=0, hasParamSummary=1, paramCount=4, paramTotalSize=32.
[INFO] RUNTIME(111294,npu_reader):2026-09-21-12:30:46.578.806 [elf.cc:1076] 111294 UpdateCachedParamInfos: Restore cached param info: kernel_name=mul_Ascend910B4_float16_223000000, ordinal=0, offset=0, size=8.
[INFO] RUNTIME(111294,npu_reader):2026-09-21-12:30:46.578.808 [elf.cc:1076] 111294 UpdateCachedParamInfos: Restore cached param info: kernel_name=mul_Ascend910B4_float16_223000000, ordinal=1, offset=8, size=8.
[INFO] RUNTIME(111294,npu_reader):2026-09-21-12:30:46.578.810 [elf.cc:1076] 111294 UpdateCachedParamInfos: Restore cached param info: kernel_name=mul_Ascend910B4_float16_223000000, ordinal=2, offset=16, size=8.
[INFO] RUNTIME(111294,npu_reader):2026-09-21-12:30:46.578.813 [elf.cc:1076] 111294 UpdateCachedParamInfos: Restore cached param info: kernel_name=mul_Ascend910B4_float16_223000000, ordinal=3, offset=24, size=8.
[INFO] RUNTIME(111294,npu_reader):2026-09-21-12:30:46.578.815 [elf.cc:1145] 111294 UpdateKernelsInfo: update meta info, kernel_name=mul_Ascend910B4_float16_223000000, dfxAddr=0xaaac332bc694, dfxSize=176, funcType=0, elfDataFlag=1, userArgsNum=0, crossCoreSync=0, kernelVfType=0, shareMemSize=0, minStackSize=0, funcEntryType=0, functionEntry=0, schedMode=0, taskRation_0=0, taskRation_1=0, hasParamSummary=1, paramCount=4, paramTotalSize=32.
[INFO] RUNTIME(111294,npu_reader):2026-09-21-12:30:46.578.818 [elf.cc:1076] 111294 UpdateCachedParamInfos: Restore cached param info: kernel_name=mul_Ascend910B4_float16_210010000, ordinal=0, offset=0, size=8.
[INFO] RUNTIME(111294,npu_reader):2026-09-21-12:30:46.578.820 [elf.cc:1076] 111294 UpdateCachedParamInfos: Restore cached param info: kernel_name=mul_Ascend910B4_float16_210010000, ordinal=1, offset=8, size=8.
[INFO] RUNTIME(111294,npu_reader):2026-09-21-12:30:46.578.822 [elf.cc:1076] 111294 UpdateCachedParamInfos: Restore cached param info: kernel_name=mul_Ascend910B4_float16_210010000, ordinal=2, offset=16, size=8.
[INFO] RUNTIME(111294,npu_reader):2026-09-21-12:30:46.578.825 [elf.cc:1076] 111294 UpdateCachedParamInfos: Restore cached param info: kernel_name=mul_Ascend910B4_float16_210010000, ordinal=3, offset=24, size=8.
[INFO] RUNTIME(111294,npu_reader):2026-09-21-12:30:46.578.827 [elf.cc:1145] 111294 UpdateKernelsInfo: update meta info, kernel_name=mul_Ascend910B4_float16_210010000, dfxAddr=0xaaac332bc744, dfxSize=176, funcType=0, elfDataFlag=1, userArgsNum=0, crossCoreSync=0, kernelVfType=0, shareMemSize=0, minStackSize=0, funcEntryType=0, functionEntry=0, schedMode=0, taskRation_0=0, taskRation_1=0, hasParamSummary=1, paramCount=4, paramTotalSize=32.
[INFO] RUNTIME(111294,npu_reader):2026-09-21-12:30:46.578.830 [elf.cc:1076] 111294 UpdateCachedParamInfos: Restore cached param info: kernel_name=mul_Ascend910B4_float16_210000000, ordinal=0, offset=0, size=8.
[INFO] RUNTIME(111294,npu_reader):2026-09-21-12:30:46.578.833 [elf.cc:1076] 111294 UpdateCachedParamInfos: Restore cached param info: kernel_name=mul_Ascend910B4_float16_210000000, ordinal=1, offset=8, size=8.
[INFO] RUNTIME(111294,npu_reader):2026-09-21-12:30:46.578.835 [elf.cc:1076] 111294 UpdateCachedParamInfos: Restore cached param info: kernel_name=mul_Ascend910B4_float16_210000000, ordinal=2, offset=16, size=8.
[INFO] RUNTIME(111294,npu_reader):2026-09-21-12:30:46.578.838 [elf.cc:1076] 111294 UpdateCachedParamInfos: Restore cached param info: kernel_name=mul_Ascend910B4_float16_210000000, ordinal=3, offset=24, size=8.
[INFO] RUNTIME(111294,npu_reader):2026-09-21-12:30:46.578.840 [elf.cc:1145] 111294 UpdateKernelsInfo: update meta info, kernel_name=mul_Ascend910B4_float16_210000000, dfxAddr=0xaaac332bc7f4, dfxSize=176, funcType=0, elfDataFlag=1, userArgsNum=0, crossCoreSync=0, kernelVfType=0, shareMemSize=0, minStackSize=0, funcEntryType=0, functionEntry=0, schedMode=0, taskRation_0=0, taskRation_1=0, hasParamSummary=1, paramCount=4, paramTotalSize=32.
[INFO] RUNTIME(111294,npu_reader):2026-09-21-12:30:46.578.844 [runtime.cc:1448] 111294 AddProgramToPool: progId=6
[INFO] RUNTIME(111294,npu_reader):2026-09-21-12:30:46.578.847 [program.cc:1649] 111294 GetKernelTypeAndMixType: Get kernel type success, kernelName=mul_Ascend910B4_float16_232010000, funcType=0, kernelAttrType=2, mixType=0
[INFO] RUNTIME(111294,npu_reader):2026-09-21-12:30:46.578.850 [program.cc:1119] 111294 SetKernelAttribute: kernel_name=mul_Ascend910B4_float16_232010000, kernelAttrType=2, userParamNum=0, sysParamNum=1, IsNeedSetFftsAddrInArg=0, isSupportOverFlow=1, elfDataFlag=1
[INFO] RUNTIME(111294,npu_reader):2026-09-21-12:30:46.578.853 [program.cc:1690] 111294 BuildNewKernel: new kernel success, size=1320, programId=6, original kernel_name=mul_Ascend910B4_float16_232010000, register kernel_name=mul_Ascend910B4_float16_232010000, tilingKey=232010000, functionEntry=0, funcType=0, kernelAttrType=2, mixType=0, taskRation=2, offset=0, dfxAddr=187656569603136, dfxSize=176
[INFO] RUNTIME(111294,npu_reader):2026-09-21-12:30:46.578.857 [program.cc:1649] 111294 GetKernelTypeAndMixType: Get kernel type success, kernelName=mul_Ascend910B4_float16_232000000, funcType=0, kernelAttrType=2, mixType=0
[INFO] RUNTIME(111294,npu_reader):2026-09-21-12:30:46.578.860 [program.cc:1119] 111294 SetKernelAttribute: kernel_name=mul_Ascend910B4_float16_232000000, kernelAttrType=2, userParamNum=0, sysParamNum=1, IsNeedSetFftsAddrInArg=0, isSupportOverFlow=1, elfDataFlag=1
[INFO] RUNTIME(111294,npu_reader):2026-09-21-12:30:46.578.862 [program.cc:1690] 111294 BuildNewKernel: new kernel success, size=1320, programId=6, original kernel_name=mul_Ascend910B4_float16_232000000, register kernel_name=mul_Ascend910B4_float16_232000000, tilingKey=232000000, functionEntry=0, funcType=0, kernelAttrType=2, mixType=0, taskRation=2, offset=1520, dfxAddr=187656569603380, dfxSize=176
[INFO] RUNTIME(111294,npu_reader):2026-09-21-12:30:46.578.866 [program.cc:1649] 111294 GetKernelTypeAndMixType: Get kernel type success, kernelName=mul_Ascend910B4_float16_223010000, funcType=0, kernelAttrType=2, mixType=0
[INFO] RUNTIME(111294,npu_reader):2026-09-21-12:30:46.578.869 [program.cc:1119] 111294 SetKernelAttribute: kernel_name=mul_Ascend910B4_float16_223010000, kernelAttrType=2, userParamNum=0, sysParamNum=1, IsNeedSetFftsAddrInArg=0, isSupportOverFlow=1, elfDataFlag=1
[INFO] RUNTIME(111294,npu_reader):2026-09-21-12:30:46.578.872 [program.cc:1690] 111294 BuildNewKernel: new kernel success, size=1320, programId=6, original kernel_name=mul_Ascend910B4_float16_223010000, register kernel_name=mul_Ascend910B4_float16_223010000, tilingKey=223010000, functionEntry=0, funcType=0, kernelAttrType=2, mixType=0, taskRation=2, offset=2448, dfxAddr=187656569603556, dfxSize=176
[INFO] RUNTIME(111294,npu_reader):2026-09-21-12:30:46.578.875 [program.cc:1649] 111294 GetKernelTypeAndMixType: Get kernel type success, kernelName=mul_Ascend910B4_float16_223000000, funcType=0, kernelAttrType=2, mixType=0
[INFO] RUNTIME(111294,npu_reader):2026-09-21-12:30:46.578.879 [program.cc:1119] 111294 SetKernelAttribute: kernel_name=mul_Ascend910B4_float16_223000000, kernelAttrType=2, userParamNum=0, sysParamNum=1, IsNeedSetFftsAddrInArg=0, isSupportOverFlow=1, elfDataFlag=1
[INFO] RUNTIME(111294,npu_reader):2026-09-21-12:30:46.578.882 [program.cc:1690] 111294 BuildNewKernel: new kernel success, size=1320, programId=6, original kernel_name=mul_Ascend910B4_float16_223000000, register kernel_name=mul_Ascend910B4_float16_223000000, tilingKey=223000000, functionEntry=0, funcType=0, kernelAttrType=2, mixType=0, taskRation=2, offset=4028, dfxAddr=187656569603732, dfxSize=176
[INFO] RUNTIME(111294,npu_reader):2026-09-21-12:30:46.578.886 [program.cc:1649] 111294 GetKernelTypeAndMixType: Get kernel type success, kernelName=mul_Ascend910B4_float16_210010000, funcType=0, kernelAttrType=2, mixType=0
[INFO] RUNTIME(111294,npu_reader):2026-09-21-12:30:46.578.889 [program.cc:1119] 111294 SetKernelAttribute: kernel_name=mul_Ascend910B4_float16_210010000, kernelAttrType=2, userParamNum=0, sysParamNum=1, IsNeedSetFftsAddrInArg=0, isSupportOverFlow=1, elfDataFlag=1
[INFO] RUNTIME(111294,npu_reader):2026-09-21-12:30:46.578.891 [program.cc:1690] 111294 BuildNewKernel: new kernel success, size=1320, programId=6, original kernel_name=mul_Ascend910B4_float16_210010000, register kernel_name=mul_Ascend910B4_float16_210010000, tilingKey=210010000, functionEntry=0, funcType=0, kernelAttrType=2, mixType=0, taskRation=2, offset=4944, dfxAddr=187656569603908, dfxSize=176
[INFO] RUNTIME(111294,npu_reader):2026-09-21-12:30:46.578.895 [program.cc:1649] 111294 GetKernelTypeAndMixType: Get kernel type success, kernelName=mul_Ascend910B4_float16_210000000, funcType=0, kernelAttrType=2, mixType=0
[INFO] RUNTIME(111294,npu_reader):2026-09-21-12:30:46.578.898 [program.cc:1119] 111294 SetKernelAttribute: kernel_name=mul_Ascend910B4_float16_210000000, kernelAttrType=2, userParamNum=0, sysParamNum=1, IsNeedSetFftsAddrInArg=0, isSupportOverFlow=1, elfDataFlag=1
[INFO] RUNTIME(111294,npu_reader):2026-09-21-12:30:46.578.900 [program.cc:1690] 111294 BuildNewKernel: new kernel success, size=1320, programId=6, original kernel_name=mul_Ascend910B4_float16_210000000, register kernel_name=mul_Ascend910B4_float16_210000000, tilingKey=210000000, functionEntry=0, funcType=0, kernelAttrType=2, mixType=0, taskRation=2, offset=6540, dfxAddr=187656569604084, dfxSize=176
[INFO] RUNTIME(111294,npu_reader):2026-09-21-12:30:46.578.930 [binary_loader.cc:364] 111294 LoadFromData: New ElfProgram ok, magic=1094799942, kernelAttrType=2, Runtime_alloc_size=11072
[INFO] RUNTIME(111294,npu_reader):2026-09-21-12:30:46.578.934 [program.cc:204] 111294 SaveBinaryData: Malloc the buffer for elfData, len=14976
[INFO] RUNTIME(111294,npu_reader):2026-09-21-12:30:46.578.937 [elf.cc:884] 111294 ParseKernelMetaData: section name = .text.
[INFO] RUNTIME(111294,npu_reader):2026-09-21-12:30:46.578.939 [elf.cc:884] 111294 ParseKernelMetaData: section name = .ascend.stack.size.record.
[INFO] RUNTIME(111294,npu_reader):2026-09-21-12:30:46.578.942 [elf.cc:884] 111294 ParseKernelMetaData: section name = __CCE_KernelArgSize.
[INFO] RUNTIME(111294,npu_reader):2026-09-21-12:30:46.578.944 [elf.cc:884] 111294 ParseKernelMetaData: section name = .ascend.meta.mul_Ascend910B1_float32_232010000.
[INFO] RUNTIME(111294,npu_reader):2026-09-21-12:30:46.578.946 [elf.cc:575] 111294 ElfParseParamSummary: paramCount=4, paramTotalSize=32.
[INFO] RUNTIME(111294,npu_reader):2026-09-21-12:30:46.578.949 [elf.cc:610] 111294 ElfParseParamInfo: Cache param info: ordinal=0, offset=0, size=8, align=8, paramType=2, spaceIndex=0.
[INFO] RUNTIME(111294,npu_reader):2026-09-21-12:30:46.578.951 [elf.cc:610] 111294 ElfParseParamInfo: Cache param info: ordinal=1, offset=8, size=8, align=8, paramType=2, spaceIndex=0.
[INFO] RUNTIME(111294,npu_reader):2026-09-21-12:30:46.578.953 [elf.cc:610] 111294 ElfParseParamInfo: Cache param info: ordinal=2, offset=16, size=8, align=8, paramType=2, spaceIndex=0.
[INFO] RUNTIME(111294,npu_reader):2026-09-21-12:30:46.578.956 [elf.cc:610] 111294 ElfParseParamInfo: Cache param info: ordinal=3, offset=24, size=8, align=8, paramType=2, spaceIndex=0.
[INFO] RUNTIME(111294,npu_reader):2026-09-21-12:30:46.578.959 [elf.cc:916] 111294 ParseKernelMetaData: kernel_name=mul_Ascend910B1_float32_232010000, ration[0]=0, ration[1]=0, dfxAddr=0xaaac332c9728, dfxSize=176, funcType=0, crossCoreSync=0, kernelVfType=0, shareMemSize=0, minStackSize=0, isSupportFuncEntry=0, functionEntryFlag=128, functionEntry=0.
[INFO] RUNTIME(111294,npu_reader):2026-09-21-12:30:46.578.962 [elf.cc:884] 111294 ParseKernelMetaData: section name = .comment.
[INFO] RUNTIME(111294,npu_reader):2026-09-21-12:30:46.578.965 [elf.cc:884] 111294 ParseKernelMetaData: section name = .ascend.meta.mul_Ascend910B1_float32_232000000.
[INFO] RUNTIME(111294,npu_reader):2026-09-21-12:30:46.578.967 [elf.cc:575] 111294 ElfParseParamSummary: paramCount=4, paramTotalSize=32.
[INFO] RUNTIME(111294,npu_reader):2026-09-21-12:30:46.578.969 [elf.cc:610] 111294 ElfParseParamInfo: Cache param info: ordinal=0, offset=0, size=8, align=8, paramType=2, spaceIndex=0.
[INFO] RUNTIME(111294,npu_reader):2026-09-21-12:30:46.578.972 [elf.cc:610] 111294 ElfParseParamInfo: Cache param info: ordinal=1, offset=8, size=8, align=8, paramType=2, spaceIndex=0.
[INFO] RUNTIME(111294,npu_reader):2026-09-21-12:30:46.578.974 [elf.cc:610] 111294 ElfParseParamInfo: Cache param info: ordinal=2, offset=16, size=8, align=8, paramType=2, spaceIndex=0.
[INFO] RUNTIME(111294,npu_reader):2026-09-21-12:30:46.578.976 [elf.cc:610] 111294 ElfParseParamInfo: Cache param info: ordinal=3, offset=24, size=8, align=8, paramType=2, spaceIndex=0.
[INFO] RUNTIME(111294,npu_reader):2026-09-21-12:30:46.578.979 [elf.cc:916] 111294 ParseKernelMetaData: kernel_name=mul_Ascend910B1_float32_232000000, ration[0]=0, ration[1]=0, dfxAddr=0xaaac332c981c, dfxSize=176, funcType=0, crossCoreSync=0, kernelVfType=0, shareMemSize=0, minStackSize=0, isSupportFuncEntry=0, functionEntryFlag=128, functionEntry=0.
[INFO] RUNTIME(111294,npu_reader):2026-09-21-12:30:46.578.982 [elf.cc:884] 111294 ParseKernelMetaData: section name = .ascend.meta.mul_Ascend910B1_float32_223010000.
[INFO] RUNTIME(111294,npu_reader):2026-09-21-12:30:46.578.984 [elf.cc:575] 111294 ElfParseParamSummary: paramCount=4, paramTotalSize=32.
[INFO] RUNTIME(111294,npu_reader):2026-09-21-12:30:46.578.986 [elf.cc:610] 111294 ElfParseParamInfo: Cache param info: ordinal=0, offset=0, size=8, align=8, paramType=2, spaceIndex=0.
[INFO] RUNTIME(111294,npu_reader):2026-09-21-12:30:46.578.989 [elf.cc:610] 111294 ElfParseParamInfo: Cache param info: ordinal=1, offset=8, size=8, align=8, paramType=2, spaceIndex=0.
[INFO] RUNTIME(111294,npu_reader):2026-09-21-12:30:46.578.991 [elf.cc:610] 111294 ElfParseParamInfo: Cache param info: ordinal=2, offset=16, size=8, align=8, paramType=2, spaceIndex=0.
[INFO] RUNTIME(111294,npu_reader):2026-09-21-12:30:46.578.994 [elf.cc:610] 111294 ElfParseParamInfo: Cache param info: ordinal=3, offset=24, size=8, align=8, paramType=2, spaceIndex=0.
[INFO] RUNTIME(111294,npu_reader):2026-09-21-12:30:46.578.996 [elf.cc:916] 111294 ParseKernelMetaData: kernel_name=mul_Ascend910B1_float32_223010000, ration[0]=0, ration[1]=0, dfxAddr=0xaaac332c98cc, dfxSize=176, funcType=0, crossCoreSync=0, kernelVfType=0, shareMemSize=0, minStackSize=0, isSupportFuncEntry=0, functionEntryFlag=128, functionEntry=0.
[INFO] RUNTIME(111294,npu_reader):2026-09-21-12:30:46.578.999 [elf.cc:884] 111294 ParseKernelMetaData: section name = .ascend.meta.mul_Ascend910B1_float32_223000000.
[INFO] RUNTIME(111294,npu_reader):2026-09-21-12:30:46.579.002 [elf.cc:575] 111294 ElfParseParamSummary: paramCount=4, paramTotalSize=32.
[INFO] RUNTIME(111294,npu_reader):2026-09-21-12:30:46.579.004 [elf.cc:610] 111294 ElfParseParamInfo: Cache param info: ordinal=0, offset=0, size=8, align=8, paramType=2, spaceIndex=0.
[INFO] RUNTIME(111294,npu_reader):2026-09-21-12:30:46.579.006 [elf.cc:610] 111294 ElfParseParamInfo: Cache param info: ordinal=1, offset=8, size=8, align=8, paramType=2, spaceIndex=0.
[INFO] RUNTIME(111294,npu_reader):2026-09-21-12:30:46.579.009 [elf.cc:610] 111294 ElfParseParamInfo: Cache param info: ordinal=2, offset=16, size=8, align=8, paramType=2, spaceIndex=0.
[INFO] RUNTIME(111294,npu_reader):2026-09-21-12:30:46.579.012 [elf.cc:610] 111294 ElfParseParamInfo: Cache param info: ordinal=3, offset=24, size=8, align=8, paramType=2, spaceIndex=0.
[INFO] RUNTIME(111294,npu_reader):2026-09-21-12:30:46.579.014 [elf.cc:916] 111294 ParseKernelMetaData: kernel_name=mul_Ascend910B1_float32_223000000, ration[0]=0, ration[1]=0, dfxAddr=0xaaac332c997c, dfxSize=176, funcType=0, crossCoreSync=0, kernelVfType=0, shareMemSize=0, minStackSize=0, isSupportFuncEntry=0, functionEntryFlag=128, functionEntry=0.
[INFO] RUNTIME(111294,npu_reader):2026-09-21-12:30:46.579.017 [elf.cc:884] 111294 ParseKernelMetaData: section name = .ascend.meta.mul_Ascend910B1_float32_210010000.
[INFO] RUNTIME(111294,npu_reader):2026-09-21-12:30:46.579.019 [elf.cc:575] 111294 ElfParseParamSummary: paramCount=4, paramTotalSize=32.
[INFO] RUNTIME(111294,npu_reader):2026-09-21-12:30:46.579.022 [elf.cc:610] 111294 ElfParseParamInfo: Cache param info: ordinal=0, offset=0, size=8, align=8, paramType=2, spaceIndex=0.
[INFO] RUNTIME(111294,npu_reader):2026-09-21-12:30:46.579.024 [elf.cc:610] 111294 ElfParseParamInfo: Cache param info: ordinal=1, offset=8, size=8, align=8, paramType=2, spaceIndex=0.
[INFO] RUNTIME(111294,npu_reader):2026-09-21-12:30:46.579.027 [elf.cc:610] 111294 ElfParseParamInfo: Cache param info: ordinal=2, offset=16, size=8, align=8, paramType=2, spaceIndex=0.
[INFO] RUNTIME(111294,npu_reader):2026-09-21-12:30:46.579.029 [elf.cc:610] 111294 ElfParseParamInfo: Cache param info: ordinal=3, offset=24, size=8, align=8, paramType=2, spaceIndex=0.
[INFO] RUNTIME(111294,npu_reader):2026-09-21-12:30:46.579.031 [elf.cc:916] 111294 ParseKernelMetaData: kernel_name=mul_Ascend910B1_float32_210010000, ration[0]=0, ration[1]=0, dfxAddr=0xaaac332c9a2c, dfxSize=176, funcType=0, crossCoreSync=0, kernelVfType=0, shareMemSize=0, minStackSize=0, isSupportFuncEntry=0, functionEntryFlag=128, functionEntry=0.
[INFO] RUNTIME(111294,npu_reader):2026-09-21-12:30:46.579.034 [elf.cc:884] 111294 ParseKernelMetaData: section name = .ascend.meta.mul_Ascend910B1_float32_210000000.
[INFO] RUNTIME(111294,npu_reader):2026-09-21-12:30:46.579.037 [elf.cc:575] 111294 ElfParseParamSummary: paramCount=4, paramTotalSize=32.
[INFO] RUNTIME(111294,npu_reader):2026-09-21-12:30:46.579.039 [elf.cc:610] 111294 ElfParseParamInfo: Cache param info: ordinal=0, offset=0, size=8, align=8, paramType=2, spaceIndex=0.
[INFO] RUNTIME(111294,npu_reader):2026-09-21-12:30:46.579.041 [elf.cc:610] 111294 ElfParseParamInfo: Cache param info: ordinal=1, offset=8, size=8, align=8, paramType=2, spaceIndex=0.
[INFO] RUNTIME(111294,npu_reader):2026-09-21-12:30:46.579.044 [elf.cc:610] 111294 ElfParseParamInfo: Cache param info: ordinal=2, offset=16, size=8, align=8, paramType=2, spaceIndex=0.
[INFO] RUNTIME(111294,npu_reader):2026-09-21-12:30:46.579.046 [elf.cc:610] 111294 ElfParseParamInfo: Cache param info: ordinal=3, offset=24, size=8, align=8, paramType=2, spaceIndex=0.
[INFO] RUNTIME(111294,npu_reader):2026-09-21-12:30:46.579.049 [elf.cc:916] 111294 ParseKernelMetaData: kernel_name=mul_Ascend910B1_float32_210000000, ration[0]=0, ration[1]=0, dfxAddr=0xaaac332c9adc, dfxSize=176, funcType=0, crossCoreSync=0, kernelVfType=0, shareMemSize=0, minStackSize=0, isSupportFuncEntry=0, functionEntryFlag=128, functionEntry=0.
[INFO] RUNTIME(111294,npu_reader):2026-09-21-12:30:46.579.061 [elf.cc:1076] 111294 UpdateCachedParamInfos: Restore cached param info: kernel_name=mul_Ascend910B1_float32_232010000, ordinal=0, offset=0, size=8.
[INFO] RUNTIME(111294,npu_reader):2026-09-21-12:30:46.579.063 [elf.cc:1076] 111294 UpdateCachedParamInfos: Restore cached param info: kernel_name=mul_Ascend910B1_float32_232010000, ordinal=1, offset=8, size=8.
[INFO] RUNTIME(111294,npu_reader):2026-09-21-12:30:46.579.065 [elf.cc:1076] 111294 UpdateCachedParamInfos: Restore cached param info: kernel_name=mul_Ascend910B1_float32_232010000, ordinal=2, offset=16, size=8.
[INFO] RUNTIME(111294,npu_reader):2026-09-21-12:30:46.579.069 [elf.cc:1076] 111294 UpdateCachedParamInfos: Restore cached param info: kernel_name=mul_Ascend910B1_float32_232010000, ordinal=3, offset=24, size=8.
[INFO] RUNTIME(111294,npu_reader):2026-09-21-12:30:46.579.071 [elf.cc:1145] 111294 UpdateKernelsInfo: update meta info, kernel_name=mul_Ascend910B1_float32_232010000, dfxAddr=0xaaac332c9728, dfxSize=176, funcType=0, elfDataFlag=1, userArgsNum=0, crossCoreSync=0, kernelVfType=0, shareMemSize=0, minStackSize=0, funcEntryType=0, functionEntry=0, schedMode=0, taskRation_0=0, taskRation_1=0, hasParamSummary=1, paramCount=4, paramTotalSize=32.
[INFO] RUNTIME(111294,npu_reader):2026-09-21-12:30:46.579.075 [elf.cc:1076] 111294 UpdateCachedParamInfos: Restore cached param info: kernel_name=mul_Ascend910B1_float32_232000000, ordinal=0, offset=0, size=8.
[INFO] RUNTIME(111294,npu_reader):2026-09-21-12:30:46.579.077 [elf.cc:1076] 111294 UpdateCachedParamInfos: Restore cached param info: kernel_name=mul_Ascend910B1_float32_232000000, ordinal=1, offset=8, size=8.
[INFO] RUNTIME(111294,npu_reader):2026-09-21-12:30:46.579.079 [elf.cc:1076] 111294 UpdateCachedParamInfos: Restore cached param info: kernel_name=mul_Ascend910B1_float32_232000000, ordinal=2, offset=16, size=8.
[INFO] RUNTIME(111294,npu_reader):2026-09-21-12:30:46.579.082 [elf.cc:1076] 111294 UpdateCachedParamInfos: Restore cached param info: kernel_name=mul_Ascend910B1_float32_232000000, ordinal=3, offset=24, size=8.
[INFO] RUNTIME(111294,npu_reader):2026-09-21-12:30:46.579.084 [elf.cc:1145] 111294 UpdateKernelsInfo: update meta info, kernel_name=mul_Ascend910B1_float32_232000000, dfxAddr=0xaaac332c981c, dfxSize=176, funcType=0, elfDataFlag=1, userArgsNum=0, crossCoreSync=0, kernelVfType=0, shareMemSize=0, minStackSize=0, funcEntryType=0, functionEntry=0, schedMode=0, taskRation_0=0, taskRation_1=0, hasParamSummary=1, paramCount=4, paramTotalSize=32.
[INFO] RUNTIME(111294,npu_reader):2026-09-21-12:30:46.579.087 [elf.cc:1076] 111294 UpdateCachedParamInfos: Restore cached param info: kernel_name=mul_Ascend910B1_float32_223010000, ordinal=0, offset=0, size=8.
[INFO] RUNTIME(111294,npu_reader):2026-09-21-12:30:46.579.089 [elf.cc:1076] 111294 UpdateCachedParamInfos: Restore cached param info: kernel_name=mul_Ascend910B1_float32_223010000, ordinal=1, offset=8, size=8.
[INFO] RUNTIME(111294,npu_reader):2026-09-21-12:30:46.579.092 [elf.cc:1076] 111294 UpdateCachedParamInfos: Restore cached param info: kernel_name=mul_Ascend910B1_float32_223010000, ordinal=2, offset=16, size=8.
[INFO] RUNTIME(111294,npu_reader):2026-09-21-12:30:46.579.094 [elf.cc:1076] 111294 UpdateCachedParamInfos: Restore cached param info: kernel_name=mul_Ascend910B1_float32_223010000, ordinal=3, offset=24, size=8.
[INFO] RUNTIME(111294,npu_reader):2026-09-21-12:30:46.579.096 [elf.cc:1145] 111294 UpdateKernelsInfo: update meta info, kernel_name=mul_Ascend910B1_float32_223010000, dfxAddr=0xaaac332c98cc, dfxSize=176, funcType=0, elfDataFlag=1, userArgsNum=0, crossCoreSync=0, kernelVfType=0, shareMemSize=0, minStackSize=0, funcEntryType=0, functionEntry=0, schedMode=0, taskRation_0=0, taskRation_1=0, hasParamSummary=1, paramCount=4, paramTotalSize=32.
[INFO] RUNTIME(111294,npu_reader):2026-09-21-12:30:46.579.099 [elf.cc:1076] 111294 UpdateCachedParamInfos: Restore cached param info: kernel_name=mul_Ascend910B1_float32_223000000, ordinal=0, offset=0, size=8.
[INFO] RUNTIME(111294,npu_reader):2026-09-21-12:30:46.579.102 [elf.cc:1076] 111294 UpdateCachedParamInfos: Restore cached param info: kernel_name=mul_Ascend910B1_float32_223000000, ordinal=1, offset=8, size=8.
[INFO] RUNTIME(111294,npu_reader):2026-09-21-12:30:46.579.104 [elf.cc:1076] 111294 UpdateCachedParamInfos: Restore cached param info: kernel_name=mul_Ascend910B1_float32_223000000, ordinal=2, offset=16, size=8.
[INFO] RUNTIME(111294,npu_reader):2026-09-21-12:30:46.579.106 [elf.cc:1076] 111294 UpdateCachedParamInfos: Restore cached param info: kernel_name=mul_Ascend910B1_float32_223000000, ordinal=3, offset=24, size=8.
[INFO] RUNTIME(111294,npu_reader):2026-09-21-12:30:46.579.109 [elf.cc:1145] 111294 UpdateKernelsInfo: update meta info, kernel_name=mul_Ascend910B1_float32_223000000, dfxAddr=0xaaac332c997c, dfxSize=176, funcType=0, elfDataFlag=1, userArgsNum=0, crossCoreSync=0, kernelVfType=0, shareMemSize=0, minStackSize=0, funcEntryType=0, functionEntry=0, schedMode=0, taskRation_0=0, taskRation_1=0, hasParamSummary=1, paramCount=4, paramTotalSize=32.
[INFO] RUNTIME(111294,npu_reader):2026-09-21-12:30:46.579.112 [elf.cc:1076] 111294 UpdateCachedParamInfos: Restore cached param info: kernel_name=mul_Ascend910B1_float32_210010000, ordinal=0, offset=0, size=8.
[INFO] RUNTIME(111294,npu_reader):2026-09-21-12:30:46.579.114 [elf.cc:1076] 111294 UpdateCachedParamInfos: Restore cached param info: kernel_name=mul_Ascend910B1_float32_210010000, ordinal=1, offset=8, size=8.
[INFO] RUNTIME(111294,npu_reader):2026-09-21-12:30:46.579.117 [elf.cc:1076] 111294 UpdateCachedParamInfos: Restore cached param info: kernel_name=mul_Ascend910B1_float32_210010000, ordinal=2, offset=16, size=8.
[INFO] RUNTIME(111294,npu_reader):2026-09-21-12:30:46.579.119 [elf.cc:1076] 111294 UpdateCachedParamInfos: Restore cached param info: kernel_name=mul_Ascend910B1_float32_210010000, ordinal=3, offset=24, size=8.
[INFO] RUNTIME(111294,npu_reader):2026-09-21-12:30:46.579.121 [elf.cc:1145] 111294 UpdateKernelsInfo: update meta info, kernel_name=mul_Ascend910B1_float32_210010000, dfxAddr=0xaaac332c9a2c, dfxSize=176, funcType=0, elfDataFlag=1, userArgsNum=0, crossCoreSync=0, kernelVfType=0, shareMemSize=0, minStackSize=0, funcEntryType=0, functionEntry=0, schedMode=0, taskRation_0=0, taskRation_1=0, hasParamSummary=1, paramCount=4, paramTotalSize=32.
[INFO] RUNTIME(111294,npu_reader):2026-09-21-12:30:46.579.125 [elf.cc:1076] 111294 UpdateCachedParamInfos: Restore cached param info: kernel_name=mul_Ascend910B1_float32_210000000, ordinal=0, offset=0, size=8.
[INFO] RUNTIME(111294,npu_reader):2026-09-21-12:30:46.579.127 [elf.cc:1076] 111294 UpdateCachedParamInfos: Restore cached param info: kernel_name=mul_Ascend910B1_float32_210000000, ordinal=1, offset=8, size=8.
[INFO] RUNTIME(111294,npu_reader):2026-09-21-12:30:46.579.129 [elf.cc:1076] 111294 UpdateCachedParamInfos: Restore cached param info: kernel_name=mul_Ascend910B1_float32_210000000, ordinal=2, offset=16, size=8.
[INFO] RUNTIME(111294,npu_reader):2026-09-21-12:30:46.579.131 [elf.cc:1076] 111294 UpdateCachedParamInfos: Restore cached param info: kernel_name=mul_Ascend910B1_float32_210000000, ordinal=3, offset=24, size=8.
[INFO] RUNTIME(111294,npu_reader):2026-09-21-12:30:46.579.133 [elf.cc:1145] 111294 UpdateKernelsInfo: update meta info, kernel_name=mul_Ascend910B1_float32_210000000, dfxAddr=0xaaac332c9adc, dfxSize=176, funcType=0, elfDataFlag=1, userArgsNum=0, crossCoreSync=0, kernelVfType=0, shareMemSize=0, minStackSize=0, funcEntryType=0, functionEntry=0, schedMode=0, taskRation_0=0, taskRation_1=0, hasParamSummary=1, paramCount=4, paramTotalSize=32.
[INFO] RUNTIME(111294,npu_reader):2026-09-21-12:30:46.579.137 [runtime.cc:1448] 111294 AddProgramToPool: progId=7
[INFO] RUNTIME(111294,npu_reader):2026-09-21-12:30:46.579.140 [program.cc:1649] 111294 GetKernelTypeAndMixType: Get kernel type success, kernelName=mul_Ascend910B1_float32_232010000, funcType=0, kernelAttrType=2, mixType=0
[INFO] RUNTIME(111294,npu_reader):2026-09-21-12:30:46.579.144 [program.cc:1119] 111294 SetKernelAttribute: kernel_name=mul_Ascend910B1_float32_232010000, kernelAttrType=2, userParamNum=0, sysParamNum=1, IsNeedSetFftsAddrInArg=0, isSupportOverFlow=1, elfDataFlag=1
[INFO] RUNTIME(111294,npu_reader):2026-09-21-12:30:46.579.146 [program.cc:1690] 111294 BuildNewKernel: new kernel success, size=1320, programId=7, original kernel_name=mul_Ascend910B1_float32_232010000, register kernel_name=mul_Ascend910B1_float32_232010000, tilingKey=232010000, functionEntry=0, funcType=0, kernelAttrType=2, mixType=0, taskRation=2, offset=0, dfxAddr=187656569657128, dfxSize=176
[INFO] RUNTIME(111294,npu_reader):2026-09-21-12:30:46.579.150 [program.cc:1649] 111294 GetKernelTypeAndMixType: Get kernel type success, kernelName=mul_Ascend910B1_float32_232000000, funcType=0, kernelAttrType=2, mixType=0
[INFO] RUNTIME(111294,npu_reader):2026-09-21-12:30:46.579.154 [program.cc:1119] 111294 SetKernelAttribute: kernel_name=mul_Ascend910B1_float32_232000000, kernelAttrType=2, userParamNum=0, sysParamNum=1, IsNeedSetFftsAddrInArg=0, isSupportOverFlow=1, elfDataFlag=1
[INFO] RUNTIME(111294,npu_reader):2026-09-21-12:30:46.579.156 [program.cc:1690] 111294 BuildNewKernel: new kernel success, size=1320, programId=7, original kernel_name=mul_Ascend910B1_float32_232000000, register kernel_name=mul_Ascend910B1_float32_232000000, tilingKey=232000000, functionEntry=0, funcType=0, kernelAttrType=2, mixType=0, taskRation=2, offset=1536, dfxAddr=187656569657372, dfxSize=176
[INFO] RUNTIME(111294,npu_reader):2026-09-21-12:30:46.579.160 [program.cc:1649] 111294 GetKernelTypeAndMixType: Get kernel type success, kernelName=mul_Ascend910B1_float32_223010000, funcType=0, kernelAttrType=2, mixType=0
[INFO] RUNTIME(111294,npu_reader):2026-09-21-12:30:46.579.163 [program.cc:1119] 111294 SetKernelAttribute: kernel_name=mul_Ascend910B1_float32_223010000, kernelAttrType=2, userParamNum=0, sysParamNum=1, IsNeedSetFftsAddrInArg=0, isSupportOverFlow=1, elfDataFlag=1
[INFO] RUNTIME(111294,npu_reader):2026-09-21-12:30:46.579.166 [program.cc:1690] 111294 BuildNewKernel: new kernel success, size=1320, programId=7, original kernel_name=mul_Ascend910B1_float32_223010000, register kernel_name=mul_Ascend910B1_float32_223010000, tilingKey=223010000, functionEntry=0, funcType=0, kernelAttrType=2, mixType=0, taskRation=2, offset=2472, dfxAddr=187656569657548, dfxSize=176
[INFO] RUNTIME(111294,npu_reader):2026-09-21-12:30:46.579.170 [program.cc:1649] 111294 GetKernelTypeAndMixType: Get kernel type success, kernelName=mul_Ascend910B1_float32_223000000, funcType=0, kernelAttrType=2, mixType=0
[INFO] RUNTIME(111294,npu_reader):2026-09-21-12:30:46.579.173 [program.cc:1119] 111294 SetKernelAttribute: kernel_name=mul_Ascend910B1_float32_223000000, kernelAttrType=2, userParamNum=0, sysParamNum=1, IsNeedSetFftsAddrInArg=0, isSupportOverFlow=1, elfDataFlag=1
[INFO] RUNTIME(111294,npu_reader):2026-09-21-12:30:46.579.175 [program.cc:1690] 111294 BuildNewKernel: new kernel success, size=1320, programId=7, original kernel_name=mul_Ascend910B1_float32_223000000, register kernel_name=mul_Ascend910B1_float32_223000000, tilingKey=223000000, functionEntry=0, funcType=0, kernelAttrType=2, mixType=0, taskRation=2, offset=4068, dfxAddr=187656569657724, dfxSize=176
[INFO] RUNTIME(111294,npu_reader):2026-09-21-12:30:46.579.179 [program.cc:1649] 111294 GetKernelTypeAndMixType: Get kernel type success, kernelName=mul_Ascend910B1_float32_210010000, funcType=0, kernelAttrType=2, mixType=0
[INFO] RUNTIME(111294,npu_reader):2026-09-21-12:30:46.579.182 [program.cc:1119] 111294 SetKernelAttribute: kernel_name=mul_Ascend910B1_float32_210010000, kernelAttrType=2, userParamNum=0, sysParamNum=1, IsNeedSetFftsAddrInArg=0, isSupportOverFlow=1, elfDataFlag=1
[INFO] RUNTIME(111294,npu_reader):2026-09-21-12:30:46.579.185 [program.cc:1690] 111294 BuildNewKernel: new kernel success, size=1320, programId=7, original kernel_name=mul_Ascend910B1_float32_210010000, register kernel_name=mul_Ascend910B1_float32_210010000, tilingKey=210010000, functionEntry=0, funcType=0, kernelAttrType=2, mixType=0, taskRation=2, offset=4992, dfxAddr=187656569657900, dfxSize=176
[INFO] RUNTIME(111294,npu_reader):2026-09-21-12:30:46.579.188 [program.cc:1649] 111294 GetKernelTypeAndMixType: Get kernel type success, kernelName=mul_Ascend910B1_float32_210000000, funcType=0, kernelAttrType=2, mixType=0
[INFO] RUNTIME(111294,npu_reader):2026-09-21-12:30:46.579.191 [program.cc:1119] 111294 SetKernelAttribute: kernel_name=mul_Ascend910B1_float32_210000000, kernelAttrType=2, userParamNum=0, sysParamNum=1, IsNeedSetFftsAddrInArg=0, isSupportOverFlow=1, elfDataFlag=1
[INFO] RUNTIME(111294,npu_reader):2026-09-21-12:30:46.579.194 [program.cc:1690] 111294 BuildNewKernel: new kernel success, size=1320, programId=7, original kernel_name=mul_Ascend910B1_float32_210000000, register kernel_name=mul_Ascend910B1_float32_210000000, tilingKey=210000000, functionEntry=0, funcType=0, kernelAttrType=2, mixType=0, taskRation=2, offset=6596, dfxAddr=187656569658076, dfxSize=176
[INFO] RUNTIME(111294,npu_reader):2026-09-21-12:30:46.579.225 [binary_loader.cc:364] 111294 LoadFromData: New ElfProgram ok, magic=1094799942, kernelAttrType=2, Runtime_alloc_size=11072
[INFO] RUNTIME(111294,npu_reader):2026-09-21-12:30:46.579.229 [program.cc:204] 111294 SaveBinaryData: Malloc the buffer for elfData, len=14976
[INFO] RUNTIME(111294,npu_reader):2026-09-21-12:30:46.579.232 [elf.cc:884] 111294 ParseKernelMetaData: section name = .text.
[INFO] RUNTIME(111294,npu_reader):2026-09-21-12:30:46.579.234 [elf.cc:884] 111294 ParseKernelMetaData: section name = .ascend.stack.size.record.
[INFO] RUNTIME(111294,npu_reader):2026-09-21-12:30:46.579.237 [elf.cc:884] 111294 ParseKernelMetaData: section name = __CCE_KernelArgSize.
[INFO] RUNTIME(111294,npu_reader):2026-09-21-12:30:46.579.239 [elf.cc:884] 111294 ParseKernelMetaData: section name = .ascend.meta.mul_Ascend910B2_float32_232010000.
[INFO] RUNTIME(111294,npu_reader):2026-09-21-12:30:46.579.241 [elf.cc:575] 111294 ElfParseParamSummary: paramCount=4, paramTotalSize=32.
[INFO] RUNTIME(111294,npu_reader):2026-09-21-12:30:46.579.244 [elf.cc:610] 111294 ElfParseParamInfo: Cache param info: ordinal=0, offset=0, size=8, align=8, paramType=2, spaceIndex=0.
[INFO] RUNTIME(111294,npu_reader):2026-09-21-12:30:46.579.246 [elf.cc:610] 111294 ElfParseParamInfo: Cache param info: ordinal=1, offset=8, size=8, align=8, paramType=2, spaceIndex=0.
[INFO] RUNTIME(111294,npu_reader):2026-09-21-12:30:46.579.248 [elf.cc:610] 111294 ElfParseParamInfo: Cache param info: ordinal=2, offset=16, size=8, align=8, paramType=2, spaceIndex=0.
[INFO] RUNTIME(111294,npu_reader):2026-09-21-12:30:46.579.251 [elf.cc:610] 111294 ElfParseParamInfo: Cache param info: ordinal=3, offset=24, size=8, align=8, paramType=2, spaceIndex=0.
[INFO] RUNTIME(111294,npu_reader):2026-09-21-12:30:46.579.253 [elf.cc:916] 111294 ParseKernelMetaData: kernel_name=mul_Ascend910B2_float32_232010000, ration[0]=0, ration[1]=0, dfxAddr=0xaaac332d6738, dfxSize=176, funcType=0, crossCoreSync=0, kernelVfType=0, shareMemSize=0, minStackSize=0, isSupportFuncEntry=0, functionEntryFlag=128, functionEntry=0.
[INFO] RUNTIME(111294,npu_reader):2026-09-21-12:30:46.579.256 [elf.cc:884] 111294 ParseKernelMetaData: section name = .comment.
[INFO] RUNTIME(111294,npu_reader):2026-09-21-12:30:46.579.259 [elf.cc:884] 111294 ParseKernelMetaData: section name = .ascend.meta.mul_Ascend910B2_float32_232000000.
[INFO] RUNTIME(111294,npu_reader):2026-09-21-12:30:46.579.261 [elf.cc:575] 111294 ElfParseParamSummary: paramCount=4, paramTotalSize=32.
[INFO] RUNTIME(111294,npu_reader):2026-09-21-12:30:46.579.263 [elf.cc:610] 111294 ElfParseParamInfo: Cache param info: ordinal=0, offset=0, size=8, align=8, paramType=2, spaceIndex=0.
[INFO] RUNTIME(111294,npu_reader):2026-09-21-12:30:46.579.265 [elf.cc:610] 111294 ElfParseParamInfo: Cache param info: ordinal=1, offset=8, size=8, align=8, paramType=2, spaceIndex=0.
[INFO] RUNTIME(111294,npu_reader):2026-09-21-12:30:46.579.268 [elf.cc:610] 111294 ElfParseParamInfo: Cache param info: ordinal=2, offset=16, size=8, align=8, paramType=2, spaceIndex=0.
[INFO] RUNTIME(111294,npu_reader):2026-09-21-12:30:46.579.270 [elf.cc:610] 111294 ElfParseParamInfo: Cache param info: ordinal=3, offset=24, size=8, align=8, paramType=2, spaceIndex=0.
[INFO] RUNTIME(111294,npu_reader):2026-09-21-12:30:46.579.273 [elf.cc:916] 111294 ParseKernelMetaData: kernel_name=mul_Ascend910B2_float32_232000000, ration[0]=0, ration[1]=0, dfxAddr=0xaaac332d682c, dfxSize=176, funcType=0, crossCoreSync=0, kernelVfType=0, shareMemSize=0, minStackSize=0, isSupportFuncEntry=0, functionEntryFlag=128, functionEntry=0.
[INFO] RUNTIME(111294,npu_reader):2026-09-21-12:30:46.579.276 [elf.cc:884] 111294 ParseKernelMetaData: section name = .ascend.meta.mul_Ascend910B2_float32_223010000.
[INFO] RUNTIME(111294,npu_reader):2026-09-21-12:30:46.579.279 [elf.cc:575] 111294 ElfParseParamSummary: paramCount=4, paramTotalSize=32.
[INFO] RUNTIME(111294,npu_reader):2026-09-21-12:30:46.579.281 [elf.cc:610] 111294 ElfParseParamInfo: Cache param info: ordinal=0, offset=0, size=8, align=8, paramType=2, spaceIndex=0.
[INFO] RUNTIME(111294,npu_reader):2026-09-21-12:30:46.579.283 [elf.cc:610] 111294 ElfParseParamInfo: Cache param info: ordinal=1, offset=8, size=8, align=8, paramType=2, spaceIndex=0.
[INFO] RUNTIME(111294,npu_reader):2026-09-21-12:30:46.579.286 [elf.cc:610] 111294 ElfParseParamInfo: Cache param info: ordinal=2, offset=16, size=8, align=8, paramType=2, spaceIndex=0.
[INFO] RUNTIME(111294,npu_reader):2026-09-21-12:30:46.579.288 [elf.cc:610] 111294 ElfParseParamInfo: Cache param info: ordinal=3, offset=24, size=8, align=8, paramType=2, spaceIndex=0.
[INFO] RUNTIME(111294,npu_reader):2026-09-21-12:30:46.579.291 [elf.cc:916] 111294 ParseKernelMetaData: kernel_name=mul_Ascend910B2_float32_223010000, ration[0]=0, ration[1]=0, dfxAddr=0xaaac332d68dc, dfxSize=176, funcType=0, crossCoreSync=0, kernelVfType=0, shareMemSize=0, minStackSize=0, isSupportFuncEntry=0, functionEntryFlag=128, functionEntry=0.
[INFO] RUNTIME(111294,npu_reader):2026-09-21-12:30:46.579.294 [elf.cc:884] 111294 ParseKernelMetaData: section name = .ascend.meta.mul_Ascend910B2_float32_223000000.
[INFO] RUNTIME(111294,npu_reader):2026-09-21-12:30:46.579.296 [elf.cc:575] 111294 ElfParseParamSummary: paramCount=4, paramTotalSize=32.
[INFO] RUNTIME(111294,npu_reader):2026-09-21-12:30:46.579.298 [elf.cc:610] 111294 ElfParseParamInfo: Cache param info: ordinal=0, offset=0, size=8, align=8, paramType=2, spaceIndex=0.
[INFO] RUNTIME(111294,npu_reader):2026-09-21-12:30:46.579.301 [elf.cc:610] 111294 ElfParseParamInfo: Cache param info: ordinal=1, offset=8, size=8, align=8, paramType=2, spaceIndex=0.
[INFO] RUNTIME(111294,npu_reader):2026-09-21-12:30:46.579.303 [elf.cc:610] 111294 ElfParseParamInfo: Cache param info: ordinal=2, offset=16, size=8, align=8, paramType=2, spaceIndex=0.
[INFO] RUNTIME(111294,npu_reader):2026-09-21-12:30:46.579.306 [elf.cc:610] 111294 ElfParseParamInfo: Cache param info: ordinal=3, offset=24, size=8, align=8, paramType=2, spaceIndex=0.
[INFO] RUNTIME(111294,npu_reader):2026-09-21-12:30:46.579.308 [elf.cc:916] 111294 ParseKernelMetaData: kernel_name=mul_Ascend910B2_float32_223000000, ration[0]=0, ration[1]=0, dfxAddr=0xaaac332d698c, dfxSize=176, funcType=0, crossCoreSync=0, kernelVfType=0, shareMemSize=0, minStackSize=0, isSupportFuncEntry=0, functionEntryFlag=128, functionEntry=0.
[INFO] RUNTIME(111294,npu_reader):2026-09-21-12:30:46.579.311 [elf.cc:884] 111294 ParseKernelMetaData: section name = .ascend.meta.mul_Ascend910B2_float32_210010000.
[INFO] RUNTIME(111294,npu_reader):2026-09-21-12:30:46.579.313 [elf.cc:575] 111294 ElfParseParamSummary: paramCount=4, paramTotalSize=32.
[INFO] RUNTIME(111294,npu_reader):2026-09-21-12:30:46.579.315 [elf.cc:610] 111294 ElfParseParamInfo: Cache param info: ordinal=0, offset=0, size=8, align=8, paramType=2, spaceIndex=0.
[INFO] RUNTIME(111294,npu_reader):2026-09-21-12:30:46.579.318 [elf.cc:610] 111294 ElfParseParamInfo: Cache param info: ordinal=1, offset=8, size=8, align=8, paramType=2, spaceIndex=0.
[INFO] RUNTIME(111294,npu_reader):2026-09-21-12:30:46.579.320 [elf.cc:610] 111294 ElfParseParamInfo: Cache param info: ordinal=2, offset=16, size=8, align=8, paramType=2, spaceIndex=0.
[INFO] RUNTIME(111294,npu_reader):2026-09-21-12:30:46.579.323 [elf.cc:610] 111294 ElfParseParamInfo: Cache param info: ordinal=3, offset=24, size=8, align=8, paramType=2, spaceIndex=0.
[INFO] RUNTIME(111294,npu_reader):2026-09-21-12:30:46.579.325 [elf.cc:916] 111294 ParseKernelMetaData: kernel_name=mul_Ascend910B2_float32_210010000, ration[0]=0, ration[1]=0, dfxAddr=0xaaac332d6a3c, dfxSize=176, funcType=0, crossCoreSync=0, kernelVfType=0, shareMemSize=0, minStackSize=0, isSupportFuncEntry=0, functionEntryFlag=128, functionEntry=0.
[INFO] RUNTIME(111294,npu_reader):2026-09-21-12:30:46.579.328 [elf.cc:884] 111294 ParseKernelMetaData: section name = .ascend.meta.mul_Ascend910B2_float32_210000000.
[INFO] RUNTIME(111294,npu_reader):2026-09-21-12:30:46.579.331 [elf.cc:575] 111294 ElfParseParamSummary: paramCount=4, paramTotalSize=32.
[INFO] RUNTIME(111294,npu_reader):2026-09-21-12:30:46.579.333 [elf.cc:610] 111294 ElfParseParamInfo: Cache param info: ordinal=0, offset=0, size=8, align=8, paramType=2, spaceIndex=0.
[INFO] RUNTIME(111294,npu_reader):2026-09-21-12:30:46.579.335 [elf.cc:610] 111294 ElfParseParamInfo: Cache param info: ordinal=1, offset=8, size=8, align=8, paramType=2, spaceIndex=0.
[INFO] RUNTIME(111294,npu_reader):2026-09-21-12:30:46.579.338 [elf.cc:610] 111294 ElfParseParamInfo: Cache param info: ordinal=2, offset=16, size=8, align=8, paramType=2, spaceIndex=0.
[INFO] RUNTIME(111294,npu_reader):2026-09-21-12:30:46.579.340 [elf.cc:610] 111294 ElfParseParamInfo: Cache param info: ordinal=3, offset=24, size=8, align=8, paramType=2, spaceIndex=0.
[INFO] RUNTIME(111294,npu_reader):2026-09-21-12:30:46.579.343 [elf.cc:916] 111294 ParseKernelMetaData: kernel_name=mul_Ascend910B2_float32_210000000, ration[0]=0, ration[1]=0, dfxAddr=0xaaac332d6aec, dfxSize=176, funcType=0, crossCoreSync=0, kernelVfType=0, shareMemSize=0, minStackSize=0, isSupportFuncEntry=0, functionEntryFlag=128, functionEntry=0.
[INFO] RUNTIME(111294,npu_reader):2026-09-21-12:30:46.579.355 [elf.cc:1076] 111294 UpdateCachedParamInfos: Restore cached param info: kernel_name=mul_Ascend910B2_float32_232010000, ordinal=0, offset=0, size=8.
[INFO] RUNTIME(111294,npu_reader):2026-09-21-12:30:46.579.357 [elf.cc:1076] 111294 UpdateCachedParamInfos: Restore cached param info: kernel_name=mul_Ascend910B2_float32_232010000, ordinal=1, offset=8, size=8.
[INFO] RUNTIME(111294,npu_reader):2026-09-21-12:30:46.579.360 [elf.cc:1076] 111294 UpdateCachedParamInfos: Restore cached param info: kernel_name=mul_Ascend910B2_float32_232010000, ordinal=2, offset=16, size=8.
[INFO] RUNTIME(111294,npu_reader):2026-09-21-12:30:46.579.362 [elf.cc:1076] 111294 UpdateCachedParamInfos: Restore cached param info: kernel_name=mul_Ascend910B2_float32_232010000, ordinal=3, offset=24, size=8.
[INFO] RUNTIME(111294,npu_reader):2026-09-21-12:30:46.579.364 [elf.cc:1145] 111294 UpdateKernelsInfo: update meta info, kernel_name=mul_Ascend910B2_float32_232010000, dfxAddr=0xaaac332d6738, dfxSize=176, funcType=0, elfDataFlag=1, userArgsNum=0, crossCoreSync=0, kernelVfType=0, shareMemSize=0, minStackSize=0, funcEntryType=0, functionEntry=0, schedMode=0, taskRation_0=0, taskRation_1=0, hasParamSummary=1, paramCount=4, paramTotalSize=32.
[INFO] RUNTIME(111294,npu_reader):2026-09-21-12:30:46.579.368 [elf.cc:1076] 111294 UpdateCachedParamInfos: Restore cached param info: kernel_name=mul_Ascend910B2_float32_232000000, ordinal=0, offset=0, size=8.
[INFO] RUNTIME(111294,npu_reader):2026-09-21-12:30:46.579.370 [elf.cc:1076] 111294 UpdateCachedParamInfos: Restore cached param info: kernel_name=mul_Ascend910B2_float32_232000000, ordinal=1, offset=8, size=8.
[INFO] RUNTIME(111294,npu_reader):2026-09-21-12:30:46.579.372 [elf.cc:1076] 111294 UpdateCachedParamInfos: Restore cached param info: kernel_name=mul_Ascend910B2_float32_232000000, ordinal=2, offset=16, size=8.
[INFO] RUNTIME(111294,npu_reader):2026-09-21-12:30:46.579.374 [elf.cc:1076] 111294 UpdateCachedParamInfos: Restore cached param info: kernel_name=mul_Ascend910B2_float32_232000000, ordinal=3, offset=24, size=8.
[INFO] RUNTIME(111294,npu_reader):2026-09-21-12:30:46.579.377 [elf.cc:1145] 111294 UpdateKernelsInfo: update meta info, kernel_name=mul_Ascend910B2_float32_232000000, dfxAddr=0xaaac332d682c, dfxSize=176, funcType=0, elfDataFlag=1, userArgsNum=0, crossCoreSync=0, kernelVfType=0, shareMemSize=0, minStackSize=0, funcEntryType=0, functionEntry=0, schedMode=0, taskRation_0=0, taskRation_1=0, hasParamSummary=1, paramCount=4, paramTotalSize=32.
[INFO] RUNTIME(111294,npu_reader):2026-09-21-12:30:46.579.380 [elf.cc:1076] 111294 UpdateCachedParamInfos: Restore cached param info: kernel_name=mul_Ascend910B2_float32_223010000, ordinal=0, offset=0, size=8.
[INFO] RUNTIME(111294,npu_reader):2026-09-21-12:30:46.579.382 [elf.cc:1076] 111294 UpdateCachedParamInfos: Restore cached param info: kernel_name=mul_Ascend910B2_float32_223010000, ordinal=1, offset=8, size=8.
[INFO] RUNTIME(111294,npu_reader):2026-09-21-12:30:46.579.385 [elf.cc:1076] 111294 UpdateCachedParamInfos: Restore cached param info: kernel_name=mul_Ascend910B2_float32_223010000, ordinal=2, offset=16, size=8.
[INFO] RUNTIME(111294,npu_reader):2026-09-21-12:30:46.579.387 [elf.cc:1076] 111294 UpdateCachedParamInfos: Restore cached param info: kernel_name=mul_Ascend910B2_float32_223010000, ordinal=3, offset=24, size=8.
[INFO] RUNTIME(111294,npu_reader):2026-09-21-12:30:46.579.389 [elf.cc:1145] 111294 UpdateKernelsInfo: update meta info, kernel_name=mul_Ascend910B2_float32_223010000, dfxAddr=0xaaac332d68dc, dfxSize=176, funcType=0, elfDataFlag=1, userArgsNum=0, crossCoreSync=0, kernelVfType=0, shareMemSize=0, minStackSize=0, funcEntryType=0, functionEntry=0, schedMode=0, taskRation_0=0, taskRation_1=0, hasParamSummary=1, paramCount=4, paramTotalSize=32.
[INFO] RUNTIME(111294,npu_reader):2026-09-21-12:30:46.579.393 [elf.cc:1076] 111294 UpdateCachedParamInfos: Restore cached param info: kernel_name=mul_Ascend910B2_float32_223000000, ordinal=0, offset=0, size=8.
[INFO] RUNTIME(111294,npu_reader):2026-09-21-12:30:46.579.395 [elf.cc:1076] 111294 UpdateCachedParamInfos: Restore cached param info: kernel_name=mul_Ascend910B2_float32_223000000, ordinal=1, offset=8, size=8.
[INFO] RUNTIME(111294,npu_reader):2026-09-21-12:30:46.579.397 [elf.cc:1076] 111294 UpdateCachedParamInfos: Restore cached param info: kernel_name=mul_Ascend910B2_float32_223000000, ordinal=2, offset=16, size=8.
[INFO] RUNTIME(111294,npu_reader):2026-09-21-12:30:46.579.399 [elf.cc:1076] 111294 UpdateCachedParamInfos: Restore cached param info: kernel_name=mul_Ascend910B2_float32_223000000, ordinal=3, offset=24, size=8.
[INFO] RUNTIME(111294,npu_reader):2026-09-21-12:30:46.579.402 [elf.cc:1145] 111294 UpdateKernelsInfo: update meta info, kernel_name=mul_Ascend910B2_float32_223000000, dfxAddr=0xaaac332d698c, dfxSize=176, funcType=0, elfDataFlag=1, userArgsNum=0, crossCoreSync=0, kernelVfType=0, shareMemSize=0, minStackSize=0, funcEntryType=0, functionEntry=0, schedMode=0, taskRation_0=0, taskRation_1=0, hasParamSummary=1, paramCount=4, paramTotalSize=32.
[INFO] RUNTIME(111294,npu_reader):2026-09-21-12:30:46.579.405 [elf.cc:1076] 111294 UpdateCachedParamInfos: Restore cached param info: kernel_name=mul_Ascend910B2_float32_210010000, ordinal=0, offset=0, size=8.
[INFO] RUNTIME(111294,npu_reader):2026-09-21-12:30:46.579.407 [elf.cc:1076] 111294 UpdateCachedParamInfos: Restore cached param info: kernel_name=mul_Ascend910B2_float32_210010000, ordinal=1, offset=8, size=8.
[INFO] RUNTIME(111294,npu_reader):2026-09-21-12:30:46.579.409 [elf.cc:1076] 111294 UpdateCachedParamInfos: Restore cached param info: kernel_name=mul_Ascend910B2_float32_210010000, ordinal=2, offset=16, size=8.
[INFO] RUNTIME(111294,npu_reader):2026-09-21-12:30:46.579.412 [elf.cc:1076] 111294 UpdateCachedParamInfos: Restore cached param info: kernel_name=mul_Ascend910B2_float32_210010000, ordinal=3, offset=24, size=8.
[INFO] RUNTIME(111294,npu_reader):2026-09-21-12:30:46.579.414 [elf.cc:1145] 111294 UpdateKernelsInfo: update meta info, kernel_name=mul_Ascend910B2_float32_210010000, dfxAddr=0xaaac332d6a3c, dfxSize=176, funcType=0, elfDataFlag=1, userArgsNum=0, crossCoreSync=0, kernelVfType=0, shareMemSize=0, minStackSize=0, funcEntryType=0, functionEntry=0, schedMode=0, taskRation_0=0, taskRation_1=0, hasParamSummary=1, paramCount=4, paramTotalSize=32.
[INFO] RUNTIME(111294,npu_reader):2026-09-21-12:30:46.579.417 [elf.cc:1076] 111294 UpdateCachedParamInfos: Restore cached param info: kernel_name=mul_Ascend910B2_float32_210000000, ordinal=0, offset=0, size=8.
[INFO] RUNTIME(111294,npu_reader):2026-09-21-12:30:46.579.419 [elf.cc:1076] 111294 UpdateCachedParamInfos: Restore cached param info: kernel_name=mul_Ascend910B2_float32_210000000, ordinal=1, offset=8, size=8.
[INFO] RUNTIME(111294,npu_reader):2026-09-21-12:30:46.579.422 [elf.cc:1076] 111294 UpdateCachedParamInfos: Restore cached param info: kernel_name=mul_Ascend910B2_float32_210000000, ordinal=2, offset=16, size=8.
[INFO] RUNTIME(111294,npu_reader):2026-09-21-12:30:46.579.424 [elf.cc:1076] 111294 UpdateCachedParamInfos: Restore cached param info: kernel_name=mul_Ascend910B2_float32_210000000, ordinal=3, offset=24, size=8.
[INFO] RUNTIME(111294,npu_reader):2026-09-21-12:30:46.579.427 [elf.cc:1145] 111294 UpdateKernelsInfo: update meta info, kernel_name=mul_Ascend910B2_float32_210000000, dfxAddr=0xaaac332d6aec, dfxSize=176, funcType=0, elfDataFlag=1, userArgsNum=0, crossCoreSync=0, kernelVfType=0, shareMemSize=0, minStackSize=0, funcEntryType=0, functionEntry=0, schedMode=0, taskRation_0=0, taskRation_1=0, hasParamSummary=1, paramCount=4, paramTotalSize=32.
[INFO] RUNTIME(111294,npu_reader):2026-09-21-12:30:46.579.430 [runtime.cc:1448] 111294 AddProgramToPool: progId=8
[INFO] RUNTIME(111294,npu_reader):2026-09-21-12:30:46.579.433 [program.cc:1649] 111294 GetKernelTypeAndMixType: Get kernel type success, kernelName=mul_Ascend910B2_float32_232010000, funcType=0, kernelAttrType=2, mixType=0
[INFO] RUNTIME(111294,npu_reader):2026-09-21-12:30:46.579.437 [program.cc:1119] 111294 SetKernelAttribute: kernel_name=mul_Ascend910B2_float32_232010000, kernelAttrType=2, userParamNum=0, sysParamNum=1, IsNeedSetFftsAddrInArg=0, isSupportOverFlow=1, elfDataFlag=1
[INFO] RUNTIME(111294,npu_reader):2026-09-21-12:30:46.579.440 [program.cc:1690] 111294 BuildNewKernel: new kernel success, size=1320, programId=8, original kernel_name=mul_Ascend910B2_float32_232010000, register kernel_name=mul_Ascend910B2_float32_232010000, tilingKey=232010000, functionEntry=0, funcType=0, kernelAttrType=2, mixType=0, taskRation=2, offset=0, dfxAddr=187656569710392, dfxSize=176
[INFO] RUNTIME(111294,npu_reader):2026-09-21-12:30:46.579.443 [program.cc:1649] 111294 GetKernelTypeAndMixType: Get kernel type success, kernelName=mul_Ascend910B2_float32_232000000, funcType=0, kernelAttrType=2, mixType=0
[INFO] RUNTIME(111294,npu_reader):2026-09-21-12:30:46.579.446 [program.cc:1119] 111294 SetKernelAttribute: kernel_name=mul_Ascend910B2_float32_232000000, kernelAttrType=2, userParamNum=0, sysParamNum=1, IsNeedSetFftsAddrInArg=0, isSupportOverFlow=1, elfDataFlag=1
[INFO] RUNTIME(111294,npu_reader):2026-09-21-12:30:46.579.449 [program.cc:1690] 111294 BuildNewKernel: new kernel success, size=1320, programId=8, original kernel_name=mul_Ascend910B2_float32_232000000, register kernel_name=mul_Ascend910B2_float32_232000000, tilingKey=232000000, functionEntry=0, funcType=0, kernelAttrType=2, mixType=0, taskRation=2, offset=1536, dfxAddr=187656569710636, dfxSize=176
[INFO] RUNTIME(111294,npu_reader):2026-09-21-12:30:46.579.453 [program.cc:1649] 111294 GetKernelTypeAndMixType: Get kernel type success, kernelName=mul_Ascend910B2_float32_223010000, funcType=0, kernelAttrType=2, mixType=0
[INFO] RUNTIME(111294,npu_reader):2026-09-21-12:30:46.579.456 [program.cc:1119] 111294 SetKernelAttribute: kernel_name=mul_Ascend910B2_float32_223010000, kernelAttrType=2, userParamNum=0, sysParamNum=1, IsNeedSetFftsAddrInArg=0, isSupportOverFlow=1, elfDataFlag=1
[INFO] RUNTIME(111294,npu_reader):2026-09-21-12:30:46.579.458 [program.cc:1690] 111294 BuildNewKernel: new kernel success, size=1320, programId=8, original kernel_name=mul_Ascend910B2_float32_223010000, register kernel_name=mul_Ascend910B2_float32_223010000, tilingKey=223010000, functionEntry=0, funcType=0, kernelAttrType=2, mixType=0, taskRation=2, offset=2472, dfxAddr=187656569710812, dfxSize=176
[INFO] RUNTIME(111294,npu_reader):2026-09-21-12:30:46.579.462 [program.cc:1649] 111294 GetKernelTypeAndMixType: Get kernel type success, kernelName=mul_Ascend910B2_float32_223000000, funcType=0, kernelAttrType=2, mixType=0
[INFO] RUNTIME(111294,npu_reader):2026-09-21-12:30:46.579.465 [program.cc:1119] 111294 SetKernelAttribute: kernel_name=mul_Ascend910B2_float32_223000000, kernelAttrType=2, userParamNum=0, sysParamNum=1, IsNeedSetFftsAddrInArg=0, isSupportOverFlow=1, elfDataFlag=1
[INFO] RUNTIME(111294,npu_reader):2026-09-21-12:30:46.579.468 [program.cc:1690] 111294 BuildNewKernel: new kernel success, size=1320, programId=8, original kernel_name=mul_Ascend910B2_float32_223000000, register kernel_name=mul_Ascend910B2_float32_223000000, tilingKey=223000000, functionEntry=0, funcType=0, kernelAttrType=2, mixType=0, taskRation=2, offset=4068, dfxAddr=187656569710988, dfxSize=176
[INFO] RUNTIME(111294,npu_reader):2026-09-21-12:30:46.579.475 [program.cc:1649] 111294 GetKernelTypeAndMixType: Get kernel type success, kernelName=mul_Ascend910B2_float32_210010000, funcType=0, kernelAttrType=2, mixType=0
[INFO] RUNTIME(111294,npu_reader):2026-09-21-12:30:46.579.478 [program.cc:1119] 111294 SetKernelAttribute: kernel_name=mul_Ascend910B2_float32_210010000, kernelAttrType=2, userParamNum=0, sysParamNum=1, IsNeedSetFftsAddrInArg=0, isSupportOverFlow=1, elfDataFlag=1
[INFO] RUNTIME(111294,npu_reader):2026-09-21-12:30:46.579.481 [program.cc:1690] 111294 BuildNewKernel: new kernel success, size=1320, programId=8, original kernel_name=mul_Ascend910B2_float32_210010000, register kernel_name=mul_Ascend910B2_float32_210010000, tilingKey=210010000, functionEntry=0, funcType=0, kernelAttrType=2, mixType=0, taskRation=2, offset=4992, dfxAddr=187656569711164, dfxSize=176
[INFO] RUNTIME(111294,npu_reader):2026-09-21-12:30:46.579.485 [program.cc:1649] 111294 GetKernelTypeAndMixType: Get kernel type success, kernelName=mul_Ascend910B2_float32_210000000, funcType=0, kernelAttrType=2, mixType=0
[INFO] RUNTIME(111294,npu_reader):2026-09-21-12:30:46.579.487 [program.cc:1119] 111294 SetKernelAttribute: kernel_name=mul_Ascend910B2_float32_210000000, kernelAttrType=2, userParamNum=0, sysParamNum=1, IsNeedSetFftsAddrInArg=0, isSupportOverFlow=1, elfDataFlag=1
[INFO] RUNTIME(111294,npu_reader):2026-09-21-12:30:46.579.490 [program.cc:1690] 111294 BuildNewKernel: new kernel success, size=1320, programId=8, original kernel_name=mul_Ascend910B2_float32_210000000, register kernel_name=mul_Ascend910B2_float32_210000000, tilingKey=210000000, functionEntry=0, funcType=0, kernelAttrType=2, mixType=0, taskRation=2, offset=6596, dfxAddr=187656569711340, dfxSize=176
[INFO] RUNTIME(111294,npu_reader):2026-09-21-12:30:46.579.521 [binary_loader.cc:364] 111294 LoadFromData: New ElfProgram ok, magic=1094799942, kernelAttrType=2, Runtime_alloc_size=11072
[INFO] RUNTIME(111294,npu_reader):2026-09-21-12:30:46.579.525 [program.cc:204] 111294 SaveBinaryData: Malloc the buffer for elfData, len=14976
[INFO] RUNTIME(111294,npu_reader):2026-09-21-12:30:46.579.528 [elf.cc:884] 111294 ParseKernelMetaData: section name = .text.
[INFO] RUNTIME(111294,npu_reader):2026-09-21-12:30:46.579.530 [elf.cc:884] 111294 ParseKernelMetaData: section name = .ascend.stack.size.record.
[INFO] RUNTIME(111294,npu_reader):2026-09-21-12:30:46.579.533 [elf.cc:884] 111294 ParseKernelMetaData: section name = __CCE_KernelArgSize.
[INFO] RUNTIME(111294,npu_reader):2026-09-21-12:30:46.579.535 [elf.cc:884] 111294 ParseKernelMetaData: section name = .ascend.meta.mul_Ascend910B3_float32_232010000.
[INFO] RUNTIME(111294,npu_reader):2026-09-21-12:30:46.579.537 [elf.cc:575] 111294 ElfParseParamSummary: paramCount=4, paramTotalSize=32.
[INFO] RUNTIME(111294,npu_reader):2026-09-21-12:30:46.579.539 [elf.cc:610] 111294 ElfParseParamInfo: Cache param info: ordinal=0, offset=0, size=8, align=8, paramType=2, spaceIndex=0.
[INFO] RUNTIME(111294,npu_reader):2026-09-21-12:30:46.579.542 [elf.cc:610] 111294 ElfParseParamInfo: Cache param info: ordinal=1, offset=8, size=8, align=8, paramType=2, spaceIndex=0.
[INFO] RUNTIME(111294,npu_reader):2026-09-21-12:30:46.579.544 [elf.cc:610] 111294 ElfParseParamInfo: Cache param info: ordinal=2, offset=16, size=8, align=8, paramType=2, spaceIndex=0.
[INFO] RUNTIME(111294,npu_reader):2026-09-21-12:30:46.579.547 [elf.cc:610] 111294 ElfParseParamInfo: Cache param info: ordinal=3, offset=24, size=8, align=8, paramType=2, spaceIndex=0.
[INFO] RUNTIME(111294,npu_reader):2026-09-21-12:30:46.579.549 [elf.cc:916] 111294 ParseKernelMetaData: kernel_name=mul_Ascend910B3_float32_232010000, ration[0]=0, ration[1]=0, dfxAddr=0xaaac332e3878, dfxSize=176, funcType=0, crossCoreSync=0, kernelVfType=0, shareMemSize=0, minStackSize=0, isSupportFuncEntry=0, functionEntryFlag=128, functionEntry=0.
[INFO] RUNTIME(111294,npu_reader):2026-09-21-12:30:46.579.553 [elf.cc:884] 111294 ParseKernelMetaData: section name = .comment.
[INFO] RUNTIME(111294,npu_reader):2026-09-21-12:30:46.579.555 [elf.cc:884] 111294 ParseKernelMetaData: section name = .ascend.meta.mul_Ascend910B3_float32_232000000.
[INFO] RUNTIME(111294,npu_reader):2026-09-21-12:30:46.579.557 [elf.cc:575] 111294 ElfParseParamSummary: paramCount=4, paramTotalSize=32.
[INFO] RUNTIME(111294,npu_reader):2026-09-21-12:30:46.579.560 [elf.cc:610] 111294 ElfParseParamInfo: Cache param info: ordinal=0, offset=0, size=8, align=8, paramType=2, spaceIndex=0.
[INFO] RUNTIME(111294,npu_reader):2026-09-21-12:30:46.579.562 [elf.cc:610] 111294 ElfParseParamInfo: Cache param info: ordinal=1, offset=8, size=8, align=8, paramType=2, spaceIndex=0.
[INFO] RUNTIME(111294,npu_reader):2026-09-21-12:30:46.579.564 [elf.cc:610] 111294 ElfParseParamInfo: Cache param info: ordinal=2, offset=16, size=8, align=8, paramType=2, spaceIndex=0.
[INFO] RUNTIME(111294,npu_reader):2026-09-21-12:30:46.579.567 [elf.cc:610] 111294 ElfParseParamInfo: Cache param info: ordinal=3, offset=24, size=8, align=8, paramType=2, spaceIndex=0.
[INFO] RUNTIME(111294,npu_reader):2026-09-21-12:30:46.579.569 [elf.cc:916] 111294 ParseKernelMetaData: kernel_name=mul_Ascend910B3_float32_232000000, ration[0]=0, ration[1]=0, dfxAddr=0xaaac332e396c, dfxSize=176, funcType=0, crossCoreSync=0, kernelVfType=0, shareMemSize=0, minStackSize=0, isSupportFuncEntry=0, functionEntryFlag=128, functionEntry=0.
[INFO] RUNTIME(111294,npu_reader):2026-09-21-12:30:46.579.572 [elf.cc:884] 111294 ParseKernelMetaData: section name = .ascend.meta.mul_Ascend910B3_float32_223010000.
[INFO] RUNTIME(111294,npu_reader):2026-09-21-12:30:46.579.575 [elf.cc:575] 111294 ElfParseParamSummary: paramCount=4, paramTotalSize=32.
[INFO] RUNTIME(111294,npu_reader):2026-09-21-12:30:46.579.577 [elf.cc:610] 111294 ElfParseParamInfo: Cache param info: ordinal=0, offset=0, size=8, align=8, paramType=2, spaceIndex=0.
[INFO] RUNTIME(111294,npu_reader):2026-09-21-12:30:46.579.579 [elf.cc:610] 111294 ElfParseParamInfo: Cache param info: ordinal=1, offset=8, size=8, align=8, paramType=2, spaceIndex=0.
[INFO] RUNTIME(111294,npu_reader):2026-09-21-12:30:46.579.582 [elf.cc:610] 111294 ElfParseParamInfo: Cache param info: ordinal=2, offset=16, size=8, align=8, paramType=2, spaceIndex=0.
[INFO] RUNTIME(111294,npu_reader):2026-09-21-12:30:46.579.584 [elf.cc:610] 111294 ElfParseParamInfo: Cache param info: ordinal=3, offset=24, size=8, align=8, paramType=2, spaceIndex=0.
[INFO] RUNTIME(111294,npu_reader):2026-09-21-12:30:46.579.587 [elf.cc:916] 111294 ParseKernelMetaData: kernel_name=mul_Ascend910B3_float32_223010000, ration[0]=0, ration[1]=0, dfxAddr=0xaaac332e3a1c, dfxSize=176, funcType=0, crossCoreSync=0, kernelVfType=0, shareMemSize=0, minStackSize=0, isSupportFuncEntry=0, functionEntryFlag=128, functionEntry=0.
[INFO] RUNTIME(111294,npu_reader):2026-09-21-12:30:46.579.590 [elf.cc:884] 111294 ParseKernelMetaData: section name = .ascend.meta.mul_Ascend910B3_float32_223000000.
[INFO] RUNTIME(111294,npu_reader):2026-09-21-12:30:46.579.592 [elf.cc:575] 111294 ElfParseParamSummary: paramCount=4, paramTotalSize=32.
[INFO] RUNTIME(111294,npu_reader):2026-09-21-12:30:46.579.594 [elf.cc:610] 111294 ElfParseParamInfo: Cache param info: ordinal=0, offset=0, size=8, align=8, paramType=2, spaceIndex=0.
[INFO] RUNTIME(111294,npu_reader):2026-09-21-12:30:46.579.597 [elf.cc:610] 111294 ElfParseParamInfo: Cache param info: ordinal=1, offset=8, size=8, align=8, paramType=2, spaceIndex=0.
[INFO] RUNTIME(111294,npu_reader):2026-09-21-12:30:46.579.599 [elf.cc:610] 111294 ElfParseParamInfo: Cache param info: ordinal=2, offset=16, size=8, align=8, paramType=2, spaceIndex=0.
[INFO] RUNTIME(111294,npu_reader):2026-09-21-12:30:46.579.601 [elf.cc:610] 111294 ElfParseParamInfo: Cache param info: ordinal=3, offset=24, size=8, align=8, paramType=2, spaceIndex=0.
[INFO] RUNTIME(111294,npu_reader):2026-09-21-12:30:46.579.604 [elf.cc:916] 111294 ParseKernelMetaData: kernel_name=mul_Ascend910B3_float32_223000000, ration[0]=0, ration[1]=0, dfxAddr=0xaaac332e3acc, dfxSize=176, funcType=0, crossCoreSync=0, kernelVfType=0, shareMemSize=0, minStackSize=0, isSupportFuncEntry=0, functionEntryFlag=128, functionEntry=0.
[INFO] RUNTIME(111294,npu_reader):2026-09-21-12:30:46.579.607 [elf.cc:884] 111294 ParseKernelMetaData: section name = .ascend.meta.mul_Ascend910B3_float32_210010000.
[INFO] RUNTIME(111294,npu_reader):2026-09-21-12:30:46.579.610 [elf.cc:575] 111294 ElfParseParamSummary: paramCount=4, paramTotalSize=32.
[INFO] RUNTIME(111294,npu_reader):2026-09-21-12:30:46.579.612 [elf.cc:610] 111294 ElfParseParamInfo: Cache param info: ordinal=0, offset=0, size=8, align=8, paramType=2, spaceIndex=0.
[INFO] RUNTIME(111294,npu_reader):2026-09-21-12:30:46.579.614 [elf.cc:610] 111294 ElfParseParamInfo: Cache param info: ordinal=1, offset=8, size=8, align=8, paramType=2, spaceIndex=0.
[INFO] RUNTIME(111294,npu_reader):2026-09-21-12:30:46.579.617 [elf.cc:610] 111294 ElfParseParamInfo: Cache param info: ordinal=2, offset=16, size=8, align=8, paramType=2, spaceIndex=0.
[INFO] RUNTIME(111294,npu_reader):2026-09-21-12:30:46.579.619 [elf.cc:610] 111294 ElfParseParamInfo: Cache param info: ordinal=3, offset=24, size=8, align=8, paramType=2, spaceIndex=0.
[INFO] RUNTIME(111294,npu_reader):2026-09-21-12:30:46.579.621 [elf.cc:916] 111294 ParseKernelMetaData: kernel_name=mul_Ascend910B3_float32_210010000, ration[0]=0, ration[1]=0, dfxAddr=0xaaac332e3b7c, dfxSize=176, funcType=0, crossCoreSync=0, kernelVfType=0, shareMemSize=0, minStackSize=0, isSupportFuncEntry=0, functionEntryFlag=128, functionEntry=0.
[INFO] RUNTIME(111294,npu_reader):2026-09-21-12:30:46.579.624 [elf.cc:884] 111294 ParseKernelMetaData: section name = .ascend.meta.mul_Ascend910B3_float32_210000000.
[INFO] RUNTIME(111294,npu_reader):2026-09-21-12:30:46.579.627 [elf.cc:575] 111294 ElfParseParamSummary: paramCount=4, paramTotalSize=32.
[INFO] RUNTIME(111294,npu_reader):2026-09-21-12:30:46.579.629 [elf.cc:610] 111294 ElfParseParamInfo: Cache param info: ordinal=0, offset=0, size=8, align=8, paramType=2, spaceIndex=0.
[INFO] RUNTIME(111294,npu_reader):2026-09-21-12:30:46.579.631 [elf.cc:610] 111294 ElfParseParamInfo: Cache param info: ordinal=1, offset=8, size=8, align=8, paramType=2, spaceIndex=0.
[INFO] RUNTIME(111294,npu_reader):2026-09-21-12:30:46.579.634 [elf.cc:610] 111294 ElfParseParamInfo: Cache param info: ordinal=2, offset=16, size=8, align=8, paramType=2, spaceIndex=0.
[INFO] RUNTIME(111294,npu_reader):2026-09-21-12:30:46.579.636 [elf.cc:610] 111294 ElfParseParamInfo: Cache param info: ordinal=3, offset=24, size=8, align=8, paramType=2, spaceIndex=0.
[INFO] RUNTIME(111294,npu_reader):2026-09-21-12:30:46.579.638 [elf.cc:916] 111294 ParseKernelMetaData: kernel_name=mul_Ascend910B3_float32_210000000, ration[0]=0, ration[1]=0, dfxAddr=0xaaac332e3c2c, dfxSize=176, funcType=0, crossCoreSync=0, kernelVfType=0, shareMemSize=0, minStackSize=0, isSupportFuncEntry=0, functionEntryFlag=128, functionEntry=0.
[INFO] RUNTIME(111294,npu_reader):2026-09-21-12:30:46.579.651 [elf.cc:1076] 111294 UpdateCachedParamInfos: Restore cached param info: kernel_name=mul_Ascend910B3_float32_232010000, ordinal=0, offset=0, size=8.
[INFO] RUNTIME(111294,npu_reader):2026-09-21-12:30:46.579.653 [elf.cc:1076] 111294 UpdateCachedParamInfos: Restore cached param info: kernel_name=mul_Ascend910B3_float32_232010000, ordinal=1, offset=8, size=8.
[INFO] RUNTIME(111294,npu_reader):2026-09-21-12:30:46.579.655 [elf.cc:1076] 111294 UpdateCachedParamInfos: Restore cached param info: kernel_name=mul_Ascend910B3_float32_232010000, ordinal=2, offset=16, size=8.
[INFO] RUNTIME(111294,npu_reader):2026-09-21-12:30:46.579.658 [elf.cc:1076] 111294 UpdateCachedParamInfos: Restore cached param info: kernel_name=mul_Ascend910B3_float32_232010000, ordinal=3, offset=24, size=8.
[INFO] RUNTIME(111294,npu_reader):2026-09-21-12:30:46.579.660 [elf.cc:1145] 111294 UpdateKernelsInfo: update meta info, kernel_name=mul_Ascend910B3_float32_232010000, dfxAddr=0xaaac332e3878, dfxSize=176, funcType=0, elfDataFlag=1, userArgsNum=0, crossCoreSync=0, kernelVfType=0, shareMemSize=0, minStackSize=0, funcEntryType=0, functionEntry=0, schedMode=0, taskRation_0=0, taskRation_1=0, hasParamSummary=1, paramCount=4, paramTotalSize=32.
[INFO] RUNTIME(111294,npu_reader):2026-09-21-12:30:46.579.664 [elf.cc:1076] 111294 UpdateCachedParamInfos: Restore cached param info: kernel_name=mul_Ascend910B3_float32_232000000, ordinal=0, offset=0, size=8.
[INFO] RUNTIME(111294,npu_reader):2026-09-21-12:30:46.579.666 [elf.cc:1076] 111294 UpdateCachedParamInfos: Restore cached param info: kernel_name=mul_Ascend910B3_float32_232000000, ordinal=1, offset=8, size=8.
[INFO] RUNTIME(111294,npu_reader):2026-09-21-12:30:46.579.669 [elf.cc:1076] 111294 UpdateCachedParamInfos: Restore cached param info: kernel_name=mul_Ascend910B3_float32_232000000, ordinal=2, offset=16, size=8.
[INFO] RUNTIME(111294,npu_reader):2026-09-21-12:30:46.579.671 [elf.cc:1076] 111294 UpdateCachedParamInfos: Restore cached param info: kernel_name=mul_Ascend910B3_float32_232000000, ordinal=3, offset=24, size=8.
[INFO] RUNTIME(111294,npu_reader):2026-09-21-12:30:46.579.673 [elf.cc:1145] 111294 UpdateKernelsInfo: update meta info, kernel_name=mul_Ascend910B3_float32_232000000, dfxAddr=0xaaac332e396c, dfxSize=176, funcType=0, elfDataFlag=1, userArgsNum=0, crossCoreSync=0, kernelVfType=0, shareMemSize=0, minStackSize=0, funcEntryType=0, functionEntry=0, schedMode=0, taskRation_0=0, taskRation_1=0, hasParamSummary=1, paramCount=4, paramTotalSize=32.
[INFO] RUNTIME(111294,npu_reader):2026-09-21-12:30:46.579.677 [elf.cc:1076] 111294 UpdateCachedParamInfos: Restore cached param info: kernel_name=mul_Ascend910B3_float32_223010000, ordinal=0, offset=0, size=8.
[INFO] RUNTIME(111294,npu_reader):2026-09-21-12:30:46.579.679 [elf.cc:1076] 111294 UpdateCachedParamInfos: Restore cached param info: kernel_name=mul_Ascend910B3_float32_223010000, ordinal=1, offset=8, size=8.
[INFO] RUNTIME(111294,npu_reader):2026-09-21-12:30:46.579.681 [elf.cc:1076] 111294 UpdateCachedParamInfos: Restore cached param info: kernel_name=mul_Ascend910B3_float32_223010000, ordinal=2, offset=16, size=8.
[INFO] RUNTIME(111294,npu_reader):2026-09-21-12:30:46.579.683 [elf.cc:1076] 111294 UpdateCachedParamInfos: Restore cached param info: kernel_name=mul_Ascend910B3_float32_223010000, ordinal=3, offset=24, size=8.
[INFO] RUNTIME(111294,npu_reader):2026-09-21-12:30:46.579.685 [elf.cc:1145] 111294 UpdateKernelsInfo: update meta info, kernel_name=mul_Ascend910B3_float32_223010000, dfxAddr=0xaaac332e3a1c, dfxSize=176, funcType=0, elfDataFlag=1, userArgsNum=0, crossCoreSync=0, kernelVfType=0, shareMemSize=0, minStackSize=0, funcEntryType=0, functionEntry=0, schedMode=0, taskRation_0=0, taskRation_1=0, hasParamSummary=1, paramCount=4, paramTotalSize=32.
[INFO] RUNTIME(111294,npu_reader):2026-09-21-12:30:46.579.689 [elf.cc:1076] 111294 UpdateCachedParamInfos: Restore cached param info: kernel_name=mul_Ascend910B3_float32_223000000, ordinal=0, offset=0, size=8.
[INFO] RUNTIME(111294,npu_reader):2026-09-21-12:30:46.579.691 [elf.cc:1076] 111294 UpdateCachedParamInfos: Restore cached param info: kernel_name=mul_Ascend910B3_float32_223000000, ordinal=1, offset=8, size=8.
[INFO] RUNTIME(111294,npu_reader):2026-09-21-12:30:46.579.693 [elf.cc:1076] 111294 UpdateCachedParamInfos: Restore cached param info: kernel_name=mul_Ascend910B3_float32_223000000, ordinal=2, offset=16, size=8.
[INFO] RUNTIME(111294,npu_reader):2026-09-21-12:30:46.579.696 [elf.cc:1076] 111294 UpdateCachedParamInfos: Restore cached param info: kernel_name=mul_Ascend910B3_float32_223000000, ordinal=3, offset=24, size=8.
[INFO] RUNTIME(111294,npu_reader):2026-09-21-12:30:46.579.698 [elf.cc:1145] 111294 UpdateKernelsInfo: update meta info, kernel_name=mul_Ascend910B3_float32_223000000, dfxAddr=0xaaac332e3acc, dfxSize=176, funcType=0, elfDataFlag=1, userArgsNum=0, crossCoreSync=0, kernelVfType=0, shareMemSize=0, minStackSize=0, funcEntryType=0, functionEntry=0, schedMode=0, taskRation_0=0, taskRation_1=0, hasParamSummary=1, paramCount=4, paramTotalSize=32.
[INFO] RUNTIME(111294,npu_reader):2026-09-21-12:30:46.579.702 [elf.cc:1076] 111294 UpdateCachedParamInfos: Restore cached param info: kernel_name=mul_Ascend910B3_float32_210010000, ordinal=0, offset=0, size=8.
[INFO] RUNTIME(111294,npu_reader):2026-09-21-12:30:46.579.704 [elf.cc:1076] 111294 UpdateCachedParamInfos: Restore cached param info: kernel_name=mul_Ascend910B3_float32_210010000, ordinal=1, offset=8, size=8.
[INFO] RUNTIME(111294,npu_reader):2026-09-21-12:30:46.579.706 [elf.cc:1076] 111294 UpdateCachedParamInfos: Restore cached param info: kernel_name=mul_Ascend910B3_float32_210010000, ordinal=2, offset=16, size=8.
[INFO] RUNTIME(111294,npu_reader):2026-09-21-12:30:46.579.708 [elf.cc:1076] 111294 UpdateCachedParamInfos: Restore cached param info: kernel_name=mul_Ascend910B3_float32_210010000, ordinal=3, offset=24, size=8.
[INFO] RUNTIME(111294,npu_reader):2026-09-21-12:30:46.579.711 [elf.cc:1145] 111294 UpdateKernelsInfo: update meta info, kernel_name=mul_Ascend910B3_float32_210010000, dfxAddr=0xaaac332e3b7c, dfxSize=176, funcType=0, elfDataFlag=1, userArgsNum=0, crossCoreSync=0, kernelVfType=0, shareMemSize=0, minStackSize=0, funcEntryType=0, functionEntry=0, schedMode=0, taskRation_0=0, taskRation_1=0, hasParamSummary=1, paramCount=4, paramTotalSize=32.
[INFO] RUNTIME(111294,npu_reader):2026-09-21-12:30:46.579.714 [elf.cc:1076] 111294 UpdateCachedParamInfos: Restore cached param info: kernel_name=mul_Ascend910B3_float32_210000000, ordinal=0, offset=0, size=8.
[INFO] RUNTIME(111294,npu_reader):2026-09-21-12:30:46.579.716 [elf.cc:1076] 111294 UpdateCachedParamInfos: Restore cached param info: kernel_name=mul_Ascend910B3_float32_210000000, ordinal=1, offset=8, size=8.
[INFO] RUNTIME(111294,npu_reader):2026-09-21-12:30:46.579.719 [elf.cc:1076] 111294 UpdateCachedParamInfos: Restore cached param info: kernel_name=mul_Ascend910B3_float32_210000000, ordinal=2, offset=16, size=8.
[INFO] RUNTIME(111294,npu_reader):2026-09-21-12:30:46.579.721 [elf.cc:1076] 111294 UpdateCachedParamInfos: Restore cached param info: kernel_name=mul_Ascend910B3_float32_210000000, ordinal=3, offset=24, size=8.
[INFO] RUNTIME(111294,npu_reader):2026-09-21-12:30:46.579.723 [elf.cc:1145] 111294 UpdateKernelsInfo: update meta info, kernel_name=mul_Ascend910B3_float32_210000000, dfxAddr=0xaaac332e3c2c, dfxSize=176, funcType=0, elfDataFlag=1, userArgsNum=0, crossCoreSync=0, kernelVfType=0, shareMemSize=0, minStackSize=0, funcEntryType=0, functionEntry=0, schedMode=0, taskRation_0=0, taskRation_1=0, hasParamSummary=1, paramCount=4, paramTotalSize=32.
[INFO] RUNTIME(111294,npu_reader):2026-09-21-12:30:46.579.727 [runtime.cc:1448] 111294 AddProgramToPool: progId=9
[INFO] RUNTIME(111294,npu_reader):2026-09-21-12:30:46.579.730 [program.cc:1649] 111294 GetKernelTypeAndMixType: Get kernel type success, kernelName=mul_Ascend910B3_float32_232010000, funcType=0, kernelAttrType=2, mixType=0
[INFO] RUNTIME(111294,npu_reader):2026-09-21-12:30:46.579.733 [program.cc:1119] 111294 SetKernelAttribute: kernel_name=mul_Ascend910B3_float32_232010000, kernelAttrType=2, userParamNum=0, sysParamNum=1, IsNeedSetFftsAddrInArg=0, isSupportOverFlow=1, elfDataFlag=1
[INFO] RUNTIME(111294,npu_reader):2026-09-21-12:30:46.579.736 [program.cc:1690] 111294 BuildNewKernel: new kernel success, size=1320, programId=9, original kernel_name=mul_Ascend910B3_float32_232010000, register kernel_name=mul_Ascend910B3_float32_232010000, tilingKey=232010000, functionEntry=0, funcType=0, kernelAttrType=2, mixType=0, taskRation=2, offset=0, dfxAddr=187656569763960, dfxSize=176
[INFO] RUNTIME(111294,npu_reader):2026-09-21-12:30:46.579.740 [program.cc:1649] 111294 GetKernelTypeAndMixType: Get kernel type success, kernelName=mul_Ascend910B3_float32_232000000, funcType=0, kernelAttrType=2, mixType=0
[INFO] RUNTIME(111294,npu_reader):2026-09-21-12:30:46.579.743 [program.cc:1119] 111294 SetKernelAttribute: kernel_name=mul_Ascend910B3_float32_232000000, kernelAttrType=2, userParamNum=0, sysParamNum=1, IsNeedSetFftsAddrInArg=0, isSupportOverFlow=1, elfDataFlag=1
[INFO] RUNTIME(111294,npu_reader):2026-09-21-12:30:46.579.746 [program.cc:1690] 111294 BuildNewKernel: new kernel success, size=1320, programId=9, original kernel_name=mul_Ascend910B3_float32_232000000, register kernel_name=mul_Ascend910B3_float32_232000000, tilingKey=232000000, functionEntry=0, funcType=0, kernelAttrType=2, mixType=0, taskRation=2, offset=1536, dfxAddr=187656569764204, dfxSize=176
[INFO] RUNTIME(111294,npu_reader):2026-09-21-12:30:46.579.750 [program.cc:1649] 111294 GetKernelTypeAndMixType: Get kernel type success, kernelName=mul_Ascend910B3_float32_223010000, funcType=0, kernelAttrType=2, mixType=0
[INFO] RUNTIME(111294,npu_reader):2026-09-21-12:30:46.579.753 [program.cc:1119] 111294 SetKernelAttribute: kernel_name=mul_Ascend910B3_float32_223010000, kernelAttrType=2, userParamNum=0, sysParamNum=1, IsNeedSetFftsAddrInArg=0, isSupportOverFlow=1, elfDataFlag=1
[INFO] RUNTIME(111294,npu_reader):2026-09-21-12:30:46.579.756 [program.cc:1690] 111294 BuildNewKernel: new kernel success, size=1320, programId=9, original kernel_name=mul_Ascend910B3_float32_223010000, register kernel_name=mul_Ascend910B3_float32_223010000, tilingKey=223010000, functionEntry=0, funcType=0, kernelAttrType=2, mixType=0, taskRation=2, offset=2472, dfxAddr=187656569764380, dfxSize=176
[INFO] RUNTIME(111294,npu_reader):2026-09-21-12:30:46.579.759 [program.cc:1649] 111294 GetKernelTypeAndMixType: Get kernel type success, kernelName=mul_Ascend910B3_float32_223000000, funcType=0, kernelAttrType=2, mixType=0
[INFO] RUNTIME(111294,npu_reader):2026-09-21-12:30:46.579.763 [program.cc:1119] 111294 SetKernelAttribute: kernel_name=mul_Ascend910B3_float32_223000000, kernelAttrType=2, userParamNum=0, sysParamNum=1, IsNeedSetFftsAddrInArg=0, isSupportOverFlow=1, elfDataFlag=1
[INFO] RUNTIME(111294,npu_reader):2026-09-21-12:30:46.579.765 [program.cc:1690] 111294 BuildNewKernel: new kernel success, size=1320, programId=9, original kernel_name=mul_Ascend910B3_float32_223000000, register kernel_name=mul_Ascend910B3_float32_223000000, tilingKey=223000000, functionEntry=0, funcType=0, kernelAttrType=2, mixType=0, taskRation=2, offset=4068, dfxAddr=187656569764556, dfxSize=176
[INFO] RUNTIME(111294,npu_reader):2026-09-21-12:30:46.579.769 [program.cc:1649] 111294 GetKernelTypeAndMixType: Get kernel type success, kernelName=mul_Ascend910B3_float32_210010000, funcType=0, kernelAttrType=2, mixType=0
[INFO] RUNTIME(111294,npu_reader):2026-09-21-12:30:46.579.772 [program.cc:1119] 111294 SetKernelAttribute: kernel_name=mul_Ascend910B3_float32_210010000, kernelAttrType=2, userParamNum=0, sysParamNum=1, IsNeedSetFftsAddrInArg=0, isSupportOverFlow=1, elfDataFlag=1
[INFO] RUNTIME(111294,npu_reader):2026-09-21-12:30:46.579.774 [program.cc:1690] 111294 BuildNewKernel: new kernel success, size=1320, programId=9, original kernel_name=mul_Ascend910B3_float32_210010000, register kernel_name=mul_Ascend910B3_float32_210010000, tilingKey=210010000, functionEntry=0, funcType=0, kernelAttrType=2, mixType=0, taskRation=2, offset=4992, dfxAddr=187656569764732, dfxSize=176
[INFO] RUNTIME(111294,npu_reader):2026-09-21-12:30:46.579.778 [program.cc:1649] 111294 GetKernelTypeAndMixType: Get kernel type success, kernelName=mul_Ascend910B3_float32_210000000, funcType=0, kernelAttrType=2, mixType=0
[INFO] RUNTIME(111294,npu_reader):2026-09-21-12:30:46.579.781 [program.cc:1119] 111294 SetKernelAttribute: kernel_name=mul_Ascend910B3_float32_210000000, kernelAttrType=2, userParamNum=0, sysParamNum=1, IsNeedSetFftsAddrInArg=0, isSupportOverFlow=1, elfDataFlag=1
[INFO] RUNTIME(111294,npu_reader):2026-09-21-12:30:46.579.783 [program.cc:1690] 111294 BuildNewKernel: new kernel success, size=1320, programId=9, original kernel_name=mul_Ascend910B3_float32_210000000, register kernel_name=mul_Ascend910B3_float32_210000000, tilingKey=210000000, functionEntry=0, funcType=0, kernelAttrType=2, mixType=0, taskRation=2, offset=6596, dfxAddr=187656569764908, dfxSize=176
[INFO] RUNTIME(111294,npu_reader):2026-09-21-12:30:46.579.807 [binary_loader.cc:364] 111294 LoadFromData: New ElfProgram ok, magic=1094799942, kernelAttrType=2, Runtime_alloc_size=11072
[INFO] RUNTIME(111294,npu_reader):2026-09-21-12:30:46.579.813 [program.cc:204] 111294 SaveBinaryData: Malloc the buffer for elfData, len=14976
[INFO] RUNTIME(111294,npu_reader):2026-09-21-12:30:46.579.816 [elf.cc:884] 111294 ParseKernelMetaData: section name = .text.
[INFO] RUNTIME(111294,npu_reader):2026-09-21-12:30:46.579.819 [elf.cc:884] 111294 ParseKernelMetaData: section name = .ascend.stack.size.record.
[INFO] RUNTIME(111294,npu_reader):2026-09-21-12:30:46.579.821 [elf.cc:884] 111294 ParseKernelMetaData: section name = __CCE_KernelArgSize.
[INFO] RUNTIME(111294,npu_reader):2026-09-21-12:30:46.579.824 [elf.cc:884] 111294 ParseKernelMetaData: section name = .ascend.meta.mul_Ascend910B4_float32_232010000.
[INFO] RUNTIME(111294,npu_reader):2026-09-21-12:30:46.579.826 [elf.cc:575] 111294 ElfParseParamSummary: paramCount=4, paramTotalSize=32.
[INFO] RUNTIME(111294,npu_reader):2026-09-21-12:30:46.579.828 [elf.cc:610] 111294 ElfParseParamInfo: Cache param info: ordinal=0, offset=0, size=8, align=8, paramType=2, spaceIndex=0.
[INFO] RUNTIME(111294,npu_reader):2026-09-21-12:30:46.579.831 [elf.cc:610] 111294 ElfParseParamInfo: Cache param info: ordinal=1, offset=8, size=8, align=8, paramType=2, spaceIndex=0.
[INFO] RUNTIME(111294,npu_reader):2026-09-21-12:30:46.579.833 [elf.cc:610] 111294 ElfParseParamInfo: Cache param info: ordinal=2, offset=16, size=8, align=8, paramType=2, spaceIndex=0.
[INFO] RUNTIME(111294,npu_reader):2026-09-21-12:30:46.579.836 [elf.cc:610] 111294 ElfParseParamInfo: Cache param info: ordinal=3, offset=24, size=8, align=8, paramType=2, spaceIndex=0.
[INFO] RUNTIME(111294,npu_reader):2026-09-21-12:30:46.579.838 [elf.cc:916] 111294 ParseKernelMetaData: kernel_name=mul_Ascend910B4_float32_232010000, ration[0]=0, ration[1]=0, dfxAddr=0xaaac332f0a78, dfxSize=176, funcType=0, crossCoreSync=0, kernelVfType=0, shareMemSize=0, minStackSize=0, isSupportFuncEntry=0, functionEntryFlag=128, functionEntry=0.
[INFO] RUNTIME(111294,npu_reader):2026-09-21-12:30:46.579.841 [elf.cc:884] 111294 ParseKernelMetaData: section name = .comment.
[INFO] RUNTIME(111294,npu_reader):2026-09-21-12:30:46.579.844 [elf.cc:884] 111294 ParseKernelMetaData: section name = .ascend.meta.mul_Ascend910B4_float32_232000000.
[INFO] RUNTIME(111294,npu_reader):2026-09-21-12:30:46.579.846 [elf.cc:575] 111294 ElfParseParamSummary: paramCount=4, paramTotalSize=32.
[INFO] RUNTIME(111294,npu_reader):2026-09-21-12:30:46.579.848 [elf.cc:610] 111294 ElfParseParamInfo: Cache param info: ordinal=0, offset=0, size=8, align=8, paramType=2, spaceIndex=0.
[INFO] RUNTIME(111294,npu_reader):2026-09-21-12:30:46.579.850 [elf.cc:610] 111294 ElfParseParamInfo: Cache param info: ordinal=1, offset=8, size=8, align=8, paramType=2, spaceIndex=0.
[INFO] RUNTIME(111294,npu_reader):2026-09-21-12:30:46.579.853 [elf.cc:610] 111294 ElfParseParamInfo: Cache param info: ordinal=2, offset=16, size=8, align=8, paramType=2, spaceIndex=0.
[INFO] RUNTIME(111294,npu_reader):2026-09-21-12:30:46.579.855 [elf.cc:610] 111294 ElfParseParamInfo: Cache param info: ordinal=3, offset=24, size=8, align=8, paramType=2, spaceIndex=0.
[INFO] RUNTIME(111294,npu_reader):2026-09-21-12:30:46.579.858 [elf.cc:916] 111294 ParseKernelMetaData: kernel_name=mul_Ascend910B4_float32_232000000, ration[0]=0, ration[1]=0, dfxAddr=0xaaac332f0b6c, dfxSize=176, funcType=0, crossCoreSync=0, kernelVfType=0, shareMemSize=0, minStackSize=0, isSupportFuncEntry=0, functionEntryFlag=128, functionEntry=0.
[INFO] RUNTIME(111294,npu_reader):2026-09-21-12:30:46.579.861 [elf.cc:884] 111294 ParseKernelMetaData: section name = .ascend.meta.mul_Ascend910B4_float32_223010000.
[INFO] RUNTIME(111294,npu_reader):2026-09-21-12:30:46.579.863 [elf.cc:575] 111294 ElfParseParamSummary: paramCount=4, paramTotalSize=32.
[INFO] RUNTIME(111294,npu_reader):2026-09-21-12:30:46.579.865 [elf.cc:610] 111294 ElfParseParamInfo: Cache param info: ordinal=0, offset=0, size=8, align=8, paramType=2, spaceIndex=0.
[INFO] RUNTIME(111294,npu_reader):2026-09-21-12:30:46.579.868 [elf.cc:610] 111294 ElfParseParamInfo: Cache param info: ordinal=1, offset=8, size=8, align=8, paramType=2, spaceIndex=0.
[INFO] RUNTIME(111294,npu_reader):2026-09-21-12:30:46.579.871 [elf.cc:610] 111294 ElfParseParamInfo: Cache param info: ordinal=2, offset=16, size=8, align=8, paramType=2, spaceIndex=0.
[INFO] RUNTIME(111294,npu_reader):2026-09-21-12:30:46.579.873 [elf.cc:610] 111294 ElfParseParamInfo: Cache param info: ordinal=3, offset=24, size=8, align=8, paramType=2, spaceIndex=0.
[INFO] RUNTIME(111294,npu_reader):2026-09-21-12:30:46.579.876 [elf.cc:916] 111294 ParseKernelMetaData: kernel_name=mul_Ascend910B4_float32_223010000, ration[0]=0, ration[1]=0, dfxAddr=0xaaac332f0c1c, dfxSize=176, funcType=0, crossCoreSync=0, kernelVfType=0, shareMemSize=0, minStackSize=0, isSupportFuncEntry=0, functionEntryFlag=128, functionEntry=0.
[INFO] RUNTIME(111294,npu_reader):2026-09-21-12:30:46.579.879 [elf.cc:884] 111294 ParseKernelMetaData: section name = .ascend.meta.mul_Ascend910B4_float32_223000000.
[INFO] RUNTIME(111294,npu_reader):2026-09-21-12:30:46.579.881 [elf.cc:575] 111294 ElfParseParamSummary: paramCount=4, paramTotalSize=32.
[INFO] RUNTIME(111294,npu_reader):2026-09-21-12:30:46.579.883 [elf.cc:610] 111294 ElfParseParamInfo: Cache param info: ordinal=0, offset=0, size=8, align=8, paramType=2, spaceIndex=0.
[INFO] RUNTIME(111294,npu_reader):2026-09-21-12:30:46.579.886 [elf.cc:610] 111294 ElfParseParamInfo: Cache param info: ordinal=1, offset=8, size=8, align=8, paramType=2, spaceIndex=0.
[INFO] RUNTIME(111294,npu_reader):2026-09-21-12:30:46.579.888 [elf.cc:610] 111294 ElfParseParamInfo: Cache param info: ordinal=2, offset=16, size=8, align=8, paramType=2, spaceIndex=0.
[INFO] RUNTIME(111294,npu_reader):2026-09-21-12:30:46.579.890 [elf.cc:610] 111294 ElfParseParamInfo: Cache param info: ordinal=3, offset=24, size=8, align=8, paramType=2, spaceIndex=0.
[INFO] RUNTIME(111294,npu_reader):2026-09-21-12:30:46.579.893 [elf.cc:916] 111294 ParseKernelMetaData: kernel_name=mul_Ascend910B4_float32_223000000, ration[0]=0, ration[1]=0, dfxAddr=0xaaac332f0ccc, dfxSize=176, funcType=0, crossCoreSync=0, kernelVfType=0, shareMemSize=0, minStackSize=0, isSupportFuncEntry=0, functionEntryFlag=128, functionEntry=0.
[INFO] RUNTIME(111294,npu_reader):2026-09-21-12:30:46.579.896 [elf.cc:884] 111294 ParseKernelMetaData: section name = .ascend.meta.mul_Ascend910B4_float32_210010000.
[INFO] RUNTIME(111294,npu_reader):2026-09-21-12:30:46.579.898 [elf.cc:575] 111294 ElfParseParamSummary: paramCount=4, paramTotalSize=32.
[INFO] RUNTIME(111294,npu_reader):2026-09-21-12:30:46.579.900 [elf.cc:610] 111294 ElfParseParamInfo: Cache param info: ordinal=0, offset=0, size=8, align=8, paramType=2, spaceIndex=0.
[INFO] RUNTIME(111294,npu_reader):2026-09-21-12:30:46.579.903 [elf.cc:610] 111294 ElfParseParamInfo: Cache param info: ordinal=1, offset=8, size=8, align=8, paramType=2, spaceIndex=0.
[INFO] RUNTIME(111294,npu_reader):2026-09-21-12:30:46.579.905 [elf.cc:610] 111294 ElfParseParamInfo: Cache param info: ordinal=2, offset=16, size=8, align=8, paramType=2, spaceIndex=0.
[INFO] RUNTIME(111294,npu_reader):2026-09-21-12:30:46.579.908 [elf.cc:610] 111294 ElfParseParamInfo: Cache param info: ordinal=3, offset=24, size=8, align=8, paramType=2, spaceIndex=0.
[INFO] RUNTIME(111294,npu_reader):2026-09-21-12:30:46.579.910 [elf.cc:916] 111294 ParseKernelMetaData: kernel_name=mul_Ascend910B4_float32_210010000, ration[0]=0, ration[1]=0, dfxAddr=0xaaac332f0d7c, dfxSize=176, funcType=0, crossCoreSync=0, kernelVfType=0, shareMemSize=0, minStackSize=0, isSupportFuncEntry=0, functionEntryFlag=128, functionEntry=0.
[INFO] RUNTIME(111294,npu_reader):2026-09-21-12:30:46.579.913 [elf.cc:884] 111294 ParseKernelMetaData: section name = .ascend.meta.mul_Ascend910B4_float32_210000000.
[INFO] RUNTIME(111294,npu_reader):2026-09-21-12:30:46.579.915 [elf.cc:575] 111294 ElfParseParamSummary: paramCount=4, paramTotalSize=32.
[INFO] RUNTIME(111294,npu_reader):2026-09-21-12:30:46.579.918 [elf.cc:610] 111294 ElfParseParamInfo: Cache param info: ordinal=0, offset=0, size=8, align=8, paramType=2, spaceIndex=0.
[INFO] RUNTIME(111294,npu_reader):2026-09-21-12:30:46.579.920 [elf.cc:610] 111294 ElfParseParamInfo: Cache param info: ordinal=1, offset=8, size=8, align=8, paramType=2, spaceIndex=0.
[INFO] RUNTIME(111294,npu_reader):2026-09-21-12:30:46.579.923 [elf.cc:610] 111294 ElfParseParamInfo: Cache param info: ordinal=2, offset=16, size=8, align=8, paramType=2, spaceIndex=0.
[INFO] RUNTIME(111294,npu_reader):2026-09-21-12:30:46.579.925 [elf.cc:610] 111294 ElfParseParamInfo: Cache param info: ordinal=3, offset=24, size=8, align=8, paramType=2, spaceIndex=0.
[INFO] RUNTIME(111294,npu_reader):2026-09-21-12:30:46.579.928 [elf.cc:916] 111294 ParseKernelMetaData: kernel_name=mul_Ascend910B4_float32_210000000, ration[0]=0, ration[1]=0, dfxAddr=0xaaac332f0e2c, dfxSize=176, funcType=0, crossCoreSync=0, kernelVfType=0, shareMemSize=0, minStackSize=0, isSupportFuncEntry=0, functionEntryFlag=128, functionEntry=0.
[INFO] RUNTIME(111294,npu_reader):2026-09-21-12:30:46.579.940 [elf.cc:1076] 111294 UpdateCachedParamInfos: Restore cached param info: kernel_name=mul_Ascend910B4_float32_232010000, ordinal=0, offset=0, size=8.
[INFO] RUNTIME(111294,npu_reader):2026-09-21-12:30:46.579.942 [elf.cc:1076] 111294 UpdateCachedParamInfos: Restore cached param info: kernel_name=mul_Ascend910B4_float32_232010000, ordinal=1, offset=8, size=8.
[INFO] RUNTIME(111294,npu_reader):2026-09-21-12:30:46.579.945 [elf.cc:1076] 111294 UpdateCachedParamInfos: Restore cached param info: kernel_name=mul_Ascend910B4_float32_232010000, ordinal=2, offset=16, size=8.
[INFO] RUNTIME(111294,npu_reader):2026-09-21-12:30:46.579.947 [elf.cc:1076] 111294 UpdateCachedParamInfos: Restore cached param info: kernel_name=mul_Ascend910B4_float32_232010000, ordinal=3, offset=24, size=8.
[INFO] RUNTIME(111294,npu_reader):2026-09-21-12:30:46.579.949 [elf.cc:1145] 111294 UpdateKernelsInfo: update meta info, kernel_name=mul_Ascend910B4_float32_232010000, dfxAddr=0xaaac332f0a78, dfxSize=176, funcType=0, elfDataFlag=1, userArgsNum=0, crossCoreSync=0, kernelVfType=0, shareMemSize=0, minStackSize=0, funcEntryType=0, functionEntry=0, schedMode=0, taskRation_0=0, taskRation_1=0, hasParamSummary=1, paramCount=4, paramTotalSize=32.
[INFO] RUNTIME(111294,npu_reader):2026-09-21-12:30:46.579.953 [elf.cc:1076] 111294 UpdateCachedParamInfos: Restore cached param info: kernel_name=mul_Ascend910B4_float32_232000000, ordinal=0, offset=0, size=8.
[INFO] RUNTIME(111294,npu_reader):2026-09-21-12:30:46.579.955 [elf.cc:1076] 111294 UpdateCachedParamInfos: Restore cached param info: kernel_name=mul_Ascend910B4_float32_232000000, ordinal=1, offset=8, size=8.
[INFO] RUNTIME(111294,npu_reader):2026-09-21-12:30:46.579.957 [elf.cc:1076] 111294 UpdateCachedParamInfos: Restore cached param info: kernel_name=mul_Ascend910B4_float32_232000000, ordinal=2, offset=16, size=8.
[INFO] RUNTIME(111294,npu_reader):2026-09-21-12:30:46.579.960 [elf.cc:1076] 111294 UpdateCachedParamInfos: Restore cached param info: kernel_name=mul_Ascend910B4_float32_232000000, ordinal=3, offset=24, size=8.
[INFO] RUNTIME(111294,npu_reader):2026-09-21-12:30:46.579.962 [elf.cc:1145] 111294 UpdateKernelsInfo: update meta info, kernel_name=mul_Ascend910B4_float32_232000000, dfxAddr=0xaaac332f0b6c, dfxSize=176, funcType=0, elfDataFlag=1, userArgsNum=0, crossCoreSync=0, kernelVfType=0, shareMemSize=0, minStackSize=0, funcEntryType=0, functionEntry=0, schedMode=0, taskRation_0=0, taskRation_1=0, hasParamSummary=1, paramCount=4, paramTotalSize=32.
[INFO] RUNTIME(111294,npu_reader):2026-09-21-12:30:46.579.965 [elf.cc:1076] 111294 UpdateCachedParamInfos: Restore cached param info: kernel_name=mul_Ascend910B4_float32_223010000, ordinal=0, offset=0, size=8.
[INFO] RUNTIME(111294,npu_reader):2026-09-21-12:30:46.579.967 [elf.cc:1076] 111294 UpdateCachedParamInfos: Restore cached param info: kernel_name=mul_Ascend910B4_float32_223010000, ordinal=1, offset=8, size=8.
[INFO] RUNTIME(111294,npu_reader):2026-09-21-12:30:46.579.970 [elf.cc:1076] 111294 UpdateCachedParamInfos: Restore cached param info: kernel_name=mul_Ascend910B4_float32_223010000, ordinal=2, offset=16, size=8.
[INFO] RUNTIME(111294,npu_reader):2026-09-21-12:30:46.579.972 [elf.cc:1076] 111294 UpdateCachedParamInfos: Restore cached param info: kernel_name=mul_Ascend910B4_float32_223010000, ordinal=3, offset=24, size=8.
[INFO] RUNTIME(111294,npu_reader):2026-09-21-12:30:46.579.975 [elf.cc:1145] 111294 UpdateKernelsInfo: update meta info, kernel_name=mul_Ascend910B4_float32_223010000, dfxAddr=0xaaac332f0c1c, dfxSize=176, funcType=0, elfDataFlag=1, userArgsNum=0, crossCoreSync=0, kernelVfType=0, shareMemSize=0, minStackSize=0, funcEntryType=0, functionEntry=0, schedMode=0, taskRation_0=0, taskRation_1=0, hasParamSummary=1, paramCount=4, paramTotalSize=32.
[INFO] RUNTIME(111294,npu_reader):2026-09-21-12:30:46.579.978 [elf.cc:1076] 111294 UpdateCachedParamInfos: Restore cached param info: kernel_name=mul_Ascend910B4_float32_223000000, ordinal=0, offset=0, size=8.
[INFO] RUNTIME(111294,npu_reader):2026-09-21-12:30:46.579.980 [elf.cc:1076] 111294 UpdateCachedParamInfos: Restore cached param info: kernel_name=mul_Ascend910B4_float32_223000000, ordinal=1, offset=8, size=8.
[INFO] RUNTIME(111294,npu_reader):2026-09-21-12:30:46.579.982 [elf.cc:1076] 111294 UpdateCachedParamInfos: Restore cached param info: kernel_name=mul_Ascend910B4_float32_223000000, ordinal=2, offset=16, size=8.
[INFO] RUNTIME(111294,npu_reader):2026-09-21-12:30:46.579.985 [elf.cc:1076] 111294 UpdateCachedParamInfos: Restore cached param info: kernel_name=mul_Ascend910B4_float32_223000000, ordinal=3, offset=24, size=8.
[INFO] RUNTIME(111294,npu_reader):2026-09-21-12:30:46.579.987 [elf.cc:1145] 111294 UpdateKernelsInfo: update meta info, kernel_name=mul_Ascend910B4_float32_223000000, dfxAddr=0xaaac332f0ccc, dfxSize=176, funcType=0, elfDataFlag=1, userArgsNum=0, crossCoreSync=0, kernelVfType=0, shareMemSize=0, minStackSize=0, funcEntryType=0, functionEntry=0, schedMode=0, taskRation_0=0, taskRation_1=0, hasParamSummary=1, paramCount=4, paramTotalSize=32.
[INFO] RUNTIME(111294,npu_reader):2026-09-21-12:30:46.579.990 [elf.cc:1076] 111294 UpdateCachedParamInfos: Restore cached param info: kernel_name=mul_Ascend910B4_float32_210010000, ordinal=0, offset=0, size=8.
[INFO] RUNTIME(111294,npu_reader):2026-09-21-12:30:46.579.992 [elf.cc:1076] 111294 UpdateCachedParamInfos: Restore cached param info: kernel_name=mul_Ascend910B4_float32_210010000, ordinal=1, offset=8, size=8.
[INFO] RUNTIME(111294,npu_reader):2026-09-21-12:30:46.579.995 [elf.cc:1076] 111294 UpdateCachedParamInfos: Restore cached param info: kernel_name=mul_Ascend910B4_float32_210010000, ordinal=2, offset=16, size=8.
[INFO] RUNTIME(111294,npu_reader):2026-09-21-12:30:46.579.997 [elf.cc:1076] 111294 UpdateCachedParamInfos: Restore cached param info: kernel_name=mul_Ascend910B4_float32_210010000, ordinal=3, offset=24, size=8.
[INFO] RUNTIME(111294,npu_reader):2026-09-21-12:30:46.579.999 [elf.cc:1145] 111294 UpdateKernelsInfo: update meta info, kernel_name=mul_Ascend910B4_float32_210010000, dfxAddr=0xaaac332f0d7c, dfxSize=176, funcType=0, elfDataFlag=1, userArgsNum=0, crossCoreSync=0, kernelVfType=0, shareMemSize=0, minStackSize=0, funcEntryType=0, functionEntry=0, schedMode=0, taskRation_0=0, taskRation_1=0, hasParamSummary=1, paramCount=4, paramTotalSize=32.
[INFO] RUNTIME(111294,npu_reader):2026-09-21-12:30:46.580.002 [elf.cc:1076] 111294 UpdateCachedParamInfos: Restore cached param info: kernel_name=mul_Ascend910B4_float32_210000000, ordinal=0, offset=0, size=8.
[INFO] RUNTIME(111294,npu_reader):2026-09-21-12:30:46.580.005 [elf.cc:1076] 111294 UpdateCachedParamInfos: Restore cached param info: kernel_name=mul_Ascend910B4_float32_210000000, ordinal=1, offset=8, size=8.
[INFO] RUNTIME(111294,npu_reader):2026-09-21-12:30:46.580.007 [elf.cc:1076] 111294 UpdateCachedParamInfos: Restore cached param info: kernel_name=mul_Ascend910B4_float32_210000000, ordinal=2, offset=16, size=8.
[INFO] RUNTIME(111294,npu_reader):2026-09-21-12:30:46.580.009 [elf.cc:1076] 111294 UpdateCachedParamInfos: Restore cached param info: kernel_name=mul_Ascend910B4_float32_210000000, ordinal=3, offset=24, size=8.
[INFO] RUNTIME(111294,npu_reader):2026-09-21-12:30:46.580.012 [elf.cc:1145] 111294 UpdateKernelsInfo: update meta info, kernel_name=mul_Ascend910B4_float32_210000000, dfxAddr=0xaaac332f0e2c, dfxSize=176, funcType=0, elfDataFlag=1, userArgsNum=0, crossCoreSync=0, kernelVfType=0, shareMemSize=0, minStackSize=0, funcEntryType=0, functionEntry=0, schedMode=0, taskRation_0=0, taskRation_1=0, hasParamSummary=1, paramCount=4, paramTotalSize=32.
[INFO] RUNTIME(111294,npu_reader):2026-09-21-12:30:46.580.015 [runtime.cc:1448] 111294 AddProgramToPool: progId=10
[INFO] RUNTIME(111294,npu_reader):2026-09-21-12:30:46.580.019 [program.cc:1649] 111294 GetKernelTypeAndMixType: Get kernel type success, kernelName=mul_Ascend910B4_float32_232010000, funcType=0, kernelAttrType=2, mixType=0
[INFO] RUNTIME(111294,npu_reader):2026-09-21-12:30:46.580.022 [program.cc:1119] 111294 SetKernelAttribute: kernel_name=mul_Ascend910B4_float32_232010000, kernelAttrType=2, userParamNum=0, sysParamNum=1, IsNeedSetFftsAddrInArg=0, isSupportOverFlow=1, elfDataFlag=1
[INFO] RUNTIME(111294,npu_reader):2026-09-21-12:30:46.580.025 [program.cc:1690] 111294 BuildNewKernel: new kernel success, size=1320, programId=10, original kernel_name=mul_Ascend910B4_float32_232010000, register kernel_name=mul_Ascend910B4_float32_232010000, tilingKey=232010000, functionEntry=0, funcType=0, kernelAttrType=2, mixType=0, taskRation=2, offset=0, dfxAddr=187656569817720, dfxSize=176
[INFO] RUNTIME(111294,npu_reader):2026-09-21-12:30:46.580.029 [program.cc:1649] 111294 GetKernelTypeAndMixType: Get kernel type success, kernelName=mul_Ascend910B4_float32_232000000, funcType=0, kernelAttrType=2, mixType=0
[INFO] RUNTIME(111294,npu_reader):2026-09-21-12:30:46.580.032 [program.cc:1119] 111294 SetKernelAttribute: kernel_name=mul_Ascend910B4_float32_232000000, kernelAttrType=2, userParamNum=0, sysParamNum=1, IsNeedSetFftsAddrInArg=0, isSupportOverFlow=1, elfDataFlag=1
[INFO] RUNTIME(111294,npu_reader):2026-09-21-12:30:46.580.035 [program.cc:1690] 111294 BuildNewKernel: new kernel success, size=1320, programId=10, original kernel_name=mul_Ascend910B4_float32_232000000, register kernel_name=mul_Ascend910B4_float32_232000000, tilingKey=232000000, functionEntry=0, funcType=0, kernelAttrType=2, mixType=0, taskRation=2, offset=1536, dfxAddr=187656569817964, dfxSize=176
[INFO] RUNTIME(111294,npu_reader):2026-09-21-12:30:46.580.038 [program.cc:1649] 111294 GetKernelTypeAndMixType: Get kernel type success, kernelName=mul_Ascend910B4_float32_223010000, funcType=0, kernelAttrType=2, mixType=0
[INFO] RUNTIME(111294,npu_reader):2026-09-21-12:30:46.580.041 [program.cc:1119] 111294 SetKernelAttribute: kernel_name=mul_Ascend910B4_float32_223010000, kernelAttrType=2, userParamNum=0, sysParamNum=1, IsNeedSetFftsAddrInArg=0, isSupportOverFlow=1, elfDataFlag=1
[INFO] RUNTIME(111294,npu_reader):2026-09-21-12:30:46.580.044 [program.cc:1690] 111294 BuildNewKernel: new kernel success, size=1320, programId=10, original kernel_name=mul_Ascend910B4_float32_223010000, register kernel_name=mul_Ascend910B4_float32_223010000, tilingKey=223010000, functionEntry=0, funcType=0, kernelAttrType=2, mixType=0, taskRation=2, offset=2472, dfxAddr=187656569818140, dfxSize=176
[INFO] RUNTIME(111294,npu_reader):2026-09-21-12:30:46.580.048 [program.cc:1649] 111294 GetKernelTypeAndMixType: Get kernel type success, kernelName=mul_Ascend910B4_float32_223000000, funcType=0, kernelAttrType=2, mixType=0
[INFO] RUNTIME(111294,npu_reader):2026-09-21-12:30:46.580.051 [program.cc:1119] 111294 SetKernelAttribute: kernel_name=mul_Ascend910B4_float32_223000000, kernelAttrType=2, userParamNum=0, sysParamNum=1, IsNeedSetFftsAddrInArg=0, isSupportOverFlow=1, elfDataFlag=1
[INFO] RUNTIME(111294,npu_reader):2026-09-21-12:30:46.580.053 [program.cc:1690] 111294 BuildNewKernel: new kernel success, size=1320, programId=10, original kernel_name=mul_Ascend910B4_float32_223000000, register kernel_name=mul_Ascend910B4_float32_223000000, tilingKey=223000000, functionEntry=0, funcType=0, kernelAttrType=2, mixType=0, taskRation=2, offset=4068, dfxAddr=187656569818316, dfxSize=176
[INFO] RUNTIME(111294,npu_reader):2026-09-21-12:30:46.580.058 [program.cc:1649] 111294 GetKernelTypeAndMixType: Get kernel type success, kernelName=mul_Ascend910B4_float32_210010000, funcType=0, kernelAttrType=2, mixType=0
[INFO] RUNTIME(111294,npu_reader):2026-09-21-12:30:46.580.061 [program.cc:1119] 111294 SetKernelAttribute: kernel_name=mul_Ascend910B4_float32_210010000, kernelAttrType=2, userParamNum=0, sysParamNum=1, IsNeedSetFftsAddrInArg=0, isSupportOverFlow=1, elfDataFlag=1
[INFO] RUNTIME(111294,npu_reader):2026-09-21-12:30:46.580.063 [program.cc:1690] 111294 BuildNewKernel: new kernel success, size=1320, programId=10, original kernel_name=mul_Ascend910B4_float32_210010000, register kernel_name=mul_Ascend910B4_float32_210010000, tilingKey=210010000, functionEntry=0, funcType=0, kernelAttrType=2, mixType=0, taskRation=2, offset=4992, dfxAddr=187656569818492, dfxSize=176
[INFO] RUNTIME(111294,npu_reader):2026-09-21-12:30:46.580.067 [program.cc:1649] 111294 GetKernelTypeAndMixType: Get kernel type success, kernelName=mul_Ascend910B4_float32_210000000, funcType=0, kernelAttrType=2, mixType=0
[INFO] RUNTIME(111294,npu_reader):2026-09-21-12:30:46.580.070 [program.cc:1119] 111294 SetKernelAttribute: kernel_name=mul_Ascend910B4_float32_210000000, kernelAttrType=2, userParamNum=0, sysParamNum=1, IsNeedSetFftsAddrInArg=0, isSupportOverFlow=1, elfDataFlag=1
[INFO] RUNTIME(111294,npu_reader):2026-09-21-12:30:46.580.072 [program.cc:1690] 111294 BuildNewKernel: new kernel success, size=1320, programId=10, original kernel_name=mul_Ascend910B4_float32_210000000, register kernel_name=mul_Ascend910B4_float32_210000000, tilingKey=210000000, functionEntry=0, funcType=0, kernelAttrType=2, mixType=0, taskRation=2, offset=6596, dfxAddr=187656569818668, dfxSize=176
[INFO] RUNTIME(111294,npu_reader):2026-09-21-12:30:46.580.099 [binary_loader.cc:364] 111294 LoadFromData: New ElfProgram ok, magic=1094799942, kernelAttrType=2, Runtime_alloc_size=11072
[INFO] RUNTIME(111294,npu_reader):2026-09-21-12:30:46.580.102 [program.cc:204] 111294 SaveBinaryData: Malloc the buffer for elfData, len=15288
[INFO] RUNTIME(111294,npu_reader):2026-09-21-12:30:46.580.105 [elf.cc:884] 111294 ParseKernelMetaData: section name = .text.
[INFO] RUNTIME(111294,npu_reader):2026-09-21-12:30:46.580.108 [elf.cc:884] 111294 ParseKernelMetaData: section name = .ascend.stack.size.record.
[INFO] RUNTIME(111294,npu_reader):2026-09-21-12:30:46.580.110 [elf.cc:884] 111294 ParseKernelMetaData: section name = __CCE_KernelArgSize.
[INFO] RUNTIME(111294,npu_reader):2026-09-21-12:30:46.580.113 [elf.cc:884] 111294 ParseKernelMetaData: section name = .ascend.meta.mul_Ascend910B1_int32_232010000.
[INFO] RUNTIME(111294,npu_reader):2026-09-21-12:30:46.580.115 [elf.cc:575] 111294 ElfParseParamSummary: paramCount=4, paramTotalSize=32.
[INFO] RUNTIME(111294,npu_reader):2026-09-21-12:30:46.580.117 [elf.cc:610] 111294 ElfParseParamInfo: Cache param info: ordinal=0, offset=0, size=8, align=8, paramType=2, spaceIndex=0.
[INFO] RUNTIME(111294,npu_reader):2026-09-21-12:30:46.580.120 [elf.cc:610] 111294 ElfParseParamInfo: Cache param info: ordinal=1, offset=8, size=8, align=8, paramType=2, spaceIndex=0.
[INFO] RUNTIME(111294,npu_reader):2026-09-21-12:30:46.580.122 [elf.cc:610] 111294 ElfParseParamInfo: Cache param info: ordinal=2, offset=16, size=8, align=8, paramType=2, spaceIndex=0.
[INFO] RUNTIME(111294,npu_reader):2026-09-21-12:30:46.580.125 [elf.cc:610] 111294 ElfParseParamInfo: Cache param info: ordinal=3, offset=24, size=8, align=8, paramType=2, spaceIndex=0.
[INFO] RUNTIME(111294,npu_reader):2026-09-21-12:30:46.580.127 [elf.cc:916] 111294 ParseKernelMetaData: kernel_name=mul_Ascend910B1_int32_232010000, ration[0]=0, ration[1]=0, dfxAddr=0xaaac332fdf54, dfxSize=176, funcType=0, crossCoreSync=0, kernelVfType=0, shareMemSize=0, minStackSize=0, isSupportFuncEntry=0, functionEntryFlag=128, functionEntry=0.
[INFO] RUNTIME(111294,npu_reader):2026-09-21-12:30:46.580.131 [elf.cc:884] 111294 ParseKernelMetaData: section name = .comment.
[INFO] RUNTIME(111294,npu_reader):2026-09-21-12:30:46.580.134 [elf.cc:884] 111294 ParseKernelMetaData: section name = .ascend.meta.mul_Ascend910B1_int32_232000000.
[INFO] RUNTIME(111294,npu_reader):2026-09-21-12:30:46.580.136 [elf.cc:575] 111294 ElfParseParamSummary: paramCount=4, paramTotalSize=32.
[INFO] RUNTIME(111294,npu_reader):2026-09-21-12:30:46.580.138 [elf.cc:610] 111294 ElfParseParamInfo: Cache param info: ordinal=0, offset=0, size=8, align=8, paramType=2, spaceIndex=0.
[INFO] RUNTIME(111294,npu_reader):2026-09-21-12:30:46.580.141 [elf.cc:610] 111294 ElfParseParamInfo: Cache param info: ordinal=1, offset=8, size=8, align=8, paramType=2, spaceIndex=0.
[INFO] RUNTIME(111294,npu_reader):2026-09-21-12:30:46.580.143 [elf.cc:610] 111294 ElfParseParamInfo: Cache param info: ordinal=2, offset=16, size=8, align=8, paramType=2, spaceIndex=0.
[INFO] RUNTIME(111294,npu_reader):2026-09-21-12:30:46.580.146 [elf.cc:610] 111294 ElfParseParamInfo: Cache param info: ordinal=3, offset=24, size=8, align=8, paramType=2, spaceIndex=0.
[INFO] RUNTIME(111294,npu_reader):2026-09-21-12:30:46.580.148 [elf.cc:916] 111294 ParseKernelMetaData: kernel_name=mul_Ascend910B1_int32_232000000, ration[0]=0, ration[1]=0, dfxAddr=0xaaac332fe048, dfxSize=176, funcType=0, crossCoreSync=0, kernelVfType=0, shareMemSize=0, minStackSize=0, isSupportFuncEntry=0, functionEntryFlag=128, functionEntry=0.
[INFO] RUNTIME(111294,npu_reader):2026-09-21-12:30:46.580.151 [elf.cc:884] 111294 ParseKernelMetaData: section name = .ascend.meta.mul_Ascend910B1_int32_223010000.
[INFO] RUNTIME(111294,npu_reader):2026-09-21-12:30:46.580.153 [elf.cc:575] 111294 ElfParseParamSummary: paramCount=4, paramTotalSize=32.
[INFO] RUNTIME(111294,npu_reader):2026-09-21-12:30:46.580.156 [elf.cc:610] 111294 ElfParseParamInfo: Cache param info: ordinal=0, offset=0, size=8, align=8, paramType=2, spaceIndex=0.
[INFO] RUNTIME(111294,npu_reader):2026-09-21-12:30:46.580.158 [elf.cc:610] 111294 ElfParseParamInfo: Cache param info: ordinal=1, offset=8, size=8, align=8, paramType=2, spaceIndex=0.
[INFO] RUNTIME(111294,npu_reader):2026-09-21-12:30:46.580.161 [elf.cc:610] 111294 ElfParseParamInfo: Cache param info: ordinal=2, offset=16, size=8, align=8, paramType=2, spaceIndex=0.
[INFO] RUNTIME(111294,npu_reader):2026-09-21-12:30:46.580.163 [elf.cc:610] 111294 ElfParseParamInfo: Cache param info: ordinal=3, offset=24, size=8, align=8, paramType=2, spaceIndex=0.
[INFO] RUNTIME(111294,npu_reader):2026-09-21-12:30:46.580.166 [elf.cc:916] 111294 ParseKernelMetaData: kernel_name=mul_Ascend910B1_int32_223010000, ration[0]=0, ration[1]=0, dfxAddr=0xaaac332fe0f8, dfxSize=176, funcType=0, crossCoreSync=0, kernelVfType=0, shareMemSize=0, minStackSize=0, isSupportFuncEntry=0, functionEntryFlag=128, functionEntry=0.
[INFO] RUNTIME(111294,npu_reader):2026-09-21-12:30:46.580.169 [elf.cc:884] 111294 ParseKernelMetaData: section name = .ascend.meta.mul_Ascend910B1_int32_223000000.
[INFO] RUNTIME(111294,npu_reader):2026-09-21-12:30:46.580.171 [elf.cc:575] 111294 ElfParseParamSummary: paramCount=4, paramTotalSize=32.
[INFO] RUNTIME(111294,npu_reader):2026-09-21-12:30:46.580.173 [elf.cc:610] 111294 ElfParseParamInfo: Cache param info: ordinal=0, offset=0, size=8, align=8, paramType=2, spaceIndex=0.
[INFO] RUNTIME(111294,npu_reader):2026-09-21-12:30:46.580.176 [elf.cc:610] 111294 ElfParseParamInfo: Cache param info: ordinal=1, offset=8, size=8, align=8, paramType=2, spaceIndex=0.
[INFO] RUNTIME(111294,npu_reader):2026-09-21-12:30:46.580.178 [elf.cc:610] 111294 ElfParseParamInfo: Cache param info: ordinal=2, offset=16, size=8, align=8, paramType=2, spaceIndex=0.
[INFO] RUNTIME(111294,npu_reader):2026-09-21-12:30:46.580.180 [elf.cc:610] 111294 ElfParseParamInfo: Cache param info: ordinal=3, offset=24, size=8, align=8, paramType=2, spaceIndex=0.
[INFO] RUNTIME(111294,npu_reader):2026-09-21-12:30:46.580.183 [elf.cc:916] 111294 ParseKernelMetaData: kernel_name=mul_Ascend910B1_int32_223000000, ration[0]=0, ration[1]=0, dfxAddr=0xaaac332fe1a8, dfxSize=176, funcType=0, crossCoreSync=0, kernelVfType=0, shareMemSize=0, minStackSize=0, isSupportFuncEntry=0, functionEntryFlag=128, functionEntry=0.
[INFO] RUNTIME(111294,npu_reader):2026-09-21-12:30:46.580.187 [elf.cc:884] 111294 ParseKernelMetaData: section name = .ascend.meta.mul_Ascend910B1_int32_210010000.
[INFO] RUNTIME(111294,npu_reader):2026-09-21-12:30:46.580.189 [elf.cc:575] 111294 ElfParseParamSummary: paramCount=4, paramTotalSize=32.
[INFO] RUNTIME(111294,npu_reader):2026-09-21-12:30:46.580.191 [elf.cc:610] 111294 ElfParseParamInfo: Cache param info: ordinal=0, offset=0, size=8, align=8, paramType=2, spaceIndex=0.
[INFO] RUNTIME(111294,npu_reader):2026-09-21-12:30:46.580.194 [elf.cc:610] 111294 ElfParseParamInfo: Cache param info: ordinal=1, offset=8, size=8, align=8, paramType=2, spaceIndex=0.
[INFO] RUNTIME(111294,npu_reader):2026-09-21-12:30:46.580.196 [elf.cc:610] 111294 ElfParseParamInfo: Cache param info: ordinal=2, offset=16, size=8, align=8, paramType=2, spaceIndex=0.
[INFO] RUNTIME(111294,npu_reader):2026-09-21-12:30:46.580.199 [elf.cc:610] 111294 ElfParseParamInfo: Cache param info: ordinal=3, offset=24, size=8, align=8, paramType=2, spaceIndex=0.
[INFO] RUNTIME(111294,npu_reader):2026-09-21-12:30:46.580.201 [elf.cc:916] 111294 ParseKernelMetaData: kernel_name=mul_Ascend910B1_int32_210010000, ration[0]=0, ration[1]=0, dfxAddr=0xaaac332fe258, dfxSize=176, funcType=0, crossCoreSync=0, kernelVfType=0, shareMemSize=0, minStackSize=0, isSupportFuncEntry=0, functionEntryFlag=128, functionEntry=0.
[INFO] RUNTIME(111294,npu_reader):2026-09-21-12:30:46.580.204 [elf.cc:884] 111294 ParseKernelMetaData: section name = .ascend.meta.mul_Ascend910B1_int32_210000000.
[INFO] RUNTIME(111294,npu_reader):2026-09-21-12:30:46.580.206 [elf.cc:575] 111294 ElfParseParamSummary: paramCount=4, paramTotalSize=32.
[INFO] RUNTIME(111294,npu_reader):2026-09-21-12:30:46.580.209 [elf.cc:610] 111294 ElfParseParamInfo: Cache param info: ordinal=0, offset=0, size=8, align=8, paramType=2, spaceIndex=0.
[INFO] RUNTIME(111294,npu_reader):2026-09-21-12:30:46.580.211 [elf.cc:610] 111294 ElfParseParamInfo: Cache param info: ordinal=1, offset=8, size=8, align=8, paramType=2, spaceIndex=0.
[INFO] RUNTIME(111294,npu_reader):2026-09-21-12:30:46.580.214 [elf.cc:610] 111294 ElfParseParamInfo: Cache param info: ordinal=2, offset=16, size=8, align=8, paramType=2, spaceIndex=0.
[INFO] RUNTIME(111294,npu_reader):2026-09-21-12:30:46.580.216 [elf.cc:610] 111294 ElfParseParamInfo: Cache param info: ordinal=3, offset=24, size=8, align=8, paramType=2, spaceIndex=0.
[INFO] RUNTIME(111294,npu_reader):2026-09-21-12:30:46.580.219 [elf.cc:916] 111294 ParseKernelMetaData: kernel_name=mul_Ascend910B1_int32_210000000, ration[0]=0, ration[1]=0, dfxAddr=0xaaac332fe308, dfxSize=176, funcType=0, crossCoreSync=0, kernelVfType=0, shareMemSize=0, minStackSize=0, isSupportFuncEntry=0, functionEntryFlag=128, functionEntry=0.
[INFO] RUNTIME(111294,npu_reader):2026-09-21-12:30:46.580.231 [elf.cc:1076] 111294 UpdateCachedParamInfos: Restore cached param info: kernel_name=mul_Ascend910B1_int32_232010000, ordinal=0, offset=0, size=8.
[INFO] RUNTIME(111294,npu_reader):2026-09-21-12:30:46.580.233 [elf.cc:1076] 111294 UpdateCachedParamInfos: Restore cached param info: kernel_name=mul_Ascend910B1_int32_232010000, ordinal=1, offset=8, size=8.
[INFO] RUNTIME(111294,npu_reader):2026-09-21-12:30:46.580.236 [elf.cc:1076] 111294 UpdateCachedParamInfos: Restore cached param info: kernel_name=mul_Ascend910B1_int32_232010000, ordinal=2, offset=16, size=8.
[INFO] RUNTIME(111294,npu_reader):2026-09-21-12:30:46.580.238 [elf.cc:1076] 111294 UpdateCachedParamInfos: Restore cached param info: kernel_name=mul_Ascend910B1_int32_232010000, ordinal=3, offset=24, size=8.
[INFO] RUNTIME(111294,npu_reader):2026-09-21-12:30:46.580.240 [elf.cc:1145] 111294 UpdateKernelsInfo: update meta info, kernel_name=mul_Ascend910B1_int32_232010000, dfxAddr=0xaaac332fdf54, dfxSize=176, funcType=0, elfDataFlag=1, userArgsNum=0, crossCoreSync=0, kernelVfType=0, shareMemSize=0, minStackSize=0, funcEntryType=0, functionEntry=0, schedMode=0, taskRation_0=0, taskRation_1=0, hasParamSummary=1, paramCount=4, paramTotalSize=32.
[INFO] RUNTIME(111294,npu_reader):2026-09-21-12:30:46.580.244 [elf.cc:1076] 111294 UpdateCachedParamInfos: Restore cached param info: kernel_name=mul_Ascend910B1_int32_232000000, ordinal=0, offset=0, size=8.
[INFO] RUNTIME(111294,npu_reader):2026-09-21-12:30:46.580.247 [elf.cc:1076] 111294 UpdateCachedParamInfos: Restore cached param info: kernel_name=mul_Ascend910B1_int32_232000000, ordinal=1, offset=8, size=8.
[INFO] RUNTIME(111294,npu_reader):2026-09-21-12:30:46.580.249 [elf.cc:1076] 111294 UpdateCachedParamInfos: Restore cached param info: kernel_name=mul_Ascend910B1_int32_232000000, ordinal=2, offset=16, size=8.
[INFO] RUNTIME(111294,npu_reader):2026-09-21-12:30:46.580.251 [elf.cc:1076] 111294 UpdateCachedParamInfos: Restore cached param info: kernel_name=mul_Ascend910B1_int32_232000000, ordinal=3, offset=24, size=8.
[INFO] RUNTIME(111294,npu_reader):2026-09-21-12:30:46.580.253 [elf.cc:1145] 111294 UpdateKernelsInfo: update meta info, kernel_name=mul_Ascend910B1_int32_232000000, dfxAddr=0xaaac332fe048, dfxSize=176, funcType=0, elfDataFlag=1, userArgsNum=0, crossCoreSync=0, kernelVfType=0, shareMemSize=0, minStackSize=0, funcEntryType=0, functionEntry=0, schedMode=0, taskRation_0=0, taskRation_1=0, hasParamSummary=1, paramCount=4, paramTotalSize=32.
[INFO] RUNTIME(111294,npu_reader):2026-09-21-12:30:46.580.257 [elf.cc:1076] 111294 UpdateCachedParamInfos: Restore cached param info: kernel_name=mul_Ascend910B1_int32_223010000, ordinal=0, offset=0, size=8.
[INFO] RUNTIME(111294,npu_reader):2026-09-21-12:30:46.580.259 [elf.cc:1076] 111294 UpdateCachedParamInfos: Restore cached param info: kernel_name=mul_Ascend910B1_int32_223010000, ordinal=1, offset=8, size=8.
[INFO] RUNTIME(111294,npu_reader):2026-09-21-12:30:46.580.261 [elf.cc:1076] 111294 UpdateCachedParamInfos: Restore cached param info: kernel_name=mul_Ascend910B1_int32_223010000, ordinal=2, offset=16, size=8.
[INFO] RUNTIME(111294,npu_reader):2026-09-21-12:30:46.580.263 [elf.cc:1076] 111294 UpdateCachedParamInfos: Restore cached param info: kernel_name=mul_Ascend910B1_int32_223010000, ordinal=3, offset=24, size=8.
[INFO] RUNTIME(111294,npu_reader):2026-09-21-12:30:46.580.266 [elf.cc:1145] 111294 UpdateKernelsInfo: update meta info, kernel_name=mul_Ascend910B1_int32_223010000, dfxAddr=0xaaac332fe0f8, dfxSize=176, funcType=0, elfDataFlag=1, userArgsNum=0, crossCoreSync=0, kernelVfType=0, shareMemSize=0, minStackSize=0, funcEntryType=0, functionEntry=0, schedMode=0, taskRation_0=0, taskRation_1=0, hasParamSummary=1, paramCount=4, paramTotalSize=32.
[INFO] RUNTIME(111294,npu_reader):2026-09-21-12:30:46.580.269 [elf.cc:1076] 111294 UpdateCachedParamInfos: Restore cached param info: kernel_name=mul_Ascend910B1_int32_223000000, ordinal=0, offset=0, size=8.
[INFO] RUNTIME(111294,npu_reader):2026-09-21-12:30:46.580.271 [elf.cc:1076] 111294 UpdateCachedParamInfos: Restore cached param info: kernel_name=mul_Ascend910B1_int32_223000000, ordinal=1, offset=8, size=8.
[INFO] RUNTIME(111294,npu_reader):2026-09-21-12:30:46.580.273 [elf.cc:1076] 111294 UpdateCachedParamInfos: Restore cached param info: kernel_name=mul_Ascend910B1_int32_223000000, ordinal=2, offset=16, size=8.
[INFO] RUNTIME(111294,npu_reader):2026-09-21-12:30:46.580.276 [elf.cc:1076] 111294 UpdateCachedParamInfos: Restore cached param info: kernel_name=mul_Ascend910B1_int32_223000000, ordinal=3, offset=24, size=8.
[INFO] RUNTIME(111294,npu_reader):2026-09-21-12:30:46.580.278 [elf.cc:1145] 111294 UpdateKernelsInfo: update meta info, kernel_name=mul_Ascend910B1_int32_223000000, dfxAddr=0xaaac332fe1a8, dfxSize=176, funcType=0, elfDataFlag=1, userArgsNum=0, crossCoreSync=0, kernelVfType=0, shareMemSize=0, minStackSize=0, funcEntryType=0, functionEntry=0, schedMode=0, taskRation_0=0, taskRation_1=0, hasParamSummary=1, paramCount=4, paramTotalSize=32.
[INFO] RUNTIME(111294,npu_reader):2026-09-21-12:30:46.580.281 [elf.cc:1076] 111294 UpdateCachedParamInfos: Restore cached param info: kernel_name=mul_Ascend910B1_int32_210010000, ordinal=0, offset=0, size=8.
[INFO] RUNTIME(111294,npu_reader):2026-09-21-12:30:46.580.283 [elf.cc:1076] 111294 UpdateCachedParamInfos: Restore cached param info: kernel_name=mul_Ascend910B1_int32_210010000, ordinal=1, offset=8, size=8.
[INFO] RUNTIME(111294,npu_reader):2026-09-21-12:30:46.580.286 [elf.cc:1076] 111294 UpdateCachedParamInfos: Restore cached param info: kernel_name=mul_Ascend910B1_int32_210010000, ordinal=2, offset=16, size=8.
[INFO] RUNTIME(111294,npu_reader):2026-09-21-12:30:46.580.288 [elf.cc:1076] 111294 UpdateCachedParamInfos: Restore cached param info: kernel_name=mul_Ascend910B1_int32_210010000, ordinal=3, offset=24, size=8.
[INFO] RUNTIME(111294,npu_reader):2026-09-21-12:30:46.580.290 [elf.cc:1145] 111294 UpdateKernelsInfo: update meta info, kernel_name=mul_Ascend910B1_int32_210010000, dfxAddr=0xaaac332fe258, dfxSize=176, funcType=0, elfDataFlag=1, userArgsNum=0, crossCoreSync=0, kernelVfType=0, shareMemSize=0, minStackSize=0, funcEntryType=0, functionEntry=0, schedMode=0, taskRation_0=0, taskRation_1=0, hasParamSummary=1, paramCount=4, paramTotalSize=32.
[INFO] RUNTIME(111294,npu_reader):2026-09-21-12:30:46.580.294 [elf.cc:1076] 111294 UpdateCachedParamInfos: Restore cached param info: kernel_name=mul_Ascend910B1_int32_210000000, ordinal=0, offset=0, size=8.
[INFO] RUNTIME(111294,npu_reader):2026-09-21-12:30:46.580.296 [elf.cc:1076] 111294 UpdateCachedParamInfos: Restore cached param info: kernel_name=mul_Ascend910B1_int32_210000000, ordinal=1, offset=8, size=8.
[INFO] RUNTIME(111294,npu_reader):2026-09-21-12:30:46.580.298 [elf.cc:1076] 111294 UpdateCachedParamInfos: Restore cached param info: kernel_name=mul_Ascend910B1_int32_210000000, ordinal=2, offset=16, size=8.
[INFO] RUNTIME(111294,npu_reader):2026-09-21-12:30:46.580.301 [elf.cc:1076] 111294 UpdateCachedParamInfos: Restore cached param info: kernel_name=mul_Ascend910B1_int32_210000000, ordinal=3, offset=24, size=8.
[INFO] RUNTIME(111294,npu_reader):2026-09-21-12:30:46.580.303 [elf.cc:1145] 111294 UpdateKernelsInfo: update meta info, kernel_name=mul_Ascend910B1_int32_210000000, dfxAddr=0xaaac332fe308, dfxSize=176, funcType=0, elfDataFlag=1, userArgsNum=0, crossCoreSync=0, kernelVfType=0, shareMemSize=0, minStackSize=0, funcEntryType=0, functionEntry=0, schedMode=0, taskRation_0=0, taskRation_1=0, hasParamSummary=1, paramCount=4, paramTotalSize=32.
[INFO] RUNTIME(111294,npu_reader):2026-09-21-12:30:46.580.307 [runtime.cc:1448] 111294 AddProgramToPool: progId=11
[INFO] RUNTIME(111294,npu_reader):2026-09-21-12:30:46.580.310 [program.cc:1649] 111294 GetKernelTypeAndMixType: Get kernel type success, kernelName=mul_Ascend910B1_int32_232010000, funcType=0, kernelAttrType=2, mixType=0
[INFO] RUNTIME(111294,npu_reader):2026-09-21-12:30:46.580.313 [program.cc:1119] 111294 SetKernelAttribute: kernel_name=mul_Ascend910B1_int32_232010000, kernelAttrType=2, userParamNum=0, sysParamNum=1, IsNeedSetFftsAddrInArg=0, isSupportOverFlow=1, elfDataFlag=1
[INFO] RUNTIME(111294,npu_reader):2026-09-21-12:30:46.580.316 [program.cc:1690] 111294 BuildNewKernel: new kernel success, size=1320, programId=11, original kernel_name=mul_Ascend910B1_int32_232010000, register kernel_name=mul_Ascend910B1_int32_232010000, tilingKey=232010000, functionEntry=0, funcType=0, kernelAttrType=2, mixType=0, taskRation=2, offset=0, dfxAddr=187656569872212, dfxSize=176
[INFO] RUNTIME(111294,npu_reader):2026-09-21-12:30:46.580.320 [program.cc:1649] 111294 GetKernelTypeAndMixType: Get kernel type success, kernelName=mul_Ascend910B1_int32_232000000, funcType=0, kernelAttrType=2, mixType=0
[INFO] RUNTIME(111294,npu_reader):2026-09-21-12:30:46.580.323 [program.cc:1119] 111294 SetKernelAttribute: kernel_name=mul_Ascend910B1_int32_232000000, kernelAttrType=2, userParamNum=0, sysParamNum=1, IsNeedSetFftsAddrInArg=0, isSupportOverFlow=1, elfDataFlag=1
[INFO] RUNTIME(111294,npu_reader):2026-09-21-12:30:46.580.326 [program.cc:1690] 111294 BuildNewKernel: new kernel success, size=1320, programId=11, original kernel_name=mul_Ascend910B1_int32_232000000, register kernel_name=mul_Ascend910B1_int32_232000000, tilingKey=232000000, functionEntry=0, funcType=0, kernelAttrType=2, mixType=0, taskRation=2, offset=1760, dfxAddr=187656569872456, dfxSize=176
[INFO] RUNTIME(111294,npu_reader):2026-09-21-12:30:46.580.333 [program.cc:1649] 111294 GetKernelTypeAndMixType: Get kernel type success, kernelName=mul_Ascend910B1_int32_223010000, funcType=0, kernelAttrType=2, mixType=0
[INFO] RUNTIME(111294,npu_reader):2026-09-21-12:30:46.580.337 [program.cc:1119] 111294 SetKernelAttribute: kernel_name=mul_Ascend910B1_int32_223010000, kernelAttrType=2, userParamNum=0, sysParamNum=1, IsNeedSetFftsAddrInArg=0, isSupportOverFlow=1, elfDataFlag=1
[INFO] RUNTIME(111294,npu_reader):2026-09-21-12:30:46.580.339 [program.cc:1690] 111294 BuildNewKernel: new kernel success, size=1320, programId=11, original kernel_name=mul_Ascend910B1_int32_223010000, register kernel_name=mul_Ascend910B1_int32_223010000, tilingKey=223010000, functionEntry=0, funcType=0, kernelAttrType=2, mixType=0, taskRation=2, offset=2740, dfxAddr=187656569872632, dfxSize=176
[INFO] RUNTIME(111294,npu_reader):2026-09-21-12:30:46.580.343 [program.cc:1649] 111294 GetKernelTypeAndMixType: Get kernel type success, kernelName=mul_Ascend910B1_int32_223000000, funcType=0, kernelAttrType=2, mixType=0
[INFO] RUNTIME(111294,npu_reader):2026-09-21-12:30:46.580.349 [program.cc:1119] 111294 SetKernelAttribute: kernel_name=mul_Ascend910B1_int32_223000000, kernelAttrType=2, userParamNum=0, sysParamNum=1, IsNeedSetFftsAddrInArg=0, isSupportOverFlow=1, elfDataFlag=1
[INFO] RUNTIME(111294,npu_reader):2026-09-21-12:30:46.580.352 [program.cc:1690] 111294 BuildNewKernel: new kernel success, size=1320, programId=11, original kernel_name=mul_Ascend910B1_int32_223000000, register kernel_name=mul_Ascend910B1_int32_223000000, tilingKey=223000000, functionEntry=0, funcType=0, kernelAttrType=2, mixType=0, taskRation=2, offset=4452, dfxAddr=187656569872808, dfxSize=176
[INFO] RUNTIME(111294,npu_reader):2026-09-21-12:30:46.580.356 [program.cc:1649] 111294 GetKernelTypeAndMixType: Get kernel type success, kernelName=mul_Ascend910B1_int32_210010000, funcType=0, kernelAttrType=2, mixType=0
[INFO] RUNTIME(111294,npu_reader):2026-09-21-12:30:46.580.359 [program.cc:1119] 111294 SetKernelAttribute: kernel_name=mul_Ascend910B1_int32_210010000, kernelAttrType=2, userParamNum=0, sysParamNum=1, IsNeedSetFftsAddrInArg=0, isSupportOverFlow=1, elfDataFlag=1
[INFO] RUNTIME(111294,npu_reader):2026-09-21-12:30:46.580.361 [program.cc:1690] 111294 BuildNewKernel: new kernel success, size=1320, programId=11, original kernel_name=mul_Ascend910B1_int32_210010000, register kernel_name=mul_Ascend910B1_int32_210010000, tilingKey=210010000, functionEntry=0, funcType=0, kernelAttrType=2, mixType=0, taskRation=2, offset=5420, dfxAddr=187656569872984, dfxSize=176
[INFO] RUNTIME(111294,npu_reader):2026-09-21-12:30:46.580.365 [program.cc:1649] 111294 GetKernelTypeAndMixType: Get kernel type success, kernelName=mul_Ascend910B1_int32_210000000, funcType=0, kernelAttrType=2, mixType=0
[INFO] RUNTIME(111294,npu_reader):2026-09-21-12:30:46.580.368 [program.cc:1119] 111294 SetKernelAttribute: kernel_name=mul_Ascend910B1_int32_210000000, kernelAttrType=2, userParamNum=0, sysParamNum=1, IsNeedSetFftsAddrInArg=0, isSupportOverFlow=1, elfDataFlag=1
[INFO] RUNTIME(111294,npu_reader):2026-09-21-12:30:46.580.371 [program.cc:1690] 111294 BuildNewKernel: new kernel success, size=1320, programId=11, original kernel_name=mul_Ascend910B1_int32_210000000, register kernel_name=mul_Ascend910B1_int32_210000000, tilingKey=210000000, functionEntry=0, funcType=0, kernelAttrType=2, mixType=0, taskRation=2, offset=7024, dfxAddr=187656569873160, dfxSize=176
[INFO] RUNTIME(111294,npu_reader):2026-09-21-12:30:46.580.395 [binary_loader.cc:364] 111294 LoadFromData: New ElfProgram ok, magic=1094799942, kernelAttrType=2, Runtime_alloc_size=11072
[INFO] RUNTIME(111294,npu_reader):2026-09-21-12:30:46.580.398 [program.cc:204] 111294 SaveBinaryData: Malloc the buffer for elfData, len=15288
[INFO] RUNTIME(111294,npu_reader):2026-09-21-12:30:46.580.401 [elf.cc:884] 111294 ParseKernelMetaData: section name = .text.
[INFO] RUNTIME(111294,npu_reader):2026-09-21-12:30:46.580.404 [elf.cc:884] 111294 ParseKernelMetaData: section name = .ascend.stack.size.record.
[INFO] RUNTIME(111294,npu_reader):2026-09-21-12:30:46.580.407 [elf.cc:884] 111294 ParseKernelMetaData: section name = __CCE_KernelArgSize.
[INFO] RUNTIME(111294,npu_reader):2026-09-21-12:30:46.580.409 [elf.cc:884] 111294 ParseKernelMetaData: section name = .ascend.meta.mul_Ascend910B2_int32_232010000.
[INFO] RUNTIME(111294,npu_reader):2026-09-21-12:30:46.580.411 [elf.cc:575] 111294 ElfParseParamSummary: paramCount=4, paramTotalSize=32.
[INFO] RUNTIME(111294,npu_reader):2026-09-21-12:30:46.580.413 [elf.cc:610] 111294 ElfParseParamInfo: Cache param info: ordinal=0, offset=0, size=8, align=8, paramType=2, spaceIndex=0.
[INFO] RUNTIME(111294,npu_reader):2026-09-21-12:30:46.580.416 [elf.cc:610] 111294 ElfParseParamInfo: Cache param info: ordinal=1, offset=8, size=8, align=8, paramType=2, spaceIndex=0.
[INFO] RUNTIME(111294,npu_reader):2026-09-21-12:30:46.580.419 [elf.cc:610] 111294 ElfParseParamInfo: Cache param info: ordinal=2, offset=16, size=8, align=8, paramType=2, spaceIndex=0.
[INFO] RUNTIME(111294,npu_reader):2026-09-21-12:30:46.580.421 [elf.cc:610] 111294 ElfParseParamInfo: Cache param info: ordinal=3, offset=24, size=8, align=8, paramType=2, spaceIndex=0.
[INFO] RUNTIME(111294,npu_reader):2026-09-21-12:30:46.580.424 [elf.cc:916] 111294 ParseKernelMetaData: kernel_name=mul_Ascend910B2_int32_232010000, ration[0]=0, ration[1]=0, dfxAddr=0xaaac3330b4a4, dfxSize=176, funcType=0, crossCoreSync=0, kernelVfType=0, shareMemSize=0, minStackSize=0, isSupportFuncEntry=0, functionEntryFlag=128, functionEntry=0.
[INFO] RUNTIME(111294,npu_reader):2026-09-21-12:30:46.580.427 [elf.cc:884] 111294 ParseKernelMetaData: section name = .comment.
[INFO] RUNTIME(111294,npu_reader):2026-09-21-12:30:46.580.429 [elf.cc:884] 111294 ParseKernelMetaData: section name = .ascend.meta.mul_Ascend910B2_int32_232000000.
[INFO] RUNTIME(111294,npu_reader):2026-09-21-12:30:46.580.431 [elf.cc:575] 111294 ElfParseParamSummary: paramCount=4, paramTotalSize=32.
[INFO] RUNTIME(111294,npu_reader):2026-09-21-12:30:46.580.433 [elf.cc:610] 111294 ElfParseParamInfo: Cache param info: ordinal=0, offset=0, size=8, align=8, paramType=2, spaceIndex=0.
[INFO] RUNTIME(111294,npu_reader):2026-09-21-12:30:46.580.436 [elf.cc:610] 111294 ElfParseParamInfo: Cache param info: ordinal=1, offset=8, size=8, align=8, paramType=2, spaceIndex=0.
[INFO] RUNTIME(111294,npu_reader):2026-09-21-12:30:46.580.438 [elf.cc:610] 111294 ElfParseParamInfo: Cache param info: ordinal=2, offset=16, size=8, align=8, paramType=2, spaceIndex=0.
[INFO] RUNTIME(111294,npu_reader):2026-09-21-12:30:46.580.441 [elf.cc:610] 111294 ElfParseParamInfo: Cache param info: ordinal=3, offset=24, size=8, align=8, paramType=2, spaceIndex=0.
[INFO] RUNTIME(111294,npu_reader):2026-09-21-12:30:46.580.443 [elf.cc:916] 111294 ParseKernelMetaData: kernel_name=mul_Ascend910B2_int32_232000000, ration[0]=0, ration[1]=0, dfxAddr=0xaaac3330b598, dfxSize=176, funcType=0, crossCoreSync=0, kernelVfType=0, shareMemSize=0, minStackSize=0, isSupportFuncEntry=0, functionEntryFlag=128, functionEntry=0.
[INFO] RUNTIME(111294,npu_reader):2026-09-21-12:30:46.580.446 [elf.cc:884] 111294 ParseKernelMetaData: section name = .ascend.meta.mul_Ascend910B2_int32_223010000.
[INFO] RUNTIME(111294,npu_reader):2026-09-21-12:30:46.580.448 [elf.cc:575] 111294 ElfParseParamSummary: paramCount=4, paramTotalSize=32.
[INFO] RUNTIME(111294,npu_reader):2026-09-21-12:30:46.580.451 [elf.cc:610] 111294 ElfParseParamInfo: Cache param info: ordinal=0, offset=0, size=8, align=8, paramType=2, spaceIndex=0.
[INFO] RUNTIME(111294,npu_reader):2026-09-21-12:30:46.580.453 [elf.cc:610] 111294 ElfParseParamInfo: Cache param info: ordinal=1, offset=8, size=8, align=8, paramType=2, spaceIndex=0.
[INFO] RUNTIME(111294,npu_reader):2026-09-21-12:30:46.580.456 [elf.cc:610] 111294 ElfParseParamInfo: Cache param info: ordinal=2, offset=16, size=8, align=8, paramType=2, spaceIndex=0.
[INFO] RUNTIME(111294,npu_reader):2026-09-21-12:30:46.580.458 [elf.cc:610] 111294 ElfParseParamInfo: Cache param info: ordinal=3, offset=24, size=8, align=8, paramType=2, spaceIndex=0.
[INFO] RUNTIME(111294,npu_reader):2026-09-21-12:30:46.580.461 [elf.cc:916] 111294 ParseKernelMetaData: kernel_name=mul_Ascend910B2_int32_223010000, ration[0]=0, ration[1]=0, dfxAddr=0xaaac3330b648, dfxSize=176, funcType=0, crossCoreSync=0, kernelVfType=0, shareMemSize=0, minStackSize=0, isSupportFuncEntry=0, functionEntryFlag=128, functionEntry=0.
[INFO] RUNTIME(111294,npu_reader):2026-09-21-12:30:46.580.464 [elf.cc:884] 111294 ParseKernelMetaData: section name = .ascend.meta.mul_Ascend910B2_int32_223000000.
[INFO] RUNTIME(111294,npu_reader):2026-09-21-12:30:46.580.466 [elf.cc:575] 111294 ElfParseParamSummary: paramCount=4, paramTotalSize=32.
[INFO] RUNTIME(111294,npu_reader):2026-09-21-12:30:46.580.468 [elf.cc:610] 111294 ElfParseParamInfo: Cache param info: ordinal=0, offset=0, size=8, align=8, paramType=2, spaceIndex=0.
[INFO] RUNTIME(111294,npu_reader):2026-09-21-12:30:46.580.471 [elf.cc:610] 111294 ElfParseParamInfo: Cache param info: ordinal=1, offset=8, size=8, align=8, paramType=2, spaceIndex=0.
[INFO] RUNTIME(111294,npu_reader):2026-09-21-12:30:46.580.473 [elf.cc:610] 111294 ElfParseParamInfo: Cache param info: ordinal=2, offset=16, size=8, align=8, paramType=2, spaceIndex=0.
[INFO] RUNTIME(111294,npu_reader):2026-09-21-12:30:46.580.476 [elf.cc:610] 111294 ElfParseParamInfo: Cache param info: ordinal=3, offset=24, size=8, align=8, paramType=2, spaceIndex=0.
[INFO] RUNTIME(111294,npu_reader):2026-09-21-12:30:46.580.478 [elf.cc:916] 111294 ParseKernelMetaData: kernel_name=mul_Ascend910B2_int32_223000000, ration[0]=0, ration[1]=0, dfxAddr=0xaaac3330b6f8, dfxSize=176, funcType=0, crossCoreSync=0, kernelVfType=0, shareMemSize=0, minStackSize=0, isSupportFuncEntry=0, functionEntryFlag=128, functionEntry=0.
[INFO] RUNTIME(111294,npu_reader):2026-09-21-12:30:46.580.481 [elf.cc:884] 111294 ParseKernelMetaData: section name = .ascend.meta.mul_Ascend910B2_int32_210010000.
[INFO] RUNTIME(111294,npu_reader):2026-09-21-12:30:46.580.483 [elf.cc:575] 111294 ElfParseParamSummary: paramCount=4, paramTotalSize=32.
[INFO] RUNTIME(111294,npu_reader):2026-09-21-12:30:46.580.486 [elf.cc:610] 111294 ElfParseParamInfo: Cache param info: ordinal=0, offset=0, size=8, align=8, paramType=2, spaceIndex=0.
[INFO] RUNTIME(111294,npu_reader):2026-09-21-12:30:46.580.488 [elf.cc:610] 111294 ElfParseParamInfo: Cache param info: ordinal=1, offset=8, size=8, align=8, paramType=2, spaceIndex=0.
[INFO] RUNTIME(111294,npu_reader):2026-09-21-12:30:46.580.491 [elf.cc:610] 111294 ElfParseParamInfo: Cache param info: ordinal=2, offset=16, size=8, align=8, paramType=2, spaceIndex=0.
[INFO] RUNTIME(111294,npu_reader):2026-09-21-12:30:46.580.493 [elf.cc:610] 111294 ElfParseParamInfo: Cache param info: ordinal=3, offset=24, size=8, align=8, paramType=2, spaceIndex=0.
[INFO] RUNTIME(111294,npu_reader):2026-09-21-12:30:46.580.496 [elf.cc:916] 111294 ParseKernelMetaData: kernel_name=mul_Ascend910B2_int32_210010000, ration[0]=0, ration[1]=0, dfxAddr=0xaaac3330b7a8, dfxSize=176, funcType=0, crossCoreSync=0, kernelVfType=0, shareMemSize=0, minStackSize=0, isSupportFuncEntry=0, functionEntryFlag=128, functionEntry=0.
[INFO] RUNTIME(111294,npu_reader):2026-09-21-12:30:46.580.499 [elf.cc:884] 111294 ParseKernelMetaData: section name = .ascend.meta.mul_Ascend910B2_int32_210000000.
[INFO] RUNTIME(111294,npu_reader):2026-09-21-12:30:46.580.501 [elf.cc:575] 111294 ElfParseParamSummary: paramCount=4, paramTotalSize=32.
[INFO] RUNTIME(111294,npu_reader):2026-09-21-12:30:46.580.503 [elf.cc:610] 111294 ElfParseParamInfo: Cache param info: ordinal=0, offset=0, size=8, align=8, paramType=2, spaceIndex=0.
[INFO] RUNTIME(111294,npu_reader):2026-09-21-12:30:46.580.506 [elf.cc:610] 111294 ElfParseParamInfo: Cache param info: ordinal=1, offset=8, size=8, align=8, paramType=2, spaceIndex=0.
[INFO] RUNTIME(111294,npu_reader):2026-09-21-12:30:46.580.508 [elf.cc:610] 111294 ElfParseParamInfo: Cache param info: ordinal=2, offset=16, size=8, align=8, paramType=2, spaceIndex=0.
[INFO] RUNTIME(111294,npu_reader):2026-09-21-12:30:46.580.511 [elf.cc:610] 111294 ElfParseParamInfo: Cache param info: ordinal=3, offset=24, size=8, align=8, paramType=2, spaceIndex=0.
[INFO] RUNTIME(111294,npu_reader):2026-09-21-12:30:46.580.514 [elf.cc:916] 111294 ParseKernelMetaData: kernel_name=mul_Ascend910B2_int32_210000000, ration[0]=0, ration[1]=0, dfxAddr=0xaaac3330b858, dfxSize=176, funcType=0, crossCoreSync=0, kernelVfType=0, shareMemSize=0, minStackSize=0, isSupportFuncEntry=0, functionEntryFlag=128, functionEntry=0.
[INFO] RUNTIME(111294,npu_reader):2026-09-21-12:30:46.580.526 [elf.cc:1076] 111294 UpdateCachedParamInfos: Restore cached param info: kernel_name=mul_Ascend910B2_int32_232010000, ordinal=0, offset=0, size=8.
[INFO] RUNTIME(111294,npu_reader):2026-09-21-12:30:46.580.528 [elf.cc:1076] 111294 UpdateCachedParamInfos: Restore cached param info: kernel_name=mul_Ascend910B2_int32_232010000, ordinal=1, offset=8, size=8.
[INFO] RUNTIME(111294,npu_reader):2026-09-21-12:30:46.580.531 [elf.cc:1076] 111294 UpdateCachedParamInfos: Restore cached param info: kernel_name=mul_Ascend910B2_int32_232010000, ordinal=2, offset=16, size=8.
[INFO] RUNTIME(111294,npu_reader):2026-09-21-12:30:46.580.533 [elf.cc:1076] 111294 UpdateCachedParamInfos: Restore cached param info: kernel_name=mul_Ascend910B2_int32_232010000, ordinal=3, offset=24, size=8.
[INFO] RUNTIME(111294,npu_reader):2026-09-21-12:30:46.580.535 [elf.cc:1145] 111294 UpdateKernelsInfo: update meta info, kernel_name=mul_Ascend910B2_int32_232010000, dfxAddr=0xaaac3330b4a4, dfxSize=176, funcType=0, elfDataFlag=1, userArgsNum=0, crossCoreSync=0, kernelVfType=0, shareMemSize=0, minStackSize=0, funcEntryType=0, functionEntry=0, schedMode=0, taskRation_0=0, taskRation_1=0, hasParamSummary=1, paramCount=4, paramTotalSize=32.
[INFO] RUNTIME(111294,npu_reader):2026-09-21-12:30:46.580.539 [elf.cc:1076] 111294 UpdateCachedParamInfos: Restore cached param info: kernel_name=mul_Ascend910B2_int32_232000000, ordinal=0, offset=0, size=8.
[INFO] RUNTIME(111294,npu_reader):2026-09-21-12:30:46.580.541 [elf.cc:1076] 111294 UpdateCachedParamInfos: Restore cached param info: kernel_name=mul_Ascend910B2_int32_232000000, ordinal=1, offset=8, size=8.
[INFO] RUNTIME(111294,npu_reader):2026-09-21-12:30:46.580.543 [elf.cc:1076] 111294 UpdateCachedParamInfos: Restore cached param info: kernel_name=mul_Ascend910B2_int32_232000000, ordinal=2, offset=16, size=8.
[INFO] RUNTIME(111294,npu_reader):2026-09-21-12:30:46.580.546 [elf.cc:1076] 111294 UpdateCachedParamInfos: Restore cached param info: kernel_name=mul_Ascend910B2_int32_232000000, ordinal=3, offset=24, size=8.
[INFO] RUNTIME(111294,npu_reader):2026-09-21-12:30:46.580.548 [elf.cc:1145] 111294 UpdateKernelsInfo: update meta info, kernel_name=mul_Ascend910B2_int32_232000000, dfxAddr=0xaaac3330b598, dfxSize=176, funcType=0, elfDataFlag=1, userArgsNum=0, crossCoreSync=0, kernelVfType=0, shareMemSize=0, minStackSize=0, funcEntryType=0, functionEntry=0, schedMode=0, taskRation_0=0, taskRation_1=0, hasParamSummary=1, paramCount=4, paramTotalSize=32.
[INFO] RUNTIME(111294,npu_reader):2026-09-21-12:30:46.580.551 [elf.cc:1076] 111294 UpdateCachedParamInfos: Restore cached param info: kernel_name=mul_Ascend910B2_int32_223010000, ordinal=0, offset=0, size=8.
[INFO] RUNTIME(111294,npu_reader):2026-09-21-12:30:46.580.554 [elf.cc:1076] 111294 UpdateCachedParamInfos: Restore cached param info: kernel_name=mul_Ascend910B2_int32_223010000, ordinal=1, offset=8, size=8.
[INFO] RUNTIME(111294,npu_reader):2026-09-21-12:30:46.580.556 [elf.cc:1076] 111294 UpdateCachedParamInfos: Restore cached param info: kernel_name=mul_Ascend910B2_int32_223010000, ordinal=2, offset=16, size=8.
[INFO] RUNTIME(111294,npu_reader):2026-09-21-12:30:46.580.558 [elf.cc:1076] 111294 UpdateCachedParamInfos: Restore cached param info: kernel_name=mul_Ascend910B2_int32_223010000, ordinal=3, offset=24, size=8.
[INFO] RUNTIME(111294,npu_reader):2026-09-21-12:30:46.580.560 [elf.cc:1145] 111294 UpdateKernelsInfo: update meta info, kernel_name=mul_Ascend910B2_int32_223010000, dfxAddr=0xaaac3330b648, dfxSize=176, funcType=0, elfDataFlag=1, userArgsNum=0, crossCoreSync=0, kernelVfType=0, shareMemSize=0, minStackSize=0, funcEntryType=0, functionEntry=0, schedMode=0, taskRation_0=0, taskRation_1=0, hasParamSummary=1, paramCount=4, paramTotalSize=32.
[INFO] RUNTIME(111294,npu_reader):2026-09-21-12:30:46.580.564 [elf.cc:1076] 111294 UpdateCachedParamInfos: Restore cached param info: kernel_name=mul_Ascend910B2_int32_223000000, ordinal=0, offset=0, size=8.
[INFO] RUNTIME(111294,npu_reader):2026-09-21-12:30:46.580.566 [elf.cc:1076] 111294 UpdateCachedParamInfos: Restore cached param info: kernel_name=mul_Ascend910B2_int32_223000000, ordinal=1, offset=8, size=8.
[INFO] RUNTIME(111294,npu_reader):2026-09-21-12:30:46.580.569 [elf.cc:1076] 111294 UpdateCachedParamInfos: Restore cached param info: kernel_name=mul_Ascend910B2_int32_223000000, ordinal=2, offset=16, size=8.
[INFO] RUNTIME(111294,npu_reader):2026-09-21-12:30:46.580.571 [elf.cc:1076] 111294 UpdateCachedParamInfos: Restore cached param info: kernel_name=mul_Ascend910B2_int32_223000000, ordinal=3, offset=24, size=8.
[INFO] RUNTIME(111294,npu_reader):2026-09-21-12:30:46.580.573 [elf.cc:1145] 111294 UpdateKernelsInfo: update meta info, kernel_name=mul_Ascend910B2_int32_223000000, dfxAddr=0xaaac3330b6f8, dfxSize=176, funcType=0, elfDataFlag=1, userArgsNum=0, crossCoreSync=0, kernelVfType=0, shareMemSize=0, minStackSize=0, funcEntryType=0, functionEntry=0, schedMode=0, taskRation_0=0, taskRation_1=0, hasParamSummary=1, paramCount=4, paramTotalSize=32.
[INFO] RUNTIME(111294,npu_reader):2026-09-21-12:30:46.580.576 [elf.cc:1076] 111294 UpdateCachedParamInfos: Restore cached param info: kernel_name=mul_Ascend910B2_int32_210010000, ordinal=0, offset=0, size=8.
[INFO] RUNTIME(111294,npu_reader):2026-09-21-12:30:46.580.579 [elf.cc:1076] 111294 UpdateCachedParamInfos: Restore cached param info: kernel_name=mul_Ascend910B2_int32_210010000, ordinal=1, offset=8, size=8.
[INFO] RUNTIME(111294,npu_reader):2026-09-21-12:30:46.580.581 [elf.cc:1076] 111294 UpdateCachedParamInfos: Restore cached param info: kernel_name=mul_Ascend910B2_int32_210010000, ordinal=2, offset=16, size=8.
[INFO] RUNTIME(111294,npu_reader):2026-09-21-12:30:46.580.583 [elf.cc:1076] 111294 UpdateCachedParamInfos: Restore cached param info: kernel_name=mul_Ascend910B2_int32_210010000, ordinal=3, offset=24, size=8.
[INFO] RUNTIME(111294,npu_reader):2026-09-21-12:30:46.580.585 [elf.cc:1145] 111294 UpdateKernelsInfo: update meta info, kernel_name=mul_Ascend910B2_int32_210010000, dfxAddr=0xaaac3330b7a8, dfxSize=176, funcType=0, elfDataFlag=1, userArgsNum=0, crossCoreSync=0, kernelVfType=0, shareMemSize=0, minStackSize=0, funcEntryType=0, functionEntry=0, schedMode=0, taskRation_0=0, taskRation_1=0, hasParamSummary=1, paramCount=4, paramTotalSize=32.
[INFO] RUNTIME(111294,npu_reader):2026-09-21-12:30:46.580.589 [elf.cc:1076] 111294 UpdateCachedParamInfos: Restore cached param info: kernel_name=mul_Ascend910B2_int32_210000000, ordinal=0, offset=0, size=8.
[INFO] RUNTIME(111294,npu_reader):2026-09-21-12:30:46.580.591 [elf.cc:1076] 111294 UpdateCachedParamInfos: Restore cached param info: kernel_name=mul_Ascend910B2_int32_210000000, ordinal=1, offset=8, size=8.
[INFO] RUNTIME(111294,npu_reader):2026-09-21-12:30:46.580.593 [elf.cc:1076] 111294 UpdateCachedParamInfos: Restore cached param info: kernel_name=mul_Ascend910B2_int32_210000000, ordinal=2, offset=16, size=8.
[INFO] RUNTIME(111294,npu_reader):2026-09-21-12:30:46.580.595 [elf.cc:1076] 111294 UpdateCachedParamInfos: Restore cached param info: kernel_name=mul_Ascend910B2_int32_210000000, ordinal=3, offset=24, size=8.
[INFO] RUNTIME(111294,npu_reader):2026-09-21-12:30:46.580.598 [elf.cc:1145] 111294 UpdateKernelsInfo: update meta info, kernel_name=mul_Ascend910B2_int32_210000000, dfxAddr=0xaaac3330b858, dfxSize=176, funcType=0, elfDataFlag=1, userArgsNum=0, crossCoreSync=0, kernelVfType=0, shareMemSize=0, minStackSize=0, funcEntryType=0, functionEntry=0, schedMode=0, taskRation_0=0, taskRation_1=0, hasParamSummary=1, paramCount=4, paramTotalSize=32.
[INFO] RUNTIME(111294,npu_reader):2026-09-21-12:30:46.580.602 [runtime.cc:1448] 111294 AddProgramToPool: progId=12
[INFO] RUNTIME(111294,npu_reader):2026-09-21-12:30:46.580.605 [program.cc:1649] 111294 GetKernelTypeAndMixType: Get kernel type success, kernelName=mul_Ascend910B2_int32_232010000, funcType=0, kernelAttrType=2, mixType=0
[INFO] RUNTIME(111294,npu_reader):2026-09-21-12:30:46.580.609 [program.cc:1119] 111294 SetKernelAttribute: kernel_name=mul_Ascend910B2_int32_232010000, kernelAttrType=2, userParamNum=0, sysParamNum=1, IsNeedSetFftsAddrInArg=0, isSupportOverFlow=1, elfDataFlag=1
[INFO] RUNTIME(111294,npu_reader):2026-09-21-12:30:46.580.611 [program.cc:1690] 111294 BuildNewKernel: new kernel success, size=1320, programId=12, original kernel_name=mul_Ascend910B2_int32_232010000, register kernel_name=mul_Ascend910B2_int32_232010000, tilingKey=232010000, functionEntry=0, funcType=0, kernelAttrType=2, mixType=0, taskRation=2, offset=0, dfxAddr=187656569926820, dfxSize=176
[INFO] RUNTIME(111294,npu_reader):2026-09-21-12:30:46.580.615 [program.cc:1649] 111294 GetKernelTypeAndMixType: Get kernel type success, kernelName=mul_Ascend910B2_int32_232000000, funcType=0, kernelAttrType=2, mixType=0
[INFO] RUNTIME(111294,npu_reader):2026-09-21-12:30:46.580.618 [program.cc:1119] 111294 SetKernelAttribute: kernel_name=mul_Ascend910B2_int32_232000000, kernelAttrType=2, userParamNum=0, sysParamNum=1, IsNeedSetFftsAddrInArg=0, isSupportOverFlow=1, elfDataFlag=1
[INFO] RUNTIME(111294,npu_reader):2026-09-21-12:30:46.580.621 [program.cc:1690] 111294 BuildNewKernel: new kernel success, size=1320, programId=12, original kernel_name=mul_Ascend910B2_int32_232000000, register kernel_name=mul_Ascend910B2_int32_232000000, tilingKey=232000000, functionEntry=0, funcType=0, kernelAttrType=2, mixType=0, taskRation=2, offset=1760, dfxAddr=187656569927064, dfxSize=176
[INFO] RUNTIME(111294,npu_reader):2026-09-21-12:30:46.580.625 [program.cc:1649] 111294 GetKernelTypeAndMixType: Get kernel type success, kernelName=mul_Ascend910B2_int32_223010000, funcType=0, kernelAttrType=2, mixType=0
[INFO] RUNTIME(111294,npu_reader):2026-09-21-12:30:46.580.628 [program.cc:1119] 111294 SetKernelAttribute: kernel_name=mul_Ascend910B2_int32_223010000, kernelAttrType=2, userParamNum=0, sysParamNum=1, IsNeedSetFftsAddrInArg=0, isSupportOverFlow=1, elfDataFlag=1
[INFO] RUNTIME(111294,npu_reader):2026-09-21-12:30:46.580.630 [program.cc:1690] 111294 BuildNewKernel: new kernel success, size=1320, programId=12, original kernel_name=mul_Ascend910B2_int32_223010000, register kernel_name=mul_Ascend910B2_int32_223010000, tilingKey=223010000, functionEntry=0, funcType=0, kernelAttrType=2, mixType=0, taskRation=2, offset=2740, dfxAddr=187656569927240, dfxSize=176
[INFO] RUNTIME(111294,npu_reader):2026-09-21-12:30:46.580.634 [program.cc:1649] 111294 GetKernelTypeAndMixType: Get kernel type success, kernelName=mul_Ascend910B2_int32_223000000, funcType=0, kernelAttrType=2, mixType=0
[INFO] RUNTIME(111294,npu_reader):2026-09-21-12:30:46.580.637 [program.cc:1119] 111294 SetKernelAttribute: kernel_name=mul_Ascend910B2_int32_223000000, kernelAttrType=2, userParamNum=0, sysParamNum=1, IsNeedSetFftsAddrInArg=0, isSupportOverFlow=1, elfDataFlag=1
[INFO] RUNTIME(111294,npu_reader):2026-09-21-12:30:46.580.640 [program.cc:1690] 111294 BuildNewKernel: new kernel success, size=1320, programId=12, original kernel_name=mul_Ascend910B2_int32_223000000, register kernel_name=mul_Ascend910B2_int32_223000000, tilingKey=223000000, functionEntry=0, funcType=0, kernelAttrType=2, mixType=0, taskRation=2, offset=4452, dfxAddr=187656569927416, dfxSize=176
[INFO] RUNTIME(111294,npu_reader):2026-09-21-12:30:46.580.644 [program.cc:1649] 111294 GetKernelTypeAndMixType: Get kernel type success, kernelName=mul_Ascend910B2_int32_210010000, funcType=0, kernelAttrType=2, mixType=0
[INFO] RUNTIME(111294,npu_reader):2026-09-21-12:30:46.580.647 [program.cc:1119] 111294 SetKernelAttribute: kernel_name=mul_Ascend910B2_int32_210010000, kernelAttrType=2, userParamNum=0, sysParamNum=1, IsNeedSetFftsAddrInArg=0, isSupportOverFlow=1, elfDataFlag=1
[INFO] RUNTIME(111294,npu_reader):2026-09-21-12:30:46.580.650 [program.cc:1690] 111294 BuildNewKernel: new kernel success, size=1320, programId=12, original kernel_name=mul_Ascend910B2_int32_210010000, register kernel_name=mul_Ascend910B2_int32_210010000, tilingKey=210010000, functionEntry=0, funcType=0, kernelAttrType=2, mixType=0, taskRation=2, offset=5420, dfxAddr=187656569927592, dfxSize=176
[INFO] RUNTIME(111294,npu_reader):2026-09-21-12:30:46.580.654 [program.cc:1649] 111294 GetKernelTypeAndMixType: Get kernel type success, kernelName=mul_Ascend910B2_int32_210000000, funcType=0, kernelAttrType=2, mixType=0
[INFO] RUNTIME(111294,npu_reader):2026-09-21-12:30:46.580.656 [program.cc:1119] 111294 SetKernelAttribute: kernel_name=mul_Ascend910B2_int32_210000000, kernelAttrType=2, userParamNum=0, sysParamNum=1, IsNeedSetFftsAddrInArg=0, isSupportOverFlow=1, elfDataFlag=1
[INFO] RUNTIME(111294,npu_reader):2026-09-21-12:30:46.580.659 [program.cc:1690] 111294 BuildNewKernel: new kernel success, size=1320, programId=12, original kernel_name=mul_Ascend910B2_int32_210000000, register kernel_name=mul_Ascend910B2_int32_210000000, tilingKey=210000000, functionEntry=0, funcType=0, kernelAttrType=2, mixType=0, taskRation=2, offset=7024, dfxAddr=187656569927768, dfxSize=176
[INFO] RUNTIME(111294,npu_reader):2026-09-21-12:30:46.580.686 [binary_loader.cc:364] 111294 LoadFromData: New ElfProgram ok, magic=1094799942, kernelAttrType=2, Runtime_alloc_size=11072
[INFO] RUNTIME(111294,npu_reader):2026-09-21-12:30:46.580.690 [program.cc:204] 111294 SaveBinaryData: Malloc the buffer for elfData, len=15288
[INFO] RUNTIME(111294,npu_reader):2026-09-21-12:30:46.580.693 [elf.cc:884] 111294 ParseKernelMetaData: section name = .text.
[INFO] RUNTIME(111294,npu_reader):2026-09-21-12:30:46.580.696 [elf.cc:884] 111294 ParseKernelMetaData: section name = .ascend.stack.size.record.
[INFO] RUNTIME(111294,npu_reader):2026-09-21-12:30:46.580.698 [elf.cc:884] 111294 ParseKernelMetaData: section name = __CCE_KernelArgSize.
[INFO] RUNTIME(111294,npu_reader):2026-09-21-12:30:46.580.700 [elf.cc:884] 111294 ParseKernelMetaData: section name = .ascend.meta.mul_Ascend910B3_int32_232010000.
[INFO] RUNTIME(111294,npu_reader):2026-09-21-12:30:46.580.703 [elf.cc:575] 111294 ElfParseParamSummary: paramCount=4, paramTotalSize=32.
[INFO] RUNTIME(111294,npu_reader):2026-09-21-12:30:46.580.705 [elf.cc:610] 111294 ElfParseParamInfo: Cache param info: ordinal=0, offset=0, size=8, align=8, paramType=2, spaceIndex=0.
[INFO] RUNTIME(111294,npu_reader):2026-09-21-12:30:46.580.707 [elf.cc:610] 111294 ElfParseParamInfo: Cache param info: ordinal=1, offset=8, size=8, align=8, paramType=2, spaceIndex=0.
[INFO] RUNTIME(111294,npu_reader):2026-09-21-12:30:46.580.710 [elf.cc:610] 111294 ElfParseParamInfo: Cache param info: ordinal=2, offset=16, size=8, align=8, paramType=2, spaceIndex=0.
[INFO] RUNTIME(111294,npu_reader):2026-09-21-12:30:46.580.712 [elf.cc:610] 111294 ElfParseParamInfo: Cache param info: ordinal=3, offset=24, size=8, align=8, paramType=2, spaceIndex=0.
[INFO] RUNTIME(111294,npu_reader):2026-09-21-12:30:46.580.715 [elf.cc:916] 111294 ParseKernelMetaData: kernel_name=mul_Ascend910B3_int32_232010000, ration[0]=0, ration[1]=0, dfxAddr=0xaaac33318874, dfxSize=176, funcType=0, crossCoreSync=0, kernelVfType=0, shareMemSize=0, minStackSize=0, isSupportFuncEntry=0, functionEntryFlag=128, functionEntry=0.
[INFO] RUNTIME(111294,npu_reader):2026-09-21-12:30:46.580.718 [elf.cc:884] 111294 ParseKernelMetaData: section name = .comment.
[INFO] RUNTIME(111294,npu_reader):2026-09-21-12:30:46.580.720 [elf.cc:884] 111294 ParseKernelMetaData: section name = .ascend.meta.mul_Ascend910B3_int32_232000000.
[INFO] RUNTIME(111294,npu_reader):2026-09-21-12:30:46.580.722 [elf.cc:575] 111294 ElfParseParamSummary: paramCount=4, paramTotalSize=32.
[INFO] RUNTIME(111294,npu_reader):2026-09-21-12:30:46.580.725 [elf.cc:610] 111294 ElfParseParamInfo: Cache param info: ordinal=0, offset=0, size=8, align=8, paramType=2, spaceIndex=0.
[INFO] RUNTIME(111294,npu_reader):2026-09-21-12:30:46.580.727 [elf.cc:610] 111294 ElfParseParamInfo: Cache param info: ordinal=1, offset=8, size=8, align=8, paramType=2, spaceIndex=0.
[INFO] RUNTIME(111294,npu_reader):2026-09-21-12:30:46.580.730 [elf.cc:610] 111294 ElfParseParamInfo: Cache param info: ordinal=2, offset=16, size=8, align=8, paramType=2, spaceIndex=0.
[INFO] RUNTIME(111294,npu_reader):2026-09-21-12:30:46.580.733 [elf.cc:610] 111294 ElfParseParamInfo: Cache param info: ordinal=3, offset=24, size=8, align=8, paramType=2, spaceIndex=0.
[INFO] RUNTIME(111294,npu_reader):2026-09-21-12:30:46.580.735 [elf.cc:916] 111294 ParseKernelMetaData: kernel_name=mul_Ascend910B3_int32_232000000, ration[0]=0, ration[1]=0, dfxAddr=0xaaac33318968, dfxSize=176, funcType=0, crossCoreSync=0, kernelVfType=0, shareMemSize=0, minStackSize=0, isSupportFuncEntry=0, functionEntryFlag=128, functionEntry=0.
[INFO] RUNTIME(111294,npu_reader):2026-09-21-12:30:46.580.738 [elf.cc:884] 111294 ParseKernelMetaData: section name = .ascend.meta.mul_Ascend910B3_int32_223010000.
[INFO] RUNTIME(111294,npu_reader):2026-09-21-12:30:46.580.740 [elf.cc:575] 111294 ElfParseParamSummary: paramCount=4, paramTotalSize=32.
[INFO] RUNTIME(111294,npu_reader):2026-09-21-12:30:46.580.743 [elf.cc:610] 111294 ElfParseParamInfo: Cache param info: ordinal=0, offset=0, size=8, align=8, paramType=2, spaceIndex=0.
[INFO] RUNTIME(111294,npu_reader):2026-09-21-12:30:46.580.745 [elf.cc:610] 111294 ElfParseParamInfo: Cache param info: ordinal=1, offset=8, size=8, align=8, paramType=2, spaceIndex=0.
[INFO] RUNTIME(111294,npu_reader):2026-09-21-12:30:46.580.747 [elf.cc:610] 111294 ElfParseParamInfo: Cache param info: ordinal=2, offset=16, size=8, align=8, paramType=2, spaceIndex=0.
[INFO] RUNTIME(111294,npu_reader):2026-09-21-12:30:46.580.750 [elf.cc:610] 111294 ElfParseParamInfo: Cache param info: ordinal=3, offset=24, size=8, align=8, paramType=2, spaceIndex=0.
[INFO] RUNTIME(111294,npu_reader):2026-09-21-12:30:46.580.752 [elf.cc:916] 111294 ParseKernelMetaData: kernel_name=mul_Ascend910B3_int32_223010000, ration[0]=0, ration[1]=0, dfxAddr=0xaaac33318a18, dfxSize=176, funcType=0, crossCoreSync=0, kernelVfType=0, shareMemSize=0, minStackSize=0, isSupportFuncEntry=0, functionEntryFlag=128, functionEntry=0.
[INFO] RUNTIME(111294,npu_reader):2026-09-21-12:30:46.580.755 [elf.cc:884] 111294 ParseKernelMetaData: section name = .ascend.meta.mul_Ascend910B3_int32_223000000.
[INFO] RUNTIME(111294,npu_reader):2026-09-21-12:30:46.580.757 [elf.cc:575] 111294 ElfParseParamSummary: paramCount=4, paramTotalSize=32.
[INFO] RUNTIME(111294,npu_reader):2026-09-21-12:30:46.580.760 [elf.cc:610] 111294 ElfParseParamInfo: Cache param info: ordinal=0, offset=0, size=8, align=8, paramType=2, spaceIndex=0.
[INFO] RUNTIME(111294,npu_reader):2026-09-21-12:30:46.580.762 [elf.cc:610] 111294 ElfParseParamInfo: Cache param info: ordinal=1, offset=8, size=8, align=8, paramType=2, spaceIndex=0.
[INFO] RUNTIME(111294,npu_reader):2026-09-21-12:30:46.580.764 [elf.cc:610] 111294 ElfParseParamInfo: Cache param info: ordinal=2, offset=16, size=8, align=8, paramType=2, spaceIndex=0.
[INFO] RUNTIME(111294,npu_reader):2026-09-21-12:30:46.580.767 [elf.cc:610] 111294 ElfParseParamInfo: Cache param info: ordinal=3, offset=24, size=8, align=8, paramType=2, spaceIndex=0.
[INFO] RUNTIME(111294,npu_reader):2026-09-21-12:30:46.580.769 [elf.cc:916] 111294 ParseKernelMetaData: kernel_name=mul_Ascend910B3_int32_223000000, ration[0]=0, ration[1]=0, dfxAddr=0xaaac33318ac8, dfxSize=176, funcType=0, crossCoreSync=0, kernelVfType=0, shareMemSize=0, minStackSize=0, isSupportFuncEntry=0, functionEntryFlag=128, functionEntry=0.
[INFO] RUNTIME(111294,npu_reader):2026-09-21-12:30:46.580.772 [elf.cc:884] 111294 ParseKernelMetaData: section name = .ascend.meta.mul_Ascend910B3_int32_210010000.
[INFO] RUNTIME(111294,npu_reader):2026-09-21-12:30:46.580.774 [elf.cc:575] 111294 ElfParseParamSummary: paramCount=4, paramTotalSize=32.
[INFO] RUNTIME(111294,npu_reader):2026-09-21-12:30:46.580.777 [elf.cc:610] 111294 ElfParseParamInfo: Cache param info: ordinal=0, offset=0, size=8, align=8, paramType=2, spaceIndex=0.
[INFO] RUNTIME(111294,npu_reader):2026-09-21-12:30:46.580.779 [elf.cc:610] 111294 ElfParseParamInfo: Cache param info: ordinal=1, offset=8, size=8, align=8, paramType=2, spaceIndex=0.
[INFO] RUNTIME(111294,npu_reader):2026-09-21-12:30:46.580.782 [elf.cc:610] 111294 ElfParseParamInfo: Cache param info: ordinal=2, offset=16, size=8, align=8, paramType=2, spaceIndex=0.
[INFO] RUNTIME(111294,npu_reader):2026-09-21-12:30:46.580.784 [elf.cc:610] 111294 ElfParseParamInfo: Cache param info: ordinal=3, offset=24, size=8, align=8, paramType=2, spaceIndex=0.
[INFO] RUNTIME(111294,npu_reader):2026-09-21-12:30:46.580.787 [elf.cc:916] 111294 ParseKernelMetaData: kernel_name=mul_Ascend910B3_int32_210010000, ration[0]=0, ration[1]=0, dfxAddr=0xaaac33318b78, dfxSize=176, funcType=0, crossCoreSync=0, kernelVfType=0, shareMemSize=0, minStackSize=0, isSupportFuncEntry=0, functionEntryFlag=128, functionEntry=0.
[INFO] RUNTIME(111294,npu_reader):2026-09-21-12:30:46.580.790 [elf.cc:884] 111294 ParseKernelMetaData: section name = .ascend.meta.mul_Ascend910B3_int32_210000000.
[INFO] RUNTIME(111294,npu_reader):2026-09-21-12:30:46.580.792 [elf.cc:575] 111294 ElfParseParamSummary: paramCount=4, paramTotalSize=32.
[INFO] RUNTIME(111294,npu_reader):2026-09-21-12:30:46.580.794 [elf.cc:610] 111294 ElfParseParamInfo: Cache param info: ordinal=0, offset=0, size=8, align=8, paramType=2, spaceIndex=0.
[INFO] RUNTIME(111294,npu_reader):2026-09-21-12:30:46.580.797 [elf.cc:610] 111294 ElfParseParamInfo: Cache param info: ordinal=1, offset=8, size=8, align=8, paramType=2, spaceIndex=0.
[INFO] RUNTIME(111294,npu_reader):2026-09-21-12:30:46.580.799 [elf.cc:610] 111294 ElfParseParamInfo: Cache param info: ordinal=2, offset=16, size=8, align=8, paramType=2, spaceIndex=0.
[INFO] RUNTIME(111294,npu_reader):2026-09-21-12:30:46.580.802 [elf.cc:610] 111294 ElfParseParamInfo: Cache param info: ordinal=3, offset=24, size=8, align=8, paramType=2, spaceIndex=0.
[INFO] RUNTIME(111294,npu_reader):2026-09-21-12:30:46.580.804 [elf.cc:916] 111294 ParseKernelMetaData: kernel_name=mul_Ascend910B3_int32_210000000, ration[0]=0, ration[1]=0, dfxAddr=0xaaac33318c28, dfxSize=176, funcType=0, crossCoreSync=0, kernelVfType=0, shareMemSize=0, minStackSize=0, isSupportFuncEntry=0, functionEntryFlag=128, functionEntry=0.
[INFO] RUNTIME(111294,npu_reader):2026-09-21-12:30:46.580.816 [elf.cc:1076] 111294 UpdateCachedParamInfos: Restore cached param info: kernel_name=mul_Ascend910B3_int32_232010000, ordinal=0, offset=0, size=8.
[INFO] RUNTIME(111294,npu_reader):2026-09-21-12:30:46.580.819 [elf.cc:1076] 111294 UpdateCachedParamInfos: Restore cached param info: kernel_name=mul_Ascend910B3_int32_232010000, ordinal=1, offset=8, size=8.
[INFO] RUNTIME(111294,npu_reader):2026-09-21-12:30:46.580.821 [elf.cc:1076] 111294 UpdateCachedParamInfos: Restore cached param info: kernel_name=mul_Ascend910B3_int32_232010000, ordinal=2, offset=16, size=8.
[INFO] RUNTIME(111294,npu_reader):2026-09-21-12:30:46.580.823 [elf.cc:1076] 111294 UpdateCachedParamInfos: Restore cached param info: kernel_name=mul_Ascend910B3_int32_232010000, ordinal=3, offset=24, size=8.
[INFO] RUNTIME(111294,npu_reader):2026-09-21-12:30:46.580.826 [elf.cc:1145] 111294 UpdateKernelsInfo: update meta info, kernel_name=mul_Ascend910B3_int32_232010000, dfxAddr=0xaaac33318874, dfxSize=176, funcType=0, elfDataFlag=1, userArgsNum=0, crossCoreSync=0, kernelVfType=0, shareMemSize=0, minStackSize=0, funcEntryType=0, functionEntry=0, schedMode=0, taskRation_0=0, taskRation_1=0, hasParamSummary=1, paramCount=4, paramTotalSize=32.
[INFO] RUNTIME(111294,npu_reader):2026-09-21-12:30:46.580.829 [elf.cc:1076] 111294 UpdateCachedParamInfos: Restore cached param info: kernel_name=mul_Ascend910B3_int32_232000000, ordinal=0, offset=0, size=8.
[INFO] RUNTIME(111294,npu_reader):2026-09-21-12:30:46.580.831 [elf.cc:1076] 111294 UpdateCachedParamInfos: Restore cached param info: kernel_name=mul_Ascend910B3_int32_232000000, ordinal=1, offset=8, size=8.
[INFO] RUNTIME(111294,npu_reader):2026-09-21-12:30:46.580.834 [elf.cc:1076] 111294 UpdateCachedParamInfos: Restore cached param info: kernel_name=mul_Ascend910B3_int32_232000000, ordinal=2, offset=16, size=8.
[INFO] RUNTIME(111294,npu_reader):2026-09-21-12:30:46.580.836 [elf.cc:1076] 111294 UpdateCachedParamInfos: Restore cached param info: kernel_name=mul_Ascend910B3_int32_232000000, ordinal=3, offset=24, size=8.
[INFO] RUNTIME(111294,npu_reader):2026-09-21-12:30:46.580.838 [elf.cc:1145] 111294 UpdateKernelsInfo: update meta info, kernel_name=mul_Ascend910B3_int32_232000000, dfxAddr=0xaaac33318968, dfxSize=176, funcType=0, elfDataFlag=1, userArgsNum=0, crossCoreSync=0, kernelVfType=0, shareMemSize=0, minStackSize=0, funcEntryType=0, functionEntry=0, schedMode=0, taskRation_0=0, taskRation_1=0, hasParamSummary=1, paramCount=4, paramTotalSize=32.
[INFO] RUNTIME(111294,npu_reader):2026-09-21-12:30:46.580.842 [elf.cc:1076] 111294 UpdateCachedParamInfos: Restore cached param info: kernel_name=mul_Ascend910B3_int32_223010000, ordinal=0, offset=0, size=8.
[INFO] RUNTIME(111294,npu_reader):2026-09-21-12:30:46.580.844 [elf.cc:1076] 111294 UpdateCachedParamInfos: Restore cached param info: kernel_name=mul_Ascend910B3_int32_223010000, ordinal=1, offset=8, size=8.
[INFO] RUNTIME(111294,npu_reader):2026-09-21-12:30:46.580.846 [elf.cc:1076] 111294 UpdateCachedParamInfos: Restore cached param info: kernel_name=mul_Ascend910B3_int32_223010000, ordinal=2, offset=16, size=8.
[INFO] RUNTIME(111294,npu_reader):2026-09-21-12:30:46.580.848 [elf.cc:1076] 111294 UpdateCachedParamInfos: Restore cached param info: kernel_name=mul_Ascend910B3_int32_223010000, ordinal=3, offset=24, size=8.
[INFO] RUNTIME(111294,npu_reader):2026-09-21-12:30:46.580.851 [elf.cc:1145] 111294 UpdateKernelsInfo: update meta info, kernel_name=mul_Ascend910B3_int32_223010000, dfxAddr=0xaaac33318a18, dfxSize=176, funcType=0, elfDataFlag=1, userArgsNum=0, crossCoreSync=0, kernelVfType=0, shareMemSize=0, minStackSize=0, funcEntryType=0, functionEntry=0, schedMode=0, taskRation_0=0, taskRation_1=0, hasParamSummary=1, paramCount=4, paramTotalSize=32.
[INFO] RUNTIME(111294,npu_reader):2026-09-21-12:30:46.580.854 [elf.cc:1076] 111294 UpdateCachedParamInfos: Restore cached param info: kernel_name=mul_Ascend910B3_int32_223000000, ordinal=0, offset=0, size=8.
[INFO] RUNTIME(111294,npu_reader):2026-09-21-12:30:46.580.856 [elf.cc:1076] 111294 UpdateCachedParamInfos: Restore cached param info: kernel_name=mul_Ascend910B3_int32_223000000, ordinal=1, offset=8, size=8.
[INFO] RUNTIME(111294,npu_reader):2026-09-21-12:30:46.580.858 [elf.cc:1076] 111294 UpdateCachedParamInfos: Restore cached param info: kernel_name=mul_Ascend910B3_int32_223000000, ordinal=2, offset=16, size=8.
[INFO] RUNTIME(111294,npu_reader):2026-09-21-12:30:46.580.861 [elf.cc:1076] 111294 UpdateCachedParamInfos: Restore cached param info: kernel_name=mul_Ascend910B3_int32_223000000, ordinal=3, offset=24, size=8.
[INFO] RUNTIME(111294,npu_reader):2026-09-21-12:30:46.580.863 [elf.cc:1145] 111294 UpdateKernelsInfo: update meta info, kernel_name=mul_Ascend910B3_int32_223000000, dfxAddr=0xaaac33318ac8, dfxSize=176, funcType=0, elfDataFlag=1, userArgsNum=0, crossCoreSync=0, kernelVfType=0, shareMemSize=0, minStackSize=0, funcEntryType=0, functionEntry=0, schedMode=0, taskRation_0=0, taskRation_1=0, hasParamSummary=1, paramCount=4, paramTotalSize=32.
[INFO] RUNTIME(111294,npu_reader):2026-09-21-12:30:46.580.866 [elf.cc:1076] 111294 UpdateCachedParamInfos: Restore cached param info: kernel_name=mul_Ascend910B3_int32_210010000, ordinal=0, offset=0, size=8.
[INFO] RUNTIME(111294,npu_reader):2026-09-21-12:30:46.580.868 [elf.cc:1076] 111294 UpdateCachedParamInfos: Restore cached param info: kernel_name=mul_Ascend910B3_int32_210010000, ordinal=1, offset=8, size=8.
[INFO] RUNTIME(111294,npu_reader):2026-09-21-12:30:46.580.871 [elf.cc:1076] 111294 UpdateCachedParamInfos: Restore cached param info: kernel_name=mul_Ascend910B3_int32_210010000, ordinal=2, offset=16, size=8.
[INFO] RUNTIME(111294,npu_reader):2026-09-21-12:30:46.580.873 [elf.cc:1076] 111294 UpdateCachedParamInfos: Restore cached param info: kernel_name=mul_Ascend910B3_int32_210010000, ordinal=3, offset=24, size=8.
[INFO] RUNTIME(111294,npu_reader):2026-09-21-12:30:46.580.875 [elf.cc:1145] 111294 UpdateKernelsInfo: update meta info, kernel_name=mul_Ascend910B3_int32_210010000, dfxAddr=0xaaac33318b78, dfxSize=176, funcType=0, elfDataFlag=1, userArgsNum=0, crossCoreSync=0, kernelVfType=0, shareMemSize=0, minStackSize=0, funcEntryType=0, functionEntry=0, schedMode=0, taskRation_0=0, taskRation_1=0, hasParamSummary=1, paramCount=4, paramTotalSize=32.
[INFO] RUNTIME(111294,npu_reader):2026-09-21-12:30:46.580.879 [elf.cc:1076] 111294 UpdateCachedParamInfos: Restore cached param info: kernel_name=mul_Ascend910B3_int32_210000000, ordinal=0, offset=0, size=8.
[INFO] RUNTIME(111294,npu_reader):2026-09-21-12:30:46.580.881 [elf.cc:1076] 111294 UpdateCachedParamInfos: Restore cached param info: kernel_name=mul_Ascend910B3_int32_210000000, ordinal=1, offset=8, size=8.
[INFO] RUNTIME(111294,npu_reader):2026-09-21-12:30:46.580.883 [elf.cc:1076] 111294 UpdateCachedParamInfos: Restore cached param info: kernel_name=mul_Ascend910B3_int32_210000000, ordinal=2, offset=16, size=8.
[INFO] RUNTIME(111294,npu_reader):2026-09-21-12:30:46.580.886 [elf.cc:1076] 111294 UpdateCachedParamInfos: Restore cached param info: kernel_name=mul_Ascend910B3_int32_210000000, ordinal=3, offset=24, size=8.
[INFO] RUNTIME(111294,npu_reader):2026-09-21-12:30:46.580.888 [elf.cc:1145] 111294 UpdateKernelsInfo: update meta info, kernel_name=mul_Ascend910B3_int32_210000000, dfxAddr=0xaaac33318c28, dfxSize=176, funcType=0, elfDataFlag=1, userArgsNum=0, crossCoreSync=0, kernelVfType=0, shareMemSize=0, minStackSize=0, funcEntryType=0, functionEntry=0, schedMode=0, taskRation_0=0, taskRation_1=0, hasParamSummary=1, paramCount=4, paramTotalSize=32.
[INFO] RUNTIME(111294,npu_reader):2026-09-21-12:30:46.580.892 [runtime.cc:1448] 111294 AddProgramToPool: progId=13
[INFO] RUNTIME(111294,npu_reader):2026-09-21-12:30:46.580.895 [program.cc:1649] 111294 GetKernelTypeAndMixType: Get kernel type success, kernelName=mul_Ascend910B3_int32_232010000, funcType=0, kernelAttrType=2, mixType=0
[INFO] RUNTIME(111294,npu_reader):2026-09-21-12:30:46.580.898 [program.cc:1119] 111294 SetKernelAttribute: kernel_name=mul_Ascend910B3_int32_232010000, kernelAttrType=2, userParamNum=0, sysParamNum=1, IsNeedSetFftsAddrInArg=0, isSupportOverFlow=1, elfDataFlag=1
[INFO] RUNTIME(111294,npu_reader):2026-09-21-12:30:46.580.901 [program.cc:1690] 111294 BuildNewKernel: new kernel success, size=1320, programId=13, original kernel_name=mul_Ascend910B3_int32_232010000, register kernel_name=mul_Ascend910B3_int32_232010000, tilingKey=232010000, functionEntry=0, funcType=0, kernelAttrType=2, mixType=0, taskRation=2, offset=0, dfxAddr=187656569981044, dfxSize=176
[INFO] RUNTIME(111294,npu_reader):2026-09-21-12:30:46.580.905 [program.cc:1649] 111294 GetKernelTypeAndMixType: Get kernel type success, kernelName=mul_Ascend910B3_int32_232000000, funcType=0, kernelAttrType=2, mixType=0
[INFO] RUNTIME(111294,npu_reader):2026-09-21-12:30:46.580.908 [program.cc:1119] 111294 SetKernelAttribute: kernel_name=mul_Ascend910B3_int32_232000000, kernelAttrType=2, userParamNum=0, sysParamNum=1, IsNeedSetFftsAddrInArg=0, isSupportOverFlow=1, elfDataFlag=1
[INFO] RUNTIME(111294,npu_reader):2026-09-21-12:30:46.580.910 [program.cc:1690] 111294 BuildNewKernel: new kernel success, size=1320, programId=13, original kernel_name=mul_Ascend910B3_int32_232000000, register kernel_name=mul_Ascend910B3_int32_232000000, tilingKey=232000000, functionEntry=0, funcType=0, kernelAttrType=2, mixType=0, taskRation=2, offset=1760, dfxAddr=187656569981288, dfxSize=176
[INFO] RUNTIME(111294,npu_reader):2026-09-21-12:30:46.580.914 [program.cc:1649] 111294 GetKernelTypeAndMixType: Get kernel type success, kernelName=mul_Ascend910B3_int32_223010000, funcType=0, kernelAttrType=2, mixType=0
[INFO] RUNTIME(111294,npu_reader):2026-09-21-12:30:46.580.917 [program.cc:1119] 111294 SetKernelAttribute: kernel_name=mul_Ascend910B3_int32_223010000, kernelAttrType=2, userParamNum=0, sysParamNum=1, IsNeedSetFftsAddrInArg=0, isSupportOverFlow=1, elfDataFlag=1
[INFO] RUNTIME(111294,npu_reader):2026-09-21-12:30:46.580.920 [program.cc:1690] 111294 BuildNewKernel: new kernel success, size=1320, programId=13, original kernel_name=mul_Ascend910B3_int32_223010000, register kernel_name=mul_Ascend910B3_int32_223010000, tilingKey=223010000, functionEntry=0, funcType=0, kernelAttrType=2, mixType=0, taskRation=2, offset=2740, dfxAddr=187656569981464, dfxSize=176
[INFO] RUNTIME(111294,npu_reader):2026-09-21-12:30:46.580.924 [program.cc:1649] 111294 GetKernelTypeAndMixType: Get kernel type success, kernelName=mul_Ascend910B3_int32_223000000, funcType=0, kernelAttrType=2, mixType=0
[INFO] RUNTIME(111294,npu_reader):2026-09-21-12:30:46.580.927 [program.cc:1119] 111294 SetKernelAttribute: kernel_name=mul_Ascend910B3_int32_223000000, kernelAttrType=2, userParamNum=0, sysParamNum=1, IsNeedSetFftsAddrInArg=0, isSupportOverFlow=1, elfDataFlag=1
[INFO] RUNTIME(111294,npu_reader):2026-09-21-12:30:46.580.929 [program.cc:1690] 111294 BuildNewKernel: new kernel success, size=1320, programId=13, original kernel_name=mul_Ascend910B3_int32_223000000, register kernel_name=mul_Ascend910B3_int32_223000000, tilingKey=223000000, functionEntry=0, funcType=0, kernelAttrType=2, mixType=0, taskRation=2, offset=4452, dfxAddr=187656569981640, dfxSize=176
[INFO] RUNTIME(111294,npu_reader):2026-09-21-12:30:46.580.934 [program.cc:1649] 111294 GetKernelTypeAndMixType: Get kernel type success, kernelName=mul_Ascend910B3_int32_210010000, funcType=0, kernelAttrType=2, mixType=0
[INFO] RUNTIME(111294,npu_reader):2026-09-21-12:30:46.580.937 [program.cc:1119] 111294 SetKernelAttribute: kernel_name=mul_Ascend910B3_int32_210010000, kernelAttrType=2, userParamNum=0, sysParamNum=1, IsNeedSetFftsAddrInArg=0, isSupportOverFlow=1, elfDataFlag=1
[INFO] RUNTIME(111294,npu_reader):2026-09-21-12:30:46.580.939 [program.cc:1690] 111294 BuildNewKernel: new kernel success, size=1320, programId=13, original kernel_name=mul_Ascend910B3_int32_210010000, register kernel_name=mul_Ascend910B3_int32_210010000, tilingKey=210010000, functionEntry=0, funcType=0, kernelAttrType=2, mixType=0, taskRation=2, offset=5420, dfxAddr=187656569981816, dfxSize=176
[INFO] RUNTIME(111294,npu_reader):2026-09-21-12:30:46.580.943 [program.cc:1649] 111294 GetKernelTypeAndMixType: Get kernel type success, kernelName=mul_Ascend910B3_int32_210000000, funcType=0, kernelAttrType=2, mixType=0
[INFO] RUNTIME(111294,npu_reader):2026-09-21-12:30:46.580.946 [program.cc:1119] 111294 SetKernelAttribute: kernel_name=mul_Ascend910B3_int32_210000000, kernelAttrType=2, userParamNum=0, sysParamNum=1, IsNeedSetFftsAddrInArg=0, isSupportOverFlow=1, elfDataFlag=1
[INFO] RUNTIME(111294,npu_reader):2026-09-21-12:30:46.580.949 [program.cc:1690] 111294 BuildNewKernel: new kernel success, size=1320, programId=13, original kernel_name=mul_Ascend910B3_int32_210000000, register kernel_name=mul_Ascend910B3_int32_210000000, tilingKey=210000000, functionEntry=0, funcType=0, kernelAttrType=2, mixType=0, taskRation=2, offset=7024, dfxAddr=187656569981992, dfxSize=176
[INFO] RUNTIME(111294,npu_reader):2026-09-21-12:30:46.580.975 [binary_loader.cc:364] 111294 LoadFromData: New ElfProgram ok, magic=1094799942, kernelAttrType=2, Runtime_alloc_size=11072
[INFO] RUNTIME(111294,npu_reader):2026-09-21-12:30:46.580.979 [program.cc:204] 111294 SaveBinaryData: Malloc the buffer for elfData, len=15288
[INFO] RUNTIME(111294,npu_reader):2026-09-21-12:30:46.580.982 [elf.cc:884] 111294 ParseKernelMetaData: section name = .text.
[INFO] RUNTIME(111294,npu_reader):2026-09-21-12:30:46.580.984 [elf.cc:884] 111294 ParseKernelMetaData: section name = .ascend.stack.size.record.
[INFO] RUNTIME(111294,npu_reader):2026-09-21-12:30:46.580.987 [elf.cc:884] 111294 ParseKernelMetaData: section name = __CCE_KernelArgSize.
[INFO] RUNTIME(111294,npu_reader):2026-09-21-12:30:46.580.989 [elf.cc:884] 111294 ParseKernelMetaData: section name = .ascend.meta.mul_Ascend910B4_int32_232010000.
[INFO] RUNTIME(111294,npu_reader):2026-09-21-12:30:46.580.991 [elf.cc:575] 111294 ElfParseParamSummary: paramCount=4, paramTotalSize=32.
[INFO] RUNTIME(111294,npu_reader):2026-09-21-12:30:46.580.994 [elf.cc:610] 111294 ElfParseParamInfo: Cache param info: ordinal=0, offset=0, size=8, align=8, paramType=2, spaceIndex=0.
[INFO] RUNTIME(111294,npu_reader):2026-09-21-12:30:46.580.997 [elf.cc:610] 111294 ElfParseParamInfo: Cache param info: ordinal=1, offset=8, size=8, align=8, paramType=2, spaceIndex=0.
[INFO] RUNTIME(111294,npu_reader):2026-09-21-12:30:46.580.999 [elf.cc:610] 111294 ElfParseParamInfo: Cache param info: ordinal=2, offset=16, size=8, align=8, paramType=2, spaceIndex=0.
[INFO] RUNTIME(111294,npu_reader):2026-09-21-12:30:46.581.002 [elf.cc:610] 111294 ElfParseParamInfo: Cache param info: ordinal=3, offset=24, size=8, align=8, paramType=2, spaceIndex=0.
[INFO] RUNTIME(111294,npu_reader):2026-09-21-12:30:46.581.004 [elf.cc:916] 111294 ParseKernelMetaData: kernel_name=mul_Ascend910B4_int32_232010000, ration[0]=0, ration[1]=0, dfxAddr=0xaaac33325ca4, dfxSize=176, funcType=0, crossCoreSync=0, kernelVfType=0, shareMemSize=0, minStackSize=0, isSupportFuncEntry=0, functionEntryFlag=128, functionEntry=0.
[INFO] RUNTIME(111294,npu_reader):2026-09-21-12:30:46.581.007 [elf.cc:884] 111294 ParseKernelMetaData: section name = .comment.
[INFO] RUNTIME(111294,npu_reader):2026-09-21-12:30:46.581.010 [elf.cc:884] 111294 ParseKernelMetaData: section name = .ascend.meta.mul_Ascend910B4_int32_232000000.
[INFO] RUNTIME(111294,npu_reader):2026-09-21-12:30:46.581.012 [elf.cc:575] 111294 ElfParseParamSummary: paramCount=4, paramTotalSize=32.
[INFO] RUNTIME(111294,npu_reader):2026-09-21-12:30:46.581.014 [elf.cc:610] 111294 ElfParseParamInfo: Cache param info: ordinal=0, offset=0, size=8, align=8, paramType=2, spaceIndex=0.
[INFO] RUNTIME(111294,npu_reader):2026-09-21-12:30:46.581.017 [elf.cc:610] 111294 ElfParseParamInfo: Cache param info: ordinal=1, offset=8, size=8, align=8, paramType=2, spaceIndex=0.
[INFO] RUNTIME(111294,npu_reader):2026-09-21-12:30:46.581.019 [elf.cc:610] 111294 ElfParseParamInfo: Cache param info: ordinal=2, offset=16, size=8, align=8, paramType=2, spaceIndex=0.
[INFO] RUNTIME(111294,npu_reader):2026-09-21-12:30:46.581.021 [elf.cc:610] 111294 ElfParseParamInfo: Cache param info: ordinal=3, offset=24, size=8, align=8, paramType=2, spaceIndex=0.
[INFO] RUNTIME(111294,npu_reader):2026-09-21-12:30:46.581.024 [elf.cc:916] 111294 ParseKernelMetaData: kernel_name=mul_Ascend910B4_int32_232000000, ration[0]=0, ration[1]=0, dfxAddr=0xaaac33325d98, dfxSize=176, funcType=0, crossCoreSync=0, kernelVfType=0, shareMemSize=0, minStackSize=0, isSupportFuncEntry=0, functionEntryFlag=128, functionEntry=0.
[INFO] RUNTIME(111294,npu_reader):2026-09-21-12:30:46.581.027 [elf.cc:884] 111294 ParseKernelMetaData: section name = .ascend.meta.mul_Ascend910B4_int32_223010000.
[INFO] RUNTIME(111294,npu_reader):2026-09-21-12:30:46.581.029 [elf.cc:575] 111294 ElfParseParamSummary: paramCount=4, paramTotalSize=32.
[INFO] RUNTIME(111294,npu_reader):2026-09-21-12:30:46.581.031 [elf.cc:610] 111294 ElfParseParamInfo: Cache param info: ordinal=0, offset=0, size=8, align=8, paramType=2, spaceIndex=0.
[INFO] RUNTIME(111294,npu_reader):2026-09-21-12:30:46.581.034 [elf.cc:610] 111294 ElfParseParamInfo: Cache param info: ordinal=1, offset=8, size=8, align=8, paramType=2, spaceIndex=0.
[INFO] RUNTIME(111294,npu_reader):2026-09-21-12:30:46.581.036 [elf.cc:610] 111294 ElfParseParamInfo: Cache param info: ordinal=2, offset=16, size=8, align=8, paramType=2, spaceIndex=0.
[INFO] RUNTIME(111294,npu_reader):2026-09-21-12:30:46.581.039 [elf.cc:610] 111294 ElfParseParamInfo: Cache param info: ordinal=3, offset=24, size=8, align=8, paramType=2, spaceIndex=0.
[INFO] RUNTIME(111294,npu_reader):2026-09-21-12:30:46.581.041 [elf.cc:916] 111294 ParseKernelMetaData: kernel_name=mul_Ascend910B4_int32_223010000, ration[0]=0, ration[1]=0, dfxAddr=0xaaac33325e48, dfxSize=176, funcType=0, crossCoreSync=0, kernelVfType=0, shareMemSize=0, minStackSize=0, isSupportFuncEntry=0, functionEntryFlag=128, functionEntry=0.
[INFO] RUNTIME(111294,npu_reader):2026-09-21-12:30:46.581.044 [elf.cc:884] 111294 ParseKernelMetaData: section name = .ascend.meta.mul_Ascend910B4_int32_223000000.
[INFO] RUNTIME(111294,npu_reader):2026-09-21-12:30:46.581.047 [elf.cc:575] 111294 ElfParseParamSummary: paramCount=4, paramTotalSize=32.
[INFO] RUNTIME(111294,npu_reader):2026-09-21-12:30:46.581.049 [elf.cc:610] 111294 ElfParseParamInfo: Cache param info: ordinal=0, offset=0, size=8, align=8, paramType=2, spaceIndex=0.
[INFO] RUNTIME(111294,npu_reader):2026-09-21-12:30:46.581.052 [elf.cc:610] 111294 ElfParseParamInfo: Cache param info: ordinal=1, offset=8, size=8, align=8, paramType=2, spaceIndex=0.
[INFO] RUNTIME(111294,npu_reader):2026-09-21-12:30:46.581.054 [elf.cc:610] 111294 ElfParseParamInfo: Cache param info: ordinal=2, offset=16, size=8, align=8, paramType=2, spaceIndex=0.
[INFO] RUNTIME(111294,npu_reader):2026-09-21-12:30:46.581.056 [elf.cc:610] 111294 ElfParseParamInfo: Cache param info: ordinal=3, offset=24, size=8, align=8, paramType=2, spaceIndex=0.
[INFO] RUNTIME(111294,npu_reader):2026-09-21-12:30:46.581.059 [elf.cc:916] 111294 ParseKernelMetaData: kernel_name=mul_Ascend910B4_int32_223000000, ration[0]=0, ration[1]=0, dfxAddr=0xaaac33325ef8, dfxSize=176, funcType=0, crossCoreSync=0, kernelVfType=0, shareMemSize=0, minStackSize=0, isSupportFuncEntry=0, functionEntryFlag=128, functionEntry=0.
[INFO] RUNTIME(111294,npu_reader):2026-09-21-12:30:46.581.062 [elf.cc:884] 111294 ParseKernelMetaData: section name = .ascend.meta.mul_Ascend910B4_int32_210010000.
[INFO] RUNTIME(111294,npu_reader):2026-09-21-12:30:46.581.064 [elf.cc:575] 111294 ElfParseParamSummary: paramCount=4, paramTotalSize=32.
[INFO] RUNTIME(111294,npu_reader):2026-09-21-12:30:46.581.066 [elf.cc:610] 111294 ElfParseParamInfo: Cache param info: ordinal=0, offset=0, size=8, align=8, paramType=2, spaceIndex=0.
[INFO] RUNTIME(111294,npu_reader):2026-09-21-12:30:46.581.069 [elf.cc:610] 111294 ElfParseParamInfo: Cache param info: ordinal=1, offset=8, size=8, align=8, paramType=2, spaceIndex=0.
[INFO] RUNTIME(111294,npu_reader):2026-09-21-12:30:46.581.071 [elf.cc:610] 111294 ElfParseParamInfo: Cache param info: ordinal=2, offset=16, size=8, align=8, paramType=2, spaceIndex=0.
[INFO] RUNTIME(111294,npu_reader):2026-09-21-12:30:46.581.074 [elf.cc:610] 111294 ElfParseParamInfo: Cache param info: ordinal=3, offset=24, size=8, align=8, paramType=2, spaceIndex=0.
[INFO] RUNTIME(111294,npu_reader):2026-09-21-12:30:46.581.076 [elf.cc:916] 111294 ParseKernelMetaData: kernel_name=mul_Ascend910B4_int32_210010000, ration[0]=0, ration[1]=0, dfxAddr=0xaaac33325fa8, dfxSize=176, funcType=0, crossCoreSync=0, kernelVfType=0, shareMemSize=0, minStackSize=0, isSupportFuncEntry=0, functionEntryFlag=128, functionEntry=0.
[INFO] RUNTIME(111294,npu_reader):2026-09-21-12:30:46.581.079 [elf.cc:884] 111294 ParseKernelMetaData: section name = .ascend.meta.mul_Ascend910B4_int32_210000000.
[INFO] RUNTIME(111294,npu_reader):2026-09-21-12:30:46.581.081 [elf.cc:575] 111294 ElfParseParamSummary: paramCount=4, paramTotalSize=32.
[INFO] RUNTIME(111294,npu_reader):2026-09-21-12:30:46.581.084 [elf.cc:610] 111294 ElfParseParamInfo: Cache param info: ordinal=0, offset=0, size=8, align=8, paramType=2, spaceIndex=0.
[INFO] RUNTIME(111294,npu_reader):2026-09-21-12:30:46.581.086 [elf.cc:610] 111294 ElfParseParamInfo: Cache param info: ordinal=1, offset=8, size=8, align=8, paramType=2, spaceIndex=0.
[INFO] RUNTIME(111294,npu_reader):2026-09-21-12:30:46.581.088 [elf.cc:610] 111294 ElfParseParamInfo: Cache param info: ordinal=2, offset=16, size=8, align=8, paramType=2, spaceIndex=0.
[INFO] RUNTIME(111294,npu_reader):2026-09-21-12:30:46.581.091 [elf.cc:610] 111294 ElfParseParamInfo: Cache param info: ordinal=3, offset=24, size=8, align=8, paramType=2, spaceIndex=0.
[INFO] RUNTIME(111294,npu_reader):2026-09-21-12:30:46.581.093 [elf.cc:916] 111294 ParseKernelMetaData: kernel_name=mul_Ascend910B4_int32_210000000, ration[0]=0, ration[1]=0, dfxAddr=0xaaac33326058, dfxSize=176, funcType=0, crossCoreSync=0, kernelVfType=0, shareMemSize=0, minStackSize=0, isSupportFuncEntry=0, functionEntryFlag=128, functionEntry=0.
[INFO] RUNTIME(111294,npu_reader):2026-09-21-12:30:46.581.105 [elf.cc:1076] 111294 UpdateCachedParamInfos: Restore cached param info: kernel_name=mul_Ascend910B4_int32_232010000, ordinal=0, offset=0, size=8.
[INFO] RUNTIME(111294,npu_reader):2026-09-21-12:30:46.581.108 [elf.cc:1076] 111294 UpdateCachedParamInfos: Restore cached param info: kernel_name=mul_Ascend910B4_int32_232010000, ordinal=1, offset=8, size=8.
[INFO] RUNTIME(111294,npu_reader):2026-09-21-12:30:46.581.111 [elf.cc:1076] 111294 UpdateCachedParamInfos: Restore cached param info: kernel_name=mul_Ascend910B4_int32_232010000, ordinal=2, offset=16, size=8.
[INFO] RUNTIME(111294,npu_reader):2026-09-21-12:30:46.581.113 [elf.cc:1076] 111294 UpdateCachedParamInfos: Restore cached param info: kernel_name=mul_Ascend910B4_int32_232010000, ordinal=3, offset=24, size=8.
[INFO] RUNTIME(111294,npu_reader):2026-09-21-12:30:46.581.115 [elf.cc:1145] 111294 UpdateKernelsInfo: update meta info, kernel_name=mul_Ascend910B4_int32_232010000, dfxAddr=0xaaac33325ca4, dfxSize=176, funcType=0, elfDataFlag=1, userArgsNum=0, crossCoreSync=0, kernelVfType=0, shareMemSize=0, minStackSize=0, funcEntryType=0, functionEntry=0, schedMode=0, taskRation_0=0, taskRation_1=0, hasParamSummary=1, paramCount=4, paramTotalSize=32.
[INFO] RUNTIME(111294,npu_reader):2026-09-21-12:30:46.581.119 [elf.cc:1076] 111294 UpdateCachedParamInfos: Restore cached param info: kernel_name=mul_Ascend910B4_int32_232000000, ordinal=0, offset=0, size=8.
[INFO] RUNTIME(111294,npu_reader):2026-09-21-12:30:46.581.121 [elf.cc:1076] 111294 UpdateCachedParamInfos: Restore cached param info: kernel_name=mul_Ascend910B4_int32_232000000, ordinal=1, offset=8, size=8.
[INFO] RUNTIME(111294,npu_reader):2026-09-21-12:30:46.581.124 [elf.cc:1076] 111294 UpdateCachedParamInfos: Restore cached param info: kernel_name=mul_Ascend910B4_int32_232000000, ordinal=2, offset=16, size=8.
[INFO] RUNTIME(111294,npu_reader):2026-09-21-12:30:46.581.126 [elf.cc:1076] 111294 UpdateCachedParamInfos: Restore cached param info: kernel_name=mul_Ascend910B4_int32_232000000, ordinal=3, offset=24, size=8.
[INFO] RUNTIME(111294,npu_reader):2026-09-21-12:30:46.581.128 [elf.cc:1145] 111294 UpdateKernelsInfo: update meta info, kernel_name=mul_Ascend910B4_int32_232000000, dfxAddr=0xaaac33325d98, dfxSize=176, funcType=0, elfDataFlag=1, userArgsNum=0, crossCoreSync=0, kernelVfType=0, shareMemSize=0, minStackSize=0, funcEntryType=0, functionEntry=0, schedMode=0, taskRation_0=0, taskRation_1=0, hasParamSummary=1, paramCount=4, paramTotalSize=32.
[INFO] RUNTIME(111294,npu_reader):2026-09-21-12:30:46.581.131 [elf.cc:1076] 111294 UpdateCachedParamInfos: Restore cached param info: kernel_name=mul_Ascend910B4_int32_223010000, ordinal=0, offset=0, size=8.
[INFO] RUNTIME(111294,npu_reader):2026-09-21-12:30:46.581.134 [elf.cc:1076] 111294 UpdateCachedParamInfos: Restore cached param info: kernel_name=mul_Ascend910B4_int32_223010000, ordinal=1, offset=8, size=8.
[INFO] RUNTIME(111294,npu_reader):2026-09-21-12:30:46.581.136 [elf.cc:1076] 111294 UpdateCachedParamInfos: Restore cached param info: kernel_name=mul_Ascend910B4_int32_223010000, ordinal=2, offset=16, size=8.
[INFO] RUNTIME(111294,npu_reader):2026-09-21-12:30:46.581.138 [elf.cc:1076] 111294 UpdateCachedParamInfos: Restore cached param info: kernel_name=mul_Ascend910B4_int32_223010000, ordinal=3, offset=24, size=8.
[INFO] RUNTIME(111294,npu_reader):2026-09-21-12:30:46.581.140 [elf.cc:1145] 111294 UpdateKernelsInfo: update meta info, kernel_name=mul_Ascend910B4_int32_223010000, dfxAddr=0xaaac33325e48, dfxSize=176, funcType=0, elfDataFlag=1, userArgsNum=0, crossCoreSync=0, kernelVfType=0, shareMemSize=0, minStackSize=0, funcEntryType=0, functionEntry=0, schedMode=0, taskRation_0=0, taskRation_1=0, hasParamSummary=1, paramCount=4, paramTotalSize=32.
[INFO] RUNTIME(111294,npu_reader):2026-09-21-12:30:46.581.143 [elf.cc:1076] 111294 UpdateCachedParamInfos: Restore cached param info: kernel_name=mul_Ascend910B4_int32_223000000, ordinal=0, offset=0, size=8.
[INFO] RUNTIME(111294,npu_reader):2026-09-21-12:30:46.581.146 [elf.cc:1076] 111294 UpdateCachedParamInfos: Restore cached param info: kernel_name=mul_Ascend910B4_int32_223000000, ordinal=1, offset=8, size=8.
[INFO] RUNTIME(111294,npu_reader):2026-09-21-12:30:46.581.148 [elf.cc:1076] 111294 UpdateCachedParamInfos: Restore cached param info: kernel_name=mul_Ascend910B4_int32_223000000, ordinal=2, offset=16, size=8.
[INFO] RUNTIME(111294,npu_reader):2026-09-21-12:30:46.581.151 [elf.cc:1076] 111294 UpdateCachedParamInfos: Restore cached param info: kernel_name=mul_Ascend910B4_int32_223000000, ordinal=3, offset=24, size=8.
[INFO] RUNTIME(111294,npu_reader):2026-09-21-12:30:46.581.153 [elf.cc:1145] 111294 UpdateKernelsInfo: update meta info, kernel_name=mul_Ascend910B4_int32_223000000, dfxAddr=0xaaac33325ef8, dfxSize=176, funcType=0, elfDataFlag=1, userArgsNum=0, crossCoreSync=0, kernelVfType=0, shareMemSize=0, minStackSize=0, funcEntryType=0, functionEntry=0, schedMode=0, taskRation_0=0, taskRation_1=0, hasParamSummary=1, paramCount=4, paramTotalSize=32.
[INFO] RUNTIME(111294,npu_reader):2026-09-21-12:30:46.581.156 [elf.cc:1076] 111294 UpdateCachedParamInfos: Restore cached param info: kernel_name=mul_Ascend910B4_int32_210010000, ordinal=0, offset=0, size=8.
[INFO] RUNTIME(111294,npu_reader):2026-09-21-12:30:46.581.159 [elf.cc:1076] 111294 UpdateCachedParamInfos: Restore cached param info: kernel_name=mul_Ascend910B4_int32_210010000, ordinal=1, offset=8, size=8.
[INFO] RUNTIME(111294,npu_reader):2026-09-21-12:30:46.581.161 [elf.cc:1076] 111294 UpdateCachedParamInfos: Restore cached param info: kernel_name=mul_Ascend910B4_int32_210010000, ordinal=2, offset=16, size=8.
[INFO] RUNTIME(111294,npu_reader):2026-09-21-12:30:46.581.163 [elf.cc:1076] 111294 UpdateCachedParamInfos: Restore cached param info: kernel_name=mul_Ascend910B4_int32_210010000, ordinal=3, offset=24, size=8.
[INFO] RUNTIME(111294,npu_reader):2026-09-21-12:30:46.581.165 [elf.cc:1145] 111294 UpdateKernelsInfo: update meta info, kernel_name=mul_Ascend910B4_int32_210010000, dfxAddr=0xaaac33325fa8, dfxSize=176, funcType=0, elfDataFlag=1, userArgsNum=0, crossCoreSync=0, kernelVfType=0, shareMemSize=0, minStackSize=0, funcEntryType=0, functionEntry=0, schedMode=0, taskRation_0=0, taskRation_1=0, hasParamSummary=1, paramCount=4, paramTotalSize=32.
[INFO] RUNTIME(111294,npu_reader):2026-09-21-12:30:46.581.169 [elf.cc:1076] 111294 UpdateCachedParamInfos: Restore cached param info: kernel_name=mul_Ascend910B4_int32_210000000, ordinal=0, offset=0, size=8.
[INFO] RUNTIME(111294,npu_reader):2026-09-21-12:30:46.581.171 [elf.cc:1076] 111294 UpdateCachedParamInfos: Restore cached param info: kernel_name=mul_Ascend910B4_int32_210000000, ordinal=1, offset=8, size=8.
[INFO] RUNTIME(111294,npu_reader):2026-09-21-12:30:46.581.173 [elf.cc:1076] 111294 UpdateCachedParamInfos: Restore cached param info: kernel_name=mul_Ascend910B4_int32_210000000, ordinal=2, offset=16, size=8.
[INFO] RUNTIME(111294,npu_reader):2026-09-21-12:30:46.581.175 [elf.cc:1076] 111294 UpdateCachedParamInfos: Restore cached param info: kernel_name=mul_Ascend910B4_int32_210000000, ordinal=3, offset=24, size=8.
[INFO] RUNTIME(111294,npu_reader):2026-09-21-12:30:46.581.178 [elf.cc:1145] 111294 UpdateKernelsInfo: update meta info, kernel_name=mul_Ascend910B4_int32_210000000, dfxAddr=0xaaac33326058, dfxSize=176, funcType=0, elfDataFlag=1, userArgsNum=0, crossCoreSync=0, kernelVfType=0, shareMemSize=0, minStackSize=0, funcEntryType=0, functionEntry=0, schedMode=0, taskRation_0=0, taskRation_1=0, hasParamSummary=1, paramCount=4, paramTotalSize=32.
[INFO] RUNTIME(111294,npu_reader):2026-09-21-12:30:46.581.181 [runtime.cc:1448] 111294 AddProgramToPool: progId=14
[INFO] RUNTIME(111294,npu_reader):2026-09-21-12:30:46.581.184 [program.cc:1649] 111294 GetKernelTypeAndMixType: Get kernel type success, kernelName=mul_Ascend910B4_int32_232010000, funcType=0, kernelAttrType=2, mixType=0
[INFO] RUNTIME(111294,npu_reader):2026-09-21-12:30:46.581.188 [program.cc:1119] 111294 SetKernelAttribute: kernel_name=mul_Ascend910B4_int32_232010000, kernelAttrType=2, userParamNum=0, sysParamNum=1, IsNeedSetFftsAddrInArg=0, isSupportOverFlow=1, elfDataFlag=1
[INFO] RUNTIME(111294,npu_reader):2026-09-21-12:30:46.581.195 [program.cc:1690] 111294 BuildNewKernel: new kernel success, size=1320, programId=14, original kernel_name=mul_Ascend910B4_int32_232010000, register kernel_name=mul_Ascend910B4_int32_232010000, tilingKey=232010000, functionEntry=0, funcType=0, kernelAttrType=2, mixType=0, taskRation=2, offset=0, dfxAddr=187656570035364, dfxSize=176
[INFO] RUNTIME(111294,npu_reader):2026-09-21-12:30:46.581.198 [program.cc:1649] 111294 GetKernelTypeAndMixType: Get kernel type success, kernelName=mul_Ascend910B4_int32_232000000, funcType=0, kernelAttrType=2, mixType=0
[INFO] RUNTIME(111294,npu_reader):2026-09-21-12:30:46.581.202 [program.cc:1119] 111294 SetKernelAttribute: kernel_name=mul_Ascend910B4_int32_232000000, kernelAttrType=2, userParamNum=0, sysParamNum=1, IsNeedSetFftsAddrInArg=0, isSupportOverFlow=1, elfDataFlag=1
[INFO] RUNTIME(111294,npu_reader):2026-09-21-12:30:46.581.204 [program.cc:1690] 111294 BuildNewKernel: new kernel success, size=1320, programId=14, original kernel_name=mul_Ascend910B4_int32_232000000, register kernel_name=mul_Ascend910B4_int32_232000000, tilingKey=232000000, functionEntry=0, funcType=0, kernelAttrType=2, mixType=0, taskRation=2, offset=1760, dfxAddr=187656570035608, dfxSize=176
[INFO] RUNTIME(111294,npu_reader):2026-09-21-12:30:46.581.208 [program.cc:1649] 111294 GetKernelTypeAndMixType: Get kernel type success, kernelName=mul_Ascend910B4_int32_223010000, funcType=0, kernelAttrType=2, mixType=0
[INFO] RUNTIME(111294,npu_reader):2026-09-21-12:30:46.581.211 [program.cc:1119] 111294 SetKernelAttribute: kernel_name=mul_Ascend910B4_int32_223010000, kernelAttrType=2, userParamNum=0, sysParamNum=1, IsNeedSetFftsAddrInArg=0, isSupportOverFlow=1, elfDataFlag=1
[INFO] RUNTIME(111294,npu_reader):2026-09-21-12:30:46.581.213 [program.cc:1690] 111294 BuildNewKernel: new kernel success, size=1320, programId=14, original kernel_name=mul_Ascend910B4_int32_223010000, register kernel_name=mul_Ascend910B4_int32_223010000, tilingKey=223010000, functionEntry=0, funcType=0, kernelAttrType=2, mixType=0, taskRation=2, offset=2740, dfxAddr=187656570035784, dfxSize=176
[INFO] RUNTIME(111294,npu_reader):2026-09-21-12:30:46.581.217 [program.cc:1649] 111294 GetKernelTypeAndMixType: Get kernel type success, kernelName=mul_Ascend910B4_int32_223000000, funcType=0, kernelAttrType=2, mixType=0
[INFO] RUNTIME(111294,npu_reader):2026-09-21-12:30:46.581.220 [program.cc:1119] 111294 SetKernelAttribute: kernel_name=mul_Ascend910B4_int32_223000000, kernelAttrType=2, userParamNum=0, sysParamNum=1, IsNeedSetFftsAddrInArg=0, isSupportOverFlow=1, elfDataFlag=1
[INFO] RUNTIME(111294,npu_reader):2026-09-21-12:30:46.581.223 [program.cc:1690] 111294 BuildNewKernel: new kernel success, size=1320, programId=14, original kernel_name=mul_Ascend910B4_int32_223000000, register kernel_name=mul_Ascend910B4_int32_223000000, tilingKey=223000000, functionEntry=0, funcType=0, kernelAttrType=2, mixType=0, taskRation=2, offset=4452, dfxAddr=187656570035960, dfxSize=176
[INFO] RUNTIME(111294,npu_reader):2026-09-21-12:30:46.581.226 [program.cc:1649] 111294 GetKernelTypeAndMixType: Get kernel type success, kernelName=mul_Ascend910B4_int32_210010000, funcType=0, kernelAttrType=2, mixType=0
[INFO] RUNTIME(111294,npu_reader):2026-09-21-12:30:46.581.229 [program.cc:1119] 111294 SetKernelAttribute: kernel_name=mul_Ascend910B4_int32_210010000, kernelAttrType=2, userParamNum=0, sysParamNum=1, IsNeedSetFftsAddrInArg=0, isSupportOverFlow=1, elfDataFlag=1
[INFO] RUNTIME(111294,npu_reader):2026-09-21-12:30:46.581.232 [program.cc:1690] 111294 BuildNewKernel: new kernel success, size=1320, programId=14, original kernel_name=mul_Ascend910B4_int32_210010000, register kernel_name=mul_Ascend910B4_int32_210010000, tilingKey=210010000, functionEntry=0, funcType=0, kernelAttrType=2, mixType=0, taskRation=2, offset=5420, dfxAddr=187656570036136, dfxSize=176
[INFO] RUNTIME(111294,npu_reader):2026-09-21-12:30:46.581.236 [program.cc:1649] 111294 GetKernelTypeAndMixType: Get kernel type success, kernelName=mul_Ascend910B4_int32_210000000, funcType=0, kernelAttrType=2, mixType=0
[INFO] RUNTIME(111294,npu_reader):2026-09-21-12:30:46.581.239 [program.cc:1119] 111294 SetKernelAttribute: kernel_name=mul_Ascend910B4_int32_210000000, kernelAttrType=2, userParamNum=0, sysParamNum=1, IsNeedSetFftsAddrInArg=0, isSupportOverFlow=1, elfDataFlag=1
[INFO] RUNTIME(111294,npu_reader):2026-09-21-12:30:46.581.242 [program.cc:1690] 111294 BuildNewKernel: new kernel success, size=1320, programId=14, original kernel_name=mul_Ascend910B4_int32_210000000, register kernel_name=mul_Ascend910B4_int32_210000000, tilingKey=210000000, functionEntry=0, funcType=0, kernelAttrType=2, mixType=0, taskRation=2, offset=7024, dfxAddr=187656570036312, dfxSize=176
[INFO] RUNTIME(111294,npu_reader):2026-09-21-12:30:46.581.272 [binary_loader.cc:364] 111294 LoadFromData: New ElfProgram ok, magic=1094799942, kernelAttrType=2, Runtime_alloc_size=11072
[INFO] RUNTIME(111294,npu_reader):2026-09-21-12:30:46.581.276 [program.cc:204] 111294 SaveBinaryData: Malloc the buffer for elfData, len=15984
[INFO] RUNTIME(111294,npu_reader):2026-09-21-12:30:46.581.279 [elf.cc:884] 111294 ParseKernelMetaData: section name = .text.
[INFO] RUNTIME(111294,npu_reader):2026-09-21-12:30:46.581.281 [elf.cc:884] 111294 ParseKernelMetaData: section name = .ascend.stack.size.record.
[INFO] RUNTIME(111294,npu_reader):2026-09-21-12:30:46.581.284 [elf.cc:884] 111294 ParseKernelMetaData: section name = __CCE_KernelArgSize.
[INFO] RUNTIME(111294,npu_reader):2026-09-21-12:30:46.581.286 [elf.cc:884] 111294 ParseKernelMetaData: section name = .ascend.meta.mul_Ascend910b_int64_2147483647.
[INFO] RUNTIME(111294,npu_reader):2026-09-21-12:30:46.581.288 [elf.cc:575] 111294 ElfParseParamSummary: paramCount=4, paramTotalSize=32.
[INFO] RUNTIME(111294,npu_reader):2026-09-21-12:30:46.581.291 [elf.cc:610] 111294 ElfParseParamInfo: Cache param info: ordinal=0, offset=0, size=8, align=8, paramType=2, spaceIndex=0.
[INFO] RUNTIME(111294,npu_reader):2026-09-21-12:30:46.581.293 [elf.cc:610] 111294 ElfParseParamInfo: Cache param info: ordinal=1, offset=8, size=8, align=8, paramType=2, spaceIndex=0.
[INFO] RUNTIME(111294,npu_reader):2026-09-21-12:30:46.581.296 [elf.cc:610] 111294 ElfParseParamInfo: Cache param info: ordinal=2, offset=16, size=8, align=8, paramType=2, spaceIndex=0.
[INFO] RUNTIME(111294,npu_reader):2026-09-21-12:30:46.581.298 [elf.cc:610] 111294 ElfParseParamInfo: Cache param info: ordinal=3, offset=24, size=8, align=8, paramType=2, spaceIndex=0.
[INFO] RUNTIME(111294,npu_reader):2026-09-21-12:30:46.581.300 [elf.cc:916] 111294 ParseKernelMetaData: kernel_name=mul_Ascend910b_int64_2147483647, ration[0]=0, ration[1]=0, dfxAddr=0xaaac33334308, dfxSize=176, funcType=0, crossCoreSync=0, kernelVfType=0, shareMemSize=0, minStackSize=0, isSupportFuncEntry=0, functionEntryFlag=128, functionEntry=0.
[INFO] RUNTIME(111294,npu_reader):2026-09-21-12:30:46.581.304 [elf.cc:884] 111294 ParseKernelMetaData: section name = .comment.
[INFO] RUNTIME(111294,npu_reader):2026-09-21-12:30:46.581.306 [elf.cc:884] 111294 ParseKernelMetaData: section name = .ascend.meta.mul_Ascend910b_int64_210010000.
[INFO] RUNTIME(111294,npu_reader):2026-09-21-12:30:46.581.308 [elf.cc:575] 111294 ElfParseParamSummary: paramCount=4, paramTotalSize=32.
[INFO] RUNTIME(111294,npu_reader):2026-09-21-12:30:46.581.310 [elf.cc:610] 111294 ElfParseParamInfo: Cache param info: ordinal=0, offset=0, size=8, align=8, paramType=2, spaceIndex=0.
[INFO] RUNTIME(111294,npu_reader):2026-09-21-12:30:46.581.313 [elf.cc:610] 111294 ElfParseParamInfo: Cache param info: ordinal=1, offset=8, size=8, align=8, paramType=2, spaceIndex=0.
[INFO] RUNTIME(111294,npu_reader):2026-09-21-12:30:46.581.315 [elf.cc:610] 111294 ElfParseParamInfo: Cache param info: ordinal=2, offset=16, size=8, align=8, paramType=2, spaceIndex=0.
[INFO] RUNTIME(111294,npu_reader):2026-09-21-12:30:46.581.318 [elf.cc:610] 111294 ElfParseParamInfo: Cache param info: ordinal=3, offset=24, size=8, align=8, paramType=2, spaceIndex=0.
[INFO] RUNTIME(111294,npu_reader):2026-09-21-12:30:46.581.320 [elf.cc:916] 111294 ParseKernelMetaData: kernel_name=mul_Ascend910b_int64_210010000, ration[0]=0, ration[1]=0, dfxAddr=0xaaac333343fc, dfxSize=176, funcType=0, crossCoreSync=0, kernelVfType=0, shareMemSize=0, minStackSize=0, isSupportFuncEntry=0, functionEntryFlag=128, functionEntry=0.
[INFO] RUNTIME(111294,npu_reader):2026-09-21-12:30:46.581.324 [elf.cc:884] 111294 ParseKernelMetaData: section name = .ascend.meta.mul_Ascend910b_int64_210000000.
[INFO] RUNTIME(111294,npu_reader):2026-09-21-12:30:46.581.326 [elf.cc:575] 111294 ElfParseParamSummary: paramCount=4, paramTotalSize=32.
[INFO] RUNTIME(111294,npu_reader):2026-09-21-12:30:46.581.328 [elf.cc:610] 111294 ElfParseParamInfo: Cache param info: ordinal=0, offset=0, size=8, align=8, paramType=2, spaceIndex=0.
[INFO] RUNTIME(111294,npu_reader):2026-09-21-12:30:46.581.331 [elf.cc:610] 111294 ElfParseParamInfo: Cache param info: ordinal=1, offset=8, size=8, align=8, paramType=2, spaceIndex=0.
[INFO] RUNTIME(111294,npu_reader):2026-09-21-12:30:46.581.333 [elf.cc:610] 111294 ElfParseParamInfo: Cache param info: ordinal=2, offset=16, size=8, align=8, paramType=2, spaceIndex=0.
[INFO] RUNTIME(111294,npu_reader):2026-09-21-12:30:46.581.335 [elf.cc:610] 111294 ElfParseParamInfo: Cache param info: ordinal=3, offset=24, size=8, align=8, paramType=2, spaceIndex=0.
[INFO] RUNTIME(111294,npu_reader):2026-09-21-12:30:46.581.338 [elf.cc:916] 111294 ParseKernelMetaData: kernel_name=mul_Ascend910b_int64_210000000, ration[0]=0, ration[1]=0, dfxAddr=0xaaac333344ac, dfxSize=176, funcType=0, crossCoreSync=0, kernelVfType=0, shareMemSize=0, minStackSize=0, isSupportFuncEntry=0, functionEntryFlag=128, functionEntry=0.
[INFO] RUNTIME(111294,npu_reader):2026-09-21-12:30:46.581.346 [elf.cc:1076] 111294 UpdateCachedParamInfos: Restore cached param info: kernel_name=mul_Ascend910b_int64_2147483647, ordinal=0, offset=0, size=8.
[INFO] RUNTIME(111294,npu_reader):2026-09-21-12:30:46.581.349 [elf.cc:1076] 111294 UpdateCachedParamInfos: Restore cached param info: kernel_name=mul_Ascend910b_int64_2147483647, ordinal=1, offset=8, size=8.
[INFO] RUNTIME(111294,npu_reader):2026-09-21-12:30:46.581.351 [elf.cc:1076] 111294 UpdateCachedParamInfos: Restore cached param info: kernel_name=mul_Ascend910b_int64_2147483647, ordinal=2, offset=16, size=8.
[INFO] RUNTIME(111294,npu_reader):2026-09-21-12:30:46.581.353 [elf.cc:1076] 111294 UpdateCachedParamInfos: Restore cached param info: kernel_name=mul_Ascend910b_int64_2147483647, ordinal=3, offset=24, size=8.
[INFO] RUNTIME(111294,npu_reader):2026-09-21-12:30:46.581.355 [elf.cc:1145] 111294 UpdateKernelsInfo: update meta info, kernel_name=mul_Ascend910b_int64_2147483647, dfxAddr=0xaaac33334308, dfxSize=176, funcType=0, elfDataFlag=1, userArgsNum=0, crossCoreSync=0, kernelVfType=0, shareMemSize=0, minStackSize=0, funcEntryType=0, functionEntry=0, schedMode=0, taskRation_0=0, taskRation_1=0, hasParamSummary=1, paramCount=4, paramTotalSize=32.
[INFO] RUNTIME(111294,npu_reader):2026-09-21-12:30:46.581.359 [elf.cc:1076] 111294 UpdateCachedParamInfos: Restore cached param info: kernel_name=mul_Ascend910b_int64_210010000, ordinal=0, offset=0, size=8.
[INFO] RUNTIME(111294,npu_reader):2026-09-21-12:30:46.581.361 [elf.cc:1076] 111294 UpdateCachedParamInfos: Restore cached param info: kernel_name=mul_Ascend910b_int64_210010000, ordinal=1, offset=8, size=8.
[INFO] RUNTIME(111294,npu_reader):2026-09-21-12:30:46.581.363 [elf.cc:1076] 111294 UpdateCachedParamInfos: Restore cached param info: kernel_name=mul_Ascend910b_int64_210010000, ordinal=2, offset=16, size=8.
[INFO] RUNTIME(111294,npu_reader):2026-09-21-12:30:46.581.366 [elf.cc:1076] 111294 UpdateCachedParamInfos: Restore cached param info: kernel_name=mul_Ascend910b_int64_210010000, ordinal=3, offset=24, size=8.
[INFO] RUNTIME(111294,npu_reader):2026-09-21-12:30:46.581.368 [elf.cc:1145] 111294 UpdateKernelsInfo: update meta info, kernel_name=mul_Ascend910b_int64_210010000, dfxAddr=0xaaac333343fc, dfxSize=176, funcType=0, elfDataFlag=1, userArgsNum=0, crossCoreSync=0, kernelVfType=0, shareMemSize=0, minStackSize=0, funcEntryType=0, functionEntry=0, schedMode=0, taskRation_0=0, taskRation_1=0, hasParamSummary=1, paramCount=4, paramTotalSize=32.
[INFO] RUNTIME(111294,npu_reader):2026-09-21-12:30:46.581.372 [elf.cc:1076] 111294 UpdateCachedParamInfos: Restore cached param info: kernel_name=mul_Ascend910b_int64_210000000, ordinal=0, offset=0, size=8.
[INFO] RUNTIME(111294,npu_reader):2026-09-21-12:30:46.581.374 [elf.cc:1076] 111294 UpdateCachedParamInfos: Restore cached param info: kernel_name=mul_Ascend910b_int64_210000000, ordinal=1, offset=8, size=8.
[INFO] RUNTIME(111294,npu_reader):2026-09-21-12:30:46.581.376 [elf.cc:1076] 111294 UpdateCachedParamInfos: Restore cached param info: kernel_name=mul_Ascend910b_int64_210000000, ordinal=2, offset=16, size=8.
[INFO] RUNTIME(111294,npu_reader):2026-09-21-12:30:46.581.378 [elf.cc:1076] 111294 UpdateCachedParamInfos: Restore cached param info: kernel_name=mul_Ascend910b_int64_210000000, ordinal=3, offset=24, size=8.
[INFO] RUNTIME(111294,npu_reader):2026-09-21-12:30:46.581.381 [elf.cc:1145] 111294 UpdateKernelsInfo: update meta info, kernel_name=mul_Ascend910b_int64_210000000, dfxAddr=0xaaac333344ac, dfxSize=176, funcType=0, elfDataFlag=1, userArgsNum=0, crossCoreSync=0, kernelVfType=0, shareMemSize=0, minStackSize=0, funcEntryType=0, functionEntry=0, schedMode=0, taskRation_0=0, taskRation_1=0, hasParamSummary=1, paramCount=4, paramTotalSize=32.
[INFO] RUNTIME(111294,npu_reader):2026-09-21-12:30:46.581.384 [runtime.cc:1448] 111294 AddProgramToPool: progId=15
[INFO] RUNTIME(111294,npu_reader):2026-09-21-12:30:46.581.387 [program.cc:1649] 111294 GetKernelTypeAndMixType: Get kernel type success, kernelName=mul_Ascend910b_int64_2147483647, funcType=0, kernelAttrType=2, mixType=0
[INFO] RUNTIME(111294,npu_reader):2026-09-21-12:30:46.581.391 [program.cc:1119] 111294 SetKernelAttribute: kernel_name=mul_Ascend910b_int64_2147483647, kernelAttrType=2, userParamNum=0, sysParamNum=1, IsNeedSetFftsAddrInArg=0, isSupportOverFlow=1, elfDataFlag=1
[INFO] RUNTIME(111294,npu_reader):2026-09-21-12:30:46.581.393 [program.cc:1690] 111294 BuildNewKernel: new kernel success, size=1320, programId=15, original kernel_name=mul_Ascend910b_int64_2147483647, register kernel_name=mul_Ascend910b_int64_2147483647, tilingKey=2147483647, functionEntry=0, funcType=0, kernelAttrType=2, mixType=0, taskRation=2, offset=0, dfxAddr=187656570094344, dfxSize=176
[INFO] RUNTIME(111294,npu_reader):2026-09-21-12:30:46.581.397 [program.cc:1649] 111294 GetKernelTypeAndMixType: Get kernel type success, kernelName=mul_Ascend910b_int64_210010000, funcType=0, kernelAttrType=2, mixType=0
[INFO] RUNTIME(111294,npu_reader):2026-09-21-12:30:46.581.400 [program.cc:1119] 111294 SetKernelAttribute: kernel_name=mul_Ascend910b_int64_210010000, kernelAttrType=2, userParamNum=0, sysParamNum=1, IsNeedSetFftsAddrInArg=0, isSupportOverFlow=1, elfDataFlag=1
[INFO] RUNTIME(111294,npu_reader):2026-09-21-12:30:46.581.403 [program.cc:1690] 111294 BuildNewKernel: new kernel success, size=1320, programId=15, original kernel_name=mul_Ascend910b_int64_210010000, register kernel_name=mul_Ascend910b_int64_210010000, tilingKey=210010000, functionEntry=0, funcType=0, kernelAttrType=2, mixType=0, taskRation=2, offset=116, dfxAddr=187656570094588, dfxSize=176
[INFO] RUNTIME(111294,npu_reader):2026-09-21-12:30:46.581.407 [program.cc:1649] 111294 GetKernelTypeAndMixType: Get kernel type success, kernelName=mul_Ascend910b_int64_210000000, funcType=0, kernelAttrType=2, mixType=0
[INFO] RUNTIME(111294,npu_reader):2026-09-21-12:30:46.581.410 [program.cc:1119] 111294 SetKernelAttribute: kernel_name=mul_Ascend910b_int64_210000000, kernelAttrType=2, userParamNum=0, sysParamNum=1, IsNeedSetFftsAddrInArg=0, isSupportOverFlow=1, elfDataFlag=1
[INFO] RUNTIME(111294,npu_reader):2026-09-21-12:30:46.581.412 [program.cc:1690] 111294 BuildNewKernel: new kernel success, size=1320, programId=15, original kernel_name=mul_Ascend910b_int64_210000000, register kernel_name=mul_Ascend910b_int64_210000000, tilingKey=210000000, functionEntry=0, funcType=0, kernelAttrType=2, mixType=0, taskRation=2, offset=8128, dfxAddr=187656570094764, dfxSize=176
[INFO] RUNTIME(111294,npu_reader):2026-09-21-12:30:46.581.444 [binary_loader.cc:364] 111294 LoadFromData: New ElfProgram ok, magic=1094799942, kernelAttrType=2, Runtime_alloc_size=11072
[INFO] RUNTIME(111294,npu_reader):2026-09-21-12:30:46.581.450 [program.cc:204] 111294 SaveBinaryData: Malloc the buffer for elfData, len=19888
[INFO] RUNTIME(111294,npu_reader):2026-09-21-12:30:46.581.454 [elf.cc:884] 111294 ParseKernelMetaData: section name = .text.
[INFO] RUNTIME(111294,npu_reader):2026-09-21-12:30:46.581.457 [elf.cc:884] 111294 ParseKernelMetaData: section name = .ascend.stack.size.record.
[INFO] RUNTIME(111294,npu_reader):2026-09-21-12:30:46.581.459 [elf.cc:884] 111294 ParseKernelMetaData: section name = __CCE_KernelArgSize.
[INFO] RUNTIME(111294,npu_reader):2026-09-21-12:30:46.581.461 [elf.cc:884] 111294 ParseKernelMetaData: section name = .ascend.meta.mul_Ascend910B1_int8_232010000.
[INFO] RUNTIME(111294,npu_reader):2026-09-21-12:30:46.581.463 [elf.cc:575] 111294 ElfParseParamSummary: paramCount=4, paramTotalSize=32.
[INFO] RUNTIME(111294,npu_reader):2026-09-21-12:30:46.581.466 [elf.cc:610] 111294 ElfParseParamInfo: Cache param info: ordinal=0, offset=0, size=8, align=8, paramType=2, spaceIndex=0.
[INFO] RUNTIME(111294,npu_reader):2026-09-21-12:30:46.581.468 [elf.cc:610] 111294 ElfParseParamInfo: Cache param info: ordinal=1, offset=8, size=8, align=8, paramType=2, spaceIndex=0.
[INFO] RUNTIME(111294,npu_reader):2026-09-21-12:30:46.581.471 [elf.cc:610] 111294 ElfParseParamInfo: Cache param info: ordinal=2, offset=16, size=8, align=8, paramType=2, spaceIndex=0.
[INFO] RUNTIME(111294,npu_reader):2026-09-21-12:30:46.581.473 [elf.cc:610] 111294 ElfParseParamInfo: Cache param info: ordinal=3, offset=24, size=8, align=8, paramType=2, spaceIndex=0.
[INFO] RUNTIME(111294,npu_reader):2026-09-21-12:30:46.581.476 [elf.cc:916] 111294 ParseKernelMetaData: kernel_name=mul_Ascend910B1_int8_232010000, ration[0]=0, ration[1]=0, dfxAddr=0xaaac33341d94, dfxSize=176, funcType=0, crossCoreSync=0, kernelVfType=0, shareMemSize=0, minStackSize=0, isSupportFuncEntry=0, functionEntryFlag=128, functionEntry=0.
[INFO] RUNTIME(111294,npu_reader):2026-09-21-12:30:46.581.479 [elf.cc:884] 111294 ParseKernelMetaData: section name = .comment.
[INFO] RUNTIME(111294,npu_reader):2026-09-21-12:30:46.581.481 [elf.cc:884] 111294 ParseKernelMetaData: section name = .ascend.meta.mul_Ascend910B1_int8_232000000.
[INFO] RUNTIME(111294,npu_reader):2026-09-21-12:30:46.581.483 [elf.cc:575] 111294 ElfParseParamSummary: paramCount=4, paramTotalSize=32.
[INFO] RUNTIME(111294,npu_reader):2026-09-21-12:30:46.581.485 [elf.cc:610] 111294 ElfParseParamInfo: Cache param info: ordinal=0, offset=0, size=8, align=8, paramType=2, spaceIndex=0.
[INFO] RUNTIME(111294,npu_reader):2026-09-21-12:30:46.581.488 [elf.cc:610] 111294 ElfParseParamInfo: Cache param info: ordinal=1, offset=8, size=8, align=8, paramType=2, spaceIndex=0.
[INFO] RUNTIME(111294,npu_reader):2026-09-21-12:30:46.581.490 [elf.cc:610] 111294 ElfParseParamInfo: Cache param info: ordinal=2, offset=16, size=8, align=8, paramType=2, spaceIndex=0.
[INFO] RUNTIME(111294,npu_reader):2026-09-21-12:30:46.581.493 [elf.cc:610] 111294 ElfParseParamInfo: Cache param info: ordinal=3, offset=24, size=8, align=8, paramType=2, spaceIndex=0.
[INFO] RUNTIME(111294,npu_reader):2026-09-21-12:30:46.581.495 [elf.cc:916] 111294 ParseKernelMetaData: kernel_name=mul_Ascend910B1_int8_232000000, ration[0]=0, ration[1]=0, dfxAddr=0xaaac33341e88, dfxSize=176, funcType=0, crossCoreSync=0, kernelVfType=0, shareMemSize=0, minStackSize=0, isSupportFuncEntry=0, functionEntryFlag=128, functionEntry=0.
[INFO] RUNTIME(111294,npu_reader):2026-09-21-12:30:46.581.498 [elf.cc:884] 111294 ParseKernelMetaData: section name = .ascend.meta.mul_Ascend910B1_int8_223010000.
[INFO] RUNTIME(111294,npu_reader):2026-09-21-12:30:46.581.500 [elf.cc:575] 111294 ElfParseParamSummary: paramCount=4, paramTotalSize=32.
[INFO] RUNTIME(111294,npu_reader):2026-09-21-12:30:46.581.502 [elf.cc:610] 111294 ElfParseParamInfo: Cache param info: ordinal=0, offset=0, size=8, align=8, paramType=2, spaceIndex=0.
[INFO] RUNTIME(111294,npu_reader):2026-09-21-12:30:46.581.506 [elf.cc:610] 111294 ElfParseParamInfo: Cache param info: ordinal=1, offset=8, size=8, align=8, paramType=2, spaceIndex=0.
[INFO] RUNTIME(111294,npu_reader):2026-09-21-12:30:46.581.508 [elf.cc:610] 111294 ElfParseParamInfo: Cache param info: ordinal=2, offset=16, size=8, align=8, paramType=2, spaceIndex=0.
[INFO] RUNTIME(111294,npu_reader):2026-09-21-12:30:46.581.511 [elf.cc:610] 111294 ElfParseParamInfo: Cache param info: ordinal=3, offset=24, size=8, align=8, paramType=2, spaceIndex=0.
[INFO] RUNTIME(111294,npu_reader):2026-09-21-12:30:46.581.513 [elf.cc:916] 111294 ParseKernelMetaData: kernel_name=mul_Ascend910B1_int8_223010000, ration[0]=0, ration[1]=0, dfxAddr=0xaaac33341f38, dfxSize=176, funcType=0, crossCoreSync=0, kernelVfType=0, shareMemSize=0, minStackSize=0, isSupportFuncEntry=0, functionEntryFlag=128, functionEntry=0.
[INFO] RUNTIME(111294,npu_reader):2026-09-21-12:30:46.581.516 [elf.cc:884] 111294 ParseKernelMetaData: section name = .ascend.meta.mul_Ascend910B1_int8_223000000.
[INFO] RUNTIME(111294,npu_reader):2026-09-21-12:30:46.581.518 [elf.cc:575] 111294 ElfParseParamSummary: paramCount=4, paramTotalSize=32.
[INFO] RUNTIME(111294,npu_reader):2026-09-21-12:30:46.581.521 [elf.cc:610] 111294 ElfParseParamInfo: Cache param info: ordinal=0, offset=0, size=8, align=8, paramType=2, spaceIndex=0.
[INFO] RUNTIME(111294,npu_reader):2026-09-21-12:30:46.581.523 [elf.cc:610] 111294 ElfParseParamInfo: Cache param info: ordinal=1, offset=8, size=8, align=8, paramType=2, spaceIndex=0.
[INFO] RUNTIME(111294,npu_reader):2026-09-21-12:30:46.581.526 [elf.cc:610] 111294 ElfParseParamInfo: Cache param info: ordinal=2, offset=16, size=8, align=8, paramType=2, spaceIndex=0.
[INFO] RUNTIME(111294,npu_reader):2026-09-21-12:30:46.581.528 [elf.cc:610] 111294 ElfParseParamInfo: Cache param info: ordinal=3, offset=24, size=8, align=8, paramType=2, spaceIndex=0.
[INFO] RUNTIME(111294,npu_reader):2026-09-21-12:30:46.581.530 [elf.cc:916] 111294 ParseKernelMetaData: kernel_name=mul_Ascend910B1_int8_223000000, ration[0]=0, ration[1]=0, dfxAddr=0xaaac33341fe8, dfxSize=176, funcType=0, crossCoreSync=0, kernelVfType=0, shareMemSize=0, minStackSize=0, isSupportFuncEntry=0, functionEntryFlag=128, functionEntry=0.
[INFO] RUNTIME(111294,npu_reader):2026-09-21-12:30:46.581.533 [elf.cc:884] 111294 ParseKernelMetaData: section name = .ascend.meta.mul_Ascend910B1_int8_210010000.
[INFO] RUNTIME(111294,npu_reader):2026-09-21-12:30:46.581.536 [elf.cc:575] 111294 ElfParseParamSummary: paramCount=4, paramTotalSize=32.
[INFO] RUNTIME(111294,npu_reader):2026-09-21-12:30:46.581.538 [elf.cc:610] 111294 ElfParseParamInfo: Cache param info: ordinal=0, offset=0, size=8, align=8, paramType=2, spaceIndex=0.
[INFO] RUNTIME(111294,npu_reader):2026-09-21-12:30:46.581.540 [elf.cc:610] 111294 ElfParseParamInfo: Cache param info: ordinal=1, offset=8, size=8, align=8, paramType=2, spaceIndex=0.
[INFO] RUNTIME(111294,npu_reader):2026-09-21-12:30:46.581.543 [elf.cc:610] 111294 ElfParseParamInfo: Cache param info: ordinal=2, offset=16, size=8, align=8, paramType=2, spaceIndex=0.
[INFO] RUNTIME(111294,npu_reader):2026-09-21-12:30:46.581.545 [elf.cc:610] 111294 ElfParseParamInfo: Cache param info: ordinal=3, offset=24, size=8, align=8, paramType=2, spaceIndex=0.
[INFO] RUNTIME(111294,npu_reader):2026-09-21-12:30:46.581.548 [elf.cc:916] 111294 ParseKernelMetaData: kernel_name=mul_Ascend910B1_int8_210010000, ration[0]=0, ration[1]=0, dfxAddr=0xaaac33342098, dfxSize=176, funcType=0, crossCoreSync=0, kernelVfType=0, shareMemSize=0, minStackSize=0, isSupportFuncEntry=0, functionEntryFlag=128, functionEntry=0.
[INFO] RUNTIME(111294,npu_reader):2026-09-21-12:30:46.581.551 [elf.cc:884] 111294 ParseKernelMetaData: section name = .ascend.meta.mul_Ascend910B1_int8_210000000.
[INFO] RUNTIME(111294,npu_reader):2026-09-21-12:30:46.581.553 [elf.cc:575] 111294 ElfParseParamSummary: paramCount=4, paramTotalSize=32.
[INFO] RUNTIME(111294,npu_reader):2026-09-21-12:30:46.581.555 [elf.cc:610] 111294 ElfParseParamInfo: Cache param info: ordinal=0, offset=0, size=8, align=8, paramType=2, spaceIndex=0.
[INFO] RUNTIME(111294,npu_reader):2026-09-21-12:30:46.581.558 [elf.cc:610] 111294 ElfParseParamInfo: Cache param info: ordinal=1, offset=8, size=8, align=8, paramType=2, spaceIndex=0.
[INFO] RUNTIME(111294,npu_reader):2026-09-21-12:30:46.581.560 [elf.cc:610] 111294 ElfParseParamInfo: Cache param info: ordinal=2, offset=16, size=8, align=8, paramType=2, spaceIndex=0.
[INFO] RUNTIME(111294,npu_reader):2026-09-21-12:30:46.581.563 [elf.cc:610] 111294 ElfParseParamInfo: Cache param info: ordinal=3, offset=24, size=8, align=8, paramType=2, spaceIndex=0.
[INFO] RUNTIME(111294,npu_reader):2026-09-21-12:30:46.581.566 [elf.cc:916] 111294 ParseKernelMetaData: kernel_name=mul_Ascend910B1_int8_210000000, ration[0]=0, ration[1]=0, dfxAddr=0xaaac33342148, dfxSize=176, funcType=0, crossCoreSync=0, kernelVfType=0, shareMemSize=0, minStackSize=0, isSupportFuncEntry=0, functionEntryFlag=128, functionEntry=0.
[INFO] RUNTIME(111294,npu_reader):2026-09-21-12:30:46.581.578 [elf.cc:1076] 111294 UpdateCachedParamInfos: Restore cached param info: kernel_name=mul_Ascend910B1_int8_232010000, ordinal=0, offset=0, size=8.
[INFO] RUNTIME(111294,npu_reader):2026-09-21-12:30:46.581.580 [elf.cc:1076] 111294 UpdateCachedParamInfos: Restore cached param info: kernel_name=mul_Ascend910B1_int8_232010000, ordinal=1, offset=8, size=8.
[INFO] RUNTIME(111294,npu_reader):2026-09-21-12:30:46.581.583 [elf.cc:1076] 111294 UpdateCachedParamInfos: Restore cached param info: kernel_name=mul_Ascend910B1_int8_232010000, ordinal=2, offset=16, size=8.
[INFO] RUNTIME(111294,npu_reader):2026-09-21-12:30:46.581.585 [elf.cc:1076] 111294 UpdateCachedParamInfos: Restore cached param info: kernel_name=mul_Ascend910B1_int8_232010000, ordinal=3, offset=24, size=8.
[INFO] RUNTIME(111294,npu_reader):2026-09-21-12:30:46.581.587 [elf.cc:1145] 111294 UpdateKernelsInfo: update meta info, kernel_name=mul_Ascend910B1_int8_232010000, dfxAddr=0xaaac33341d94, dfxSize=176, funcType=0, elfDataFlag=1, userArgsNum=0, crossCoreSync=0, kernelVfType=0, shareMemSize=0, minStackSize=0, funcEntryType=0, functionEntry=0, schedMode=0, taskRation_0=0, taskRation_1=0, hasParamSummary=1, paramCount=4, paramTotalSize=32.
[INFO] RUNTIME(111294,npu_reader):2026-09-21-12:30:46.581.591 [elf.cc:1076] 111294 UpdateCachedParamInfos: Restore cached param info: kernel_name=mul_Ascend910B1_int8_232000000, ordinal=0, offset=0, size=8.
[INFO] RUNTIME(111294,npu_reader):2026-09-21-12:30:46.581.593 [elf.cc:1076] 111294 UpdateCachedParamInfos: Restore cached param info: kernel_name=mul_Ascend910B1_int8_232000000, ordinal=1, offset=8, size=8.
[INFO] RUNTIME(111294,npu_reader):2026-09-21-12:30:46.581.596 [elf.cc:1076] 111294 UpdateCachedParamInfos: Restore cached param info: kernel_name=mul_Ascend910B1_int8_232000000, ordinal=2, offset=16, size=8.
[INFO] RUNTIME(111294,npu_reader):2026-09-21-12:30:46.581.598 [elf.cc:1076] 111294 UpdateCachedParamInfos: Restore cached param info: kernel_name=mul_Ascend910B1_int8_232000000, ordinal=3, offset=24, size=8.
[INFO] RUNTIME(111294,npu_reader):2026-09-21-12:30:46.581.600 [elf.cc:1145] 111294 UpdateKernelsInfo: update meta info, kernel_name=mul_Ascend910B1_int8_232000000, dfxAddr=0xaaac33341e88, dfxSize=176, funcType=0, elfDataFlag=1, userArgsNum=0, crossCoreSync=0, kernelVfType=0, shareMemSize=0, minStackSize=0, funcEntryType=0, functionEntry=0, schedMode=0, taskRation_0=0, taskRation_1=0, hasParamSummary=1, paramCount=4, paramTotalSize=32.
[INFO] RUNTIME(111294,npu_reader):2026-09-21-12:30:46.581.603 [elf.cc:1076] 111294 UpdateCachedParamInfos: Restore cached param info: kernel_name=mul_Ascend910B1_int8_223010000, ordinal=0, offset=0, size=8.
[INFO] RUNTIME(111294,npu_reader):2026-09-21-12:30:46.581.606 [elf.cc:1076] 111294 UpdateCachedParamInfos: Restore cached param info: kernel_name=mul_Ascend910B1_int8_223010000, ordinal=1, offset=8, size=8.
[INFO] RUNTIME(111294,npu_reader):2026-09-21-12:30:46.581.608 [elf.cc:1076] 111294 UpdateCachedParamInfos: Restore cached param info: kernel_name=mul_Ascend910B1_int8_223010000, ordinal=2, offset=16, size=8.
[INFO] RUNTIME(111294,npu_reader):2026-09-21-12:30:46.581.611 [elf.cc:1076] 111294 UpdateCachedParamInfos: Restore cached param info: kernel_name=mul_Ascend910B1_int8_223010000, ordinal=3, offset=24, size=8.
[INFO] RUNTIME(111294,npu_reader):2026-09-21-12:30:46.581.613 [elf.cc:1145] 111294 UpdateKernelsInfo: update meta info, kernel_name=mul_Ascend910B1_int8_223010000, dfxAddr=0xaaac33341f38, dfxSize=176, funcType=0, elfDataFlag=1, userArgsNum=0, crossCoreSync=0, kernelVfType=0, shareMemSize=0, minStackSize=0, funcEntryType=0, functionEntry=0, schedMode=0, taskRation_0=0, taskRation_1=0, hasParamSummary=1, paramCount=4, paramTotalSize=32.
[INFO] RUNTIME(111294,npu_reader):2026-09-21-12:30:46.581.616 [elf.cc:1076] 111294 UpdateCachedParamInfos: Restore cached param info: kernel_name=mul_Ascend910B1_int8_223000000, ordinal=0, offset=0, size=8.
[INFO] RUNTIME(111294,npu_reader):2026-09-21-12:30:46.581.619 [elf.cc:1076] 111294 UpdateCachedParamInfos: Restore cached param info: kernel_name=mul_Ascend910B1_int8_223000000, ordinal=1, offset=8, size=8.
[INFO] RUNTIME(111294,npu_reader):2026-09-21-12:30:46.581.621 [elf.cc:1076] 111294 UpdateCachedParamInfos: Restore cached param info: kernel_name=mul_Ascend910B1_int8_223000000, ordinal=2, offset=16, size=8.
[INFO] RUNTIME(111294,npu_reader):2026-09-21-12:30:46.581.623 [elf.cc:1076] 111294 UpdateCachedParamInfos: Restore cached param info: kernel_name=mul_Ascend910B1_int8_223000000, ordinal=3, offset=24, size=8.
[INFO] RUNTIME(111294,npu_reader):2026-09-21-12:30:46.581.625 [elf.cc:1145] 111294 UpdateKernelsInfo: update meta info, kernel_name=mul_Ascend910B1_int8_223000000, dfxAddr=0xaaac33341fe8, dfxSize=176, funcType=0, elfDataFlag=1, userArgsNum=0, crossCoreSync=0, kernelVfType=0, shareMemSize=0, minStackSize=0, funcEntryType=0, functionEntry=0, schedMode=0, taskRation_0=0, taskRation_1=0, hasParamSummary=1, paramCount=4, paramTotalSize=32.
[INFO] RUNTIME(111294,npu_reader):2026-09-21-12:30:46.581.629 [elf.cc:1076] 111294 UpdateCachedParamInfos: Restore cached param info: kernel_name=mul_Ascend910B1_int8_210010000, ordinal=0, offset=0, size=8.
[INFO] RUNTIME(111294,npu_reader):2026-09-21-12:30:46.581.631 [elf.cc:1076] 111294 UpdateCachedParamInfos: Restore cached param info: kernel_name=mul_Ascend910B1_int8_210010000, ordinal=1, offset=8, size=8.
[INFO] RUNTIME(111294,npu_reader):2026-09-21-12:30:46.581.633 [elf.cc:1076] 111294 UpdateCachedParamInfos: Restore cached param info: kernel_name=mul_Ascend910B1_int8_210010000, ordinal=2, offset=16, size=8.
[INFO] RUNTIME(111294,npu_reader):2026-09-21-12:30:46.581.635 [elf.cc:1076] 111294 UpdateCachedParamInfos: Restore cached param info: kernel_name=mul_Ascend910B1_int8_210010000, ordinal=3, offset=24, size=8.
[INFO] RUNTIME(111294,npu_reader):2026-09-21-12:30:46.581.638 [elf.cc:1145] 111294 UpdateKernelsInfo: update meta info, kernel_name=mul_Ascend910B1_int8_210010000, dfxAddr=0xaaac33342098, dfxSize=176, funcType=0, elfDataFlag=1, userArgsNum=0, crossCoreSync=0, kernelVfType=0, shareMemSize=0, minStackSize=0, funcEntryType=0, functionEntry=0, schedMode=0, taskRation_0=0, taskRation_1=0, hasParamSummary=1, paramCount=4, paramTotalSize=32.
[INFO] RUNTIME(111294,npu_reader):2026-09-21-12:30:46.581.641 [elf.cc:1076] 111294 UpdateCachedParamInfos: Restore cached param info: kernel_name=mul_Ascend910B1_int8_210000000, ordinal=0, offset=0, size=8.
[INFO] RUNTIME(111294,npu_reader):2026-09-21-12:30:46.581.643 [elf.cc:1076] 111294 UpdateCachedParamInfos: Restore cached param info: kernel_name=mul_Ascend910B1_int8_210000000, ordinal=1, offset=8, size=8.
[INFO] RUNTIME(111294,npu_reader):2026-09-21-12:30:46.581.645 [elf.cc:1076] 111294 UpdateCachedParamInfos: Restore cached param info: kernel_name=mul_Ascend910B1_int8_210000000, ordinal=2, offset=16, size=8.
[INFO] RUNTIME(111294,npu_reader):2026-09-21-12:30:46.581.648 [elf.cc:1076] 111294 UpdateCachedParamInfos: Restore cached param info: kernel_name=mul_Ascend910B1_int8_210000000, ordinal=3, offset=24, size=8.
[INFO] RUNTIME(111294,npu_reader):2026-09-21-12:30:46.581.650 [elf.cc:1145] 111294 UpdateKernelsInfo: update meta info, kernel_name=mul_Ascend910B1_int8_210000000, dfxAddr=0xaaac33342148, dfxSize=176, funcType=0, elfDataFlag=1, userArgsNum=0, crossCoreSync=0, kernelVfType=0, shareMemSize=0, minStackSize=0, funcEntryType=0, functionEntry=0, schedMode=0, taskRation_0=0, taskRation_1=0, hasParamSummary=1, paramCount=4, paramTotalSize=32.
[INFO] RUNTIME(111294,npu_reader):2026-09-21-12:30:46.581.654 [runtime.cc:1448] 111294 AddProgramToPool: progId=16
[INFO] RUNTIME(111294,npu_reader):2026-09-21-12:30:46.581.657 [program.cc:1649] 111294 GetKernelTypeAndMixType: Get kernel type success, kernelName=mul_Ascend910B1_int8_232010000, funcType=0, kernelAttrType=2, mixType=0
[INFO] RUNTIME(111294,npu_reader):2026-09-21-12:30:46.581.661 [program.cc:1119] 111294 SetKernelAttribute: kernel_name=mul_Ascend910B1_int8_232010000, kernelAttrType=2, userParamNum=0, sysParamNum=1, IsNeedSetFftsAddrInArg=0, isSupportOverFlow=1, elfDataFlag=1
[INFO] RUNTIME(111294,npu_reader):2026-09-21-12:30:46.581.664 [program.cc:1690] 111294 BuildNewKernel: new kernel success, size=1320, programId=16, original kernel_name=mul_Ascend910B1_int8_232010000, register kernel_name=mul_Ascend910B1_int8_232010000, tilingKey=232010000, functionEntry=0, funcType=0, kernelAttrType=2, mixType=0, taskRation=2, offset=0, dfxAddr=187656570150292, dfxSize=176
[INFO] RUNTIME(111294,npu_reader):2026-09-21-12:30:46.581.667 [program.cc:1649] 111294 GetKernelTypeAndMixType: Get kernel type success, kernelName=mul_Ascend910B1_int8_232000000, funcType=0, kernelAttrType=2, mixType=0
[INFO] RUNTIME(111294,npu_reader):2026-09-21-12:30:46.581.670 [program.cc:1119] 111294 SetKernelAttribute: kernel_name=mul_Ascend910B1_int8_232000000, kernelAttrType=2, userParamNum=0, sysParamNum=1, IsNeedSetFftsAddrInArg=0, isSupportOverFlow=1, elfDataFlag=1
[INFO] RUNTIME(111294,npu_reader):2026-09-21-12:30:46.581.673 [program.cc:1690] 111294 BuildNewKernel: new kernel success, size=1320, programId=16, original kernel_name=mul_Ascend910B1_int8_232000000, register kernel_name=mul_Ascend910B1_int8_232000000, tilingKey=232000000, functionEntry=0, funcType=0, kernelAttrType=2, mixType=0, taskRation=2, offset=2680, dfxAddr=187656570150536, dfxSize=176
[INFO] RUNTIME(111294,npu_reader):2026-09-21-12:30:46.581.677 [program.cc:1649] 111294 GetKernelTypeAndMixType: Get kernel type success, kernelName=mul_Ascend910B1_int8_223010000, funcType=0, kernelAttrType=2, mixType=0
[INFO] RUNTIME(111294,npu_reader):2026-09-21-12:30:46.581.680 [program.cc:1119] 111294 SetKernelAttribute: kernel_name=mul_Ascend910B1_int8_223010000, kernelAttrType=2, userParamNum=0, sysParamNum=1, IsNeedSetFftsAddrInArg=0, isSupportOverFlow=1, elfDataFlag=1
[INFO] RUNTIME(111294,npu_reader):2026-09-21-12:30:46.581.682 [program.cc:1690] 111294 BuildNewKernel: new kernel success, size=1320, programId=16, original kernel_name=mul_Ascend910B1_int8_223010000, register kernel_name=mul_Ascend910B1_int8_223010000, tilingKey=223010000, functionEntry=0, funcType=0, kernelAttrType=2, mixType=0, taskRation=2, offset=4244, dfxAddr=187656570150712, dfxSize=176
[INFO] RUNTIME(111294,npu_reader):2026-09-21-12:30:46.581.686 [program.cc:1649] 111294 GetKernelTypeAndMixType: Get kernel type success, kernelName=mul_Ascend910B1_int8_223000000, funcType=0, kernelAttrType=2, mixType=0
[INFO] RUNTIME(111294,npu_reader):2026-09-21-12:30:46.581.689 [program.cc:1119] 111294 SetKernelAttribute: kernel_name=mul_Ascend910B1_int8_223000000, kernelAttrType=2, userParamNum=0, sysParamNum=1, IsNeedSetFftsAddrInArg=0, isSupportOverFlow=1, elfDataFlag=1
[INFO] RUNTIME(111294,npu_reader):2026-09-21-12:30:46.581.692 [program.cc:1690] 111294 BuildNewKernel: new kernel success, size=1320, programId=16, original kernel_name=mul_Ascend910B1_int8_223000000, register kernel_name=mul_Ascend910B1_int8_223000000, tilingKey=223000000, functionEntry=0, funcType=0, kernelAttrType=2, mixType=0, taskRation=2, offset=7016, dfxAddr=187656570150888, dfxSize=176
[INFO] RUNTIME(111294,npu_reader):2026-09-21-12:30:46.581.696 [program.cc:1649] 111294 GetKernelTypeAndMixType: Get kernel type success, kernelName=mul_Ascend910B1_int8_210010000, funcType=0, kernelAttrType=2, mixType=0
[INFO] RUNTIME(111294,npu_reader):2026-09-21-12:30:46.581.699 [program.cc:1119] 111294 SetKernelAttribute: kernel_name=mul_Ascend910B1_int8_210010000, kernelAttrType=2, userParamNum=0, sysParamNum=1, IsNeedSetFftsAddrInArg=0, isSupportOverFlow=1, elfDataFlag=1
[INFO] RUNTIME(111294,npu_reader):2026-09-21-12:30:46.581.702 [program.cc:1690] 111294 BuildNewKernel: new kernel success, size=1320, programId=16, original kernel_name=mul_Ascend910B1_int8_210010000, register kernel_name=mul_Ascend910B1_int8_210010000, tilingKey=210010000, functionEntry=0, funcType=0, kernelAttrType=2, mixType=0, taskRation=2, offset=8484, dfxAddr=187656570151064, dfxSize=176
[INFO] RUNTIME(111294,npu_reader):2026-09-21-12:30:46.581.706 [program.cc:1649] 111294 GetKernelTypeAndMixType: Get kernel type success, kernelName=mul_Ascend910B1_int8_210000000, funcType=0, kernelAttrType=2, mixType=0
[INFO] RUNTIME(111294,npu_reader):2026-09-21-12:30:46.581.709 [program.cc:1119] 111294 SetKernelAttribute: kernel_name=mul_Ascend910B1_int8_210000000, kernelAttrType=2, userParamNum=0, sysParamNum=1, IsNeedSetFftsAddrInArg=0, isSupportOverFlow=1, elfDataFlag=1
[INFO] RUNTIME(111294,npu_reader):2026-09-21-12:30:46.581.711 [program.cc:1690] 111294 BuildNewKernel: new kernel success, size=1320, programId=16, original kernel_name=mul_Ascend910B1_int8_210000000, register kernel_name=mul_Ascend910B1_int8_210000000, tilingKey=210000000, functionEntry=0, funcType=0, kernelAttrType=2, mixType=0, taskRation=2, offset=11164, dfxAddr=187656570151240, dfxSize=176
[INFO] RUNTIME(111294,npu_reader):2026-09-21-12:30:46.581.738 [binary_loader.cc:364] 111294 LoadFromData: New ElfProgram ok, magic=1094799942, kernelAttrType=2, Runtime_alloc_size=11072
[INFO] RUNTIME(111294,npu_reader):2026-09-21-12:30:46.581.745 [program.cc:204] 111294 SaveBinaryData: Malloc the buffer for elfData, len=19888
[INFO] RUNTIME(111294,npu_reader):2026-09-21-12:30:46.581.748 [elf.cc:884] 111294 ParseKernelMetaData: section name = .text.
[INFO] RUNTIME(111294,npu_reader):2026-09-21-12:30:46.581.750 [elf.cc:884] 111294 ParseKernelMetaData: section name = .ascend.stack.size.record.
[INFO] RUNTIME(111294,npu_reader):2026-09-21-12:30:46.581.753 [elf.cc:884] 111294 ParseKernelMetaData: section name = __CCE_KernelArgSize.
[INFO] RUNTIME(111294,npu_reader):2026-09-21-12:30:46.581.755 [elf.cc:884] 111294 ParseKernelMetaData: section name = .ascend.meta.mul_Ascend910B2_int8_232010000.
[INFO] RUNTIME(111294,npu_reader):2026-09-21-12:30:46.581.757 [elf.cc:575] 111294 ElfParseParamSummary: paramCount=4, paramTotalSize=32.
[INFO] RUNTIME(111294,npu_reader):2026-09-21-12:30:46.581.760 [elf.cc:610] 111294 ElfParseParamInfo: Cache param info: ordinal=0, offset=0, size=8, align=8, paramType=2, spaceIndex=0.
[INFO] RUNTIME(111294,npu_reader):2026-09-21-12:30:46.581.762 [elf.cc:610] 111294 ElfParseParamInfo: Cache param info: ordinal=1, offset=8, size=8, align=8, paramType=2, spaceIndex=0.
[INFO] RUNTIME(111294,npu_reader):2026-09-21-12:30:46.581.765 [elf.cc:610] 111294 ElfParseParamInfo: Cache param info: ordinal=2, offset=16, size=8, align=8, paramType=2, spaceIndex=0.
[INFO] RUNTIME(111294,npu_reader):2026-09-21-12:30:46.581.767 [elf.cc:610] 111294 ElfParseParamInfo: Cache param info: ordinal=3, offset=24, size=8, align=8, paramType=2, spaceIndex=0.
[INFO] RUNTIME(111294,npu_reader):2026-09-21-12:30:46.581.770 [elf.cc:916] 111294 ParseKernelMetaData: kernel_name=mul_Ascend910B2_int8_232010000, ration[0]=0, ration[1]=0, dfxAddr=0xaaac33350ed4, dfxSize=176, funcType=0, crossCoreSync=0, kernelVfType=0, shareMemSize=0, minStackSize=0, isSupportFuncEntry=0, functionEntryFlag=128, functionEntry=0.
[INFO] RUNTIME(111294,npu_reader):2026-09-21-12:30:46.581.773 [elf.cc:884] 111294 ParseKernelMetaData: section name = .comment.
[INFO] RUNTIME(111294,npu_reader):2026-09-21-12:30:46.581.775 [elf.cc:884] 111294 ParseKernelMetaData: section name = .ascend.meta.mul_Ascend910B2_int8_232000000.
[INFO] RUNTIME(111294,npu_reader):2026-09-21-12:30:46.581.778 [elf.cc:575] 111294 ElfParseParamSummary: paramCount=4, paramTotalSize=32.
[INFO] RUNTIME(111294,npu_reader):2026-09-21-12:30:46.581.780 [elf.cc:610] 111294 ElfParseParamInfo: Cache param info: ordinal=0, offset=0, size=8, align=8, paramType=2, spaceIndex=0.
[INFO] RUNTIME(111294,npu_reader):2026-09-21-12:30:46.581.783 [elf.cc:610] 111294 ElfParseParamInfo: Cache param info: ordinal=1, offset=8, size=8, align=8, paramType=2, spaceIndex=0.
[INFO] RUNTIME(111294,npu_reader):2026-09-21-12:30:46.581.785 [elf.cc:610] 111294 ElfParseParamInfo: Cache param info: ordinal=2, offset=16, size=8, align=8, paramType=2, spaceIndex=0.
[INFO] RUNTIME(111294,npu_reader):2026-09-21-12:30:46.581.788 [elf.cc:610] 111294 ElfParseParamInfo: Cache param info: ordinal=3, offset=24, size=8, align=8, paramType=2, spaceIndex=0.
[INFO] RUNTIME(111294,npu_reader):2026-09-21-12:30:46.581.790 [elf.cc:916] 111294 ParseKernelMetaData: kernel_name=mul_Ascend910B2_int8_232000000, ration[0]=0, ration[1]=0, dfxAddr=0xaaac33350fc8, dfxSize=176, funcType=0, crossCoreSync=0, kernelVfType=0, shareMemSize=0, minStackSize=0, isSupportFuncEntry=0, functionEntryFlag=128, functionEntry=0.
[INFO] RUNTIME(111294,npu_reader):2026-09-21-12:30:46.581.793 [elf.cc:884] 111294 ParseKernelMetaData: section name = .ascend.meta.mul_Ascend910B2_int8_223010000.
[INFO] RUNTIME(111294,npu_reader):2026-09-21-12:30:46.581.796 [elf.cc:575] 111294 ElfParseParamSummary: paramCount=4, paramTotalSize=32.
[INFO] RUNTIME(111294,npu_reader):2026-09-21-12:30:46.581.798 [elf.cc:610] 111294 ElfParseParamInfo: Cache param info: ordinal=0, offset=0, size=8, align=8, paramType=2, spaceIndex=0.
[INFO] RUNTIME(111294,npu_reader):2026-09-21-12:30:46.581.800 [elf.cc:610] 111294 ElfParseParamInfo: Cache param info: ordinal=1, offset=8, size=8, align=8, paramType=2, spaceIndex=0.
[INFO] RUNTIME(111294,npu_reader):2026-09-21-12:30:46.581.803 [elf.cc:610] 111294 ElfParseParamInfo: Cache param info: ordinal=2, offset=16, size=8, align=8, paramType=2, spaceIndex=0.
[INFO] RUNTIME(111294,npu_reader):2026-09-21-12:30:46.581.805 [elf.cc:610] 111294 ElfParseParamInfo: Cache param info: ordinal=3, offset=24, size=8, align=8, paramType=2, spaceIndex=0.
[INFO] RUNTIME(111294,npu_reader):2026-09-21-12:30:46.581.808 [elf.cc:916] 111294 ParseKernelMetaData: kernel_name=mul_Ascend910B2_int8_223010000, ration[0]=0, ration[1]=0, dfxAddr=0xaaac33351078, dfxSize=176, funcType=0, crossCoreSync=0, kernelVfType=0, shareMemSize=0, minStackSize=0, isSupportFuncEntry=0, functionEntryFlag=128, functionEntry=0.
[INFO] RUNTIME(111294,npu_reader):2026-09-21-12:30:46.581.811 [elf.cc:884] 111294 ParseKernelMetaData: section name = .ascend.meta.mul_Ascend910B2_int8_223000000.
[INFO] RUNTIME(111294,npu_reader):2026-09-21-12:30:46.581.813 [elf.cc:575] 111294 ElfParseParamSummary: paramCount=4, paramTotalSize=32.
[INFO] RUNTIME(111294,npu_reader):2026-09-21-12:30:46.581.815 [elf.cc:610] 111294 ElfParseParamInfo: Cache param info: ordinal=0, offset=0, size=8, align=8, paramType=2, spaceIndex=0.
[INFO] RUNTIME(111294,npu_reader):2026-09-21-12:30:46.581.817 [elf.cc:610] 111294 ElfParseParamInfo: Cache param info: ordinal=1, offset=8, size=8, align=8, paramType=2, spaceIndex=0.
[INFO] RUNTIME(111294,npu_reader):2026-09-21-12:30:46.581.820 [elf.cc:610] 111294 ElfParseParamInfo: Cache param info: ordinal=2, offset=16, size=8, align=8, paramType=2, spaceIndex=0.
[INFO] RUNTIME(111294,npu_reader):2026-09-21-12:30:46.581.822 [elf.cc:610] 111294 ElfParseParamInfo: Cache param info: ordinal=3, offset=24, size=8, align=8, paramType=2, spaceIndex=0.
[INFO] RUNTIME(111294,npu_reader):2026-09-21-12:30:46.581.825 [elf.cc:916] 111294 ParseKernelMetaData: kernel_name=mul_Ascend910B2_int8_223000000, ration[0]=0, ration[1]=0, dfxAddr=0xaaac33351128, dfxSize=176, funcType=0, crossCoreSync=0, kernelVfType=0, shareMemSize=0, minStackSize=0, isSupportFuncEntry=0, functionEntryFlag=128, functionEntry=0.
[INFO] RUNTIME(111294,npu_reader):2026-09-21-12:30:46.581.828 [elf.cc:884] 111294 ParseKernelMetaData: section name = .ascend.meta.mul_Ascend910B2_int8_210010000.
[INFO] RUNTIME(111294,npu_reader):2026-09-21-12:30:46.581.830 [elf.cc:575] 111294 ElfParseParamSummary: paramCount=4, paramTotalSize=32.
[INFO] RUNTIME(111294,npu_reader):2026-09-21-12:30:46.581.833 [elf.cc:610] 111294 ElfParseParamInfo: Cache param info: ordinal=0, offset=0, size=8, align=8, paramType=2, spaceIndex=0.
[INFO] RUNTIME(111294,npu_reader):2026-09-21-12:30:46.581.835 [elf.cc:610] 111294 ElfParseParamInfo: Cache param info: ordinal=1, offset=8, size=8, align=8, paramType=2, spaceIndex=0.
[INFO] RUNTIME(111294,npu_reader):2026-09-21-12:30:46.581.838 [elf.cc:610] 111294 ElfParseParamInfo: Cache param info: ordinal=2, offset=16, size=8, align=8, paramType=2, spaceIndex=0.
[INFO] RUNTIME(111294,npu_reader):2026-09-21-12:30:46.581.840 [elf.cc:610] 111294 ElfParseParamInfo: Cache param info: ordinal=3, offset=24, size=8, align=8, paramType=2, spaceIndex=0.
[INFO] RUNTIME(111294,npu_reader):2026-09-21-12:30:46.581.842 [elf.cc:916] 111294 ParseKernelMetaData: kernel_name=mul_Ascend910B2_int8_210010000, ration[0]=0, ration[1]=0, dfxAddr=0xaaac333511d8, dfxSize=176, funcType=0, crossCoreSync=0, kernelVfType=0, shareMemSize=0, minStackSize=0, isSupportFuncEntry=0, functionEntryFlag=128, functionEntry=0.
[INFO] RUNTIME(111294,npu_reader):2026-09-21-12:30:46.581.845 [elf.cc:884] 111294 ParseKernelMetaData: section name = .ascend.meta.mul_Ascend910B2_int8_210000000.
[INFO] RUNTIME(111294,npu_reader):2026-09-21-12:30:46.581.848 [elf.cc:575] 111294 ElfParseParamSummary: paramCount=4, paramTotalSize=32.
[INFO] RUNTIME(111294,npu_reader):2026-09-21-12:30:46.581.850 [elf.cc:610] 111294 ElfParseParamInfo: Cache param info: ordinal=0, offset=0, size=8, align=8, paramType=2, spaceIndex=0.
[INFO] RUNTIME(111294,npu_reader):2026-09-21-12:30:46.581.852 [elf.cc:610] 111294 ElfParseParamInfo: Cache param info: ordinal=1, offset=8, size=8, align=8, paramType=2, spaceIndex=0.
[INFO] RUNTIME(111294,npu_reader):2026-09-21-12:30:46.581.855 [elf.cc:610] 111294 ElfParseParamInfo: Cache param info: ordinal=2, offset=16, size=8, align=8, paramType=2, spaceIndex=0.
[INFO] RUNTIME(111294,npu_reader):2026-09-21-12:30:46.581.857 [elf.cc:610] 111294 ElfParseParamInfo: Cache param info: ordinal=3, offset=24, size=8, align=8, paramType=2, spaceIndex=0.
[INFO] RUNTIME(111294,npu_reader):2026-09-21-12:30:46.581.860 [elf.cc:916] 111294 ParseKernelMetaData: kernel_name=mul_Ascend910B2_int8_210000000, ration[0]=0, ration[1]=0, dfxAddr=0xaaac33351288, dfxSize=176, funcType=0, crossCoreSync=0, kernelVfType=0, shareMemSize=0, minStackSize=0, isSupportFuncEntry=0, functionEntryFlag=128, functionEntry=0.
[INFO] RUNTIME(111294,npu_reader):2026-09-21-12:30:46.581.872 [elf.cc:1076] 111294 UpdateCachedParamInfos: Restore cached param info: kernel_name=mul_Ascend910B2_int8_232010000, ordinal=0, offset=0, size=8.
[INFO] RUNTIME(111294,npu_reader):2026-09-21-12:30:46.581.874 [elf.cc:1076] 111294 UpdateCachedParamInfos: Restore cached param info: kernel_name=mul_Ascend910B2_int8_232010000, ordinal=1, offset=8, size=8.
[INFO] RUNTIME(111294,npu_reader):2026-09-21-12:30:46.581.877 [elf.cc:1076] 111294 UpdateCachedParamInfos: Restore cached param info: kernel_name=mul_Ascend910B2_int8_232010000, ordinal=2, offset=16, size=8.
[INFO] RUNTIME(111294,npu_reader):2026-09-21-12:30:46.581.879 [elf.cc:1076] 111294 UpdateCachedParamInfos: Restore cached param info: kernel_name=mul_Ascend910B2_int8_232010000, ordinal=3, offset=24, size=8.
[INFO] RUNTIME(111294,npu_reader):2026-09-21-12:30:46.581.881 [elf.cc:1145] 111294 UpdateKernelsInfo: update meta info, kernel_name=mul_Ascend910B2_int8_232010000, dfxAddr=0xaaac33350ed4, dfxSize=176, funcType=0, elfDataFlag=1, userArgsNum=0, crossCoreSync=0, kernelVfType=0, shareMemSize=0, minStackSize=0, funcEntryType=0, functionEntry=0, schedMode=0, taskRation_0=0, taskRation_1=0, hasParamSummary=1, paramCount=4, paramTotalSize=32.
[INFO] RUNTIME(111294,npu_reader):2026-09-21-12:30:46.581.885 [elf.cc:1076] 111294 UpdateCachedParamInfos: Restore cached param info: kernel_name=mul_Ascend910B2_int8_232000000, ordinal=0, offset=0, size=8.
[INFO] RUNTIME(111294,npu_reader):2026-09-21-12:30:46.581.888 [elf.cc:1076] 111294 UpdateCachedParamInfos: Restore cached param info: kernel_name=mul_Ascend910B2_int8_232000000, ordinal=1, offset=8, size=8.
[INFO] RUNTIME(111294,npu_reader):2026-09-21-12:30:46.581.890 [elf.cc:1076] 111294 UpdateCachedParamInfos: Restore cached param info: kernel_name=mul_Ascend910B2_int8_232000000, ordinal=2, offset=16, size=8.
[INFO] RUNTIME(111294,npu_reader):2026-09-21-12:30:46.581.892 [elf.cc:1076] 111294 UpdateCachedParamInfos: Restore cached param info: kernel_name=mul_Ascend910B2_int8_232000000, ordinal=3, offset=24, size=8.
[INFO] RUNTIME(111294,npu_reader):2026-09-21-12:30:46.581.895 [elf.cc:1145] 111294 UpdateKernelsInfo: update meta info, kernel_name=mul_Ascend910B2_int8_232000000, dfxAddr=0xaaac33350fc8, dfxSize=176, funcType=0, elfDataFlag=1, userArgsNum=0, crossCoreSync=0, kernelVfType=0, shareMemSize=0, minStackSize=0, funcEntryType=0, functionEntry=0, schedMode=0, taskRation_0=0, taskRation_1=0, hasParamSummary=1, paramCount=4, paramTotalSize=32.
[INFO] RUNTIME(111294,npu_reader):2026-09-21-12:30:46.581.898 [elf.cc:1076] 111294 UpdateCachedParamInfos: Restore cached param info: kernel_name=mul_Ascend910B2_int8_223010000, ordinal=0, offset=0, size=8.
[INFO] RUNTIME(111294,npu_reader):2026-09-21-12:30:46.581.900 [elf.cc:1076] 111294 UpdateCachedParamInfos: Restore cached param info: kernel_name=mul_Ascend910B2_int8_223010000, ordinal=1, offset=8, size=8.
[INFO] RUNTIME(111294,npu_reader):2026-09-21-12:30:46.581.903 [elf.cc:1076] 111294 UpdateCachedParamInfos: Restore cached param info: kernel_name=mul_Ascend910B2_int8_223010000, ordinal=2, offset=16, size=8.
[INFO] RUNTIME(111294,npu_reader):2026-09-21-12:30:46.581.905 [elf.cc:1076] 111294 UpdateCachedParamInfos: Restore cached param info: kernel_name=mul_Ascend910B2_int8_223010000, ordinal=3, offset=24, size=8.
[INFO] RUNTIME(111294,npu_reader):2026-09-21-12:30:46.581.907 [elf.cc:1145] 111294 UpdateKernelsInfo: update meta info, kernel_name=mul_Ascend910B2_int8_223010000, dfxAddr=0xaaac33351078, dfxSize=176, funcType=0, elfDataFlag=1, userArgsNum=0, crossCoreSync=0, kernelVfType=0, shareMemSize=0, minStackSize=0, funcEntryType=0, functionEntry=0, schedMode=0, taskRation_0=0, taskRation_1=0, hasParamSummary=1, paramCount=4, paramTotalSize=32.
[INFO] RUNTIME(111294,npu_reader):2026-09-21-12:30:46.581.910 [elf.cc:1076] 111294 UpdateCachedParamInfos: Restore cached param info: kernel_name=mul_Ascend910B2_int8_223000000, ordinal=0, offset=0, size=8.
[INFO] RUNTIME(111294,npu_reader):2026-09-21-12:30:46.581.913 [elf.cc:1076] 111294 UpdateCachedParamInfos: Restore cached param info: kernel_name=mul_Ascend910B2_int8_223000000, ordinal=1, offset=8, size=8.
[INFO] RUNTIME(111294,npu_reader):2026-09-21-12:30:46.581.915 [elf.cc:1076] 111294 UpdateCachedParamInfos: Restore cached param info: kernel_name=mul_Ascend910B2_int8_223000000, ordinal=2, offset=16, size=8.
[INFO] RUNTIME(111294,npu_reader):2026-09-21-12:30:46.581.917 [elf.cc:1076] 111294 UpdateCachedParamInfos: Restore cached param info: kernel_name=mul_Ascend910B2_int8_223000000, ordinal=3, offset=24, size=8.
[INFO] RUNTIME(111294,npu_reader):2026-09-21-12:30:46.581.919 [elf.cc:1145] 111294 UpdateKernelsInfo: update meta info, kernel_name=mul_Ascend910B2_int8_223000000, dfxAddr=0xaaac33351128, dfxSize=176, funcType=0, elfDataFlag=1, userArgsNum=0, crossCoreSync=0, kernelVfType=0, shareMemSize=0, minStackSize=0, funcEntryType=0, functionEntry=0, schedMode=0, taskRation_0=0, taskRation_1=0, hasParamSummary=1, paramCount=4, paramTotalSize=32.
[INFO] RUNTIME(111294,npu_reader):2026-09-21-12:30:46.581.923 [elf.cc:1076] 111294 UpdateCachedParamInfos: Restore cached param info: kernel_name=mul_Ascend910B2_int8_210010000, ordinal=0, offset=0, size=8.
[INFO] RUNTIME(111294,npu_reader):2026-09-21-12:30:46.581.925 [elf.cc:1076] 111294 UpdateCachedParamInfos: Restore cached param info: kernel_name=mul_Ascend910B2_int8_210010000, ordinal=1, offset=8, size=8.
[INFO] RUNTIME(111294,npu_reader):2026-09-21-12:30:46.581.928 [elf.cc:1076] 111294 UpdateCachedParamInfos: Restore cached param info: kernel_name=mul_Ascend910B2_int8_210010000, ordinal=2, offset=16, size=8.
[INFO] RUNTIME(111294,npu_reader):2026-09-21-12:30:46.581.930 [elf.cc:1076] 111294 UpdateCachedParamInfos: Restore cached param info: kernel_name=mul_Ascend910B2_int8_210010000, ordinal=3, offset=24, size=8.
[INFO] RUNTIME(111294,npu_reader):2026-09-21-12:30:46.581.932 [elf.cc:1145] 111294 UpdateKernelsInfo: update meta info, kernel_name=mul_Ascend910B2_int8_210010000, dfxAddr=0xaaac333511d8, dfxSize=176, funcType=0, elfDataFlag=1, userArgsNum=0, crossCoreSync=0, kernelVfType=0, shareMemSize=0, minStackSize=0, funcEntryType=0, functionEntry=0, schedMode=0, taskRation_0=0, taskRation_1=0, hasParamSummary=1, paramCount=4, paramTotalSize=32.
[INFO] RUNTIME(111294,npu_reader):2026-09-21-12:30:46.581.935 [elf.cc:1076] 111294 UpdateCachedParamInfos: Restore cached param info: kernel_name=mul_Ascend910B2_int8_210000000, ordinal=0, offset=0, size=8.
[INFO] RUNTIME(111294,npu_reader):2026-09-21-12:30:46.581.938 [elf.cc:1076] 111294 UpdateCachedParamInfos: Restore cached param info: kernel_name=mul_Ascend910B2_int8_210000000, ordinal=1, offset=8, size=8.
[INFO] RUNTIME(111294,npu_reader):2026-09-21-12:30:46.581.940 [elf.cc:1076] 111294 UpdateCachedParamInfos: Restore cached param info: kernel_name=mul_Ascend910B2_int8_210000000, ordinal=2, offset=16, size=8.
[INFO] RUNTIME(111294,npu_reader):2026-09-21-12:30:46.581.942 [elf.cc:1076] 111294 UpdateCachedParamInfos: Restore cached param info: kernel_name=mul_Ascend910B2_int8_210000000, ordinal=3, offset=24, size=8.
[INFO] RUNTIME(111294,npu_reader):2026-09-21-12:30:46.581.944 [elf.cc:1145] 111294 UpdateKernelsInfo: update meta info, kernel_name=mul_Ascend910B2_int8_210000000, dfxAddr=0xaaac33351288, dfxSize=176, funcType=0, elfDataFlag=1, userArgsNum=0, crossCoreSync=0, kernelVfType=0, shareMemSize=0, minStackSize=0, funcEntryType=0, functionEntry=0, schedMode=0, taskRation_0=0, taskRation_1=0, hasParamSummary=1, paramCount=4, paramTotalSize=32.
[INFO] RUNTIME(111294,npu_reader):2026-09-21-12:30:46.581.948 [runtime.cc:1448] 111294 AddProgramToPool: progId=17
[INFO] RUNTIME(111294,npu_reader):2026-09-21-12:30:46.581.951 [program.cc:1649] 111294 GetKernelTypeAndMixType: Get kernel type success, kernelName=mul_Ascend910B2_int8_232010000, funcType=0, kernelAttrType=2, mixType=0
[INFO] RUNTIME(111294,npu_reader):2026-09-21-12:30:46.581.955 [program.cc:1119] 111294 SetKernelAttribute: kernel_name=mul_Ascend910B2_int8_232010000, kernelAttrType=2, userParamNum=0, sysParamNum=1, IsNeedSetFftsAddrInArg=0, isSupportOverFlow=1, elfDataFlag=1
[INFO] RUNTIME(111294,npu_reader):2026-09-21-12:30:46.581.957 [program.cc:1690] 111294 BuildNewKernel: new kernel success, size=1320, programId=17, original kernel_name=mul_Ascend910B2_int8_232010000, register kernel_name=mul_Ascend910B2_int8_232010000, tilingKey=232010000, functionEntry=0, funcType=0, kernelAttrType=2, mixType=0, taskRation=2, offset=0, dfxAddr=187656570212052, dfxSize=176
[INFO] RUNTIME(111294,npu_reader):2026-09-21-12:30:46.581.961 [program.cc:1649] 111294 GetKernelTypeAndMixType: Get kernel type success, kernelName=mul_Ascend910B2_int8_232000000, funcType=0, kernelAttrType=2, mixType=0
[INFO] RUNTIME(111294,npu_reader):2026-09-21-12:30:46.581.964 [program.cc:1119] 111294 SetKernelAttribute: kernel_name=mul_Ascend910B2_int8_232000000, kernelAttrType=2, userParamNum=0, sysParamNum=1, IsNeedSetFftsAddrInArg=0, isSupportOverFlow=1, elfDataFlag=1
[INFO] RUNTIME(111294,npu_reader):2026-09-21-12:30:46.581.967 [program.cc:1690] 111294 BuildNewKernel: new kernel success, size=1320, programId=17, original kernel_name=mul_Ascend910B2_int8_232000000, register kernel_name=mul_Ascend910B2_int8_232000000, tilingKey=232000000, functionEntry=0, funcType=0, kernelAttrType=2, mixType=0, taskRation=2, offset=2680, dfxAddr=187656570212296, dfxSize=176
[INFO] RUNTIME(111294,npu_reader):2026-09-21-12:30:46.581.971 [program.cc:1649] 111294 GetKernelTypeAndMixType: Get kernel type success, kernelName=mul_Ascend910B2_int8_223010000, funcType=0, kernelAttrType=2, mixType=0
[INFO] RUNTIME(111294,npu_reader):2026-09-21-12:30:46.581.974 [program.cc:1119] 111294 SetKernelAttribute: kernel_name=mul_Ascend910B2_int8_223010000, kernelAttrType=2, userParamNum=0, sysParamNum=1, IsNeedSetFftsAddrInArg=0, isSupportOverFlow=1, elfDataFlag=1
[INFO] RUNTIME(111294,npu_reader):2026-09-21-12:30:46.581.977 [program.cc:1690] 111294 BuildNewKernel: new kernel success, size=1320, programId=17, original kernel_name=mul_Ascend910B2_int8_223010000, register kernel_name=mul_Ascend910B2_int8_223010000, tilingKey=223010000, functionEntry=0, funcType=0, kernelAttrType=2, mixType=0, taskRation=2, offset=4244, dfxAddr=187656570212472, dfxSize=176
[INFO] RUNTIME(111294,npu_reader):2026-09-21-12:30:46.581.981 [program.cc:1649] 111294 GetKernelTypeAndMixType: Get kernel type success, kernelName=mul_Ascend910B2_int8_223000000, funcType=0, kernelAttrType=2, mixType=0
[INFO] RUNTIME(111294,npu_reader):2026-09-21-12:30:46.581.984 [program.cc:1119] 111294 SetKernelAttribute: kernel_name=mul_Ascend910B2_int8_223000000, kernelAttrType=2, userParamNum=0, sysParamNum=1, IsNeedSetFftsAddrInArg=0, isSupportOverFlow=1, elfDataFlag=1
[INFO] RUNTIME(111294,npu_reader):2026-09-21-12:30:46.581.987 [program.cc:1690] 111294 BuildNewKernel: new kernel success, size=1320, programId=17, original kernel_name=mul_Ascend910B2_int8_223000000, register kernel_name=mul_Ascend910B2_int8_223000000, tilingKey=223000000, functionEntry=0, funcType=0, kernelAttrType=2, mixType=0, taskRation=2, offset=7016, dfxAddr=187656570212648, dfxSize=176
[INFO] RUNTIME(111294,npu_reader):2026-09-21-12:30:46.581.990 [program.cc:1649] 111294 GetKernelTypeAndMixType: Get kernel type success, kernelName=mul_Ascend910B2_int8_210010000, funcType=0, kernelAttrType=2, mixType=0
[INFO] RUNTIME(111294,npu_reader):2026-09-21-12:30:46.581.993 [program.cc:1119] 111294 SetKernelAttribute: kernel_name=mul_Ascend910B2_int8_210010000, kernelAttrType=2, userParamNum=0, sysParamNum=1, IsNeedSetFftsAddrInArg=0, isSupportOverFlow=1, elfDataFlag=1
[INFO] RUNTIME(111294,npu_reader):2026-09-21-12:30:46.581.996 [program.cc:1690] 111294 BuildNewKernel: new kernel success, size=1320, programId=17, original kernel_name=mul_Ascend910B2_int8_210010000, register kernel_name=mul_Ascend910B2_int8_210010000, tilingKey=210010000, functionEntry=0, funcType=0, kernelAttrType=2, mixType=0, taskRation=2, offset=8484, dfxAddr=187656570212824, dfxSize=176
[INFO] RUNTIME(111294,npu_reader):2026-09-21-12:30:46.582.000 [program.cc:1649] 111294 GetKernelTypeAndMixType: Get kernel type success, kernelName=mul_Ascend910B2_int8_210000000, funcType=0, kernelAttrType=2, mixType=0
[INFO] RUNTIME(111294,npu_reader):2026-09-21-12:30:46.582.003 [program.cc:1119] 111294 SetKernelAttribute: kernel_name=mul_Ascend910B2_int8_210000000, kernelAttrType=2, userParamNum=0, sysParamNum=1, IsNeedSetFftsAddrInArg=0, isSupportOverFlow=1, elfDataFlag=1
[INFO] RUNTIME(111294,npu_reader):2026-09-21-12:30:46.582.005 [program.cc:1690] 111294 BuildNewKernel: new kernel success, size=1320, programId=17, original kernel_name=mul_Ascend910B2_int8_210000000, register kernel_name=mul_Ascend910B2_int8_210000000, tilingKey=210000000, functionEntry=0, funcType=0, kernelAttrType=2, mixType=0, taskRation=2, offset=11164, dfxAddr=187656570213000, dfxSize=176
[INFO] RUNTIME(111294,npu_reader):2026-09-21-12:30:46.582.034 [binary_loader.cc:364] 111294 LoadFromData: New ElfProgram ok, magic=1094799942, kernelAttrType=2, Runtime_alloc_size=11072
[INFO] RUNTIME(111294,npu_reader):2026-09-21-12:30:46.582.040 [program.cc:204] 111294 SaveBinaryData: Malloc the buffer for elfData, len=19888
[INFO] RUNTIME(111294,npu_reader):2026-09-21-12:30:46.582.044 [elf.cc:884] 111294 ParseKernelMetaData: section name = .text.
[INFO] RUNTIME(111294,npu_reader):2026-09-21-12:30:46.582.046 [elf.cc:884] 111294 ParseKernelMetaData: section name = .ascend.stack.size.record.
[INFO] RUNTIME(111294,npu_reader):2026-09-21-12:30:46.582.049 [elf.cc:884] 111294 ParseKernelMetaData: section name = __CCE_KernelArgSize.
[INFO] RUNTIME(111294,npu_reader):2026-09-21-12:30:46.582.051 [elf.cc:884] 111294 ParseKernelMetaData: section name = .ascend.meta.mul_Ascend910B3_int8_232010000.
[INFO] RUNTIME(111294,npu_reader):2026-09-21-12:30:46.582.054 [elf.cc:575] 111294 ElfParseParamSummary: paramCount=4, paramTotalSize=32.
[INFO] RUNTIME(111294,npu_reader):2026-09-21-12:30:46.582.056 [elf.cc:610] 111294 ElfParseParamInfo: Cache param info: ordinal=0, offset=0, size=8, align=8, paramType=2, spaceIndex=0.
[INFO] RUNTIME(111294,npu_reader):2026-09-21-12:30:46.582.059 [elf.cc:610] 111294 ElfParseParamInfo: Cache param info: ordinal=1, offset=8, size=8, align=8, paramType=2, spaceIndex=0.
[INFO] RUNTIME(111294,npu_reader):2026-09-21-12:30:46.582.061 [elf.cc:610] 111294 ElfParseParamInfo: Cache param info: ordinal=2, offset=16, size=8, align=8, paramType=2, spaceIndex=0.
[INFO] RUNTIME(111294,npu_reader):2026-09-21-12:30:46.582.064 [elf.cc:610] 111294 ElfParseParamInfo: Cache param info: ordinal=3, offset=24, size=8, align=8, paramType=2, spaceIndex=0.
[INFO] RUNTIME(111294,npu_reader):2026-09-21-12:30:46.582.066 [elf.cc:916] 111294 ParseKernelMetaData: kernel_name=mul_Ascend910B3_int8_232010000, ration[0]=0, ration[1]=0, dfxAddr=0xaaac333606a4, dfxSize=176, funcType=0, crossCoreSync=0, kernelVfType=0, shareMemSize=0, minStackSize=0, isSupportFuncEntry=0, functionEntryFlag=128, functionEntry=0.
[INFO] RUNTIME(111294,npu_reader):2026-09-21-12:30:46.582.070 [elf.cc:884] 111294 ParseKernelMetaData: section name = .comment.
[INFO] RUNTIME(111294,npu_reader):2026-09-21-12:30:46.582.072 [elf.cc:884] 111294 ParseKernelMetaData: section name = .ascend.meta.mul_Ascend910B3_int8_232000000.
[INFO] RUNTIME(111294,npu_reader):2026-09-21-12:30:46.582.074 [elf.cc:575] 111294 ElfParseParamSummary: paramCount=4, paramTotalSize=32.
[INFO] RUNTIME(111294,npu_reader):2026-09-21-12:30:46.582.076 [elf.cc:610] 111294 ElfParseParamInfo: Cache param info: ordinal=0, offset=0, size=8, align=8, paramType=2, spaceIndex=0.
[INFO] RUNTIME(111294,npu_reader):2026-09-21-12:30:46.582.079 [elf.cc:610] 111294 ElfParseParamInfo: Cache param info: ordinal=1, offset=8, size=8, align=8, paramType=2, spaceIndex=0.
[INFO] RUNTIME(111294,npu_reader):2026-09-21-12:30:46.582.081 [elf.cc:610] 111294 ElfParseParamInfo: Cache param info: ordinal=2, offset=16, size=8, align=8, paramType=2, spaceIndex=0.
[INFO] RUNTIME(111294,npu_reader):2026-09-21-12:30:46.582.084 [elf.cc:610] 111294 ElfParseParamInfo: Cache param info: ordinal=3, offset=24, size=8, align=8, paramType=2, spaceIndex=0.
[INFO] RUNTIME(111294,npu_reader):2026-09-21-12:30:46.582.087 [elf.cc:916] 111294 ParseKernelMetaData: kernel_name=mul_Ascend910B3_int8_232000000, ration[0]=0, ration[1]=0, dfxAddr=0xaaac33360798, dfxSize=176, funcType=0, crossCoreSync=0, kernelVfType=0, shareMemSize=0, minStackSize=0, isSupportFuncEntry=0, functionEntryFlag=128, functionEntry=0.
[INFO] RUNTIME(111294,npu_reader):2026-09-21-12:30:46.582.090 [elf.cc:884] 111294 ParseKernelMetaData: section name = .ascend.meta.mul_Ascend910B3_int8_223010000.
[INFO] RUNTIME(111294,npu_reader):2026-09-21-12:30:46.582.092 [elf.cc:575] 111294 ElfParseParamSummary: paramCount=4, paramTotalSize=32.
[INFO] RUNTIME(111294,npu_reader):2026-09-21-12:30:46.582.094 [elf.cc:610] 111294 ElfParseParamInfo: Cache param info: ordinal=0, offset=0, size=8, align=8, paramType=2, spaceIndex=0.
[INFO] RUNTIME(111294,npu_reader):2026-09-21-12:30:46.582.096 [elf.cc:610] 111294 ElfParseParamInfo: Cache param info: ordinal=1, offset=8, size=8, align=8, paramType=2, spaceIndex=0.
[INFO] RUNTIME(111294,npu_reader):2026-09-21-12:30:46.582.099 [elf.cc:610] 111294 ElfParseParamInfo: Cache param info: ordinal=2, offset=16, size=8, align=8, paramType=2, spaceIndex=0.
[INFO] RUNTIME(111294,npu_reader):2026-09-21-12:30:46.582.101 [elf.cc:610] 111294 ElfParseParamInfo: Cache param info: ordinal=3, offset=24, size=8, align=8, paramType=2, spaceIndex=0.
[INFO] RUNTIME(111294,npu_reader):2026-09-21-12:30:46.582.104 [elf.cc:916] 111294 ParseKernelMetaData: kernel_name=mul_Ascend910B3_int8_223010000, ration[0]=0, ration[1]=0, dfxAddr=0xaaac33360848, dfxSize=176, funcType=0, crossCoreSync=0, kernelVfType=0, shareMemSize=0, minStackSize=0, isSupportFuncEntry=0, functionEntryFlag=128, functionEntry=0.
[INFO] RUNTIME(111294,npu_reader):2026-09-21-12:30:46.582.111 [elf.cc:884] 111294 ParseKernelMetaData: section name = .ascend.meta.mul_Ascend910B3_int8_223000000.
[INFO] RUNTIME(111294,npu_reader):2026-09-21-12:30:46.582.113 [elf.cc:575] 111294 ElfParseParamSummary: paramCount=4, paramTotalSize=32.
[INFO] RUNTIME(111294,npu_reader):2026-09-21-12:30:46.582.116 [elf.cc:610] 111294 ElfParseParamInfo: Cache param info: ordinal=0, offset=0, size=8, align=8, paramType=2, spaceIndex=0.
[INFO] RUNTIME(111294,npu_reader):2026-09-21-12:30:46.582.118 [elf.cc:610] 111294 ElfParseParamInfo: Cache param info: ordinal=1, offset=8, size=8, align=8, paramType=2, spaceIndex=0.
[INFO] RUNTIME(111294,npu_reader):2026-09-21-12:30:46.582.120 [elf.cc:610] 111294 ElfParseParamInfo: Cache param info: ordinal=2, offset=16, size=8, align=8, paramType=2, spaceIndex=0.
[INFO] RUNTIME(111294,npu_reader):2026-09-21-12:30:46.582.123 [elf.cc:610] 111294 ElfParseParamInfo: Cache param info: ordinal=3, offset=24, size=8, align=8, paramType=2, spaceIndex=0.
[INFO] RUNTIME(111294,npu_reader):2026-09-21-12:30:46.582.125 [elf.cc:916] 111294 ParseKernelMetaData: kernel_name=mul_Ascend910B3_int8_223000000, ration[0]=0, ration[1]=0, dfxAddr=0xaaac333608f8, dfxSize=176, funcType=0, crossCoreSync=0, kernelVfType=0, shareMemSize=0, minStackSize=0, isSupportFuncEntry=0, functionEntryFlag=128, functionEntry=0.
[INFO] RUNTIME(111294,npu_reader):2026-09-21-12:30:46.582.128 [elf.cc:884] 111294 ParseKernelMetaData: section name = .ascend.meta.mul_Ascend910B3_int8_210010000.
[INFO] RUNTIME(111294,npu_reader):2026-09-21-12:30:46.582.131 [elf.cc:575] 111294 ElfParseParamSummary: paramCount=4, paramTotalSize=32.
[INFO] RUNTIME(111294,npu_reader):2026-09-21-12:30:46.582.133 [elf.cc:610] 111294 ElfParseParamInfo: Cache param info: ordinal=0, offset=0, size=8, align=8, paramType=2, spaceIndex=0.
[INFO] RUNTIME(111294,npu_reader):2026-09-21-12:30:46.582.135 [elf.cc:610] 111294 ElfParseParamInfo: Cache param info: ordinal=1, offset=8, size=8, align=8, paramType=2, spaceIndex=0.
[INFO] RUNTIME(111294,npu_reader):2026-09-21-12:30:46.582.138 [elf.cc:610] 111294 ElfParseParamInfo: Cache param info: ordinal=2, offset=16, size=8, align=8, paramType=2, spaceIndex=0.
[INFO] RUNTIME(111294,npu_reader):2026-09-21-12:30:46.582.140 [elf.cc:610] 111294 ElfParseParamInfo: Cache param info: ordinal=3, offset=24, size=8, align=8, paramType=2, spaceIndex=0.
[INFO] RUNTIME(111294,npu_reader):2026-09-21-12:30:46.582.143 [elf.cc:916] 111294 ParseKernelMetaData: kernel_name=mul_Ascend910B3_int8_210010000, ration[0]=0, ration[1]=0, dfxAddr=0xaaac333609a8, dfxSize=176, funcType=0, crossCoreSync=0, kernelVfType=0, shareMemSize=0, minStackSize=0, isSupportFuncEntry=0, functionEntryFlag=128, functionEntry=0.
[INFO] RUNTIME(111294,npu_reader):2026-09-21-12:30:46.582.146 [elf.cc:884] 111294 ParseKernelMetaData: section name = .ascend.meta.mul_Ascend910B3_int8_210000000.
[INFO] RUNTIME(111294,npu_reader):2026-09-21-12:30:46.582.148 [elf.cc:575] 111294 ElfParseParamSummary: paramCount=4, paramTotalSize=32.
[INFO] RUNTIME(111294,npu_reader):2026-09-21-12:30:46.582.150 [elf.cc:610] 111294 ElfParseParamInfo: Cache param info: ordinal=0, offset=0, size=8, align=8, paramType=2, spaceIndex=0.
[INFO] RUNTIME(111294,npu_reader):2026-09-21-12:30:46.582.152 [elf.cc:610] 111294 ElfParseParamInfo: Cache param info: ordinal=1, offset=8, size=8, align=8, paramType=2, spaceIndex=0.
[INFO] RUNTIME(111294,npu_reader):2026-09-21-12:30:46.582.155 [elf.cc:610] 111294 ElfParseParamInfo: Cache param info: ordinal=2, offset=16, size=8, align=8, paramType=2, spaceIndex=0.
[INFO] RUNTIME(111294,npu_reader):2026-09-21-12:30:46.582.157 [elf.cc:610] 111294 ElfParseParamInfo: Cache param info: ordinal=3, offset=24, size=8, align=8, paramType=2, spaceIndex=0.
[INFO] RUNTIME(111294,npu_reader):2026-09-21-12:30:46.582.160 [elf.cc:916] 111294 ParseKernelMetaData: kernel_name=mul_Ascend910B3_int8_210000000, ration[0]=0, ration[1]=0, dfxAddr=0xaaac33360a58, dfxSize=176, funcType=0, crossCoreSync=0, kernelVfType=0, shareMemSize=0, minStackSize=0, isSupportFuncEntry=0, functionEntryFlag=128, functionEntry=0.
[INFO] RUNTIME(111294,npu_reader):2026-09-21-12:30:46.582.173 [elf.cc:1076] 111294 UpdateCachedParamInfos: Restore cached param info: kernel_name=mul_Ascend910B3_int8_232010000, ordinal=0, offset=0, size=8.
[INFO] RUNTIME(111294,npu_reader):2026-09-21-12:30:46.582.175 [elf.cc:1076] 111294 UpdateCachedParamInfos: Restore cached param info: kernel_name=mul_Ascend910B3_int8_232010000, ordinal=1, offset=8, size=8.
[INFO] RUNTIME(111294,npu_reader):2026-09-21-12:30:46.582.177 [elf.cc:1076] 111294 UpdateCachedParamInfos: Restore cached param info: kernel_name=mul_Ascend910B3_int8_232010000, ordinal=2, offset=16, size=8.
[INFO] RUNTIME(111294,npu_reader):2026-09-21-12:30:46.582.180 [elf.cc:1076] 111294 UpdateCachedParamInfos: Restore cached param info: kernel_name=mul_Ascend910B3_int8_232010000, ordinal=3, offset=24, size=8.
[INFO] RUNTIME(111294,npu_reader):2026-09-21-12:30:46.582.182 [elf.cc:1145] 111294 UpdateKernelsInfo: update meta info, kernel_name=mul_Ascend910B3_int8_232010000, dfxAddr=0xaaac333606a4, dfxSize=176, funcType=0, elfDataFlag=1, userArgsNum=0, crossCoreSync=0, kernelVfType=0, shareMemSize=0, minStackSize=0, funcEntryType=0, functionEntry=0, schedMode=0, taskRation_0=0, taskRation_1=0, hasParamSummary=1, paramCount=4, paramTotalSize=32.
[INFO] RUNTIME(111294,npu_reader):2026-09-21-12:30:46.582.185 [elf.cc:1076] 111294 UpdateCachedParamInfos: Restore cached param info: kernel_name=mul_Ascend910B3_int8_232000000, ordinal=0, offset=0, size=8.
[INFO] RUNTIME(111294,npu_reader):2026-09-21-12:30:46.582.188 [elf.cc:1076] 111294 UpdateCachedParamInfos: Restore cached param info: kernel_name=mul_Ascend910B3_int8_232000000, ordinal=1, offset=8, size=8.
[INFO] RUNTIME(111294,npu_reader):2026-09-21-12:30:46.582.190 [elf.cc:1076] 111294 UpdateCachedParamInfos: Restore cached param info: kernel_name=mul_Ascend910B3_int8_232000000, ordinal=2, offset=16, size=8.
[INFO] RUNTIME(111294,npu_reader):2026-09-21-12:30:46.582.192 [elf.cc:1076] 111294 UpdateCachedParamInfos: Restore cached param info: kernel_name=mul_Ascend910B3_int8_232000000, ordinal=3, offset=24, size=8.
[INFO] RUNTIME(111294,npu_reader):2026-09-21-12:30:46.582.194 [elf.cc:1145] 111294 UpdateKernelsInfo: update meta info, kernel_name=mul_Ascend910B3_int8_232000000, dfxAddr=0xaaac33360798, dfxSize=176, funcType=0, elfDataFlag=1, userArgsNum=0, crossCoreSync=0, kernelVfType=0, shareMemSize=0, minStackSize=0, funcEntryType=0, functionEntry=0, schedMode=0, taskRation_0=0, taskRation_1=0, hasParamSummary=1, paramCount=4, paramTotalSize=32.
[INFO] RUNTIME(111294,npu_reader):2026-09-21-12:30:46.582.198 [elf.cc:1076] 111294 UpdateCachedParamInfos: Restore cached param info: kernel_name=mul_Ascend910B3_int8_223010000, ordinal=0, offset=0, size=8.
[INFO] RUNTIME(111294,npu_reader):2026-09-21-12:30:46.582.200 [elf.cc:1076] 111294 UpdateCachedParamInfos: Restore cached param info: kernel_name=mul_Ascend910B3_int8_223010000, ordinal=1, offset=8, size=8.
[INFO] RUNTIME(111294,npu_reader):2026-09-21-12:30:46.582.202 [elf.cc:1076] 111294 UpdateCachedParamInfos: Restore cached param info: kernel_name=mul_Ascend910B3_int8_223010000, ordinal=2, offset=16, size=8.
[INFO] RUNTIME(111294,npu_reader):2026-09-21-12:30:46.582.205 [elf.cc:1076] 111294 UpdateCachedParamInfos: Restore cached param info: kernel_name=mul_Ascend910B3_int8_223010000, ordinal=3, offset=24, size=8.
[INFO] RUNTIME(111294,npu_reader):2026-09-21-12:30:46.582.207 [elf.cc:1145] 111294 UpdateKernelsInfo: update meta info, kernel_name=mul_Ascend910B3_int8_223010000, dfxAddr=0xaaac33360848, dfxSize=176, funcType=0, elfDataFlag=1, userArgsNum=0, crossCoreSync=0, kernelVfType=0, shareMemSize=0, minStackSize=0, funcEntryType=0, functionEntry=0, schedMode=0, taskRation_0=0, taskRation_1=0, hasParamSummary=1, paramCount=4, paramTotalSize=32.
[INFO] RUNTIME(111294,npu_reader):2026-09-21-12:30:46.582.211 [elf.cc:1076] 111294 UpdateCachedParamInfos: Restore cached param info: kernel_name=mul_Ascend910B3_int8_223000000, ordinal=0, offset=0, size=8.
[INFO] RUNTIME(111294,npu_reader):2026-09-21-12:30:46.582.213 [elf.cc:1076] 111294 UpdateCachedParamInfos: Restore cached param info: kernel_name=mul_Ascend910B3_int8_223000000, ordinal=1, offset=8, size=8.
[INFO] RUNTIME(111294,npu_reader):2026-09-21-12:30:46.582.215 [elf.cc:1076] 111294 UpdateCachedParamInfos: Restore cached param info: kernel_name=mul_Ascend910B3_int8_223000000, ordinal=2, offset=16, size=8.
[INFO] RUNTIME(111294,npu_reader):2026-09-21-12:30:46.582.217 [elf.cc:1076] 111294 UpdateCachedParamInfos: Restore cached param info: kernel_name=mul_Ascend910B3_int8_223000000, ordinal=3, offset=24, size=8.
[INFO] RUNTIME(111294,npu_reader):2026-09-21-12:30:46.582.220 [elf.cc:1145] 111294 UpdateKernelsInfo: update meta info, kernel_name=mul_Ascend910B3_int8_223000000, dfxAddr=0xaaac333608f8, dfxSize=176, funcType=0, elfDataFlag=1, userArgsNum=0, crossCoreSync=0, kernelVfType=0, shareMemSize=0, minStackSize=0, funcEntryType=0, functionEntry=0, schedMode=0, taskRation_0=0, taskRation_1=0, hasParamSummary=1, paramCount=4, paramTotalSize=32.
[INFO] RUNTIME(111294,npu_reader):2026-09-21-12:30:46.582.223 [elf.cc:1076] 111294 UpdateCachedParamInfos: Restore cached param info: kernel_name=mul_Ascend910B3_int8_210010000, ordinal=0, offset=0, size=8.
[INFO] RUNTIME(111294,npu_reader):2026-09-21-12:30:46.582.225 [elf.cc:1076] 111294 UpdateCachedParamInfos: Restore cached param info: kernel_name=mul_Ascend910B3_int8_210010000, ordinal=1, offset=8, size=8.
[INFO] RUNTIME(111294,npu_reader):2026-09-21-12:30:46.582.227 [elf.cc:1076] 111294 UpdateCachedParamInfos: Restore cached param info: kernel_name=mul_Ascend910B3_int8_210010000, ordinal=2, offset=16, size=8.
[INFO] RUNTIME(111294,npu_reader):2026-09-21-12:30:46.582.230 [elf.cc:1076] 111294 UpdateCachedParamInfos: Restore cached param info: kernel_name=mul_Ascend910B3_int8_210010000, ordinal=3, offset=24, size=8.
[INFO] RUNTIME(111294,npu_reader):2026-09-21-12:30:46.582.232 [elf.cc:1145] 111294 UpdateKernelsInfo: update meta info, kernel_name=mul_Ascend910B3_int8_210010000, dfxAddr=0xaaac333609a8, dfxSize=176, funcType=0, elfDataFlag=1, userArgsNum=0, crossCoreSync=0, kernelVfType=0, shareMemSize=0, minStackSize=0, funcEntryType=0, functionEntry=0, schedMode=0, taskRation_0=0, taskRation_1=0, hasParamSummary=1, paramCount=4, paramTotalSize=32.
[INFO] RUNTIME(111294,npu_reader):2026-09-21-12:30:46.582.235 [elf.cc:1076] 111294 UpdateCachedParamInfos: Restore cached param info: kernel_name=mul_Ascend910B3_int8_210000000, ordinal=0, offset=0, size=8.
[INFO] RUNTIME(111294,npu_reader):2026-09-21-12:30:46.582.237 [elf.cc:1076] 111294 UpdateCachedParamInfos: Restore cached param info: kernel_name=mul_Ascend910B3_int8_210000000, ordinal=1, offset=8, size=8.
[INFO] RUNTIME(111294,npu_reader):2026-09-21-12:30:46.582.240 [elf.cc:1076] 111294 UpdateCachedParamInfos: Restore cached param info: kernel_name=mul_Ascend910B3_int8_210000000, ordinal=2, offset=16, size=8.
[INFO] RUNTIME(111294,npu_reader):2026-09-21-12:30:46.582.242 [elf.cc:1076] 111294 UpdateCachedParamInfos: Restore cached param info: kernel_name=mul_Ascend910B3_int8_210000000, ordinal=3, offset=24, size=8.
[INFO] RUNTIME(111294,npu_reader):2026-09-21-12:30:46.582.244 [elf.cc:1145] 111294 UpdateKernelsInfo: update meta info, kernel_name=mul_Ascend910B3_int8_210000000, dfxAddr=0xaaac33360a58, dfxSize=176, funcType=0, elfDataFlag=1, userArgsNum=0, crossCoreSync=0, kernelVfType=0, shareMemSize=0, minStackSize=0, funcEntryType=0, functionEntry=0, schedMode=0, taskRation_0=0, taskRation_1=0, hasParamSummary=1, paramCount=4, paramTotalSize=32.
[INFO] RUNTIME(111294,npu_reader):2026-09-21-12:30:46.582.248 [runtime.cc:1448] 111294 AddProgramToPool: progId=18
[INFO] RUNTIME(111294,npu_reader):2026-09-21-12:30:46.582.251 [program.cc:1649] 111294 GetKernelTypeAndMixType: Get kernel type success, kernelName=mul_Ascend910B3_int8_232010000, funcType=0, kernelAttrType=2, mixType=0
[INFO] RUNTIME(111294,npu_reader):2026-09-21-12:30:46.582.255 [program.cc:1119] 111294 SetKernelAttribute: kernel_name=mul_Ascend910B3_int8_232010000, kernelAttrType=2, userParamNum=0, sysParamNum=1, IsNeedSetFftsAddrInArg=0, isSupportOverFlow=1, elfDataFlag=1
[INFO] RUNTIME(111294,npu_reader):2026-09-21-12:30:46.582.258 [program.cc:1690] 111294 BuildNewKernel: new kernel success, size=1320, programId=18, original kernel_name=mul_Ascend910B3_int8_232010000, register kernel_name=mul_Ascend910B3_int8_232010000, tilingKey=232010000, functionEntry=0, funcType=0, kernelAttrType=2, mixType=0, taskRation=2, offset=0, dfxAddr=187656570275492, dfxSize=176
[INFO] RUNTIME(111294,npu_reader):2026-09-21-12:30:46.582.262 [program.cc:1649] 111294 GetKernelTypeAndMixType: Get kernel type success, kernelName=mul_Ascend910B3_int8_232000000, funcType=0, kernelAttrType=2, mixType=0
[INFO] RUNTIME(111294,npu_reader):2026-09-21-12:30:46.582.265 [program.cc:1119] 111294 SetKernelAttribute: kernel_name=mul_Ascend910B3_int8_232000000, kernelAttrType=2, userParamNum=0, sysParamNum=1, IsNeedSetFftsAddrInArg=0, isSupportOverFlow=1, elfDataFlag=1
[INFO] RUNTIME(111294,npu_reader):2026-09-21-12:30:46.582.267 [program.cc:1690] 111294 BuildNewKernel: new kernel success, size=1320, programId=18, original kernel_name=mul_Ascend910B3_int8_232000000, register kernel_name=mul_Ascend910B3_int8_232000000, tilingKey=232000000, functionEntry=0, funcType=0, kernelAttrType=2, mixType=0, taskRation=2, offset=2680, dfxAddr=187656570275736, dfxSize=176
[INFO] RUNTIME(111294,npu_reader):2026-09-21-12:30:46.582.271 [program.cc:1649] 111294 GetKernelTypeAndMixType: Get kernel type success, kernelName=mul_Ascend910B3_int8_223010000, funcType=0, kernelAttrType=2, mixType=0
[INFO] RUNTIME(111294,npu_reader):2026-09-21-12:30:46.582.274 [program.cc:1119] 111294 SetKernelAttribute: kernel_name=mul_Ascend910B3_int8_223010000, kernelAttrType=2, userParamNum=0, sysParamNum=1, IsNeedSetFftsAddrInArg=0, isSupportOverFlow=1, elfDataFlag=1
[INFO] RUNTIME(111294,npu_reader):2026-09-21-12:30:46.582.276 [program.cc:1690] 111294 BuildNewKernel: new kernel success, size=1320, programId=18, original kernel_name=mul_Ascend910B3_int8_223010000, register kernel_name=mul_Ascend910B3_int8_223010000, tilingKey=223010000, functionEntry=0, funcType=0, kernelAttrType=2, mixType=0, taskRation=2, offset=4244, dfxAddr=187656570275912, dfxSize=176
[INFO] RUNTIME(111294,npu_reader):2026-09-21-12:30:46.582.280 [program.cc:1649] 111294 GetKernelTypeAndMixType: Get kernel type success, kernelName=mul_Ascend910B3_int8_223000000, funcType=0, kernelAttrType=2, mixType=0
[INFO] RUNTIME(111294,npu_reader):2026-09-21-12:30:46.582.283 [program.cc:1119] 111294 SetKernelAttribute: kernel_name=mul_Ascend910B3_int8_223000000, kernelAttrType=2, userParamNum=0, sysParamNum=1, IsNeedSetFftsAddrInArg=0, isSupportOverFlow=1, elfDataFlag=1
[INFO] RUNTIME(111294,npu_reader):2026-09-21-12:30:46.582.286 [program.cc:1690] 111294 BuildNewKernel: new kernel success, size=1320, programId=18, original kernel_name=mul_Ascend910B3_int8_223000000, register kernel_name=mul_Ascend910B3_int8_223000000, tilingKey=223000000, functionEntry=0, funcType=0, kernelAttrType=2, mixType=0, taskRation=2, offset=7016, dfxAddr=187656570276088, dfxSize=176
[INFO] RUNTIME(111294,npu_reader):2026-09-21-12:30:46.582.290 [program.cc:1649] 111294 GetKernelTypeAndMixType: Get kernel type success, kernelName=mul_Ascend910B3_int8_210010000, funcType=0, kernelAttrType=2, mixType=0
[INFO] RUNTIME(111294,npu_reader):2026-09-21-12:30:46.582.293 [program.cc:1119] 111294 SetKernelAttribute: kernel_name=mul_Ascend910B3_int8_210010000, kernelAttrType=2, userParamNum=0, sysParamNum=1, IsNeedSetFftsAddrInArg=0, isSupportOverFlow=1, elfDataFlag=1
[INFO] RUNTIME(111294,npu_reader):2026-09-21-12:30:46.582.295 [program.cc:1690] 111294 BuildNewKernel: new kernel success, size=1320, programId=18, original kernel_name=mul_Ascend910B3_int8_210010000, register kernel_name=mul_Ascend910B3_int8_210010000, tilingKey=210010000, functionEntry=0, funcType=0, kernelAttrType=2, mixType=0, taskRation=2, offset=8484, dfxAddr=187656570276264, dfxSize=176
[INFO] RUNTIME(111294,npu_reader):2026-09-21-12:30:46.582.299 [program.cc:1649] 111294 GetKernelTypeAndMixType: Get kernel type success, kernelName=mul_Ascend910B3_int8_210000000, funcType=0, kernelAttrType=2, mixType=0
[INFO] RUNTIME(111294,npu_reader):2026-09-21-12:30:46.582.302 [program.cc:1119] 111294 SetKernelAttribute: kernel_name=mul_Ascend910B3_int8_210000000, kernelAttrType=2, userParamNum=0, sysParamNum=1, IsNeedSetFftsAddrInArg=0, isSupportOverFlow=1, elfDataFlag=1
[INFO] RUNTIME(111294,npu_reader):2026-09-21-12:30:46.582.305 [program.cc:1690] 111294 BuildNewKernel: new kernel success, size=1320, programId=18, original kernel_name=mul_Ascend910B3_int8_210000000, register kernel_name=mul_Ascend910B3_int8_210000000, tilingKey=210000000, functionEntry=0, funcType=0, kernelAttrType=2, mixType=0, taskRation=2, offset=11164, dfxAddr=187656570276440, dfxSize=176
[INFO] RUNTIME(111294,npu_reader):2026-09-21-12:30:46.582.336 [binary_loader.cc:364] 111294 LoadFromData: New ElfProgram ok, magic=1094799942, kernelAttrType=2, Runtime_alloc_size=11072
[INFO] RUNTIME(111294,npu_reader):2026-09-21-12:30:46.582.343 [program.cc:204] 111294 SaveBinaryData: Malloc the buffer for elfData, len=19888
[INFO] RUNTIME(111294,npu_reader):2026-09-21-12:30:46.582.347 [elf.cc:884] 111294 ParseKernelMetaData: section name = .text.
[INFO] RUNTIME(111294,npu_reader):2026-09-21-12:30:46.582.349 [elf.cc:884] 111294 ParseKernelMetaData: section name = .ascend.stack.size.record.
[INFO] RUNTIME(111294,npu_reader):2026-09-21-12:30:46.582.352 [elf.cc:884] 111294 ParseKernelMetaData: section name = __CCE_KernelArgSize.
[INFO] RUNTIME(111294,npu_reader):2026-09-21-12:30:46.582.354 [elf.cc:884] 111294 ParseKernelMetaData: section name = .ascend.meta.mul_Ascend910B4_int8_232010000.
[INFO] RUNTIME(111294,npu_reader):2026-09-21-12:30:46.582.356 [elf.cc:575] 111294 ElfParseParamSummary: paramCount=4, paramTotalSize=32.
[INFO] RUNTIME(111294,npu_reader):2026-09-21-12:30:46.582.358 [elf.cc:610] 111294 ElfParseParamInfo: Cache param info: ordinal=0, offset=0, size=8, align=8, paramType=2, spaceIndex=0.
[INFO] RUNTIME(111294,npu_reader):2026-09-21-12:30:46.582.361 [elf.cc:610] 111294 ElfParseParamInfo: Cache param info: ordinal=1, offset=8, size=8, align=8, paramType=2, spaceIndex=0.
[INFO] RUNTIME(111294,npu_reader):2026-09-21-12:30:46.582.364 [elf.cc:610] 111294 ElfParseParamInfo: Cache param info: ordinal=2, offset=16, size=8, align=8, paramType=2, spaceIndex=0.
[INFO] RUNTIME(111294,npu_reader):2026-09-21-12:30:46.582.366 [elf.cc:610] 111294 ElfParseParamInfo: Cache param info: ordinal=3, offset=24, size=8, align=8, paramType=2, spaceIndex=0.
[INFO] RUNTIME(111294,npu_reader):2026-09-21-12:30:46.582.369 [elf.cc:916] 111294 ParseKernelMetaData: kernel_name=mul_Ascend910B4_int8_232010000, ration[0]=0, ration[1]=0, dfxAddr=0xaaac3336fea4, dfxSize=176, funcType=0, crossCoreSync=0, kernelVfType=0, shareMemSize=0, minStackSize=0, isSupportFuncEntry=0, functionEntryFlag=128, functionEntry=0.
[INFO] RUNTIME(111294,npu_reader):2026-09-21-12:30:46.582.372 [elf.cc:884] 111294 ParseKernelMetaData: section name = .comment.
[INFO] RUNTIME(111294,npu_reader):2026-09-21-12:30:46.582.374 [elf.cc:884] 111294 ParseKernelMetaData: section name = .ascend.meta.mul_Ascend910B4_int8_232000000.
[INFO] RUNTIME(111294,npu_reader):2026-09-21-12:30:46.582.376 [elf.cc:575] 111294 ElfParseParamSummary: paramCount=4, paramTotalSize=32.
[INFO] RUNTIME(111294,npu_reader):2026-09-21-12:30:46.582.378 [elf.cc:610] 111294 ElfParseParamInfo: Cache param info: ordinal=0, offset=0, size=8, align=8, paramType=2, spaceIndex=0.
[INFO] RUNTIME(111294,npu_reader):2026-09-21-12:30:46.582.381 [elf.cc:610] 111294 ElfParseParamInfo: Cache param info: ordinal=1, offset=8, size=8, align=8, paramType=2, spaceIndex=0.
[INFO] RUNTIME(111294,npu_reader):2026-09-21-12:30:46.582.383 [elf.cc:610] 111294 ElfParseParamInfo: Cache param info: ordinal=2, offset=16, size=8, align=8, paramType=2, spaceIndex=0.
[INFO] RUNTIME(111294,npu_reader):2026-09-21-12:30:46.582.386 [elf.cc:610] 111294 ElfParseParamInfo: Cache param info: ordinal=3, offset=24, size=8, align=8, paramType=2, spaceIndex=0.
[INFO] RUNTIME(111294,npu_reader):2026-09-21-12:30:46.582.389 [elf.cc:916] 111294 ParseKernelMetaData: kernel_name=mul_Ascend910B4_int8_232000000, ration[0]=0, ration[1]=0, dfxAddr=0xaaac3336ff98, dfxSize=176, funcType=0, crossCoreSync=0, kernelVfType=0, shareMemSize=0, minStackSize=0, isSupportFuncEntry=0, functionEntryFlag=128, functionEntry=0.
[INFO] RUNTIME(111294,npu_reader):2026-09-21-12:30:46.582.392 [elf.cc:884] 111294 ParseKernelMetaData: section name = .ascend.meta.mul_Ascend910B4_int8_223010000.
[INFO] RUNTIME(111294,npu_reader):2026-09-21-12:30:46.582.394 [elf.cc:575] 111294 ElfParseParamSummary: paramCount=4, paramTotalSize=32.
[INFO] RUNTIME(111294,npu_reader):2026-09-21-12:30:46.582.396 [elf.cc:610] 111294 ElfParseParamInfo: Cache param info: ordinal=0, offset=0, size=8, align=8, paramType=2, spaceIndex=0.
[INFO] RUNTIME(111294,npu_reader):2026-09-21-12:30:46.582.399 [elf.cc:610] 111294 ElfParseParamInfo: Cache param info: ordinal=1, offset=8, size=8, align=8, paramType=2, spaceIndex=0.
[INFO] RUNTIME(111294,npu_reader):2026-09-21-12:30:46.582.401 [elf.cc:610] 111294 ElfParseParamInfo: Cache param info: ordinal=2, offset=16, size=8, align=8, paramType=2, spaceIndex=0.
[INFO] RUNTIME(111294,npu_reader):2026-09-21-12:30:46.582.404 [elf.cc:610] 111294 ElfParseParamInfo: Cache param info: ordinal=3, offset=24, size=8, align=8, paramType=2, spaceIndex=0.
[INFO] RUNTIME(111294,npu_reader):2026-09-21-12:30:46.582.406 [elf.cc:916] 111294 ParseKernelMetaData: kernel_name=mul_Ascend910B4_int8_223010000, ration[0]=0, ration[1]=0, dfxAddr=0xaaac33370048, dfxSize=176, funcType=0, crossCoreSync=0, kernelVfType=0, shareMemSize=0, minStackSize=0, isSupportFuncEntry=0, functionEntryFlag=128, functionEntry=0.
[INFO] RUNTIME(111294,npu_reader):2026-09-21-12:30:46.582.409 [elf.cc:884] 111294 ParseKernelMetaData: section name = .ascend.meta.mul_Ascend910B4_int8_223000000.
[INFO] RUNTIME(111294,npu_reader):2026-09-21-12:30:46.582.411 [elf.cc:575] 111294 ElfParseParamSummary: paramCount=4, paramTotalSize=32.
[INFO] RUNTIME(111294,npu_reader):2026-09-21-12:30:46.582.414 [elf.cc:610] 111294 ElfParseParamInfo: Cache param info: ordinal=0, offset=0, size=8, align=8, paramType=2, spaceIndex=0.
[INFO] RUNTIME(111294,npu_reader):2026-09-21-12:30:46.582.416 [elf.cc:610] 111294 ElfParseParamInfo: Cache param info: ordinal=1, offset=8, size=8, align=8, paramType=2, spaceIndex=0.
[INFO] RUNTIME(111294,npu_reader):2026-09-21-12:30:46.582.419 [elf.cc:610] 111294 ElfParseParamInfo: Cache param info: ordinal=2, offset=16, size=8, align=8, paramType=2, spaceIndex=0.
[INFO] RUNTIME(111294,npu_reader):2026-09-21-12:30:46.582.421 [elf.cc:610] 111294 ElfParseParamInfo: Cache param info: ordinal=3, offset=24, size=8, align=8, paramType=2, spaceIndex=0.
[INFO] RUNTIME(111294,npu_reader):2026-09-21-12:30:46.582.423 [elf.cc:916] 111294 ParseKernelMetaData: kernel_name=mul_Ascend910B4_int8_223000000, ration[0]=0, ration[1]=0, dfxAddr=0xaaac333700f8, dfxSize=176, funcType=0, crossCoreSync=0, kernelVfType=0, shareMemSize=0, minStackSize=0, isSupportFuncEntry=0, functionEntryFlag=128, functionEntry=0.
[INFO] RUNTIME(111294,npu_reader):2026-09-21-12:30:46.582.427 [elf.cc:884] 111294 ParseKernelMetaData: section name = .ascend.meta.mul_Ascend910B4_int8_210010000.
[INFO] RUNTIME(111294,npu_reader):2026-09-21-12:30:46.582.429 [elf.cc:575] 111294 ElfParseParamSummary: paramCount=4, paramTotalSize=32.
[INFO] RUNTIME(111294,npu_reader):2026-09-21-12:30:46.582.431 [elf.cc:610] 111294 ElfParseParamInfo: Cache param info: ordinal=0, offset=0, size=8, align=8, paramType=2, spaceIndex=0.
[INFO] RUNTIME(111294,npu_reader):2026-09-21-12:30:46.582.433 [elf.cc:610] 111294 ElfParseParamInfo: Cache param info: ordinal=1, offset=8, size=8, align=8, paramType=2, spaceIndex=0.
[INFO] RUNTIME(111294,npu_reader):2026-09-21-12:30:46.582.436 [elf.cc:610] 111294 ElfParseParamInfo: Cache param info: ordinal=2, offset=16, size=8, align=8, paramType=2, spaceIndex=0.
[INFO] RUNTIME(111294,npu_reader):2026-09-21-12:30:46.582.439 [elf.cc:610] 111294 ElfParseParamInfo: Cache param info: ordinal=3, offset=24, size=8, align=8, paramType=2, spaceIndex=0.
[INFO] RUNTIME(111294,npu_reader):2026-09-21-12:30:46.582.441 [elf.cc:916] 111294 ParseKernelMetaData: kernel_name=mul_Ascend910B4_int8_210010000, ration[0]=0, ration[1]=0, dfxAddr=0xaaac333701a8, dfxSize=176, funcType=0, crossCoreSync=0, kernelVfType=0, shareMemSize=0, minStackSize=0, isSupportFuncEntry=0, functionEntryFlag=128, functionEntry=0.
[INFO] RUNTIME(111294,npu_reader):2026-09-21-12:30:46.582.444 [elf.cc:884] 111294 ParseKernelMetaData: section name = .ascend.meta.mul_Ascend910B4_int8_210000000.
[INFO] RUNTIME(111294,npu_reader):2026-09-21-12:30:46.582.446 [elf.cc:575] 111294 ElfParseParamSummary: paramCount=4, paramTotalSize=32.
[INFO] RUNTIME(111294,npu_reader):2026-09-21-12:30:46.582.449 [elf.cc:610] 111294 ElfParseParamInfo: Cache param info: ordinal=0, offset=0, size=8, align=8, paramType=2, spaceIndex=0.
[INFO] RUNTIME(111294,npu_reader):2026-09-21-12:30:46.582.451 [elf.cc:610] 111294 ElfParseParamInfo: Cache param info: ordinal=1, offset=8, size=8, align=8, paramType=2, spaceIndex=0.
[INFO] RUNTIME(111294,npu_reader):2026-09-21-12:30:46.582.453 [elf.cc:610] 111294 ElfParseParamInfo: Cache param info: ordinal=2, offset=16, size=8, align=8, paramType=2, spaceIndex=0.
[INFO] RUNTIME(111294,npu_reader):2026-09-21-12:30:46.582.456 [elf.cc:610] 111294 ElfParseParamInfo: Cache param info: ordinal=3, offset=24, size=8, align=8, paramType=2, spaceIndex=0.
[INFO] RUNTIME(111294,npu_reader):2026-09-21-12:30:46.582.458 [elf.cc:916] 111294 ParseKernelMetaData: kernel_name=mul_Ascend910B4_int8_210000000, ration[0]=0, ration[1]=0, dfxAddr=0xaaac33370258, dfxSize=176, funcType=0, crossCoreSync=0, kernelVfType=0, shareMemSize=0, minStackSize=0, isSupportFuncEntry=0, functionEntryFlag=128, functionEntry=0.
[INFO] RUNTIME(111294,npu_reader):2026-09-21-12:30:46.582.470 [elf.cc:1076] 111294 UpdateCachedParamInfos: Restore cached param info: kernel_name=mul_Ascend910B4_int8_232010000, ordinal=0, offset=0, size=8.
[INFO] RUNTIME(111294,npu_reader):2026-09-21-12:30:46.582.473 [elf.cc:1076] 111294 UpdateCachedParamInfos: Restore cached param info: kernel_name=mul_Ascend910B4_int8_232010000, ordinal=1, offset=8, size=8.
[INFO] RUNTIME(111294,npu_reader):2026-09-21-12:30:46.582.475 [elf.cc:1076] 111294 UpdateCachedParamInfos: Restore cached param info: kernel_name=mul_Ascend910B4_int8_232010000, ordinal=2, offset=16, size=8.
[INFO] RUNTIME(111294,npu_reader):2026-09-21-12:30:46.582.477 [elf.cc:1076] 111294 UpdateCachedParamInfos: Restore cached param info: kernel_name=mul_Ascend910B4_int8_232010000, ordinal=3, offset=24, size=8.
[INFO] RUNTIME(111294,npu_reader):2026-09-21-12:30:46.582.480 [elf.cc:1145] 111294 UpdateKernelsInfo: update meta info, kernel_name=mul_Ascend910B4_int8_232010000, dfxAddr=0xaaac3336fea4, dfxSize=176, funcType=0, elfDataFlag=1, userArgsNum=0, crossCoreSync=0, kernelVfType=0, shareMemSize=0, minStackSize=0, funcEntryType=0, functionEntry=0, schedMode=0, taskRation_0=0, taskRation_1=0, hasParamSummary=1, paramCount=4, paramTotalSize=32.
[INFO] RUNTIME(111294,npu_reader):2026-09-21-12:30:46.582.483 [elf.cc:1076] 111294 UpdateCachedParamInfos: Restore cached param info: kernel_name=mul_Ascend910B4_int8_232000000, ordinal=0, offset=0, size=8.
[INFO] RUNTIME(111294,npu_reader):2026-09-21-12:30:46.582.485 [elf.cc:1076] 111294 UpdateCachedParamInfos: Restore cached param info: kernel_name=mul_Ascend910B4_int8_232000000, ordinal=1, offset=8, size=8.
[INFO] RUNTIME(111294,npu_reader):2026-09-21-12:30:46.582.488 [elf.cc:1076] 111294 UpdateCachedParamInfos: Restore cached param info: kernel_name=mul_Ascend910B4_int8_232000000, ordinal=2, offset=16, size=8.
[INFO] RUNTIME(111294,npu_reader):2026-09-21-12:30:46.582.490 [elf.cc:1076] 111294 UpdateCachedParamInfos: Restore cached param info: kernel_name=mul_Ascend910B4_int8_232000000, ordinal=3, offset=24, size=8.
[INFO] RUNTIME(111294,npu_reader):2026-09-21-12:30:46.582.493 [elf.cc:1145] 111294 UpdateKernelsInfo: update meta info, kernel_name=mul_Ascend910B4_int8_232000000, dfxAddr=0xaaac3336ff98, dfxSize=176, funcType=0, elfDataFlag=1, userArgsNum=0, crossCoreSync=0, kernelVfType=0, shareMemSize=0, minStackSize=0, funcEntryType=0, functionEntry=0, schedMode=0, taskRation_0=0, taskRation_1=0, hasParamSummary=1, paramCount=4, paramTotalSize=32.
[INFO] RUNTIME(111294,npu_reader):2026-09-21-12:30:46.582.496 [elf.cc:1076] 111294 UpdateCachedParamInfos: Restore cached param info: kernel_name=mul_Ascend910B4_int8_223010000, ordinal=0, offset=0, size=8.
[INFO] RUNTIME(111294,npu_reader):2026-09-21-12:30:46.582.498 [elf.cc:1076] 111294 UpdateCachedParamInfos: Restore cached param info: kernel_name=mul_Ascend910B4_int8_223010000, ordinal=1, offset=8, size=8.
[INFO] RUNTIME(111294,npu_reader):2026-09-21-12:30:46.582.501 [elf.cc:1076] 111294 UpdateCachedParamInfos: Restore cached param info: kernel_name=mul_Ascend910B4_int8_223010000, ordinal=2, offset=16, size=8.
[INFO] RUNTIME(111294,npu_reader):2026-09-21-12:30:46.582.503 [elf.cc:1076] 111294 UpdateCachedParamInfos: Restore cached param info: kernel_name=mul_Ascend910B4_int8_223010000, ordinal=3, offset=24, size=8.
[INFO] RUNTIME(111294,npu_reader):2026-09-21-12:30:46.582.505 [elf.cc:1145] 111294 UpdateKernelsInfo: update meta info, kernel_name=mul_Ascend910B4_int8_223010000, dfxAddr=0xaaac33370048, dfxSize=176, funcType=0, elfDataFlag=1, userArgsNum=0, crossCoreSync=0, kernelVfType=0, shareMemSize=0, minStackSize=0, funcEntryType=0, functionEntry=0, schedMode=0, taskRation_0=0, taskRation_1=0, hasParamSummary=1, paramCount=4, paramTotalSize=32.
[INFO] RUNTIME(111294,npu_reader):2026-09-21-12:30:46.582.508 [elf.cc:1076] 111294 UpdateCachedParamInfos: Restore cached param info: kernel_name=mul_Ascend910B4_int8_223000000, ordinal=0, offset=0, size=8.
[INFO] RUNTIME(111294,npu_reader):2026-09-21-12:30:46.582.511 [elf.cc:1076] 111294 UpdateCachedParamInfos: Restore cached param info: kernel_name=mul_Ascend910B4_int8_223000000, ordinal=1, offset=8, size=8.
[INFO] RUNTIME(111294,npu_reader):2026-09-21-12:30:46.582.513 [elf.cc:1076] 111294 UpdateCachedParamInfos: Restore cached param info: kernel_name=mul_Ascend910B4_int8_223000000, ordinal=2, offset=16, size=8.
[INFO] RUNTIME(111294,npu_reader):2026-09-21-12:30:46.582.515 [elf.cc:1076] 111294 UpdateCachedParamInfos: Restore cached param info: kernel_name=mul_Ascend910B4_int8_223000000, ordinal=3, offset=24, size=8.
[INFO] RUNTIME(111294,npu_reader):2026-09-21-12:30:46.582.517 [elf.cc:1145] 111294 UpdateKernelsInfo: update meta info, kernel_name=mul_Ascend910B4_int8_223000000, dfxAddr=0xaaac333700f8, dfxSize=176, funcType=0, elfDataFlag=1, userArgsNum=0, crossCoreSync=0, kernelVfType=0, shareMemSize=0, minStackSize=0, funcEntryType=0, functionEntry=0, schedMode=0, taskRation_0=0, taskRation_1=0, hasParamSummary=1, paramCount=4, paramTotalSize=32.
[INFO] RUNTIME(111294,npu_reader):2026-09-21-12:30:46.582.521 [elf.cc:1076] 111294 UpdateCachedParamInfos: Restore cached param info: kernel_name=mul_Ascend910B4_int8_210010000, ordinal=0, offset=0, size=8.
[INFO] RUNTIME(111294,npu_reader):2026-09-21-12:30:46.582.523 [elf.cc:1076] 111294 UpdateCachedParamInfos: Restore cached param info: kernel_name=mul_Ascend910B4_int8_210010000, ordinal=1, offset=8, size=8.
[INFO] RUNTIME(111294,npu_reader):2026-09-21-12:30:46.582.525 [elf.cc:1076] 111294 UpdateCachedParamInfos: Restore cached param info: kernel_name=mul_Ascend910B4_int8_210010000, ordinal=2, offset=16, size=8.
[INFO] RUNTIME(111294,npu_reader):2026-09-21-12:30:46.582.527 [elf.cc:1076] 111294 UpdateCachedParamInfos: Restore cached param info: kernel_name=mul_Ascend910B4_int8_210010000, ordinal=3, offset=24, size=8.
[INFO] RUNTIME(111294,npu_reader):2026-09-21-12:30:46.582.530 [elf.cc:1145] 111294 UpdateKernelsInfo: update meta info, kernel_name=mul_Ascend910B4_int8_210010000, dfxAddr=0xaaac333701a8, dfxSize=176, funcType=0, elfDataFlag=1, userArgsNum=0, crossCoreSync=0, kernelVfType=0, shareMemSize=0, minStackSize=0, funcEntryType=0, functionEntry=0, schedMode=0, taskRation_0=0, taskRation_1=0, hasParamSummary=1, paramCount=4, paramTotalSize=32.
[INFO] RUNTIME(111294,npu_reader):2026-09-21-12:30:46.582.534 [elf.cc:1076] 111294 UpdateCachedParamInfos: Restore cached param info: kernel_name=mul_Ascend910B4_int8_210000000, ordinal=0, offset=0, size=8.
[INFO] RUNTIME(111294,npu_reader):2026-09-21-12:30:46.582.536 [elf.cc:1076] 111294 UpdateCachedParamInfos: Restore cached param info: kernel_name=mul_Ascend910B4_int8_210000000, ordinal=1, offset=8, size=8.
[INFO] RUNTIME(111294,npu_reader):2026-09-21-12:30:46.582.538 [elf.cc:1076] 111294 UpdateCachedParamInfos: Restore cached param info: kernel_name=mul_Ascend910B4_int8_210000000, ordinal=2, offset=16, size=8.
[INFO] RUNTIME(111294,npu_reader):2026-09-21-12:30:46.582.540 [elf.cc:1076] 111294 UpdateCachedParamInfos: Restore cached param info: kernel_name=mul_Ascend910B4_int8_210000000, ordinal=3, offset=24, size=8.
[INFO] RUNTIME(111294,npu_reader):2026-09-21-12:30:46.582.543 [elf.cc:1145] 111294 UpdateKernelsInfo: update meta info, kernel_name=mul_Ascend910B4_int8_210000000, dfxAddr=0xaaac33370258, dfxSize=176, funcType=0, elfDataFlag=1, userArgsNum=0, crossCoreSync=0, kernelVfType=0, shareMemSize=0, minStackSize=0, funcEntryType=0, functionEntry=0, schedMode=0, taskRation_0=0, taskRation_1=0, hasParamSummary=1, paramCount=4, paramTotalSize=32.
[INFO] RUNTIME(111294,npu_reader):2026-09-21-12:30:46.582.546 [runtime.cc:1448] 111294 AddProgramToPool: progId=19
[INFO] RUNTIME(111294,npu_reader):2026-09-21-12:30:46.582.549 [program.cc:1649] 111294 GetKernelTypeAndMixType: Get kernel type success, kernelName=mul_Ascend910B4_int8_232010000, funcType=0, kernelAttrType=2, mixType=0
[INFO] RUNTIME(111294,npu_reader):2026-09-21-12:30:46.582.553 [program.cc:1119] 111294 SetKernelAttribute: kernel_name=mul_Ascend910B4_int8_232010000, kernelAttrType=2, userParamNum=0, sysParamNum=1, IsNeedSetFftsAddrInArg=0, isSupportOverFlow=1, elfDataFlag=1
[INFO] RUNTIME(111294,npu_reader):2026-09-21-12:30:46.582.555 [program.cc:1690] 111294 BuildNewKernel: new kernel success, size=1320, programId=19, original kernel_name=mul_Ascend910B4_int8_232010000, register kernel_name=mul_Ascend910B4_int8_232010000, tilingKey=232010000, functionEntry=0, funcType=0, kernelAttrType=2, mixType=0, taskRation=2, offset=0, dfxAddr=187656570338980, dfxSize=176
[INFO] RUNTIME(111294,npu_reader):2026-09-21-12:30:46.582.559 [program.cc:1649] 111294 GetKernelTypeAndMixType: Get kernel type success, kernelName=mul_Ascend910B4_int8_232000000, funcType=0, kernelAttrType=2, mixType=0
[INFO] RUNTIME(111294,npu_reader):2026-09-21-12:30:46.582.562 [program.cc:1119] 111294 SetKernelAttribute: kernel_name=mul_Ascend910B4_int8_232000000, kernelAttrType=2, userParamNum=0, sysParamNum=1, IsNeedSetFftsAddrInArg=0, isSupportOverFlow=1, elfDataFlag=1
[INFO] RUNTIME(111294,npu_reader):2026-09-21-12:30:46.582.565 [program.cc:1690] 111294 BuildNewKernel: new kernel success, size=1320, programId=19, original kernel_name=mul_Ascend910B4_int8_232000000, register kernel_name=mul_Ascend910B4_int8_232000000, tilingKey=232000000, functionEntry=0, funcType=0, kernelAttrType=2, mixType=0, taskRation=2, offset=2680, dfxAddr=187656570339224, dfxSize=176
[INFO] RUNTIME(111294,npu_reader):2026-09-21-12:30:46.582.569 [program.cc:1649] 111294 GetKernelTypeAndMixType: Get kernel type success, kernelName=mul_Ascend910B4_int8_223010000, funcType=0, kernelAttrType=2, mixType=0
[INFO] RUNTIME(111294,npu_reader):2026-09-21-12:30:46.582.572 [program.cc:1119] 111294 SetKernelAttribute: kernel_name=mul_Ascend910B4_int8_223010000, kernelAttrType=2, userParamNum=0, sysParamNum=1, IsNeedSetFftsAddrInArg=0, isSupportOverFlow=1, elfDataFlag=1
[INFO] RUNTIME(111294,npu_reader):2026-09-21-12:30:46.582.574 [program.cc:1690] 111294 BuildNewKernel: new kernel success, size=1320, programId=19, original kernel_name=mul_Ascend910B4_int8_223010000, register kernel_name=mul_Ascend910B4_int8_223010000, tilingKey=223010000, functionEntry=0, funcType=0, kernelAttrType=2, mixType=0, taskRation=2, offset=4244, dfxAddr=187656570339400, dfxSize=176
[INFO] RUNTIME(111294,npu_reader):2026-09-21-12:30:46.582.579 [program.cc:1649] 111294 GetKernelTypeAndMixType: Get kernel type success, kernelName=mul_Ascend910B4_int8_223000000, funcType=0, kernelAttrType=2, mixType=0
[INFO] RUNTIME(111294,npu_reader):2026-09-21-12:30:46.582.582 [program.cc:1119] 111294 SetKernelAttribute: kernel_name=mul_Ascend910B4_int8_223000000, kernelAttrType=2, userParamNum=0, sysParamNum=1, IsNeedSetFftsAddrInArg=0, isSupportOverFlow=1, elfDataFlag=1
[INFO] RUNTIME(111294,npu_reader):2026-09-21-12:30:46.582.584 [program.cc:1690] 111294 BuildNewKernel: new kernel success, size=1320, programId=19, original kernel_name=mul_Ascend910B4_int8_223000000, register kernel_name=mul_Ascend910B4_int8_223000000, tilingKey=223000000, functionEntry=0, funcType=0, kernelAttrType=2, mixType=0, taskRation=2, offset=7016, dfxAddr=187656570339576, dfxSize=176
[INFO] RUNTIME(111294,npu_reader):2026-09-21-12:30:46.582.588 [program.cc:1649] 111294 GetKernelTypeAndMixType: Get kernel type success, kernelName=mul_Ascend910B4_int8_210010000, funcType=0, kernelAttrType=2, mixType=0
[INFO] RUNTIME(111294,npu_reader):2026-09-21-12:30:46.582.591 [program.cc:1119] 111294 SetKernelAttribute: kernel_name=mul_Ascend910B4_int8_210010000, kernelAttrType=2, userParamNum=0, sysParamNum=1, IsNeedSetFftsAddrInArg=0, isSupportOverFlow=1, elfDataFlag=1
[INFO] RUNTIME(111294,npu_reader):2026-09-21-12:30:46.582.593 [program.cc:1690] 111294 BuildNewKernel: new kernel success, size=1320, programId=19, original kernel_name=mul_Ascend910B4_int8_210010000, register kernel_name=mul_Ascend910B4_int8_210010000, tilingKey=210010000, functionEntry=0, funcType=0, kernelAttrType=2, mixType=0, taskRation=2, offset=8484, dfxAddr=187656570339752, dfxSize=176
[INFO] RUNTIME(111294,npu_reader):2026-09-21-12:30:46.582.597 [program.cc:1649] 111294 GetKernelTypeAndMixType: Get kernel type success, kernelName=mul_Ascend910B4_int8_210000000, funcType=0, kernelAttrType=2, mixType=0
[INFO] RUNTIME(111294,npu_reader):2026-09-21-12:30:46.582.600 [program.cc:1119] 111294 SetKernelAttribute: kernel_name=mul_Ascend910B4_int8_210000000, kernelAttrType=2, userParamNum=0, sysParamNum=1, IsNeedSetFftsAddrInArg=0, isSupportOverFlow=1, elfDataFlag=1
[INFO] RUNTIME(111294,npu_reader):2026-09-21-12:30:46.582.603 [program.cc:1690] 111294 BuildNewKernel: new kernel success, size=1320, programId=19, original kernel_name=mul_Ascend910B4_int8_210000000, register kernel_name=mul_Ascend910B4_int8_210000000, tilingKey=210000000, functionEntry=0, funcType=0, kernelAttrType=2, mixType=0, taskRation=2, offset=11164, dfxAddr=187656570339928, dfxSize=176
[INFO] ASCENDCL(111294,npu_reader):2026-09-21-12:30:46.582.611 [acl_rt_impl_base.cpp:206]111294 aclrtGetSocNameImpl: start to execute aclrtGetSocName.
[INFO] ASCENDCL(111294,npu_reader):2026-09-21-12:30:46.582.613 [acl_rt_impl_base.cpp:135]111294 InitSocVersion: get SocVersion success, SocVersion = Ascend910_9362
[INFO] ASCENDCL(111294,npu_reader):2026-09-21-12:30:46.582.616 [acl_rt_impl_base.cpp:213]111294 aclrtGetSocNameImpl: execute aclrtGetSocName successfully
[INFO] HCCL(111294,npu_reader):2026-09-21-12:30:46.582.618 [legacy_common.cc:30] [111294]get soc name[Ascend910_9362] [Ascend910_9362]
[INFO] HCCL(111294,npu_reader):2026-09-21-12:30:46.582.624 [tbe_crack_cleared.cc:40] [111294]TbeCrackCleard Init get device type[4]
[INFO] HCCL(111294,npu_reader):2026-09-21-12:30:46.582.630 [tbe_vector_reduce.cc:424] [111294]op binary file path[/usr/local/Ascend/cann-9.1.0/lib64]
[INFO] HCCL(111294,npu_reader):2026-09-21-12:30:46.582.632 [tbe_common.cc:39] [111294]tbe task init success.deviceLogicId[2]
[INFO] HCCL(111294,npu_reader):2026-09-21-12:30:46.582.640 [dispatcher.cc:190] [111294][GetNotifyMaxWaitTime] notifyMaxWaitTime_ is 2147483647s
[INFO] HCCL(111294,npu_reader):2026-09-21-12:30:46.582.655 [hccl_dispatcher_ctx.cc:71] [111294][BindDispatcherCtxWithComm] ctx[0xaaac331f0170] bind commId[hcomm_roce_ch_0xaaac331ffb30] success
[INFO] HCCL(111294,npu_reader):2026-09-21-12:30:46.582.659 [hccl_dispatcher_ctx.cc:106] [111294][CreateCtx] CTX create success, ctx[0xaaac331f0170] commId[hcomm_roce_ch_0xaaac331ffb30]
[INFO] HCCL(111294,npu_reader):2026-09-21-12:30:46.582.695 [notify_pool_impl.cc:214] [111294]RegisterOp hasAlltoAll[0]
[INFO] HCCL(111294,npu_reader):2026-09-21-12:30:46.582.713 [notify_pool_impl.cc:231] [111294]register op[hcomm_roce_ch_0xaaac331ffb30] to the notify pool success.
[INFO] HCCL(111294,npu_reader):2026-09-21-12:30:46.582.756 [aicpu_ts_roce_channel.cc:365] [111294][AicpuTsRoceChannel][client] Transport Init start
[INFO] HCCL(111294,npu_reader):2026-09-21-12:30:46.582.763 [transport_ibverbs.cc:186] [111294]machineType=[1], serverId=[], localDeviceId=[2], remoteDeviceId=[0], localRank=[4294967295], localUserRank=[4294967295], remoteRank=[4294967295], remoteUserrank=[4294967295], deviceType=[4], inputMem=[(nil)], outputMem=[(nil)], isAicpuModeEn[1], notifyNum[0], isIndOp[1], custom exchange data size [0], drainEnable[1]
[INFO] HCCL(111294,npu_reader):2026-09-21-12:30:46.582.775 [transport_ibverbs.cc:222] [111294]localDeviceType=[4], remoteDeviceType=[4]
[INFO] HCCL(111294,npu_reader):2026-09-21-12:30:46.582.779 [network_manager.cc:72] [111294]NetworkManager::GetInstance deviceLogicID[2].
[INFO] HCCL(111294,npu_reader):2026-09-21-12:30:46.582.785 [transport_ibverbs.cc:230] [111294]current work mode is [1]
[INFO] HCCL(111294,npu_reader):2026-09-21-12:30:46.582.794 [transport_ibverbs.cc:2756] [111294][Hybrid][TransportIbverbs] Starting capability exchange
[INFO] HCCL(111294,npu_reader):2026-09-21-12:30:46.582.934 [transport_ibverbs.cc:2767] [111294][Hybrid][TransportIbverbs] Sent capability, version=1
[INFO] HCCL(111294,npu_reader):2026-09-21-12:30:46.583.043 [transport_ibverbs.cc:2807] [111294][Hybrid][TransportIbverbs]Exchange mode success, Remote is HostCpuRoceChannel
[INFO] HCCL(111294,npu_reader):2026-09-21-12:30:46.583.061 [adapter_hccp.cc:2075] [111294][ConstructQpAttrs][qpDepth]sendCqDepth[2048], recvCqDepth[4294967295], sqDepth[2048], rqDepth[4294967295]
[INFO] HCCL(111294,npu_reader):2026-09-21-12:30:46.583.066 [adapter_hccp.cc:2116] [111294][ConstructQpAttrs][attr]sendCqDepth[2048], recvCqDepth[128], max_send_wr[2048], max_recv_wr[128]
[INFO] HCCL(111294,npu_reader):2026-09-21-12:30:46.583.074 [adapter_hccp.cc:1940] [111294]hrtRaGetInterfaceVersion phyId[2], opCode[68], version[3]
[INFO] HCCP(111294,npu_reader):2026-09-21-12:30:46.583.081 [ra_host.c:1229]tid:111294,RaAiQpCreate : Input parameters: phyId[2] qp_mode[4] cq_attr{2048,0,128,0} cqCstm[0] qpAttr.cap{2048,128,1,1,32} qp_type[2] sqSigAll[0]
[INFO] HCCL(111294,npu_reader):2026-09-21-12:30:46.585.585 [adapter_hccp.cc:2449] [111294][SetQpAttrQos]set qp qos success by config, TC[0] SL[0]
[INFO] HCCL(111294,npu_reader):2026-09-21-12:30:46.585.739 [adapter_hccp.cc:2453] [111294][SetQpAttrQos]rdmaTrafficClass[0], rdmaServerLevel[0].
[INFO] HCCL(111294,npu_reader):2026-09-21-12:30:46.585.858 [adapter_hccp.cc:2462] [111294][SetQpAttrTimeOut]rdmaTimeOut[20].
[INFO] HCCL(111294,npu_reader):2026-09-21-12:30:46.585.971 [adapter_hccp.cc:2471] [111294][SetQpAttrRetryCnt]rdmaRetryCnt[7].
[INFO] RUNTIME(111294,npu_reader):2026-09-21-12:30:46.586.009 [api_impl.cc:7894] 111294 DevMalloc: size=2097152, advise=0,type=0x402,moduleId=3.
[INFO] RUNTIME(111294,npu_reader):2026-09-21-12:30:46.586.015 [api_impl.cc:7904] 111294 DevMalloc: type=0x402.
[INFO] RUNTIME(111294,npu_reader):2026-09-21-12:30:46.586.105 [api_error.cc:5978] 111294 DevMalloc: device malloc, size=2097152(bytes), start ptr=0x12c081200000, end ptr=0x12c081400000
[INFO] HCCL(111294,npu_reader):2026-09-21-12:30:46.586.111 [adapter_rts.cc:662] [111294]Malloc DevMem para: deviceId[2] devPtr[0x12c081200000] size[2097152 Byte] level2Address[0]
[INFO] ASCENDCL(111294,npu_reader):2026-09-21-12:30:46.586.123 [model_ri.cpp:135]111294 aclmdlRICaptureThreadExchangeModeImpl: start to execute aclmdlRICaptureThreadExchangeMode, input mode is 2
[INFO] ASCENDCL(111294,npu_reader):2026-09-21-12:30:46.586.134 [model_ri.cpp:141]111294 aclmdlRICaptureThreadExchangeModeImpl: successfully execute aclmdlRICaptureThreadExchangeMode, output mode is 0
[INFO] ASCENDCL(111294,npu_reader):2026-09-21-12:30:46.586.177 [model_ri.cpp:135]111294 aclmdlRICaptureThreadExchangeModeImpl: start to execute aclmdlRICaptureThreadExchangeMode, input mode is 0
[INFO] ASCENDCL(111294,npu_reader):2026-09-21-12:30:46.586.180 [model_ri.cpp:141]111294 aclmdlRICaptureThreadExchangeModeImpl: successfully execute aclmdlRICaptureThreadExchangeMode, output mode is 2
[INFO] HCCL(111294,npu_reader):2026-09-21-12:30:46.586.478 [adapter_hccp.cc:1940] [111294]hrtRaGetInterfaceVersion phyId[2], opCode[14], version[2]
[INFO] HCCL(111294,npu_reader):2026-09-21-12:30:46.586.592 [notify_pool_impl.cc:372] [111294]GetNotifyResIdx tag[hcomm_roce_ch_0xaaac331ffb30], offsetAlignSize[4294967295], res[0]
[INFO] HCCL(111294,npu_reader):2026-09-21-12:30:46.586.597 [notify_pool_impl.cc:464] [111294][NotifyPoolImpl][Alloc]notifyResIdx[0], tag[hcomm_roce_ch_0xaaac331ffb30], remote[4294967295], deviceId[2], type[1], offsetAlignSize[4294967295]
[INFO] ASCENDCL(111294,npu_reader):2026-09-21-12:30:46.586.619 [notify.cpp:28]111294 aclrtCreateNotifyImpl: start to execute aclrtCreateNotify, flag is [1]
[INFO] RUNTIME(111294,npu_reader):2026-09-21-12:30:46.586.632 [api_impl.cc:4513] 111294 NotifyCreate: Notify create.
[INFO] RUNTIME(111294,npu_reader):2026-09-21-12:30:46.586.647 [notify.cc:108] 111294 Setup: notify_flag=1
[INFO] RUNTIME(111294,npu_reader):2026-09-21-12:30:46.586.652 [npu_driver_res.cc:1357] 111294 NotifyIdAlloc: notify id alloc begin, device_id=2, ts_id=0, remote_notify_id=32, type=3.
[INFO] DRV(111294,npu_reader):2026-09-21-12:30:46.586.681 [trs_master_event.c:58][ascend][curpid:111294,111294][drv][tsdrv][trsGetDevPid]Query devpid succ. (devId=2; vfid=0; hostpid=111294; proc_type=0; devpid=31765).
[INFO] RUNTIME(111294,npu_reader):2026-09-21-12:30:46.600.655 [npu_driver_res.cc:1368] 111294 NotifyIdAlloc: notify id alloc end, device_id=2, ts_id=0, notify_id=55, notify_flag=1
[INFO] RUNTIME(111294,npu_reader):2026-09-21-12:30:46.600.666 [api_error.cc:3594] 111294 NotifyCreate: notify create success
[INFO] ASCENDCL(111294,npu_reader):2026-09-21-12:30:46.600.671 [notify.cpp:33]111294 aclrtCreateNotifyImpl: successfully execute aclrtCreateNotify
[INFO] ASCENDCL(111294,npu_reader):2026-09-21-12:30:46.600.681 [notify.cpp:73]111294 aclrtGetNotifyIdImpl: start to execute aclrtGetNotifyId
[INFO] RUNTIME(111294,npu_reader):2026-09-21-12:30:46.600.691 [api_impl.cc:4661] 111294 GetNotifyID: Get notify id.
[INFO] ASCENDCL(111294,npu_reader):2026-09-21-12:30:46.600.696 [notify.cpp:79]111294 aclrtGetNotifyIdImpl: successfully execute aclrtGetNotifyId
[INFO] HCCL(111294,npu_reader):2026-09-21-12:30:46.600.699 [adapter_rts.cc:2346] [111294]Create Notify para: deviceId[2] notifyId[55]
[INFO] ASCENDCL(111294,npu_reader):2026-09-21-12:30:46.600.703 [notify.cpp:73]111294 aclrtGetNotifyIdImpl: start to execute aclrtGetNotifyId
[INFO] RUNTIME(111294,npu_reader):2026-09-21-12:30:46.600.706 [api_impl.cc:4661] 111294 GetNotifyID: Get notify id.
[INFO] ASCENDCL(111294,npu_reader):2026-09-21-12:30:46.600.708 [notify.cpp:79]111294 aclrtGetNotifyIdImpl: successfully execute aclrtGetNotifyId
[INFO] RUNTIME(111294,npu_reader):2026-09-21-12:30:46.600.714 [api_impl.cc:4671] 111294 GetNotifyPhyInfo: get phy info.
[INFO] RUNTIME(111294,npu_reader):2026-09-21-12:30:46.600.718 [api_impl.cc:4682] 111294 GetNotifyPhyInfo: notify_id=55, phyId=2 flag=0x0.
[INFO] RUNTIME(111294,npu_reader):2026-09-21-12:30:46.600.721 [api_impl.cc:4671] 111294 GetNotifyPhyInfo: get phy info.
[INFO] RUNTIME(111294,npu_reader):2026-09-21-12:30:46.600.723 [api_impl.cc:4682] 111294 GetNotifyPhyInfo: notify_id=55, phyId=2 flag=0x0.
[INFO] HCCL(111294,npu_reader):2026-09-21-12:30:46.600.753 [notify_pool_impl.cc:450] [111294]create one notify in notify pool(no ipc):tag[Dev_hcomm_roce_ch_0xaaac331ffb30] remote[4294967295] total[1].
[INFO] HCCL(111294,npu_reader):2026-09-21-12:30:46.600.758 [notify_pool_impl.cc:455] [111294]notify pool no ipc alloc: tag[Dev_hcomm_roce_ch_0xaaac331ffb30] remote[4294967295] used[1]
[INFO] HCCL(111294,npu_reader):2026-09-21-12:30:46.600.767 [transport_ibverbs.cc:1890] [111294]CreateNotifyBuffer notifyBaseVa=0x12c180000000, notifyTotalSize=0x100000, offset=0xdc, notifyVa=0x12c1800000dc machineType=1, notify=(nil), notifyType=2, notifyId=55, offsetAlignSize[4294967295]
[INFO] HCCL(111294,npu_reader):2026-09-21-12:30:46.601.122 [transport_ibverbs.cc:2097] [111294]GetRemoteAddr success: memType=2, addr=0xaaaaf92e2a00 len=4, notifyId=1
[INFO] HCCL(111294,npu_reader):2026-09-21-12:30:46.601.126 [transport_ibverbs.cc:2097] [111294]GetRemoteAddr success: memType=6, addr=0xaaaaf92e2a20 len=4, notifyId=6
[INFO] HCCL(111294,npu_reader):2026-09-21-12:30:46.601.132 [transport_ibverbs.cc:530] [111294]atomic write enable only when both the local and remote support, local[0], remote[0], result[0]
[INFO] HCCL(111294,npu_reader):2026-09-21-12:30:46.601.384 [transport_ibverbs.cc:836] [111294]In link ibv, waiting for qp status ready...
[INFO] HCCL(111294,npu_reader):2026-09-21-12:30:46.605.765 [transport_ibverbs.cc:847] [111294]In link ibv, 1 of 1 QP get status success.
[INFO] HCCL(111294,npu_reader):2026-09-21-12:30:46.605.769 [transport_ibverbs.cc:822] [111294]In link ibv, qp status has ready
[INFO] HCCL(111294,npu_reader):2026-09-21-12:30:46.605.773 [transport_ibverbs.cc:237] [111294]linkexp initialization success,Time:23005 us
[INFO] HCCL(111294,npu_reader):2026-09-21-12:30:46.605.783 [transport_ibverbs.cc:256] [111294]create hccl transport:communicator[hcomm_roce_ch_0xaaac331ffb30], local rank[4294967295], ip[20.168.0.3], remote rank[4294967295], ip[20.168.0.19], transporttype[ROCE], rdma qpn[122], rdma qp sport[50834], rdma TC[0], rdma SL[0]
[INFO] HCCL(111294,npu_reader):2026-09-21-12:30:46.605.787 [aicpu_ts_roce_channel.cc:389] [111294][AicpuTsRoceChannel][client] BuildDispatcherAndTransport done, transport inited
[INFO] HCCL(111294,npu_reader):2026-09-21-12:30:46.605.791 [aicpu_ts_roce_channel.cc:399] [111294][AicpuTsRoceChannel][client] Init success
[INFO] HCCL(111294,npu_reader):2026-09-21-12:30:46.605.796 [channel_process.cc:94] [111294]CreateChannelsLoop deviceId[2], handle[0xaaac331ffb30], ptr[0xaaac331ffb30]
[INFO] HCCL(111294,npu_reader):2026-09-21-12:30:46.605.895 [base_config.cc:21][111294][HCCL_ENV] HCCL_IF_IP set by default to [IpAddress[0000:0000:0000:0000:0000:0000:0000:0000, AF=IPv4, addr=0.0.0.0]]
[INFO] HCCL(111294,npu_reader):2026-09-21-12:30:46.605.900 [base_config.cc:25][111294][HCCL_ENV] HCCL_IF_BASE_PORT set by default to [65536]
[INFO] HCCL(111294,npu_reader):2026-09-21-12:30:46.605.909 [base_config.cc:29][111294][HCCL_ENV] HCCL_SOCKET_IFNAME set by default to []
[INFO] HCCL(111294,npu_reader):2026-09-21-12:30:46.605.915 [base_config.cc:33][111294][HCCL_ENV] HCCL_WHITELIST_DISABLE set by environment to [0]
[INFO] HCCL(111294,npu_reader):2026-09-21-12:30:46.605.920 [base_config.cc:38][111294][HCCL_ENV] HCCL_WHITELIST_FILE set by default to []
[INFO] HCCL(111294,npu_reader):2026-09-21-12:30:46.605.932 [base_config.cc:47][111294][HCCL_ENV] HCCL_HOST_SOCKET_PORT_RANGE set by default to 
[INFO] HCCL(111294,npu_reader):2026-09-21-12:30:46.605.936 [base_config.cc:55][111294][HCCL_ENV] HCCL_NPU_SOCKET_PORT_RANGE set by default to 
[INFO] HCCL(111294,npu_reader):2026-09-21-12:30:46.605.944 [base_config.cc:99][111294][HCCL_ENV] HCCL_SOCKET_FAMILY set by default to [-1]
[INFO] HCCL(111294,npu_reader):2026-09-21-12:30:46.605.967 [base_config.cc:103][111294][HCCL_ENV] HCCL_CONNECT_TIMEOUT set by environment to [120]s
[INFO] HCCL(111294,npu_reader):2026-09-21-12:30:46.605.975 [base_config.cc:123][111294][HCCL_ENV] HCCL_EXEC_TIMEOUT set by default to [1836]s
[INFO] HCCL(111294,npu_reader):2026-09-21-12:30:46.605.979 [base_config.cc:142][111294][HCCL_ENV] HCCL_RDMA_TC set by default to [132]
[INFO] HCCL(111294,npu_reader):2026-09-21-12:30:46.605.983 [base_config.cc:146][111294][HCCL_ENV] HCCL_RDMA_SL set by default to [4]
[INFO] HCCL(111294,npu_reader):2026-09-21-12:30:46.605.986 [base_config.cc:150][111294][HCCL_ENV] HCCL_RDMA_TIMEOUT set by default to [20]
[INFO] HCCL(111294,npu_reader):2026-09-21-12:30:46.605.991 [base_config.cc:154][111294][HCCL_ENV] HCCL_RDMA_RETRY_CNT set by default to [7]
[INFO] HCCL(111294,npu_reader):2026-09-21-12:30:46.605.995 [base_config.cc:158][111294][HCCL_ENV] HCCL_UBOE_TIMEOUT set by default to [16]
[INFO] HCCL(111294,npu_reader):2026-09-21-12:30:46.605.998 [base_config.cc:162][111294][HCCL_ENV] HCCL_UB_TIMEOUT set by default to [8]
[INFO] HCCL(111294,npu_reader):2026-09-21-12:30:46.606.001 [base_config.cc:166][111294][HCCL_ENV] HCCL_RDMA_QPS_PER_CONNECTION set by default to [1]
[INFO] HCCL(111294,npu_reader):2026-09-21-12:30:46.606.005 [base_config.cc:170][111294][HCCL_ENV] HCCL_MULTI_QP_THRESHOLD set by default to [512]B
[INFO] HCCL(111294,npu_reader):2026-09-21-12:30:46.606.009 [base_config.cc:218][111294][HCCL_ENV] PRIM_QUEUE_GEN_NAME set by default to []
[INFO] HCCL(111294,npu_reader):2026-09-21-12:30:46.606.015 [base_config.cc:232][111294][HCCL_ENV] HCCL_ALGO set by default to []
[INFO] HCCL(111294,npu_reader):2026-09-21-12:30:46.606.019 [base_config.cc:236][111294][HCCL_ENV] HCCL_BUFFSIZE set by default to [209715200]B
[INFO] HCCL(111294,npu_reader):2026-09-21-12:30:46.606.034 [base_config.cc:240][111294][HCCL_ENV] HCCL_OP_EXPANSION_MODE set by default to [HcclAccelerator::AICPU_TS]
[INFO] HCCL(111294,npu_reader):2026-09-21-12:30:46.606.037 [base_config.cc:268][111294][HCCL_ENV] HCCL_ENTRY_LOG_ENABLE set by default to [0]
[INFO] HCCL(111294,npu_reader):2026-09-21-12:30:46.606.094 [env_func.cc:700][111294][CannVersion][Verification]cann version path /usr/local/Ascend/nnal/atb/latest/version.cfg is not a valid real path
[INFO] HCCL(111294,npu_reader):2026-09-21-12:30:46.606.100 [base_config.cc:272][111294][HCCL_ENV] LD_LIBRARY_PATH set by environment to []
[INFO] HCCL(111294,npu_reader):2026-09-21-12:30:46.606.105 [base_config.cc:276][111294][HCCL_ENV] HCCL_DFS_CONFIG task_exception set by default to [1], cluster_heartbeat set by default to [1], rankConsistentState set by default to [0]
[INFO] HCCL(111294,npu_reader):2026-09-21-12:30:46.606.116 [base_config.cc:302][111294][HCCL_ENV] HCCL_DETOUR set by default to [HcclDetourType::HCCL_DETOUR_DISABLE]
[INFO] HCCL(111294,npu_reader):2026-09-21-12:30:46.606.126 [channel_process.cc:234] [111294][ConnectChannels] SUCCESS.
[INFO] HCCL(111294,npu_reader):2026-09-21-12:30:46.606.159 [launch_device.cc:33] [111294][LoadBinaryFromFile]realPath: /usr/local/Ascend/cann-9.1.0/opp/built-in/op_impl/aicpu/config/ccl_kernel.json
[INFO] ASCENDCL(111294,npu_reader):2026-09-21-12:30:46.606.175 [kernel.cpp:144]111294 aclrtBinaryLoadFromFileImpl: start to execute aclrtBinaryLoadFromFile, binPath[/usr/local/Ascend/cann-9.1.0/opp/built-in/op_impl/aicpu/config/ccl_kernel.json]
[INFO] RUNTIME(111294,npu_reader):2026-09-21-12:30:46.606.198 [binary_loader.cc:395] 111294 ParseJsonAndRegisterCpuKernel: New PlainProgram ok, Runtime_alloc_size 11048
[INFO] RUNTIME(111294,npu_reader):2026-09-21-12:30:46.606.567 [runtime.cc:1448] 111294 AddProgramToPool: progId=20
[INFO] HCCL(111294,npu_reader):2026-09-21-12:30:46.606.611 [channel_process.cc:573] [111294][LaunchChannelKernel] listNum[1]
[INFO] HCCL(111294,npu_reader):2026-09-21-12:30:46.606.616 [channel_process.cc:535] [111294][LaunchCommonChannelKernel] listNum[1] HcommChannelRes path
[INFO] HCCL(111294,npu_reader):2026-09-21-12:30:46.606.633 [aicpu_ts_roce_channel.cc:528] [111294][AicpuTsRoceChannel][client] Serialize start
[INFO] HCCL(111294,npu_reader):2026-09-21-12:30:46.606.641 [aicpu_ts_roce_mem.cc:394] [111294][AicpuTsRoceRegedMemMgr][GetAllMemDetails][local][0] addr[0x12c0c0014000] devAddr[0x12c0c0014000] size[4096] key[512]
[INFO] HCCL(111294,npu_reader):2026-09-21-12:30:46.606.647 [adapter_hccp.cc:1940] [111294]hrtRaGetInterfaceVersion phyId[2], opCode[14], version[2]
[INFO] HCCL(111294,npu_reader):2026-09-21-12:30:46.606.756 [aicpu_ts_roce_mem.cc:415] [111294][AicpuTsRoceRegedMemMgr][GetAllMemDetails][local][notify] addr[0x12c180000000] devAddr[0x12c180000000] size[1048576] key[256]
[INFO] HCCL(111294,npu_reader):2026-09-21-12:30:46.606.761 [aicpu_ts_roce_mem.cc:442] [111294][AicpuTsRoceRegedMemMgr][GetAllMemDetails][remote][0] addr[0xaaaaf92df000] devAddr[0xaaaaf92df000] size[4096] key[34585]
[INFO] HCCL(111294,npu_reader):2026-09-21-12:30:46.606.766 [aicpu_ts_roce_mem.cc:457] [111294][AicpuTsRoceRegedMemMgr][GetAllMemDetails] summary localCnt[2] remoteCnt[1] remoteMgrCnt[1]
[INFO] RUNTIME(111294,npu_reader):2026-09-21-12:30:46.606.780 [api_impl.cc:7894] 111294 DevMalloc: size=760, advise=0,type=0x402,moduleId=3.
[INFO] RUNTIME(111294,npu_reader):2026-09-21-12:30:46.606.783 [api_impl.cc:7904] 111294 DevMalloc: type=0x402.
[INFO] RUNTIME(111294,npu_reader):2026-09-21-12:30:46.606.790 [api_error.cc:5978] 111294 DevMalloc: device malloc, size=760(bytes), start ptr=0x12c0c0016000, end ptr=0x12c0c00162f8
[INFO] HCCL(111294,npu_reader):2026-09-21-12:30:46.606.793 [adapter_rts.cc:662] [111294]Malloc DevMem para: deviceId[2] devPtr[0x12c0c0016000] size[760 Byte] level2Address[0]
[INFO] RUNTIME(111294,npu_reader):2026-09-21-12:30:46.606.798 [api_impl.cc:7894] 111294 DevMalloc: size=64, advise=0,type=0x402,moduleId=3.
[INFO] RUNTIME(111294,npu_reader):2026-09-21-12:30:46.606.800 [api_impl.cc:7904] 111294 DevMalloc: type=0x402.
[INFO] RUNTIME(111294,npu_reader):2026-09-21-12:30:46.606.804 [api_error.cc:5978] 111294 DevMalloc: device malloc, size=64(bytes), start ptr=0x12c0c0017000, end ptr=0x12c0c0017040
[INFO] HCCL(111294,npu_reader):2026-09-21-12:30:46.606.807 [adapter_rts.cc:662] [111294]Malloc DevMem para: deviceId[2] devPtr[0x12c0c0017000] size[64 Byte] level2Address[0]
[INFO] ASCENDCL(111294,npu_reader):2026-09-21-12:30:46.606.810 [model_ri.cpp:135]111294 aclmdlRICaptureThreadExchangeModeImpl: start to execute aclmdlRICaptureThreadExchangeMode, input mode is 2
[INFO] ASCENDCL(111294,npu_reader):2026-09-21-12:30:46.606.815 [model_ri.cpp:141]111294 aclmdlRICaptureThreadExchangeModeImpl: successfully execute aclmdlRICaptureThreadExchangeMode, output mode is 0
[INFO] ASCENDCL(111294,npu_reader):2026-09-21-12:30:46.606.839 [model_ri.cpp:135]111294 aclmdlRICaptureThreadExchangeModeImpl: start to execute aclmdlRICaptureThreadExchangeMode, input mode is 0
[INFO] ASCENDCL(111294,npu_reader):2026-09-21-12:30:46.606.843 [model_ri.cpp:141]111294 aclmdlRICaptureThreadExchangeModeImpl: successfully execute aclmdlRICaptureThreadExchangeMode, output mode is 2
[INFO] RUNTIME(111294,npu_reader):2026-09-21-12:30:46.606.846 [api_impl.cc:7894] 111294 DevMalloc: size=32, advise=0,type=0x402,moduleId=3.
[INFO] RUNTIME(111294,npu_reader):2026-09-21-12:30:46.606.848 [api_impl.cc:7904] 111294 DevMalloc: type=0x402.
[INFO] RUNTIME(111294,npu_reader):2026-09-21-12:30:46.606.852 [api_error.cc:5978] 111294 DevMalloc: device malloc, size=32(bytes), start ptr=0x12c0c0018000, end ptr=0x12c0c0018020
[INFO] HCCL(111294,npu_reader):2026-09-21-12:30:46.606.855 [adapter_rts.cc:662] [111294]Malloc DevMem para: deviceId[2] devPtr[0x12c0c0018000] size[32 Byte] level2Address[0]
[INFO] ASCENDCL(111294,npu_reader):2026-09-21-12:30:46.606.857 [model_ri.cpp:135]111294 aclmdlRICaptureThreadExchangeModeImpl: start to execute aclmdlRICaptureThreadExchangeMode, input mode is 2
[INFO] ASCENDCL(111294,npu_reader):2026-09-21-12:30:46.606.860 [model_ri.cpp:141]111294 aclmdlRICaptureThreadExchangeModeImpl: successfully execute aclmdlRICaptureThreadExchangeMode, output mode is 0
[INFO] ASCENDCL(111294,npu_reader):2026-09-21-12:30:46.606.874 [model_ri.cpp:135]111294 aclmdlRICaptureThreadExchangeModeImpl: start to execute aclmdlRICaptureThreadExchangeMode, input mode is 0
[INFO] ASCENDCL(111294,npu_reader):2026-09-21-12:30:46.606.878 [model_ri.cpp:141]111294 aclmdlRICaptureThreadExchangeModeImpl: successfully execute aclmdlRICaptureThreadExchangeMode, output mode is 2
[INFO] ASCENDCL(111294,npu_reader):2026-09-21-12:30:46.606.890 [model_ri.cpp:135]111294 aclmdlRICaptureThreadExchangeModeImpl: start to execute aclmdlRICaptureThreadExchangeMode, input mode is 2
[INFO] ASCENDCL(111294,npu_reader):2026-09-21-12:30:46.606.893 [model_ri.cpp:141]111294 aclmdlRICaptureThreadExchangeModeImpl: successfully execute aclmdlRICaptureThreadExchangeMode, output mode is 0
[INFO] ASCENDCL(111294,npu_reader):2026-09-21-12:30:46.606.909 [model_ri.cpp:135]111294 aclmdlRICaptureThreadExchangeModeImpl: start to execute aclmdlRICaptureThreadExchangeMode, input mode is 0
[INFO] ASCENDCL(111294,npu_reader):2026-09-21-12:30:46.606.912 [model_ri.cpp:141]111294 aclmdlRICaptureThreadExchangeModeImpl: successfully execute aclmdlRICaptureThreadExchangeMode, output mode is 2
[INFO] HCCL(111294,npu_reader):2026-09-21-12:30:46.606.920 [aicpu_ts_roce_channel.cc:564] [111294][AicpuTsRoceChannel][client] Serialize done qpNum[1] localMem[2] remoteMem[1]
[INFO] RUNTIME(111294,npu_reader):2026-09-21-12:30:46.606.926 [api_impl.cc:7894] 111294 DevMalloc: size=8, advise=0,type=0x402,moduleId=3.
[INFO] RUNTIME(111294,npu_reader):2026-09-21-12:30:46.606.928 [api_impl.cc:7904] 111294 DevMalloc: type=0x402.
[INFO] RUNTIME(111294,npu_reader):2026-09-21-12:30:46.606.932 [api_error.cc:5978] 111294 DevMalloc: device malloc, size=8(bytes), start ptr=0x12c0c0019000, end ptr=0x12c0c0019008
[INFO] HCCL(111294,npu_reader):2026-09-21-12:30:46.606.935 [adapter_rts.cc:662] [111294]Malloc DevMem para: deviceId[2] devPtr[0x12c0c0019000] size[8 Byte] level2Address[0]
[INFO] RUNTIME(111294,npu_reader):2026-09-21-12:30:46.606.938 [api_impl.cc:7894] 111294 DevMalloc: size=8, advise=0,type=0x402,moduleId=3.
[INFO] RUNTIME(111294,npu_reader):2026-09-21-12:30:46.606.940 [api_impl.cc:7904] 111294 DevMalloc: type=0x402.
[INFO] RUNTIME(111294,npu_reader):2026-09-21-12:30:46.606.944 [api_error.cc:5978] 111294 DevMalloc: device malloc, size=8(bytes), start ptr=0x12c0c001a000, end ptr=0x12c0c001a008
[INFO] HCCL(111294,npu_reader):2026-09-21-12:30:46.606.947 [adapter_rts.cc:662] [111294]Malloc DevMem para: deviceId[2] devPtr[0x12c0c001a000] size[8 Byte] level2Address[0]
[INFO] RUNTIME(111294,npu_reader):2026-09-21-12:30:46.606.950 [api_impl.cc:7894] 111294 DevMalloc: size=4, advise=0,type=0x402,moduleId=3.
[INFO] RUNTIME(111294,npu_reader):2026-09-21-12:30:46.606.952 [api_impl.cc:7904] 111294 DevMalloc: type=0x402.
[INFO] RUNTIME(111294,npu_reader):2026-09-21-12:30:46.606.956 [api_error.cc:5978] 111294 DevMalloc: device malloc, size=4(bytes), start ptr=0x12c0c001b000, end ptr=0x12c0c001b004
[INFO] HCCL(111294,npu_reader):2026-09-21-12:30:46.606.958 [adapter_rts.cc:662] [111294]Malloc DevMem para: deviceId[2] devPtr[0x12c0c001b000] size[4 Byte] level2Address[0]
[INFO] ASCENDCL(111294,npu_reader):2026-09-21-12:30:46.606.961 [model_ri.cpp:135]111294 aclmdlRICaptureThreadExchangeModeImpl: start to execute aclmdlRICaptureThreadExchangeMode, input mode is 2
[INFO] ASCENDCL(111294,npu_reader):2026-09-21-12:30:46.606.963 [model_ri.cpp:141]111294 aclmdlRICaptureThreadExchangeModeImpl: successfully execute aclmdlRICaptureThreadExchangeMode, output mode is 0
[INFO] ASCENDCL(111294,npu_reader):2026-09-21-12:30:46.606.977 [model_ri.cpp:135]111294 aclmdlRICaptureThreadExchangeModeImpl: start to execute aclmdlRICaptureThreadExchangeMode, input mode is 0
[INFO] ASCENDCL(111294,npu_reader):2026-09-21-12:30:46.606.980 [model_ri.cpp:141]111294 aclmdlRICaptureThreadExchangeModeImpl: successfully execute aclmdlRICaptureThreadExchangeMode, output mode is 2
[INFO] ASCENDCL(111294,npu_reader):2026-09-21-12:30:46.606.983 [model_ri.cpp:135]111294 aclmdlRICaptureThreadExchangeModeImpl: start to execute aclmdlRICaptureThreadExchangeMode, input mode is 2
[INFO] ASCENDCL(111294,npu_reader):2026-09-21-12:30:46.606.985 [model_ri.cpp:141]111294 aclmdlRICaptureThreadExchangeModeImpl: successfully execute aclmdlRICaptureThreadExchangeMode, output mode is 0
[INFO] ASCENDCL(111294,npu_reader):2026-09-21-12:30:46.606.998 [model_ri.cpp:135]111294 aclmdlRICaptureThreadExchangeModeImpl: start to execute aclmdlRICaptureThreadExchangeMode, input mode is 0
[INFO] ASCENDCL(111294,npu_reader):2026-09-21-12:30:46.607.001 [model_ri.cpp:141]111294 aclmdlRICaptureThreadExchangeModeImpl: successfully execute aclmdlRICaptureThreadExchangeMode, output mode is 2
[INFO] ASCENDCL(111294,npu_reader):2026-09-21-12:30:46.607.003 [model_ri.cpp:135]111294 aclmdlRICaptureThreadExchangeModeImpl: start to execute aclmdlRICaptureThreadExchangeMode, input mode is 2
[INFO] ASCENDCL(111294,npu_reader):2026-09-21-12:30:46.607.013 [model_ri.cpp:141]111294 aclmdlRICaptureThreadExchangeModeImpl: successfully execute aclmdlRICaptureThreadExchangeMode, output mode is 0
[INFO] ASCENDCL(111294,npu_reader):2026-09-21-12:30:46.607.027 [model_ri.cpp:135]111294 aclmdlRICaptureThreadExchangeModeImpl: start to execute aclmdlRICaptureThreadExchangeMode, input mode is 0
[INFO] ASCENDCL(111294,npu_reader):2026-09-21-12:30:46.607.030 [model_ri.cpp:141]111294 aclmdlRICaptureThreadExchangeModeImpl: successfully execute aclmdlRICaptureThreadExchangeMode, output mode is 2
[INFO] RUNTIME(111294,npu_reader):2026-09-21-12:30:46.607.033 [api_impl.cc:7894] 111294 DevMalloc: size=8, advise=0,type=0x402,moduleId=3.
[INFO] RUNTIME(111294,npu_reader):2026-09-21-12:30:46.607.036 [api_impl.cc:7904] 111294 DevMalloc: type=0x402.
[INFO] RUNTIME(111294,npu_reader):2026-09-21-12:30:46.607.040 [api_error.cc:5978] 111294 DevMalloc: device malloc, size=8(bytes), start ptr=0x12c0c001c000, end ptr=0x12c0c001c008
[INFO] HCCL(111294,npu_reader):2026-09-21-12:30:46.607.043 [adapter_rts.cc:662] [111294]Malloc DevMem para: deviceId[2] devPtr[0x12c0c001c000] size[8 Byte] level2Address[0]
[INFO] ASCENDCL(111294,npu_reader):2026-09-21-12:30:46.607.060 [stream.cpp:56]111294 aclrtCreateStreamWithConfigImpl: start to execute aclrtCreateStreamWithConfig with priority:0, flag:3
[INFO] RUNTIME(111294,npu_reader):2026-09-21-12:30:46.607.073 [api_impl.cc:1429] 111294 StreamCreate: priority=0, flags=1536.
[INFO] RUNTIME(111294,npu_reader):2026-09-21-12:30:46.607.090 [npu_driver.cc:1109] 111294 CheckIsSupportFeature: Support FEATURE_TRSDRV_SQ_SUPPORT_DYNAMIC_BIND, drv devId=2.
[INFO] RUNTIME(111294,npu_reader):2026-09-21-12:30:46.607.108 [npu_driver_res.cc:1164] 111294 StreamIdAlloc: stream id alloc begin, device_id=2, priority=0, ts_id=0, remote_stream_id=0, vf_id=0
[INFO] RUNTIME(111294,npu_reader):2026-09-21-12:30:46.607.126 [stream.cc:2998] 111294 AllocExecutedTimesSvm: stream_id=47.
[INFO] RUNTIME(111294,npu_reader):2026-09-21-12:30:46.607.178 [stream_sqcq_manage.cc:357] 111294 Alloc: deviceId=2, tsId=0, drvFlag=0
[INFO] RUNTIME(111294,npu_reader):2026-09-21-12:30:46.607.182 [npu_driver_res.cc:1565] 111294 NormalSqCqAllocate: Set cq dep to 2048, sysMode=0 addrMode=1
[INFO] RUNTIME(111294,npu_reader):2026-09-21-12:30:46.608.003 [npu_driver_res.cc:1702] 111294 LogicCqAllocateV2: cqeDepth=4096, isDvppGrp=0, inFlag=0
[INFO] RUNTIME(111294,npu_reader):2026-09-21-12:30:46.608.021 [npu_driver_res.cc:1714] 111294 LogicCqAllocateV2: success: deviceId=2, tsId=0, cqId=134, streamId=47, logicCq=134, cqeDepth=4096
[INFO] RUNTIME(111294,npu_reader):2026-09-21-12:30:46.608.033 [npu_driver_res.cc:909] 111294 StreamBindLogicCq: success: deviceId=2, tsId=0, streamId=47, logicCq=134.
[INFO] RUNTIME(111294,npu_reader):2026-09-21-12:30:46.608.037 [npu_driver_res.cc:1106] 111294 GetSqRegVirtualAddrBySqid: addr high 32 bit=0x3ff, addr low 32 bit=0xfffe4000, addr=0x3fffffe4000, size=4096
[INFO] RUNTIME(111294,npu_reader):2026-09-21-12:30:46.608.039 [stream.cc:766] 111294 Setup: Success to get sq=2 sq reg virtual addr length=4096.
[INFO] DRV(111294,npu_reader):2026-09-21-12:30:46.608.072 [devmm_svm.c:2232][ascend][curpid:111294,111294][drv][devmm][devmm_ctrl_support_feature]RTS note drv support feature. (in_feature=0xa; out_feature=0x8)
[INFO] RUNTIME(111294,npu_reader):2026-09-21-12:30:46.608.076 [npu_driver_mem.cc:2584] 111294 CheckSupportPcieBarCopy: chip type=5, drv support pcie bar copy
[INFO] RUNTIME(111294,npu_reader):2026-09-21-12:30:46.608.218 [stream.cc:348] 111294 CreateStreamTaskRes: STREAM TaskRes Setup stream_id=47, flags_=0x600.
[INFO] RUNTIME(111294,npu_reader):2026-09-21-12:30:46.608.224 [stream.cc:805] 111294 Setup: stream setup end, stream_id=47, IsTaskSink=0, sqId=2, cqId=2, deviceId=2, streamResId=0
[INFO] RUNTIME(111294,npu_reader):2026-09-21-12:30:46.608.228 [stream_state_callback_manager.cc:66] 111294 Notify: No stream state callback function registered!
[INFO] RUNTIME(111294,npu_reader):2026-09-21-12:30:46.608.231 [context.cc:1122] 111294 StreamCreate: Stream setup normal, stream_id=47, prio=0, flag=1536.
[INFO] RUNTIME(111294,npu_reader):2026-09-21-12:30:46.608.238 [api_impl.cc:1481] 111294 StreamCreate: Succ, flags=1536, stream_id=47, context=aaac31822090
[INFO] HCCL(111294,npu_reader):2026-09-21-12:30:46.608.265 [stream.cc:75] [111294]Construct stream by stream type success, ptr[0xaaac33394be8] ctx[0xaaac31822090], stream id[47], cqId[2], logicCqid[134]
[INFO] ASCENDCL(111294,npu_reader):2026-09-21-12:30:46.608.279 [stream.cpp:298]111294 aclrtSetStreamAttributeImpl: start to execute aclrtSetStreamAttribute, stmAttrType = [1]
[INFO] RUNTIME(111294,npu_reader):2026-09-21-12:30:46.608.290 [stream.cc:4140] 111294 SetFailMode: stream_id=47 is updated from CONTINUE to STOP.
[INFO] ASCENDCL(111294,npu_reader):2026-09-21-12:30:46.608.296 [stream.cpp:305]111294 aclrtSetStreamAttributeImpl: successfully execute aclrtSetStreamAttribute
[INFO] RUNTIME(111294,npu_reader):2026-09-21-12:30:46.608.301 [api_impl.cc:7894] 111294 DevMalloc: size=56, advise=0,type=0x402,moduleId=3.
[INFO] RUNTIME(111294,npu_reader):2026-09-21-12:30:46.608.303 [api_impl.cc:7904] 111294 DevMalloc: type=0x402.
[INFO] RUNTIME(111294,npu_reader):2026-09-21-12:30:46.608.308 [api_error.cc:5978] 111294 DevMalloc: device malloc, size=56(bytes), start ptr=0x12c0c001e000, end ptr=0x12c0c001e038
[INFO] HCCL(111294,npu_reader):2026-09-21-12:30:46.608.311 [adapter_rts.cc:662] [111294]Malloc DevMem para: deviceId[2] devPtr[0x12c0c001e000] size[56 Byte] level2Address[0]
[INFO] ASCENDCL(111294,npu_reader):2026-09-21-12:30:46.608.314 [model_ri.cpp:135]111294 aclmdlRICaptureThreadExchangeModeImpl: start to execute aclmdlRICaptureThreadExchangeMode, input mode is 2
[INFO] ASCENDCL(111294,npu_reader):2026-09-21-12:30:46.608.318 [model_ri.cpp:141]111294 aclmdlRICaptureThreadExchangeModeImpl: successfully execute aclmdlRICaptureThreadExchangeMode, output mode is 0
[INFO] ASCENDCL(111294,npu_reader):2026-09-21-12:30:46.608.339 [model_ri.cpp:135]111294 aclmdlRICaptureThreadExchangeModeImpl: start to execute aclmdlRICaptureThreadExchangeMode, input mode is 0
[INFO] ASCENDCL(111294,npu_reader):2026-09-21-12:30:46.608.342 [model_ri.cpp:141]111294 aclmdlRICaptureThreadExchangeModeImpl: successfully execute aclmdlRICaptureThreadExchangeMode, output mode is 2
[INFO] ASCENDCL(111294,npu_reader):2026-09-21-12:30:46.608.349 [kernel.cpp:99]111294 aclrtBinaryGetFunctionImpl: start to execute aclrtBinaryGetFunction
[INFO] ASCENDCL(111294,npu_reader):2026-09-21-12:30:46.608.732 [kernel.cpp:281]111294 aclrtKernelArgsInitImpl: Start to execute aclrtKernelArgsInit
[INFO] ASCENDCL(111294,npu_reader):2026-09-21-12:30:46.608.755 [kernel.cpp:328]111294 aclrtKernelArgsAppendImpl: Start to execute aclrtKernelArgsAppend
[INFO] ASCENDCL(111294,npu_reader):2026-09-21-12:30:46.608.768 [kernel.cpp:379]111294 aclrtKernelArgsFinalizeImpl: Start to execute aclrtKernelArgsFinalize
[INFO] ASCENDCL(111294,npu_reader):2026-09-21-12:30:46.608.779 [kernel.cpp:231]111294 aclrtLaunchKernelWithConfigImpl: Start to execute aclrtLaunchKernelWithConfig
[INFO] RUNTIME(111294,npu_reader):2026-09-21-12:30:46.608.814 [aicpu_stars.cc:81] 111294 InternalLaunchWithKernelAndArgs: device_id=2, stream_id=47, task_id=0, model_num=0, NonSupportModelCompile=0, isNoNeedH2DCopy=0, cpuParamHeadOffset=0, kernel_type=2, flag=0x0, timeout=1836000000us, blkdim=1.
[INFO] RUNTIME(111294,npu_reader):2026-09-21-12:30:46.608.839 [davinci_kernel_task_v100.cc:253] 111294 ConstructAICpuSqeForDavinciTask: taskType=1, topic_type=0, kernel_type=2, debug_dump_en=0, curVersion=35, isNeedNoTimeout=0, timeout=8960s, kernel_credit=254
[INFO] RUNTIME(111294,npu_reader):2026-09-21-12:30:46.608.848 [task_submit.cc:598] 111294 AllocTaskAndSendStars: device_id=2, ts_id=0, sq_id=2, cq_id=2, stream_id=47, task_id=0, task_type=1(KERNEL_AICPU), sendSqeNum=1, isSupportASyncRecycle=0, isNeedPostProc=0, davinciHead=0, davinciTail=0, taskHead=0, taskTail=0, bindFlag=0, head=0, tail=1, delay recycle num=0.
[INFO] RUNTIME(111294,npu_reader):2026-09-21-12:30:46.608.873 [api_impl.cc:1652] 111294 StreamSynchronize: stream_id=47.
[INFO] RUNTIME(111294,npu_reader):2026-09-21-12:30:46.698.954 [stream.cc:1826] 111294 GetFinishedTaskIdBySqHead: stream_id=47, sq_id=2, sqHead=1, nextTaskId=65535, finishedPos=0, endTaskId=0
[INFO] RUNTIME(111294,npu_reader):2026-09-21-12:30:46.698.955 [stream.cc:1826] 111373 GetFinishedTaskIdBySqHead: stream_id=47, sq_id=2, sqHead=1, nextTaskId=65535, finishedPos=0, endTaskId=0
[INFO] RUNTIME(111294,npu_reader):2026-09-21-12:30:46.698.960 [stream.cc:1949] 111294 SynchronizeImpl: device_id=2, stream_id=47, task_id=0 has been completed, no concerned cqe.
[INFO] RUNTIME(111294,npu_reader):2026-09-21-12:30:46.698.962 [stars_engine.cc:1952] 111373 TaskReclaimBySqHeadForSeparatedStm: device_id=2, stream_id=47, sqHead=1, posHead=0, posTail=1, finishedTaskId=0
[INFO] RUNTIME(111294,npu_reader):2026-09-21-12:30:46.698.968 [api_error.cc:1107] 111294 StreamSynchronize: stream synchronize exit, stream_id=47, result=0x0
[INFO] RUNTIME(111294,npu_reader):2026-09-21-12:30:46.698.974 [stars_engine.cc:1896] 111373 RecycleTaskProcessForSeparatedStm: device_id=2, stream_id=47, recycle task_id=0, sqHead=1, sqTail=1, sqeNum=1, resHead=1, resTail=1.
[INFO] HCCL(111294,npu_reader):2026-09-21-12:30:46.698.974 [channel_process.cc:356] [111294][LaunchKernelDeviceParam] kernel[RunAicpuChannelInitV3] launch success.
[INFO] RUNTIME(111294,npu_reader):2026-09-21-12:30:46.698.985 [api_impl.cc:2214] 111294 DevFree: device free mem=0x12c0c001e000
[INFO] ASCENDCL(111294,npu_reader):2026-09-21-12:30:46.699.005 [context.cpp:66]111294 aclrtSetCurrentContextImpl: start to execute aclrtSetCurrentContext.
[INFO] RUNTIME(111294,npu_reader):2026-09-21-12:30:46.699.011 [api_impl.cc:3889] 111294 ContextSetCurrent: set context=0xaaac31822090
[INFO] ASCENDCL(111294,npu_reader):2026-09-21-12:30:46.699.014 [context.cpp:70]111294 aclrtSetCurrentContextImpl: successfully execute aclrtSetCurrentContext
[INFO] HCCL(111294,npu_reader):2026-09-21-12:30:46.699.017 [adapter_rts.cc:363] [111294][hrtCtxSetCurrent] success
[INFO] HCCL(111294,npu_reader):2026-09-21-12:30:46.699.020 [stream.cc:196] [111294]Switch Ctx ret[0], curCtx[0xaaac31822090], setCtx[0xaaac31822090], stream id[47]
[INFO] HCCL(111294,npu_reader):2026-09-21-12:30:46.699.025 [adapter_rts.cc:1974] [111294]Destroy Stream begin, para: deviceId[2] streamId[47]
[INFO] ASCENDCL(111294,npu_reader):2026-09-21-12:30:46.699.031 [stream.cpp:111]111294 aclrtDestroyStreamForceImpl: start to execute aclrtDestroyStreamForce
[INFO] RUNTIME(111294,npu_reader):2026-09-21-12:30:46.699.038 [api_impl.cc:1536] 111294 StreamDestroy: stream_id=47.
[INFO] RUNTIME(111294,npu_reader):2026-09-21-12:30:46.699.047 [stream_state_callback_manager.cc:66] 111294 Notify: No stream state callback function registered!
[INFO] RUNTIME(111294,npu_reader):2026-09-21-12:30:46.699.052 [stream.cc:1480] 111294 TearDown: stream_id=47, sqId=2, pendingNum=0, isForceRecycle_=1, flag=1, failMode=1.
[INFO] RUNTIME(111294,npu_reader):2026-09-21-12:30:46.699.058 [stream.cc:1567] 111294 TearDown: stream_id=47, delay recycle task num=0.
[INFO] RUNTIME(111294,npu_reader):2026-09-21-12:30:46.699.077 [stream_sqcq_manage.cc:690] 111294 FreeLogicCq: Return(0), threadIdentifier(281458738403872), devId(2), tsId(0), cqId(134), isFastCq(0).
[INFO] RUNTIME(111294,npu_reader):2026-09-21-12:30:46.699.089 [npu_driver_res.cc:884] 111294 StreamUnBindLogicCq: success: deviceId=2, tsId=0, streamId=47, logicCq=134.
[INFO] RUNTIME(111294,npu_reader):2026-09-21-12:30:46.699.121 [npu_driver_res.cc:1736] 111294 LogicCqFree: Succ:device_id=2,ts_id=0,type=2,logic_cq_id=134, drvFlag=0.
[INFO] RUNTIME(111294,npu_reader):2026-09-21-12:30:46.699.320 [stream.cc:289] 111294 FreeStreamId: Free stream_id=47.
[INFO] RUNTIME(111294,npu_reader):2026-09-21-12:30:46.699.326 [stream_sqcq_manage.cc:428] 111294 DeAllocStreamSqCq: deviceId=2, tsId=0, drvFlag=0
[INFO] RUNTIME(111294,npu_reader):2026-09-21-12:30:46.699.329 [npu_driver_res.cc:1618] 111294 NormalSqCqFree: Normal sqcq free, sqId=2, cqId=2, device_id=2, tsId=0, drvFlag=0
[INFO] RUNTIME(111294,npu_reader):2026-09-21-12:30:46.699.915 [npu_driver_res.cc:1626] 111294 NormalSqCqFree: Normal sqcq free success, sqId=2, cqId=2, device_id=2, tsId=0, drvFlag=0
[INFO] RUNTIME(111294,npu_reader):2026-09-21-12:30:46.699.919 [stream_sqcq_manage.cc:440] 111294 DeAllocStreamSqCq: [SqCqManage]success to release sq, sq_id=2, cq_id=2, stream_id=47, is_sq_need_release=1, drvFlag=0.
[INFO] RUNTIME(111294,npu_reader):2026-09-21-12:30:46.699.925 [npu_driver_res.cc:1192] 111294 StreamIdFree: stream id free begin, device_id=2, stream_id=47, ts_id=0, remote_stream_id=0
[INFO] RUNTIME(111294,npu_reader):2026-09-21-12:30:46.699.932 [npu_driver_res.cc:1201] 111294 StreamIdFree: Stream id free success, stream_id=47, device_id=2, tsId=0, streamFlag=1536
[INFO] ASCENDCL(111294,npu_reader):2026-09-21-12:30:46.699.942 [stream.cpp:115]111294 aclrtDestroyStreamForceImpl: aclrtDestroyStreamForce success
[INFO] HCCL(111294,npu_reader):2026-09-21-12:30:46.699.945 [adapter_rts.cc:1976] [111294]Call aclrtDestroyStreamForce, return value[0].
[INFO] HCCL(111294,npu_reader):2026-09-21-12:30:46.699.947 [stream.cc:200] [111294][HCCL_TRACE]StreamDestroy, streamPtr[0xaaac33394be8], stream id[47]
[INFO] ASCENDCL(111294,npu_reader):2026-09-21-12:30:46.699.951 [context.cpp:66]111294 aclrtSetCurrentContextImpl: start to execute aclrtSetCurrentContext.
[INFO] RUNTIME(111294,npu_reader):2026-09-21-12:30:46.699.954 [api_impl.cc:3889] 111294 ContextSetCurrent: set context=0xaaac31822090
[INFO] ASCENDCL(111294,npu_reader):2026-09-21-12:30:46.699.956 [context.cpp:70]111294 aclrtSetCurrentContextImpl: successfully execute aclrtSetCurrentContext
[INFO] HCCL(111294,npu_reader):2026-09-21-12:30:46.699.959 [adapter_rts.cc:363] [111294][hrtCtxSetCurrent] success
[INFO] HCCL(111294,npu_reader):2026-09-21-12:30:46.699.961 [stream.cc:207] [111294]Restore Ctx ret[0], setCtx[0xaaac31822090], stream id[47]
[INFO] ASCENDCL(111294,npu_reader):2026-09-21-12:30:46.699.966 [model_ri.cpp:135]111294 aclmdlRICaptureThreadExchangeModeImpl: start to execute aclmdlRICaptureThreadExchangeMode, input mode is 2
[INFO] ASCENDCL(111294,npu_reader):2026-09-21-12:30:46.699.969 [model_ri.cpp:141]111294 aclmdlRICaptureThreadExchangeModeImpl: successfully execute aclmdlRICaptureThreadExchangeMode, output mode is 0
[INFO] ASCENDCL(111294,npu_reader):2026-09-21-12:30:46.699.993 [model_ri.cpp:135]111294 aclmdlRICaptureThreadExchangeModeImpl: start to execute aclmdlRICaptureThreadExchangeMode, input mode is 0
[INFO] ASCENDCL(111294,npu_reader):2026-09-21-12:30:46.699.996 [model_ri.cpp:141]111294 aclmdlRICaptureThreadExchangeModeImpl: successfully execute aclmdlRICaptureThreadExchangeMode, output mode is 2
[INFO] HCCL(111294,npu_reader):2026-09-21-12:30:46.700.002 [channel_process.cc:283] [111294]FillChannelD2HMap deviceId[2], deviceChannelHandle[0x3ffe0cf2650], hostChannelHandle[0xaaac331ffb30]
[INFO] HCCL(111294,npu_reader):2026-09-21-12:30:46.700.012 [channel_process.cc:566] [111294][LaunchCommonChannelKernel] channel kernel (HcommChannelRes) launch success.
[INFO] RUNTIME(111294,npu_reader):2026-09-21-12:30:46.700.016 [api_impl.cc:2214] 111294 DevFree: device free mem=0x12c0c001c000
[INFO] RUNTIME(111294,npu_reader):2026-09-21-12:30:46.700.021 [api_impl.cc:2214] 111294 DevFree: device free mem=0x12c0c001b000
[INFO] RUNTIME(111294,npu_reader):2026-09-21-12:30:46.700.025 [api_impl.cc:2214] 111294 DevFree: device free mem=0x12c0c001a000
[INFO] RUNTIME(111294,npu_reader):2026-09-21-12:30:46.700.029 [api_impl.cc:2214] 111294 DevFree: device free mem=0x12c0c0019000
[INFO] RUNTIME(111294,npu_reader):2026-09-21-12:30:46.700.035 [api_impl.cc:2214] 111294 DevFree: device free mem=0x12c0c0018000
[INFO] RUNTIME(111294,npu_reader):2026-09-21-12:30:46.700.039 [api_impl.cc:2214] 111294 DevFree: device free mem=0x12c0c0017000
[INFO] RUNTIME(111294,npu_reader):2026-09-21-12:30:46.700.043 [api_impl.cc:2214] 111294 DevFree: device free mem=0x12c0c0016000
API HcommChannelCreate(endpoint, engine, &desc, 1, &channel) => 0
[INFO] ASCENDCL(111294,npu_reader):2026-09-21-12:30:46.700.063 [device.cpp:216]111294 aclrtGetDeviceCountImpl: start to execute aclrtGetDeviceCount
[INFO] ASCENDCL(111294,npu_reader):2026-09-21-12:30:46.700.069 [device.cpp:220]111294 aclrtGetDeviceCountImpl: successfully execute aclrtGetDeviceCount, get device count is 16.
[INFO] HCCL(111294,npu_reader):2026-09-21-12:30:46.700.072 [hcomm_adapter_runtime.cc:58] [111294][HcommAdapterRuntime][ResolveRuntimeDevicePhyId] deviceCount[16], devLogicId[2], devicePhyId[2].
CHANNEL status=0

STAGE 5. HcommThreadAlloc 创建 AICPU_TS 通信线程，启动标准 READ kernel
[INFO] ASCENDCL(111294,npu_reader):2026-09-21-12:30:46.700.138 [device.cpp:216]111294 aclrtGetDeviceCountImpl: start to execute aclrtGetDeviceCount
[INFO] ASCENDCL(111294,npu_reader):2026-09-21-12:30:46.700.140 [device.cpp:220]111294 aclrtGetDeviceCountImpl: successfully execute aclrtGetDeviceCount, get device count is 16.
[INFO] HCCL(111294,npu_reader):2026-09-21-12:30:46.700.143 [hcomm_adapter_runtime.cc:58] [111294][HcommAdapterRuntime][ResolveRuntimeDevicePhyId] deviceCount[16], devLogicId[2], devicePhyId[2].
[INFO] HCCL(111294,npu_reader):2026-09-21-12:30:46.700.148 [hcomm_c_adpt.cc:773] [111294][HcommThreadAlloc] ThreadAcquire begin. engine[AICPU_TS], threadNum[1], notifyPerThread[1], threads[0xfffffe4ece60]
[INFO] ASCENDCL(111294,npu_reader):2026-09-21-12:30:46.700.154 [device.cpp:128]111294 aclrtGetDeviceImpl: start to execute aclrtGetDevice
[INFO] HCCL(111294,npu_reader):2026-09-21-12:30:46.700.157 [adapter_rts.cc:238] [111294][hrtGetDeviceRefresh]deviceLogicId[2]
[INFO] ASCENDCL(111294,npu_reader):2026-09-21-12:30:46.700.161 [device.cpp:511]111294 aclrtGetPhyDevIdByLogicDevIdImpl: start to execute aclrtGetPhyDevIdByLogicDevId, logicDevId is [2]
[INFO] RUNTIME(111294,npu_reader):2026-09-21-12:30:46.700.168 [api_impl.cc:3295] 111294 GetDevicePhyIdByIndex: get PhyId by Index=2.
[INFO] ASCENDCL(111294,npu_reader):2026-09-21-12:30:46.700.173 [device.cpp:515]111294 aclrtGetPhyDevIdByLogicDevIdImpl: successfully execute aclrtGetPhyDevIdByLogicDevId
[INFO] HCCL(111294,npu_reader):2026-09-21-12:30:46.700.175 [hcomm_c_adpt.cc:68] [111294][RefreshCurrentDeviceContext] deviceLogicId[2], devicePhyId[2].
[INFO] HCCL(111294,npu_reader):2026-09-21-12:30:46.700.186 [thread.cc:207] [111294][CreateAndInitThreads] Creating threads with params: engine[AICPU_TS], threadNum[1], notifyNumPerThread[1], notifyLoadType[1], streamType[2]
[INFO] HCCL(111294,npu_reader):2026-09-21-12:30:46.700.199 [adapter_hal.cc:267] [111294]Entry-hrtDrvGetPlatformInfo
[INFO] HCCL(111294,npu_reader):2026-09-21-12:30:46.700.204 [aicpu_ts_thread.cc:34] [111294]HcclThread::Init, is hostside
[INFO] ASCENDCL(111294,npu_reader):2026-09-21-12:30:46.700.213 [stream.cpp:56]111294 aclrtCreateStreamWithConfigImpl: start to execute aclrtCreateStreamWithConfig with priority:0, flag:32
[INFO] RUNTIME(111294,npu_reader):2026-09-21-12:30:46.700.217 [api_impl.cc:1429] 111294 StreamCreate: priority=0, flags=2048.
[INFO] RUNTIME(111294,npu_reader):2026-09-21-12:30:46.700.232 [npu_driver.cc:1109] 111294 CheckIsSupportFeature: Support FEATURE_TRSDRV_SQ_SUPPORT_DYNAMIC_BIND, drv devId=2.
[INFO] RUNTIME(111294,npu_reader):2026-09-21-12:30:46.700.240 [npu_driver_res.cc:1164] 111294 StreamIdAlloc: stream id alloc begin, device_id=2, priority=0, ts_id=0, remote_stream_id=32, vf_id=0
[INFO] RUNTIME(111294,npu_reader):2026-09-21-12:30:46.700.521 [stream_sqcq_manage.cc:357] 111294 Alloc: deviceId=2, tsId=0, drvFlag=32
[INFO] RUNTIME(111294,npu_reader):2026-09-21-12:30:46.700.528 [npu_driver_res.cc:1565] 111294 NormalSqCqAllocate: Set cq dep to 2048, sysMode=0 addrMode=1
[INFO] RUNTIME(111294,npu_reader):2026-09-21-12:30:46.700.923 [npu_driver_res.cc:1702] 111294 LogicCqAllocateV2: cqeDepth=4096, isDvppGrp=0, inFlag=32
[INFO] RUNTIME(111294,npu_reader):2026-09-21-12:30:46.701.140 [npu_driver_res.cc:1714] 111294 LogicCqAllocateV2: success: deviceId=2, tsId=0, cqId=18, streamId=50, logicCq=18, cqeDepth=4096
[INFO] RUNTIME(111294,npu_reader):2026-09-21-12:30:46.701.365 [npu_driver_res.cc:909] 111294 StreamBindLogicCq: success: deviceId=2, tsId=0, streamId=50, logicCq=18.
[INFO] RUNTIME(111294,npu_reader):2026-09-21-12:30:46.701.375 [coprocessor_stream.cc:67] 111294 Setup: Coprocessor stream setup end, stream_id=50, sqId=50, cqId=50, deviceId=2
[INFO] RUNTIME(111294,npu_reader):2026-09-21-12:30:46.701.379 [context.cc:1122] 111294 StreamCreate: Stream setup normal, stream_id=50, prio=0, flag=2048.
[INFO] RUNTIME(111294,npu_reader):2026-09-21-12:30:46.701.382 [api_impl.cc:1481] 111294 StreamCreate: Succ, flags=2048, stream_id=50, context=aaac31822090
[INFO] HCCL(111294,npu_reader):2026-09-21-12:30:46.701.389 [stream.cc:75] [111294]Construct stream by stream type success, ptr[0xaaac33394be8] ctx[0xaaac31822090], stream id[50], cqId[50], logicCqid[18]
[INFO] ASCENDCL(111294,npu_reader):2026-09-21-12:30:46.701.400 [notify.cpp:28]111294 aclrtCreateNotifyImpl: start to execute aclrtCreateNotify, flag is [1]
[INFO] RUNTIME(111294,npu_reader):2026-09-21-12:30:46.701.405 [api_impl.cc:4513] 111294 NotifyCreate: Notify create.
[INFO] RUNTIME(111294,npu_reader):2026-09-21-12:30:46.701.412 [notify.cc:108] 111294 Setup: notify_flag=1
[INFO] RUNTIME(111294,npu_reader):2026-09-21-12:30:46.701.415 [npu_driver_res.cc:1357] 111294 NotifyIdAlloc: notify id alloc begin, device_id=2, ts_id=0, remote_notify_id=32, type=3.
[INFO] RUNTIME(111294,npu_reader):2026-09-21-12:30:46.701.642 [npu_driver_res.cc:1368] 111294 NotifyIdAlloc: notify id alloc end, device_id=2, ts_id=0, notify_id=56, notify_flag=1
[INFO] RUNTIME(111294,npu_reader):2026-09-21-12:30:46.701.650 [api_error.cc:3594] 111294 NotifyCreate: notify create success
[INFO] ASCENDCL(111294,npu_reader):2026-09-21-12:30:46.701.652 [notify.cpp:33]111294 aclrtCreateNotifyImpl: successfully execute aclrtCreateNotify
[INFO] ASCENDCL(111294,npu_reader):2026-09-21-12:30:46.701.660 [notify.cpp:73]111294 aclrtGetNotifyIdImpl: start to execute aclrtGetNotifyId
[INFO] RUNTIME(111294,npu_reader):2026-09-21-12:30:46.701.664 [api_impl.cc:4661] 111294 GetNotifyID: Get notify id.
[INFO] ASCENDCL(111294,npu_reader):2026-09-21-12:30:46.701.666 [notify.cpp:79]111294 aclrtGetNotifyIdImpl: successfully execute aclrtGetNotifyId
[INFO] HCCL(111294,npu_reader):2026-09-21-12:30:46.701.669 [adapter_rts.cc:2346] [111294]Create Notify para: deviceId[2] notifyId[56]
[INFO] ASCENDCL(111294,npu_reader):2026-09-21-12:30:46.701.672 [notify.cpp:73]111294 aclrtGetNotifyIdImpl: start to execute aclrtGetNotifyId
[INFO] RUNTIME(111294,npu_reader):2026-09-21-12:30:46.701.674 [api_impl.cc:4661] 111294 GetNotifyID: Get notify id.
[INFO] ASCENDCL(111294,npu_reader):2026-09-21-12:30:46.701.676 [notify.cpp:79]111294 aclrtGetNotifyIdImpl: successfully execute aclrtGetNotifyId
[INFO] RUNTIME(111294,npu_reader):2026-09-21-12:30:46.701.682 [api_impl.cc:4671] 111294 GetNotifyPhyInfo: get phy info.
[INFO] RUNTIME(111294,npu_reader):2026-09-21-12:30:46.701.684 [api_impl.cc:4682] 111294 GetNotifyPhyInfo: notify_id=56, phyId=2 flag=0x0.
[INFO] RUNTIME(111294,npu_reader):2026-09-21-12:30:46.701.686 [api_impl.cc:4671] 111294 GetNotifyPhyInfo: get phy info.
[INFO] RUNTIME(111294,npu_reader):2026-09-21-12:30:46.701.689 [api_impl.cc:4682] 111294 GetNotifyPhyInfo: notify_id=56, phyId=2 flag=0x0.
[INFO] ASCENDCL(111294,npu_reader):2026-09-21-12:30:46.701.706 [notify.cpp:97]111294 aclrtNotifyGetExportKeyImpl: start to execute aclrtNotifyGetExportKey, len is [65], flags is [0]
[INFO] RUNTIME(111294,npu_reader):2026-09-21-12:30:46.701.712 [api_impl.cc:4688] 111294 IpcSetNotifyName: IpcSetNotifyName, name=, len=65, flag=0.
[INFO] RUNTIME(111294,npu_reader):2026-09-21-12:30:46.701.718 [npu_driver.cc:648] 111294 CreateIpcNotifyWithFlag: create ipc notify begin, deviceId=2, notifyId=56, tsId=0, remote_notifyId=32
[INFO] RUNTIME(111294,npu_reader):2026-09-21-12:30:46.701.802 [npu_driver.cc:657] 111294 CreateIpcNotifyWithFlag: Create ipc notify success,name=000e431f0000000200000000000000000000003800440002, deviceId=2, tsId=0, notifyId=56, len=65, drvInfo.notifyId=56.
[INFO] RUNTIME(111294,npu_reader):2026-09-21-12:30:46.701.806 [notify.cc:375] 111294 CreateIpcNotify: name=000e431f0000000200000000000000000000003800440002 notify_id=56
[INFO] ASCENDCL(111294,npu_reader):2026-09-21-12:30:46.701.810 [notify.cpp:103]111294 aclrtNotifyGetExportKeyImpl: successfully execute aclrtNotifyGetExportKey
[INFO] HCCL(111294,npu_reader):2026-09-21-12:30:46.701.813 [adapter_rts.cc:1956] [111294][hrtIpcSetNotifyName] Call aclrtNotifyGetExportKey, name[000e431f0000000200000000000000000000003800440002] return value[0].
[INFO] RUNTIME(111294,npu_reader):2026-09-21-12:30:46.701.840 [notify_task.cc:161] 111294 GetIpcNotifyBaseAddrForNotifyRecordTask: Get localServerId, retCode=0, local_ServerId=1, remote=65535
[INFO] RUNTIME(111294,npu_reader):2026-09-21-12:30:46.701.847 [npu_driver.cc:1109] 111294 CheckIsSupportFeature: Not support FEATURE_DMS_QUERY_CHIP_DIE_ID, drv devId=2.
[INFO] RUNTIME(111294,npu_reader):2026-09-21-12:30:46.701.865 [npu_driver.cc:1109] 111294 CheckIsSupportFeature: Not support FEATURE_DMS_QUERY_CHIP_DIE_ID, drv devId=2.
[INFO] RUNTIME(111294,npu_reader):2026-09-21-12:30:46.701.873 [notify_task.cc:195] 111294 GetIpcNotifyBaseAddrForNotifyRecordTask: localDevId=2, remoteDevId=2, remotePhyId=2, chipId=1, dieId=0, hccs addr=2206a0100000, topologyType=6
[INFO] RUNTIME(111294,npu_reader):2026-09-21-12:30:46.701.877 [api_impl.cc:352] 111294 GetNotifyAddress: GetNotifyAddress ok, addr=0x2206a01000e0
[INFO] ASCENDCL(111294,npu_reader):2026-09-21-12:30:46.701.882 [notify.cpp:73]111294 aclrtGetNotifyIdImpl: start to execute aclrtGetNotifyId
[INFO] RUNTIME(111294,npu_reader):2026-09-21-12:30:46.701.884 [api_impl.cc:4661] 111294 GetNotifyID: Get notify id.
[INFO] ASCENDCL(111294,npu_reader):2026-09-21-12:30:46.701.886 [notify.cpp:79]111294 aclrtGetNotifyIdImpl: successfully execute aclrtGetNotifyId
[INFO] RUNTIME(111294,npu_reader):2026-09-21-12:30:46.701.889 [api_impl.cc:4671] 111294 GetNotifyPhyInfo: get phy info.
[INFO] RUNTIME(111294,npu_reader):2026-09-21-12:30:46.701.891 [api_impl.cc:4682] 111294 GetNotifyPhyInfo: notify_id=56, phyId=2 flag=0x0.
[INFO] RUNTIME(111294,npu_reader):2026-09-21-12:30:46.701.893 [api_impl.cc:4671] 111294 GetNotifyPhyInfo: get phy info.
[INFO] RUNTIME(111294,npu_reader):2026-09-21-12:30:46.701.895 [api_impl.cc:4682] 111294 GetNotifyPhyInfo: notify_id=56, phyId=2 flag=0x0.
[INFO] RUNTIME(111294,npu_reader):2026-09-21-12:30:46.701.905 [api_impl.cc:7894] 111294 DevMalloc: size=340008, advise=0,type=0x402,moduleId=3.
[INFO] RUNTIME(111294,npu_reader):2026-09-21-12:30:46.701.907 [api_impl.cc:7904] 111294 DevMalloc: type=0x402.
[INFO] RUNTIME(111294,npu_reader):2026-09-21-12:30:46.701.913 [api_error.cc:5978] 111294 DevMalloc: device malloc, size=340008(bytes), start ptr=0x12c0c0039000, end ptr=0x12c0c008c028
[INFO] HCCL(111294,npu_reader):2026-09-21-12:30:46.701.916 [adapter_rts.cc:662] [111294]Malloc DevMem para: deviceId[2] devPtr[0x12c0c0039000] size[340008 Byte] level2Address[0]
[INFO] ASCENDCL(111294,npu_reader):2026-09-21-12:30:46.701.921 [model_ri.cpp:135]111294 aclmdlRICaptureThreadExchangeModeImpl: start to execute aclmdlRICaptureThreadExchangeMode, input mode is 2
[INFO] ASCENDCL(111294,npu_reader):2026-09-21-12:30:46.701.924 [model_ri.cpp:141]111294 aclmdlRICaptureThreadExchangeModeImpl: successfully execute aclmdlRICaptureThreadExchangeMode, output mode is 0
[INFO] RUNTIME(111294,npu_reader):2026-09-21-12:30:46.701.929 [api_impl.cc:3002] 111294 MemSetSync: destMax=340008, value=0, count=340008
[INFO] ASCENDCL(111294,npu_reader):2026-09-21-12:30:46.702.021 [model_ri.cpp:135]111294 aclmdlRICaptureThreadExchangeModeImpl: start to execute aclmdlRICaptureThreadExchangeMode, input mode is 0
[INFO] ASCENDCL(111294,npu_reader):2026-09-21-12:30:46.702.024 [model_ri.cpp:141]111294 aclmdlRICaptureThreadExchangeModeImpl: successfully execute aclmdlRICaptureThreadExchangeMode, output mode is 2
[INFO] HCCL(111294,npu_reader):2026-09-21-12:30:46.702.029 [thread.cc:231] [111294][CreateAndInitThreads] Successfully created and initialized 1 threads
[INFO] HCCL(111294,npu_reader):2026-09-21-12:30:46.702.105 [aicpu_launch_manager.cc:57] [111294][CreateLocalStream] create local stream
[INFO] ASCENDCL(111294,npu_reader):2026-09-21-12:30:46.702.110 [stream.cpp:56]111294 aclrtCreateStreamWithConfigImpl: start to execute aclrtCreateStreamWithConfig with priority:0, flag:3
[INFO] RUNTIME(111294,npu_reader):2026-09-21-12:30:46.702.113 [api_impl.cc:1429] 111294 StreamCreate: priority=0, flags=1536.
[INFO] RUNTIME(111294,npu_reader):2026-09-21-12:30:46.702.123 [npu_driver.cc:1109] 111294 CheckIsSupportFeature: Support FEATURE_TRSDRV_SQ_SUPPORT_DYNAMIC_BIND, drv devId=2.
[INFO] RUNTIME(111294,npu_reader):2026-09-21-12:30:46.702.130 [npu_driver_res.cc:1164] 111294 StreamIdAlloc: stream id alloc begin, device_id=2, priority=0, ts_id=0, remote_stream_id=0, vf_id=0
[INFO] RUNTIME(111294,npu_reader):2026-09-21-12:30:46.702.141 [stream.cc:2998] 111294 AllocExecutedTimesSvm: stream_id=47.
[INFO] RUNTIME(111294,npu_reader):2026-09-21-12:30:46.702.167 [stream_sqcq_manage.cc:357] 111294 Alloc: deviceId=2, tsId=0, drvFlag=0
[INFO] RUNTIME(111294,npu_reader):2026-09-21-12:30:46.702.170 [npu_driver_res.cc:1565] 111294 NormalSqCqAllocate: Set cq dep to 2048, sysMode=0 addrMode=1
[INFO] RUNTIME(111294,npu_reader):2026-09-21-12:30:46.702.484 [npu_driver_res.cc:1702] 111294 LogicCqAllocateV2: cqeDepth=4096, isDvppGrp=0, inFlag=0
[INFO] RUNTIME(111294,npu_reader):2026-09-21-12:30:46.702.497 [npu_driver_res.cc:1714] 111294 LogicCqAllocateV2: success: deviceId=2, tsId=0, cqId=135, streamId=47, logicCq=135, cqeDepth=4096
[INFO] RUNTIME(111294,npu_reader):2026-09-21-12:30:46.702.503 [npu_driver_res.cc:909] 111294 StreamBindLogicCq: success: deviceId=2, tsId=0, streamId=47, logicCq=135.
[INFO] RUNTIME(111294,npu_reader):2026-09-21-12:30:46.702.506 [npu_driver_res.cc:1106] 111294 GetSqRegVirtualAddrBySqid: addr high 32 bit=0x3ff, addr low 32 bit=0xfffb6000, addr=0x3fffffb6000, size=4096
[INFO] RUNTIME(111294,npu_reader):2026-09-21-12:30:46.702.509 [stream.cc:766] 111294 Setup: Success to get sq=3 sq reg virtual addr length=4096.
[INFO] DRV(111294,npu_reader):2026-09-21-12:30:46.702.538 [devmm_svm.c:2232][ascend][curpid:111294,111294][drv][devmm][devmm_ctrl_support_feature]RTS note drv support feature. (in_feature=0xa; out_feature=0x8)
[INFO] RUNTIME(111294,npu_reader):2026-09-21-12:30:46.702.543 [npu_driver_mem.cc:2584] 111294 CheckSupportPcieBarCopy: chip type=5, drv support pcie bar copy
[INFO] RUNTIME(111294,npu_reader):2026-09-21-12:30:46.702.591 [stream.cc:348] 111294 CreateStreamTaskRes: STREAM TaskRes Setup stream_id=47, flags_=0x600.
[INFO] RUNTIME(111294,npu_reader):2026-09-21-12:30:46.702.596 [stream.cc:805] 111294 Setup: stream setup end, stream_id=47, IsTaskSink=0, sqId=3, cqId=3, deviceId=2, streamResId=43692
[INFO] RUNTIME(111294,npu_reader):2026-09-21-12:30:46.702.599 [stream_state_callback_manager.cc:66] 111294 Notify: No stream state callback function registered!
[INFO] RUNTIME(111294,npu_reader):2026-09-21-12:30:46.702.601 [context.cc:1122] 111294 StreamCreate: Stream setup normal, stream_id=47, prio=0, flag=1536.
[INFO] RUNTIME(111294,npu_reader):2026-09-21-12:30:46.702.604 [api_impl.cc:1481] 111294 StreamCreate: Succ, flags=1536, stream_id=47, context=aaac31822090
[INFO] HCCL(111294,npu_reader):2026-09-21-12:30:46.702.614 [stream.cc:75] [111294]Construct stream by stream type success, ptr[0xaaac33395c78] ctx[0xaaac31822090], stream id[47], cqId[3], logicCqid[135]
[INFO] ASCENDCL(111294,npu_reader):2026-09-21-12:30:46.702.631 [stream.cpp:298]111294 aclrtSetStreamAttributeImpl: start to execute aclrtSetStreamAttribute, stmAttrType = [1]
[INFO] RUNTIME(111294,npu_reader):2026-09-21-12:30:46.702.636 [stream.cc:4140] 111294 SetFailMode: stream_id=47 is updated from CONTINUE to STOP.
[INFO] ASCENDCL(111294,npu_reader):2026-09-21-12:30:46.702.639 [stream.cpp:305]111294 aclrtSetStreamAttributeImpl: successfully execute aclrtSetStreamAttribute
[INFO] HCCL(111294,npu_reader):2026-09-21-12:30:46.702.667 [aicpu_launch_manager.cc:69] [111294][PrepareThreadMgrParam] fill opParam
[INFO] HCCL(111294,npu_reader):2026-09-21-12:30:46.702.699 [aicpu_ts_thread.cc:90] [111294][AicpuTsThread][UpdateUniqueId]get local notify data success, resId[56], tsId[0], devId[2]
[INFO] HCCL(111294,npu_reader):2026-09-21-12:30:46.702.977 [aicpu_launch_manager.cc:98] [111294][PrepareThreadMgrParam] threadParam[0] raw bytes: 02 00 00 00 01 00 00 00 02 00 00 00 01 00 00 00 32 00 00 00 32 00 00 00 32 00 00 00 12 00 00 00 00 90 03 c0 c0 12 00 00 28 30 05 00 00 00 00 00 38 00 00 00 00 00 00 00 e0 00 10 a0 06 22 00 00 02 00 00 00 00 00 00 00 40 78 3c fe 00 00 00 00 00 00 00 00 00 00 00 00 00 00 00 00 00 00 00 00 00 00 00 00 00 00 00 00 00 00 00 00 00 00 00 00 00 00 00 00 00 00 00 00 00 00 00 00 00 00 00 00 00 00 00 00 00 00 00 00 00 00 00 00 00 00 00 00 00 00 00 00 00 00 00 00 00 00 00 00 00 00 00 00 00 00 00 00 00 00 00 00 00 00 00 00 00 00 00 00 00 00 00 00 00 00 00 00 00 00 00 00 00 00 00 00 00 00 00 00 00 00 00 00 00 00 00 00 00 00 00 00 00 00 00 00 00 00 00 00 00 00 00 00 00 00 00 00 00 00 00 00 00 00 00 00 00 00 00 00 00 00 00 00 00 00 00 00 00 00 00 00 00 00 00 00 00 00 00 00 00 00 00 00 00 00 00 00 00 00 00 00 00 00 00 00 00 00 00 00 00 00 00 00 00 00 00 00 00 00 00 00 00 00 00 00 
[INFO] RUNTIME(111294,npu_reader):2026-09-21-12:30:46.702.989 [api_impl.cc:7894] 111294 DevMalloc: size=8, advise=0,type=0x402,moduleId=3.
[INFO] RUNTIME(111294,npu_reader):2026-09-21-12:30:46.702.992 [api_impl.cc:7904] 111294 DevMalloc: type=0x402.
[INFO] RUNTIME(111294,npu_reader):2026-09-21-12:30:46.702.997 [api_error.cc:5978] 111294 DevMalloc: device malloc, size=8(bytes), start ptr=0x12c0c0017000, end ptr=0x12c0c0017008
[INFO] HCCL(111294,npu_reader):2026-09-21-12:30:46.703.000 [adapter_rts.cc:662] [111294]Malloc DevMem para: deviceId[2] devPtr[0x12c0c0017000] size[8 Byte] level2Address[0]
[INFO] RUNTIME(111294,npu_reader):2026-09-21-12:30:46.703.004 [api_impl.cc:7894] 111294 DevMalloc: size=1200160, advise=0,type=0x402,moduleId=3.
[INFO] RUNTIME(111294,npu_reader):2026-09-21-12:30:46.703.007 [api_impl.cc:7904] 111294 DevMalloc: type=0x402.
[INFO] RUNTIME(111294,npu_reader):2026-09-21-12:30:46.703.072 [api_error.cc:5978] 111294 DevMalloc: device malloc, size=1200160(bytes), start ptr=0x12c081400000, end ptr=0x12c081525020
[INFO] HCCL(111294,npu_reader):2026-09-21-12:30:46.703.075 [adapter_rts.cc:662] [111294]Malloc DevMem para: deviceId[2] devPtr[0x12c081400000] size[1200160 Byte] level2Address[0]
[INFO] ASCENDCL(111294,npu_reader):2026-09-21-12:30:46.703.080 [model_ri.cpp:135]111294 aclmdlRICaptureThreadExchangeModeImpl: start to execute aclmdlRICaptureThreadExchangeMode, input mode is 2
[INFO] ASCENDCL(111294,npu_reader):2026-09-21-12:30:46.703.083 [model_ri.cpp:141]111294 aclmdlRICaptureThreadExchangeModeImpl: successfully execute aclmdlRICaptureThreadExchangeMode, output mode is 0
[INFO] ASCENDCL(111294,npu_reader):2026-09-21-12:30:46.703.182 [model_ri.cpp:135]111294 aclmdlRICaptureThreadExchangeModeImpl: start to execute aclmdlRICaptureThreadExchangeMode, input mode is 0
[INFO] ASCENDCL(111294,npu_reader):2026-09-21-12:30:46.703.186 [model_ri.cpp:141]111294 aclmdlRICaptureThreadExchangeModeImpl: successfully execute aclmdlRICaptureThreadExchangeMode, output mode is 2
[INFO] HCCL(111294,npu_reader):2026-09-21-12:30:46.703.189 [aicpu_launch_manager.cc:151] [111294]AicpuLaunchMgr::ThreadKernelLaunchImpl, call KernelLaunch
[INFO] ASCENDCL(111294,npu_reader):2026-09-21-12:30:46.703.194 [kernel.cpp:99]111294 aclrtBinaryGetFunctionImpl: start to execute aclrtBinaryGetFunction
[INFO] RUNTIME(111294,npu_reader):2026-09-21-12:30:46.703.201 [program.cc:1318] 111294 CopySoAndNameToCurrentDevice: device_id=2, handle=0xaaac33375c60, isNewFlow=1 already copy or not need.
[INFO] ASCENDCL(111294,npu_reader):2026-09-21-12:30:46.703.208 [kernel.cpp:281]111294 aclrtKernelArgsInitImpl: Start to execute aclrtKernelArgsInit
[INFO] ASCENDCL(111294,npu_reader):2026-09-21-12:30:46.703.213 [kernel.cpp:328]111294 aclrtKernelArgsAppendImpl: Start to execute aclrtKernelArgsAppend
[INFO] ASCENDCL(111294,npu_reader):2026-09-21-12:30:46.703.219 [kernel.cpp:379]111294 aclrtKernelArgsFinalizeImpl: Start to execute aclrtKernelArgsFinalize
[INFO] ASCENDCL(111294,npu_reader):2026-09-21-12:30:46.703.224 [kernel.cpp:231]111294 aclrtLaunchKernelWithConfigImpl: Start to execute aclrtLaunchKernelWithConfig
[INFO] RUNTIME(111294,npu_reader):2026-09-21-12:30:46.703.239 [aicpu_stars.cc:81] 111294 InternalLaunchWithKernelAndArgs: device_id=2, stream_id=47, task_id=0, model_num=0, NonSupportModelCompile=0, isNoNeedH2DCopy=0, cpuParamHeadOffset=0, kernel_type=2, flag=0x0, timeout=1836000000us, blkdim=1.
[INFO] RUNTIME(111294,npu_reader):2026-09-21-12:30:46.703.253 [davinci_kernel_task_v100.cc:253] 111294 ConstructAICpuSqeForDavinciTask: taskType=1, topic_type=0, kernel_type=2, debug_dump_en=0, curVersion=35, isNeedNoTimeout=0, timeout=8960s, kernel_credit=254
[INFO] RUNTIME(111294,npu_reader):2026-09-21-12:30:46.703.260 [task_submit.cc:598] 111294 AllocTaskAndSendStars: device_id=2, ts_id=0, sq_id=3, cq_id=3, stream_id=47, task_id=0, task_type=1(KERNEL_AICPU), sendSqeNum=1, isSupportASyncRecycle=0, isNeedPostProc=0, davinciHead=0, davinciTail=0, taskHead=0, taskTail=0, bindFlag=0, head=0, tail=1, delay recycle num=0.
[INFO] RUNTIME(111294,npu_reader):2026-09-21-12:30:46.703.274 [api_impl.cc:1652] 111294 StreamSynchronize: stream_id=47.
[INFO] RUNTIME(111294,npu_reader):2026-09-21-12:30:46.704.497 [stream.cc:1826] 111373 GetFinishedTaskIdBySqHead: stream_id=47, sq_id=3, sqHead=1, nextTaskId=65535, finishedPos=0, endTaskId=0
[INFO] RUNTIME(111294,npu_reader):2026-09-21-12:30:46.704.501 [stars_engine.cc:1952] 111373 TaskReclaimBySqHeadForSeparatedStm: device_id=2, stream_id=47, sqHead=1, posHead=0, posTail=1, finishedTaskId=0
[INFO] RUNTIME(111294,npu_reader):2026-09-21-12:30:46.704.502 [stream.cc:1826] 111294 GetFinishedTaskIdBySqHead: stream_id=47, sq_id=3, sqHead=1, nextTaskId=65535, finishedPos=0, endTaskId=0
[INFO] RUNTIME(111294,npu_reader):2026-09-21-12:30:46.704.504 [stars_engine.cc:1896] 111373 RecycleTaskProcessForSeparatedStm: device_id=2, stream_id=47, recycle task_id=0, sqHead=1, sqTail=1, sqeNum=1, resHead=1, resTail=1.
[INFO] RUNTIME(111294,npu_reader):2026-09-21-12:30:46.704.506 [stream.cc:1949] 111294 SynchronizeImpl: device_id=2, stream_id=47, task_id=0 has been completed, no concerned cqe.
[INFO] RUNTIME(111294,npu_reader):2026-09-21-12:30:46.704.511 [api_error.cc:1107] 111294 StreamSynchronize: stream synchronize exit, stream_id=47, result=0x0
[INFO] ASCENDCL(111294,npu_reader):2026-09-21-12:30:46.704.515 [model_ri.cpp:135]111294 aclmdlRICaptureThreadExchangeModeImpl: start to execute aclmdlRICaptureThreadExchangeMode, input mode is 2
[INFO] ASCENDCL(111294,npu_reader):2026-09-21-12:30:46.704.517 [model_ri.cpp:141]111294 aclmdlRICaptureThreadExchangeModeImpl: successfully execute aclmdlRICaptureThreadExchangeMode, output mode is 0
[INFO] ASCENDCL(111294,npu_reader):2026-09-21-12:30:46.704.533 [model_ri.cpp:135]111294 aclmdlRICaptureThreadExchangeModeImpl: start to execute aclmdlRICaptureThreadExchangeMode, input mode is 0
[INFO] ASCENDCL(111294,npu_reader):2026-09-21-12:30:46.704.536 [model_ri.cpp:141]111294 aclmdlRICaptureThreadExchangeModeImpl: successfully execute aclmdlRICaptureThreadExchangeMode, output mode is 2
[INFO] RUNTIME(111294,npu_reader):2026-09-21-12:30:46.704.541 [api_impl.cc:2214] 111294 DevFree: device free mem=0x12c081400000
[INFO] RUNTIME(111294,npu_reader):2026-09-21-12:30:46.704.548 [api_impl.cc:2214] 111294 DevFree: device free mem=0x12c0c0017000
[INFO] ASCENDCL(111294,npu_reader):2026-09-21-12:30:46.704.554 [context.cpp:66]111294 aclrtSetCurrentContextImpl: start to execute aclrtSetCurrentContext.
[INFO] RUNTIME(111294,npu_reader):2026-09-21-12:30:46.704.557 [api_impl.cc:3889] 111294 ContextSetCurrent: set context=0xaaac31822090
[INFO] ASCENDCL(111294,npu_reader):2026-09-21-12:30:46.704.561 [context.cpp:70]111294 aclrtSetCurrentContextImpl: successfully execute aclrtSetCurrentContext
[INFO] HCCL(111294,npu_reader):2026-09-21-12:30:46.704.563 [adapter_rts.cc:363] [111294][hrtCtxSetCurrent] success
[INFO] HCCL(111294,npu_reader):2026-09-21-12:30:46.704.565 [stream.cc:196] [111294]Switch Ctx ret[0], curCtx[0xaaac31822090], setCtx[0xaaac31822090], stream id[47]
[INFO] HCCL(111294,npu_reader):2026-09-21-12:30:46.704.569 [adapter_rts.cc:1974] [111294]Destroy Stream begin, para: deviceId[2] streamId[47]
[INFO] ASCENDCL(111294,npu_reader):2026-09-21-12:30:46.704.573 [stream.cpp:111]111294 aclrtDestroyStreamForceImpl: start to execute aclrtDestroyStreamForce
[INFO] RUNTIME(111294,npu_reader):2026-09-21-12:30:46.704.576 [api_impl.cc:1536] 111294 StreamDestroy: stream_id=47.
[INFO] RUNTIME(111294,npu_reader):2026-09-21-12:30:46.704.579 [stream_state_callback_manager.cc:66] 111294 Notify: No stream state callback function registered!
[INFO] RUNTIME(111294,npu_reader):2026-09-21-12:30:46.704.582 [stream.cc:1480] 111294 TearDown: stream_id=47, sqId=3, pendingNum=0, isForceRecycle_=1, flag=1, failMode=1.
[INFO] RUNTIME(111294,npu_reader):2026-09-21-12:30:46.704.585 [stream.cc:1567] 111294 TearDown: stream_id=47, delay recycle task num=0.
[INFO] RUNTIME(111294,npu_reader):2026-09-21-12:30:46.704.597 [stream_sqcq_manage.cc:690] 111294 FreeLogicCq: Return(0), threadIdentifier(281458738403872), devId(2), tsId(0), cqId(135), isFastCq(0).
[INFO] RUNTIME(111294,npu_reader):2026-09-21-12:30:46.704.608 [npu_driver_res.cc:884] 111294 StreamUnBindLogicCq: success: deviceId=2, tsId=0, streamId=47, logicCq=135.
[INFO] RUNTIME(111294,npu_reader):2026-09-21-12:30:46.704.618 [npu_driver_res.cc:1736] 111294 LogicCqFree: Succ:device_id=2,ts_id=0,type=2,logic_cq_id=135, drvFlag=0.
[INFO] RUNTIME(111294,npu_reader):2026-09-21-12:30:46.704.803 [stream.cc:289] 111294 FreeStreamId: Free stream_id=47.
[INFO] RUNTIME(111294,npu_reader):2026-09-21-12:30:46.704.806 [stream_sqcq_manage.cc:428] 111294 DeAllocStreamSqCq: deviceId=2, tsId=0, drvFlag=0
[INFO] RUNTIME(111294,npu_reader):2026-09-21-12:30:46.704.809 [npu_driver_res.cc:1618] 111294 NormalSqCqFree: Normal sqcq free, sqId=3, cqId=3, device_id=2, tsId=0, drvFlag=0
[INFO] RUNTIME(111294,npu_reader):2026-09-21-12:30:46.705.234 [npu_driver_res.cc:1626] 111294 NormalSqCqFree: Normal sqcq free success, sqId=3, cqId=3, device_id=2, tsId=0, drvFlag=0
[INFO] RUNTIME(111294,npu_reader):2026-09-21-12:30:46.705.237 [stream_sqcq_manage.cc:440] 111294 DeAllocStreamSqCq: [SqCqManage]success to release sq, sq_id=3, cq_id=3, stream_id=47, is_sq_need_release=1, drvFlag=0.
[INFO] RUNTIME(111294,npu_reader):2026-09-21-12:30:46.705.240 [npu_driver_res.cc:1192] 111294 StreamIdFree: stream id free begin, device_id=2, stream_id=47, ts_id=0, remote_stream_id=0
[INFO] RUNTIME(111294,npu_reader):2026-09-21-12:30:46.705.246 [npu_driver_res.cc:1201] 111294 StreamIdFree: Stream id free success, stream_id=47, device_id=2, tsId=0, streamFlag=1536
[INFO] ASCENDCL(111294,npu_reader):2026-09-21-12:30:46.705.252 [stream.cpp:115]111294 aclrtDestroyStreamForceImpl: aclrtDestroyStreamForce success
[INFO] HCCL(111294,npu_reader):2026-09-21-12:30:46.705.255 [adapter_rts.cc:1976] [111294]Call aclrtDestroyStreamForce, return value[0].
[INFO] HCCL(111294,npu_reader):2026-09-21-12:30:46.705.258 [stream.cc:200] [111294][HCCL_TRACE]StreamDestroy, streamPtr[0xaaac33395c78], stream id[47]
[INFO] ASCENDCL(111294,npu_reader):2026-09-21-12:30:46.705.260 [context.cpp:66]111294 aclrtSetCurrentContextImpl: start to execute aclrtSetCurrentContext.
[INFO] RUNTIME(111294,npu_reader):2026-09-21-12:30:46.705.263 [api_impl.cc:3889] 111294 ContextSetCurrent: set context=0xaaac31822090
[INFO] ASCENDCL(111294,npu_reader):2026-09-21-12:30:46.705.265 [context.cpp:70]111294 aclrtSetCurrentContextImpl: successfully execute aclrtSetCurrentContext
[INFO] HCCL(111294,npu_reader):2026-09-21-12:30:46.705.267 [adapter_rts.cc:363] [111294][hrtCtxSetCurrent] success
[INFO] HCCL(111294,npu_reader):2026-09-21-12:30:46.705.269 [stream.cc:207] [111294]Restore Ctx ret[0], setCtx[0xaaac31822090], stream id[47]
[INFO] HCCL(111294,npu_reader):2026-09-21-12:30:46.705.275 [thread.cc:246] [111294]FillThreadD2HMap deviceId[2], deviceThreadHandle[0x3ffd4009360], hostThreadHandle[0xaaac318251d0]
[INFO] HCCL(111294,npu_reader):2026-09-21-12:30:46.705.281 [thread.cc:277] [111294][StoreThreadHandles] AICPU engine[AICPU_TS] threadArray[0] = [4397308351328]
[INFO] HCCL(111294,npu_reader):2026-09-21-12:30:46.705.287 [hcomm_c_adpt.cc:798] [111294][HcommThreadAlloc] ThreadAcquire done: engine[AICPU_TS] threadNum[1], notifyPerThread[1]
API HcommThreadAlloc(COMM_ENGINE_AICPU_TS, 1, &notifyCount, &thread) => 0
[INFO] ASCENDCL(111294,npu_reader):2026-09-21-12:30:46.705.300 [kernel.cpp:144]111294 aclrtBinaryLoadFromFileImpl: start to execute aclrtBinaryLoadFromFile, binPath[/workspace/nocoder/standard_read.json]
[INFO] RUNTIME(111294,npu_reader):2026-09-21-12:30:46.705.310 [binary_loader.cc:395] 111294 ParseJsonAndRegisterCpuKernel: New PlainProgram ok, Runtime_alloc_size 11048
[INFO] RUNTIME(111294,npu_reader):2026-09-21-12:30:46.705.380 [runtime.cc:1448] 111294 AddProgramToPool: progId=21
API aclrtBinaryLoadFromFile(kernelConfig, &options, &binary) => 0
[INFO] ASCENDCL(111294,npu_reader):2026-09-21-12:30:46.705.387 [kernel.cpp:99]111294 aclrtBinaryGetFunctionImpl: start to execute aclrtBinaryGetFunction
API aclrtBinaryGetFunction(binary, "StandardReadKernel", &function) => 0
[INFO] RUNTIME(111294,npu_reader):2026-09-21-12:30:46.705.431 [api_impl.cc:2200] 111294 DevMalloc: size=96, type=4096, moduleId=33.
[INFO] RUNTIME(111294,npu_reader):2026-09-21-12:30:46.705.437 [api_error.cc:1458] 111294 DevMalloc: device malloc, size=96(bytes), type=4096, moduleId=33, start ptr=0x12c0c0018000, end ptr=0x12c0c0018060
API aclrtMalloc(&deviceArgs, sizeof(args), ACL_MEM_MALLOC_NORMAL_ONLY) => 0
API aclrtMemcpy(deviceArgs, sizeof(args), &args, sizeof(args), ACL_MEMCPY_HOST_TO_DEVICE) => 0
[INFO] ASCENDCL(111294,npu_reader):2026-09-21-12:30:46.705.458 [kernel.cpp:281]111294 aclrtKernelArgsInitImpl: Start to execute aclrtKernelArgsInit
API aclrtKernelArgsInit(function, &packed) => 0
[INFO] ASCENDCL(111294,npu_reader):2026-09-21-12:30:46.705.462 [kernel.cpp:328]111294 aclrtKernelArgsAppendImpl: Start to execute aclrtKernelArgsAppend
API aclrtKernelArgsAppend(packed, &deviceArgs, sizeof(deviceArgs), &parameter) => 0
[INFO] ASCENDCL(111294,npu_reader):2026-09-21-12:30:46.705.466 [kernel.cpp:379]111294 aclrtKernelArgsFinalizeImpl: Start to execute aclrtKernelArgsFinalize
API aclrtKernelArgsFinalize(packed) => 0
[INFO] ASCENDCL(111294,npu_reader):2026-09-21-12:30:46.705.475 [stream.cpp:41]111294 aclrtCreateStreamImpl: start to execute aclrtCreateStream
[INFO] RUNTIME(111294,npu_reader):2026-09-21-12:30:46.705.479 [api_impl.cc:1429] 111294 StreamCreate: priority=0, flags=0.
[INFO] RUNTIME(111294,npu_reader):2026-09-21-12:30:46.705.493 [npu_driver.cc:1109] 111294 CheckIsSupportFeature: Support FEATURE_TRSDRV_SQ_SUPPORT_DYNAMIC_BIND, drv devId=2.
[INFO] RUNTIME(111294,npu_reader):2026-09-21-12:30:46.705.501 [npu_driver_res.cc:1164] 111294 StreamIdAlloc: stream id alloc begin, device_id=2, priority=0, ts_id=0, remote_stream_id=0, vf_id=0
[INFO] RUNTIME(111294,npu_reader):2026-09-21-12:30:46.705.508 [stream.cc:2998] 111294 AllocExecutedTimesSvm: stream_id=47.
[INFO] RUNTIME(111294,npu_reader):2026-09-21-12:30:46.705.534 [stream_sqcq_manage.cc:357] 111294 Alloc: deviceId=2, tsId=0, drvFlag=0
[INFO] RUNTIME(111294,npu_reader):2026-09-21-12:30:46.705.538 [npu_driver_res.cc:1565] 111294 NormalSqCqAllocate: Set cq dep to 2048, sysMode=0 addrMode=1
[INFO] RUNTIME(111294,npu_reader):2026-09-21-12:30:46.705.764 [npu_driver_res.cc:1702] 111294 LogicCqAllocateV2: cqeDepth=4096, isDvppGrp=0, inFlag=0
[INFO] RUNTIME(111294,npu_reader):2026-09-21-12:30:46.705.776 [npu_driver_res.cc:1714] 111294 LogicCqAllocateV2: success: deviceId=2, tsId=0, cqId=136, streamId=47, logicCq=136, cqeDepth=4096
[INFO] RUNTIME(111294,npu_reader):2026-09-21-12:30:46.705.781 [npu_driver_res.cc:909] 111294 StreamBindLogicCq: success: deviceId=2, tsId=0, streamId=47, logicCq=136.
[INFO] RUNTIME(111294,npu_reader):2026-09-21-12:30:46.705.784 [npu_driver_res.cc:1106] 111294 GetSqRegVirtualAddrBySqid: addr high 32 bit=0x3ff, addr low 32 bit=0xfffb6000, addr=0x3fffffb6000, size=4096
[INFO] RUNTIME(111294,npu_reader):2026-09-21-12:30:46.705.787 [stream.cc:766] 111294 Setup: Success to get sq=4 sq reg virtual addr length=4096.
[INFO] RUNTIME(111294,npu_reader):2026-09-21-12:30:46.705.805 [task_res.cc:152] 111294 CreateTaskRes: stream_id=47, flags_=0x0 create task res success.
[INFO] RUNTIME(111294,npu_reader):2026-09-21-12:30:46.705.811 [stream.cc:348] 111294 CreateStreamTaskRes: STREAM TaskRes Setup stream_id=47, flags_=0x0.
[INFO] RUNTIME(111294,npu_reader):2026-09-21-12:30:46.705.814 [stream.cc:805] 111294 Setup: stream setup end, stream_id=47, IsTaskSink=0, sqId=4, cqId=4, deviceId=2, streamResId=43692
[INFO] RUNTIME(111294,npu_reader):2026-09-21-12:30:46.705.817 [stream_state_callback_manager.cc:66] 111294 Notify: No stream state callback function registered!
[INFO] RUNTIME(111294,npu_reader):2026-09-21-12:30:46.705.819 [context.cc:1122] 111294 StreamCreate: Stream setup normal, stream_id=47, prio=0, flag=0.
[INFO] RUNTIME(111294,npu_reader):2026-09-21-12:30:46.705.822 [api_impl.cc:1481] 111294 StreamCreate: Succ, flags=0, stream_id=47, context=aaac31822090
API aclrtCreateStream(&launchStream) => 0
[INFO] ASCENDCL(111294,npu_reader):2026-09-21-12:30:46.705.827 [kernel.cpp:231]111294 aclrtLaunchKernelWithConfigImpl: Start to execute aclrtLaunchKernelWithConfig
[INFO] RUNTIME(111294,npu_reader):2026-09-21-12:30:46.705.900 [aicpu_stars.cc:146] 111294 LoadArgsWithCopy: Load args success, size=8, device_id=2, stream_id=47.
[INFO] RUNTIME(111294,npu_reader):2026-09-21-12:30:46.705.904 [aicpu_stars.cc:69] 111294 InternalLaunchWithKernelAndArgs: Force cpy args device_id=2, stream_id=47, task_id=0.
[INFO] RUNTIME(111294,npu_reader):2026-09-21-12:30:46.705.907 [aicpu_stars.cc:81] 111294 InternalLaunchWithKernelAndArgs: device_id=2, stream_id=47, task_id=0, model_num=0, NonSupportModelCompile=0, isNoNeedH2DCopy=0, cpuParamHeadOffset=0, kernel_type=2, flag=0x0, timeout=30000000us, blkdim=1.
[INFO] RUNTIME(111294,npu_reader):2026-09-21-12:30:46.705.913 [davinci_kernel_task_v100.cc:253] 111294 ConstructAICpuSqeForDavinciTask: taskType=1, topic_type=0, kernel_type=2, debug_dump_en=0, curVersion=35, isNeedNoTimeout=0, timeout=50048s, kernel_credit=11
[INFO] RUNTIME(111294,npu_reader):2026-09-21-12:30:46.705.919 [task_submit.cc:598] 111294 AllocTaskAndSendStars: device_id=2, ts_id=0, sq_id=4, cq_id=4, stream_id=47, task_id=0, task_type=1(KERNEL_AICPU), sendSqeNum=1, isSupportASyncRecycle=0, isNeedPostProc=0, davinciHead=0, davinciTail=0, taskHead=0, taskTail=0, bindFlag=0, head=0, tail=1, delay recycle num=0.
API aclrtLaunchKernelWithConfig(function, 1, launchStream, &config, packed, nullptr) => 0
[INFO] RUNTIME(111294,npu_reader):2026-09-21-12:30:46.705.933 [api_impl.cc:1652] 111294 StreamSynchronize: stream_id=47.
[INFO] RUNTIME(111294,npu_reader):2026-09-21-12:30:46.707.535 [stream.cc:1826] 111294 GetFinishedTaskIdBySqHead: stream_id=47, sq_id=4, sqHead=1, nextTaskId=65535, finishedPos=0, endTaskId=0
[INFO] RUNTIME(111294,npu_reader):2026-09-21-12:30:46.707.536 [stream.cc:1826] 111373 GetFinishedTaskIdBySqHead: stream_id=47, sq_id=4, sqHead=1, nextTaskId=65535, finishedPos=0, endTaskId=0
[INFO] RUNTIME(111294,npu_reader):2026-09-21-12:30:46.707.538 [stream.cc:1949] 111294 SynchronizeImpl: device_id=2, stream_id=47, task_id=0 has been completed, no concerned cqe.
[INFO] RUNTIME(111294,npu_reader):2026-09-21-12:30:46.707.540 [stars_engine.cc:1952] 111373 TaskReclaimBySqHeadForSeparatedStm: device_id=2, stream_id=47, sqHead=1, posHead=0, posTail=1, finishedTaskId=0
[INFO] RUNTIME(111294,npu_reader):2026-09-21-12:30:46.707.543 [api_error.cc:1107] 111294 StreamSynchronize: stream synchronize exit, stream_id=47, result=0x0
[INFO] RUNTIME(111294,npu_reader):2026-09-21-12:30:46.707.543 [stars_engine.cc:1896] 111373 RecycleTaskProcessForSeparatedStm: device_id=2, stream_id=47, recycle task_id=0, sqHead=1, sqTail=1, sqeNum=1, resHead=1, resTail=1.
API aclrtSynchronizeStream(launchStream) => 0
API aclrtMemcpy(&args, sizeof(args), deviceArgs, sizeof(args), ACL_MEMCPY_DEVICE_TO_HOST) => 0
API args.batchStartResult => 0
API args.readResult => 0
API args.drainResult => 0
API args.batchEndResult => 0
[INFO] ASCENDCL(111294,npu_reader):2026-09-21-12:30:46.707.576 [device.cpp:157]111294 aclrtSynchronizeDeviceImpl: start to execute aclrtSynchronizeDevice
[INFO] RUNTIME(111294,npu_reader):2026-09-21-12:30:46.707.585 [api_impl.cc:3719] 111294 DeviceSynchronize: device synchronize.
[INFO] ASCENDCL(111294,npu_reader):2026-09-21-12:30:46.707.592 [device.cpp:159]111294 aclrtSynchronizeDeviceImpl: device synchronize successfully.
API aclrtSynchronizeDevice() => 0
[INFO] ASCENDCL(111294,npu_reader):2026-09-21-12:30:46.707.596 [stream.cpp:98]111294 aclrtDestroyStreamImpl: start to execute aclrtDestroyStream
[INFO] RUNTIME(111294,npu_reader):2026-09-21-12:30:46.707.599 [api_impl.cc:1536] 111294 StreamDestroy: stream_id=47.
[INFO] RUNTIME(111294,npu_reader):2026-09-21-12:30:46.707.602 [stream_state_callback_manager.cc:66] 111294 Notify: No stream state callback function registered!
[INFO] RUNTIME(111294,npu_reader):2026-09-21-12:30:46.707.609 [stream.cc:1480] 111294 TearDown: stream_id=47, sqId=4, pendingNum=0, isForceRecycle_=0, flag=0, failMode=0.
[INFO] RUNTIME(111294,npu_reader):2026-09-21-12:30:46.707.612 [stream.cc:1567] 111294 TearDown: stream_id=47, delay recycle task num=0.
[INFO] RUNTIME(111294,npu_reader):2026-09-21-12:30:46.707.622 [stream_sqcq_manage.cc:690] 111294 FreeLogicCq: Return(0), threadIdentifier(281458738403872), devId(2), tsId(0), cqId(136), isFastCq(0).
[INFO] RUNTIME(111294,npu_reader):2026-09-21-12:30:46.707.627 [npu_driver_res.cc:884] 111294 StreamUnBindLogicCq: success: deviceId=2, tsId=0, streamId=47, logicCq=136.
[INFO] RUNTIME(111294,npu_reader):2026-09-21-12:30:46.707.636 [npu_driver_res.cc:1736] 111294 LogicCqFree: Succ:device_id=2,ts_id=0,type=2,logic_cq_id=136, drvFlag=0.
[INFO] RUNTIME(111294,npu_reader):2026-09-21-12:30:46.707.640 [stream.cc:289] 111294 FreeStreamId: Free stream_id=47.
[INFO] RUNTIME(111294,npu_reader):2026-09-21-12:30:46.707.642 [stream_sqcq_manage.cc:428] 111294 DeAllocStreamSqCq: deviceId=2, tsId=0, drvFlag=0
[INFO] RUNTIME(111294,npu_reader):2026-09-21-12:30:46.707.645 [npu_driver_res.cc:1618] 111294 NormalSqCqFree: Normal sqcq free, sqId=4, cqId=4, device_id=2, tsId=0, drvFlag=0
[INFO] RUNTIME(111294,npu_reader):2026-09-21-12:30:46.708.051 [npu_driver_res.cc:1626] 111294 NormalSqCqFree: Normal sqcq free success, sqId=4, cqId=4, device_id=2, tsId=0, drvFlag=0
[INFO] RUNTIME(111294,npu_reader):2026-09-21-12:30:46.708.055 [stream_sqcq_manage.cc:440] 111294 DeAllocStreamSqCq: [SqCqManage]success to release sq, sq_id=4, cq_id=4, stream_id=47, is_sq_need_release=1, drvFlag=0.
[INFO] RUNTIME(111294,npu_reader):2026-09-21-12:30:46.708.058 [npu_driver_res.cc:1192] 111294 StreamIdFree: stream id free begin, device_id=2, stream_id=47, ts_id=0, remote_stream_id=0
[INFO] RUNTIME(111294,npu_reader):2026-09-21-12:30:46.708.063 [npu_driver_res.cc:1201] 111294 StreamIdFree: Stream id free success, stream_id=47, device_id=2, tsId=0, streamFlag=0
[INFO] ASCENDCL(111294,npu_reader):2026-09-21-12:30:46.708.070 [stream.cpp:102]111294 aclrtDestroyStreamImpl: aclrtDestroyStream success
API aclrtDestroyStream(launchStream) => 0
[INFO] RUNTIME(111294,npu_reader):2026-09-21-12:30:46.708.075 [api_impl.cc:2214] 111294 DevFree: device free mem=0x12c0c0018000
API aclrtFree(deviceArgs) => 0
[INFO] ASCENDCL(111294,npu_reader):2026-09-21-12:30:46.708.086 [kernel.cpp:88]111294 aclrtBinaryUnLoadImpl: start to execute aclrtBinaryUnLoad
API aclrtBinaryUnLoad(binary) => 0

STAGE 6. 仅为验证将 HBM 回拷 CPU，检查16字节数据和4080字节哨兵
API aclrtMemcpy(actual, sizeof(actual), hbm, BUFFER_BYTES, ACL_MEMCPY_DEVICE_TO_HOST) => 0
HBM first 16 bytes: 68 65 6c 6c 6f 20 72 64 6d 61 20 64 65 6d 6f 00
PASS: standard HcommReadOnThread HBM='hello rdma demo', bytes=16, guards=4080 unchanged

STAGE 7. 已无在途请求，释放线程/通道，再注销和释放内存
[INFO] ASCENDCL(111294,npu_reader):2026-09-21-12:30:46.708.222 [device.cpp:216]111294 aclrtGetDeviceCountImpl: start to execute aclrtGetDeviceCount
[INFO] ASCENDCL(111294,npu_reader):2026-09-21-12:30:46.708.228 [device.cpp:220]111294 aclrtGetDeviceCountImpl: successfully execute aclrtGetDeviceCount, get device count is 16.
[INFO] HCCL(111294,npu_reader):2026-09-21-12:30:46.708.232 [hcomm_adapter_runtime.cc:58] [111294][HcommAdapterRuntime][ResolveRuntimeDevicePhyId] deviceCount[16], devLogicId[2], devicePhyId[2].
[INFO] HCCL(111294,npu_reader):2026-09-21-12:30:46.708.239 [thread.cc:342] [111294][FreeThreads] begin to free 1 threads
[INFO] HCCL(111294,npu_reader):2026-09-21-12:30:46.708.248 [thread.cc:319] [111294][FreeThreadHandlesLocked] erase thread: deviceId[2], inHandle[0x3ffd4009360], mappedHandle[0xaaac318251d0], ptr[0xaaac318251d0]
[INFO] ASCENDCL(111294,npu_reader):2026-09-21-12:30:46.708.260 [context.cpp:66]111294 aclrtSetCurrentContextImpl: start to execute aclrtSetCurrentContext.
[INFO] RUNTIME(111294,npu_reader):2026-09-21-12:30:46.708.263 [api_impl.cc:3889] 111294 ContextSetCurrent: set context=0xaaac31822090
[INFO] ASCENDCL(111294,npu_reader):2026-09-21-12:30:46.708.266 [context.cpp:70]111294 aclrtSetCurrentContextImpl: successfully execute aclrtSetCurrentContext
[INFO] HCCL(111294,npu_reader):2026-09-21-12:30:46.708.269 [adapter_rts.cc:363] [111294][hrtCtxSetCurrent] success
[INFO] HCCL(111294,npu_reader):2026-09-21-12:30:46.708.271 [stream.cc:196] [111294]Switch Ctx ret[0], curCtx[0xaaac31822090], setCtx[0xaaac31822090], stream id[50]
[INFO] HCCL(111294,npu_reader):2026-09-21-12:30:46.708.276 [adapter_rts.cc:1974] [111294]Destroy Stream begin, para: deviceId[2] streamId[50]
[INFO] ASCENDCL(111294,npu_reader):2026-09-21-12:30:46.708.279 [stream.cpp:111]111294 aclrtDestroyStreamForceImpl: start to execute aclrtDestroyStreamForce
[INFO] RUNTIME(111294,npu_reader):2026-09-21-12:30:46.708.281 [api_impl.cc:1536] 111294 StreamDestroy: stream_id=50.
[INFO] RUNTIME(111294,npu_reader):2026-09-21-12:30:46.708.284 [stream_state_callback_manager.cc:66] 111294 Notify: No stream state callback function registered!
[INFO] RUNTIME(111294,npu_reader):2026-09-21-12:30:46.708.287 [stream.cc:1480] 111294 TearDown: stream_id=50, sqId=50, pendingNum=0, isForceRecycle_=1, flag=1, failMode=0.
[INFO] RUNTIME(111294,npu_reader):2026-09-21-12:30:46.708.289 [stream.cc:1567] 111294 TearDown: stream_id=50, delay recycle task num=0.
[INFO] RUNTIME(111294,npu_reader):2026-09-21-12:30:46.708.295 [stream_sqcq_manage.cc:690] 111294 FreeLogicCq: Return(0), threadIdentifier(281458738403872), devId(2), tsId(0), cqId(18), isFastCq(0).
[INFO] RUNTIME(111294,npu_reader):2026-09-21-12:30:46.708.488 [npu_driver_res.cc:884] 111294 StreamUnBindLogicCq: success: deviceId=2, tsId=0, streamId=50, logicCq=18.
[INFO] RUNTIME(111294,npu_reader):2026-09-21-12:30:46.708.680 [npu_driver_res.cc:1736] 111294 LogicCqFree: Succ:device_id=2,ts_id=0,type=2,logic_cq_id=18, drvFlag=32.
[INFO] RUNTIME(111294,npu_reader):2026-09-21-12:30:46.708.687 [stream.cc:289] 111294 FreeStreamId: Free stream_id=50.
[INFO] RUNTIME(111294,npu_reader):2026-09-21-12:30:46.708.690 [stream_sqcq_manage.cc:428] 111294 DeAllocStreamSqCq: deviceId=2, tsId=0, drvFlag=32
[INFO] RUNTIME(111294,npu_reader):2026-09-21-12:30:46.708.692 [npu_driver_res.cc:1618] 111294 NormalSqCqFree: Normal sqcq free, sqId=50, cqId=50, device_id=2, tsId=0, drvFlag=32
[INFO] RUNTIME(111294,npu_reader):2026-09-21-12:30:46.709.464 [npu_driver_res.cc:1626] 111294 NormalSqCqFree: Normal sqcq free success, sqId=50, cqId=50, device_id=2, tsId=0, drvFlag=32
[INFO] RUNTIME(111294,npu_reader):2026-09-21-12:30:46.709.471 [stream_sqcq_manage.cc:440] 111294 DeAllocStreamSqCq: [SqCqManage]success to release sq, sq_id=50, cq_id=50, stream_id=50, is_sq_need_release=1, drvFlag=0x20.
[INFO] RUNTIME(111294,npu_reader):2026-09-21-12:30:46.709.474 [npu_driver_res.cc:1192] 111294 StreamIdFree: stream id free begin, device_id=2, stream_id=50, ts_id=0, remote_stream_id=32
[INFO] RUNTIME(111294,npu_reader):2026-09-21-12:30:46.709.637 [npu_driver_res.cc:1201] 111294 StreamIdFree: Stream id free success, stream_id=50, device_id=2, tsId=0, streamFlag=2048
[INFO] ASCENDCL(111294,npu_reader):2026-09-21-12:30:46.709.644 [stream.cpp:115]111294 aclrtDestroyStreamForceImpl: aclrtDestroyStreamForce success
[INFO] HCCL(111294,npu_reader):2026-09-21-12:30:46.709.647 [adapter_rts.cc:1976] [111294]Call aclrtDestroyStreamForce, return value[0].
[INFO] HCCL(111294,npu_reader):2026-09-21-12:30:46.709.650 [stream.cc:200] [111294][HCCL_TRACE]StreamDestroy, streamPtr[0xaaac33394be8], stream id[50]
[INFO] ASCENDCL(111294,npu_reader):2026-09-21-12:30:46.709.652 [context.cpp:66]111294 aclrtSetCurrentContextImpl: start to execute aclrtSetCurrentContext.
[INFO] RUNTIME(111294,npu_reader):2026-09-21-12:30:46.709.655 [api_impl.cc:3889] 111294 ContextSetCurrent: set context=0xaaac31822090
[INFO] ASCENDCL(111294,npu_reader):2026-09-21-12:30:46.709.657 [context.cpp:70]111294 aclrtSetCurrentContextImpl: successfully execute aclrtSetCurrentContext
[INFO] HCCL(111294,npu_reader):2026-09-21-12:30:46.709.660 [adapter_rts.cc:363] [111294][hrtCtxSetCurrent] success
[INFO] HCCL(111294,npu_reader):2026-09-21-12:30:46.709.662 [stream.cc:207] [111294]Restore Ctx ret[0], setCtx[0xaaac31822090], stream id[50]
[INFO] ASCENDCL(111294,npu_reader):2026-09-21-12:30:46.709.671 [notify.cpp:73]111294 aclrtGetNotifyIdImpl: start to execute aclrtGetNotifyId
[INFO] RUNTIME(111294,npu_reader):2026-09-21-12:30:46.709.674 [api_impl.cc:4661] 111294 GetNotifyID: Get notify id.
[INFO] ASCENDCL(111294,npu_reader):2026-09-21-12:30:46.709.677 [notify.cpp:79]111294 aclrtGetNotifyIdImpl: successfully execute aclrtGetNotifyId
[INFO] HCCL(111294,npu_reader):2026-09-21-12:30:46.709.680 [adapter_rts.cc:1552] [111294]Destroy Notify para: deviceId[2] notifyId[56]
[INFO] HCCL(111294,npu_reader):2026-09-21-12:30:46.709.682 [adapter_rts.cc:1553] [111294]Destroy Notify begin, para: deviceId[2] notifyId[56]
[INFO] ASCENDCL(111294,npu_reader):2026-09-21-12:30:46.709.688 [notify.cpp:40]111294 aclrtDestroyNotifyImpl: start to execute aclrtDestroyNotify
[INFO] RUNTIME(111294,npu_reader):2026-09-21-12:30:46.709.694 [api_impl.cc:4545] 111294 NotifyDestroy: Notify destroy.
[INFO] RUNTIME(111294,npu_reader):2026-09-21-12:30:46.709.714 [npu_driver.cc:746] 111294 DestroyIpcNotify: Destroy ipc with halShrIdDestroy success, device_id=2, name=000e431f0000000200000000000000000000003800440002, notifyId=56.
[INFO] RUNTIME(111294,npu_reader):2026-09-21-12:30:46.709.719 [npu_driver_res.cc:1390] 111294 NotifyIdFree: NotifyIdFree begin, device_id=2, notify_id=56, ts_id=0, remote_notify_id=32
[INFO] RUNTIME(111294,npu_reader):2026-09-21-12:30:46.709.908 [npu_driver_res.cc:1401] 111294 NotifyIdFree: NotifyIdFree success, device_id=2, ts_id=0, notify_id=56, notify_flag=1
[INFO] ASCENDCL(111294,npu_reader):2026-09-21-12:30:46.709.914 [notify.cpp:45]111294 aclrtDestroyNotifyImpl: successfully execute aclrtDestroyNotify
[INFO] HCCL(111294,npu_reader):2026-09-21-12:30:46.709.917 [adapter_rts.cc:1555] [111294]Destroy Notify end, para: deviceId[2] notifyId[56]
[INFO] RUNTIME(111294,npu_reader):2026-09-21-12:30:46.709.920 [api_impl.cc:2214] 111294 DevFree: device free mem=0x12c0c0039000
[INFO] HCCL(111294,npu_reader):2026-09-21-12:30:46.709.930 [aicpu_launch_manager.cc:226] [111294][AicpuLaunchMgr][ThreadKernelLaunchDestroy] Start. listNum=1, threadHandles=0xfffc18000c30, binHandle=0xaaac33375c60
[INFO] HCCL(111294,npu_reader):2026-09-21-12:30:46.709.934 [aicpu_launch_manager.cc:57] [111294][CreateLocalStream] create local stream
[INFO] ASCENDCL(111294,npu_reader):2026-09-21-12:30:46.709.938 [stream.cpp:56]111294 aclrtCreateStreamWithConfigImpl: start to execute aclrtCreateStreamWithConfig with priority:0, flag:3
[INFO] RUNTIME(111294,npu_reader):2026-09-21-12:30:46.709.942 [api_impl.cc:1429] 111294 StreamCreate: priority=0, flags=1536.
[INFO] RUNTIME(111294,npu_reader):2026-09-21-12:30:46.709.956 [npu_driver.cc:1109] 111294 CheckIsSupportFeature: Support FEATURE_TRSDRV_SQ_SUPPORT_DYNAMIC_BIND, drv devId=2.
[INFO] RUNTIME(111294,npu_reader):2026-09-21-12:30:46.709.964 [npu_driver_res.cc:1164] 111294 StreamIdAlloc: stream id alloc begin, device_id=2, priority=0, ts_id=0, remote_stream_id=0, vf_id=0
[INFO] RUNTIME(111294,npu_reader):2026-09-21-12:30:46.709.978 [stream.cc:2998] 111294 AllocExecutedTimesSvm: stream_id=47.
[INFO] RUNTIME(111294,npu_reader):2026-09-21-12:30:46.710.006 [stream_sqcq_manage.cc:357] 111294 Alloc: deviceId=2, tsId=0, drvFlag=0
[INFO] RUNTIME(111294,npu_reader):2026-09-21-12:30:46.710.016 [npu_driver_res.cc:1565] 111294 NormalSqCqAllocate: Set cq dep to 2048, sysMode=0 addrMode=1
[INFO] RUNTIME(111294,npu_reader):2026-09-21-12:30:46.710.244 [npu_driver_res.cc:1702] 111294 LogicCqAllocateV2: cqeDepth=4096, isDvppGrp=0, inFlag=0
[INFO] RUNTIME(111294,npu_reader):2026-09-21-12:30:46.710.256 [npu_driver_res.cc:1714] 111294 LogicCqAllocateV2: success: deviceId=2, tsId=0, cqId=137, streamId=47, logicCq=137, cqeDepth=4096
[INFO] RUNTIME(111294,npu_reader):2026-09-21-12:30:46.710.261 [npu_driver_res.cc:909] 111294 StreamBindLogicCq: success: deviceId=2, tsId=0, streamId=47, logicCq=137.
[INFO] RUNTIME(111294,npu_reader):2026-09-21-12:30:46.710.264 [npu_driver_res.cc:1106] 111294 GetSqRegVirtualAddrBySqid: addr high 32 bit=0x3ff, addr low 32 bit=0xfffe4000, addr=0x3fffffe4000, size=4096
[INFO] RUNTIME(111294,npu_reader):2026-09-21-12:30:46.710.267 [stream.cc:766] 111294 Setup: Success to get sq=5 sq reg virtual addr length=4096.
[INFO] DRV(111294,npu_reader):2026-09-21-12:30:46.710.290 [devmm_svm.c:2232][ascend][curpid:111294,111294][drv][devmm][devmm_ctrl_support_feature]RTS note drv support feature. (in_feature=0xa; out_feature=0x8)
[INFO] RUNTIME(111294,npu_reader):2026-09-21-12:30:46.710.295 [npu_driver_mem.cc:2584] 111294 CheckSupportPcieBarCopy: chip type=5, drv support pcie bar copy
[INFO] RUNTIME(111294,npu_reader):2026-09-21-12:30:46.710.310 [stream.cc:348] 111294 CreateStreamTaskRes: STREAM TaskRes Setup stream_id=47, flags_=0x600.
[INFO] RUNTIME(111294,npu_reader):2026-09-21-12:30:46.710.313 [stream.cc:805] 111294 Setup: stream setup end, stream_id=47, IsTaskSink=0, sqId=5, cqId=5, deviceId=2, streamResId=43692
[INFO] RUNTIME(111294,npu_reader):2026-09-21-12:30:46.710.316 [stream_state_callback_manager.cc:66] 111294 Notify: No stream state callback function registered!
[INFO] RUNTIME(111294,npu_reader):2026-09-21-12:30:46.710.319 [context.cc:1122] 111294 StreamCreate: Stream setup normal, stream_id=47, prio=0, flag=1536.
[INFO] RUNTIME(111294,npu_reader):2026-09-21-12:30:46.710.321 [api_impl.cc:1481] 111294 StreamCreate: Succ, flags=1536, stream_id=47, context=aaac31822090
[INFO] HCCL(111294,npu_reader):2026-09-21-12:30:46.710.328 [stream.cc:75] [111294]Construct stream by stream type success, ptr[0xaaac33394be8] ctx[0xaaac31822090], stream id[47], cqId[5], logicCqid[137]
[INFO] ASCENDCL(111294,npu_reader):2026-09-21-12:30:46.710.334 [stream.cpp:298]111294 aclrtSetStreamAttributeImpl: start to execute aclrtSetStreamAttribute, stmAttrType = [1]
[INFO] RUNTIME(111294,npu_reader):2026-09-21-12:30:46.710.338 [stream.cc:4140] 111294 SetFailMode: stream_id=47 is updated from CONTINUE to STOP.
[INFO] ASCENDCL(111294,npu_reader):2026-09-21-12:30:46.710.342 [stream.cpp:305]111294 aclrtSetStreamAttributeImpl: successfully execute aclrtSetStreamAttribute
[INFO] RUNTIME(111294,npu_reader):2026-09-21-12:30:46.710.382 [api_impl.cc:7894] 111294 DevMalloc: size=8, advise=0,type=0x402,moduleId=3.
[INFO] RUNTIME(111294,npu_reader):2026-09-21-12:30:46.710.384 [api_impl.cc:7904] 111294 DevMalloc: type=0x402.
[INFO] RUNTIME(111294,npu_reader):2026-09-21-12:30:46.710.389 [api_error.cc:5978] 111294 DevMalloc: device malloc, size=8(bytes), start ptr=0x12c0c0017000, end ptr=0x12c0c0017008
[INFO] HCCL(111294,npu_reader):2026-09-21-12:30:46.710.392 [adapter_rts.cc:662] [111294]Malloc DevMem para: deviceId[2] devPtr[0x12c0c0017000] size[8 Byte] level2Address[0]
[INFO] ASCENDCL(111294,npu_reader):2026-09-21-12:30:46.710.396 [model_ri.cpp:135]111294 aclmdlRICaptureThreadExchangeModeImpl: start to execute aclmdlRICaptureThreadExchangeMode, input mode is 2
[INFO] ASCENDCL(111294,npu_reader):2026-09-21-12:30:46.710.400 [model_ri.cpp:141]111294 aclmdlRICaptureThreadExchangeModeImpl: successfully execute aclmdlRICaptureThreadExchangeMode, output mode is 0
[INFO] ASCENDCL(111294,npu_reader):2026-09-21-12:30:46.710.418 [model_ri.cpp:135]111294 aclmdlRICaptureThreadExchangeModeImpl: start to execute aclmdlRICaptureThreadExchangeMode, input mode is 0
[INFO] ASCENDCL(111294,npu_reader):2026-09-21-12:30:46.710.422 [model_ri.cpp:141]111294 aclmdlRICaptureThreadExchangeModeImpl: successfully execute aclmdlRICaptureThreadExchangeMode, output mode is 2
[INFO] HCCL(111294,npu_reader):2026-09-21-12:30:46.710.427 [aicpu_launch_manager.cc:246] [111294][AicpuLaunchMgr][ThreadKernelLaunchDestroy] call KernelLaunch, kernelName=RunAicpuThreadDestroy, stream=0xaaac33394be8, binHandle=0xaaac33375c60
[INFO] RUNTIME(111294,npu_reader):2026-09-21-12:30:46.710.431 [api_impl.cc:7894] 111294 DevMalloc: size=1200160, advise=0,type=0x402,moduleId=3.
[INFO] RUNTIME(111294,npu_reader):2026-09-21-12:30:46.710.433 [api_impl.cc:7904] 111294 DevMalloc: type=0x402.
[INFO] RUNTIME(111294,npu_reader):2026-09-21-12:30:46.710.437 [api_error.cc:5978] 111294 DevMalloc: device malloc, size=1200160(bytes), start ptr=0x12c081400000, end ptr=0x12c081525020
[INFO] HCCL(111294,npu_reader):2026-09-21-12:30:46.710.440 [adapter_rts.cc:662] [111294]Malloc DevMem para: deviceId[2] devPtr[0x12c081400000] size[1200160 Byte] level2Address[0]
[INFO] ASCENDCL(111294,npu_reader):2026-09-21-12:30:46.710.443 [model_ri.cpp:135]111294 aclmdlRICaptureThreadExchangeModeImpl: start to execute aclmdlRICaptureThreadExchangeMode, input mode is 2
[INFO] ASCENDCL(111294,npu_reader):2026-09-21-12:30:46.710.445 [model_ri.cpp:141]111294 aclmdlRICaptureThreadExchangeModeImpl: successfully execute aclmdlRICaptureThreadExchangeMode, output mode is 0
[INFO] ASCENDCL(111294,npu_reader):2026-09-21-12:30:46.710.534 [model_ri.cpp:135]111294 aclmdlRICaptureThreadExchangeModeImpl: start to execute aclmdlRICaptureThreadExchangeMode, input mode is 0
[INFO] ASCENDCL(111294,npu_reader):2026-09-21-12:30:46.710.538 [model_ri.cpp:141]111294 aclmdlRICaptureThreadExchangeModeImpl: successfully execute aclmdlRICaptureThreadExchangeMode, output mode is 2
[INFO] ASCENDCL(111294,npu_reader):2026-09-21-12:30:46.710.542 [kernel.cpp:99]111294 aclrtBinaryGetFunctionImpl: start to execute aclrtBinaryGetFunction
[INFO] RUNTIME(111294,npu_reader):2026-09-21-12:30:46.710.546 [program.cc:1318] 111294 CopySoAndNameToCurrentDevice: device_id=2, handle=0xaaac33375c60, isNewFlow=1 already copy or not need.
[INFO] ASCENDCL(111294,npu_reader):2026-09-21-12:30:46.710.550 [kernel.cpp:281]111294 aclrtKernelArgsInitImpl: Start to execute aclrtKernelArgsInit
[INFO] ASCENDCL(111294,npu_reader):2026-09-21-12:30:46.710.554 [kernel.cpp:328]111294 aclrtKernelArgsAppendImpl: Start to execute aclrtKernelArgsAppend
[INFO] ASCENDCL(111294,npu_reader):2026-09-21-12:30:46.710.557 [kernel.cpp:379]111294 aclrtKernelArgsFinalizeImpl: Start to execute aclrtKernelArgsFinalize
[INFO] ASCENDCL(111294,npu_reader):2026-09-21-12:30:46.710.560 [kernel.cpp:231]111294 aclrtLaunchKernelWithConfigImpl: Start to execute aclrtLaunchKernelWithConfig
[INFO] RUNTIME(111294,npu_reader):2026-09-21-12:30:46.710.568 [aicpu_stars.cc:81] 111294 InternalLaunchWithKernelAndArgs: device_id=2, stream_id=47, task_id=0, model_num=0, NonSupportModelCompile=0, isNoNeedH2DCopy=0, cpuParamHeadOffset=0, kernel_type=2, flag=0x0, timeout=1836000000us, blkdim=1.
[INFO] RUNTIME(111294,npu_reader):2026-09-21-12:30:46.710.577 [davinci_kernel_task_v100.cc:253] 111294 ConstructAICpuSqeForDavinciTask: taskType=1, topic_type=0, kernel_type=2, debug_dump_en=0, curVersion=35, isNeedNoTimeout=0, timeout=8960s, kernel_credit=254
[INFO] RUNTIME(111294,npu_reader):2026-09-21-12:30:46.710.583 [task_submit.cc:598] 111294 AllocTaskAndSendStars: device_id=2, ts_id=0, sq_id=5, cq_id=5, stream_id=47, task_id=0, task_type=1(KERNEL_AICPU), sendSqeNum=1, isSupportASyncRecycle=0, isNeedPostProc=0, davinciHead=0, davinciTail=0, taskHead=0, taskTail=0, bindFlag=0, head=0, tail=1, delay recycle num=0.
[INFO] RUNTIME(111294,npu_reader):2026-09-21-12:30:46.710.594 [api_impl.cc:1652] 111294 StreamSynchronize: stream_id=47.
[INFO] RUNTIME(111294,npu_reader):2026-09-21-12:30:46.710.790 [stream.cc:1826] 111294 GetFinishedTaskIdBySqHead: stream_id=47, sq_id=5, sqHead=1, nextTaskId=65535, finishedPos=0, endTaskId=0
[INFO] RUNTIME(111294,npu_reader):2026-09-21-12:30:46.710.791 [stream.cc:1826] 111373 GetFinishedTaskIdBySqHead: stream_id=47, sq_id=5, sqHead=1, nextTaskId=65535, finishedPos=0, endTaskId=0
[INFO] RUNTIME(111294,npu_reader):2026-09-21-12:30:46.710.794 [stream.cc:1949] 111294 SynchronizeImpl: device_id=2, stream_id=47, task_id=0 has been completed, no concerned cqe.
[INFO] RUNTIME(111294,npu_reader):2026-09-21-12:30:46.710.797 [stars_engine.cc:1952] 111373 TaskReclaimBySqHeadForSeparatedStm: device_id=2, stream_id=47, sqHead=1, posHead=0, posTail=1, finishedTaskId=0
[INFO] RUNTIME(111294,npu_reader):2026-09-21-12:30:46.710.799 [api_error.cc:1107] 111294 StreamSynchronize: stream synchronize exit, stream_id=47, result=0x0
[INFO] RUNTIME(111294,npu_reader):2026-09-21-12:30:46.710.800 [stars_engine.cc:1896] 111373 RecycleTaskProcessForSeparatedStm: device_id=2, stream_id=47, recycle task_id=0, sqHead=1, sqTail=1, sqeNum=1, resHead=1, resTail=1.
[INFO] RUNTIME(111294,npu_reader):2026-09-21-12:30:46.710.803 [api_impl.cc:2214] 111294 DevFree: device free mem=0x12c081400000
[INFO] RUNTIME(111294,npu_reader):2026-09-21-12:30:46.710.811 [api_impl.cc:2214] 111294 DevFree: device free mem=0x12c0c0017000
[INFO] ASCENDCL(111294,npu_reader):2026-09-21-12:30:46.710.817 [context.cpp:66]111294 aclrtSetCurrentContextImpl: start to execute aclrtSetCurrentContext.
[INFO] RUNTIME(111294,npu_reader):2026-09-21-12:30:46.710.820 [api_impl.cc:3889] 111294 ContextSetCurrent: set context=0xaaac31822090
[INFO] ASCENDCL(111294,npu_reader):2026-09-21-12:30:46.710.823 [context.cpp:70]111294 aclrtSetCurrentContextImpl: successfully execute aclrtSetCurrentContext
[INFO] HCCL(111294,npu_reader):2026-09-21-12:30:46.710.825 [adapter_rts.cc:363] [111294][hrtCtxSetCurrent] success
[INFO] HCCL(111294,npu_reader):2026-09-21-12:30:46.710.827 [stream.cc:196] [111294]Switch Ctx ret[0], curCtx[0xaaac31822090], setCtx[0xaaac31822090], stream id[47]
[INFO] HCCL(111294,npu_reader):2026-09-21-12:30:46.710.831 [adapter_rts.cc:1974] [111294]Destroy Stream begin, para: deviceId[2] streamId[47]
[INFO] ASCENDCL(111294,npu_reader):2026-09-21-12:30:46.710.834 [stream.cpp:111]111294 aclrtDestroyStreamForceImpl: start to execute aclrtDestroyStreamForce
[INFO] RUNTIME(111294,npu_reader):2026-09-21-12:30:46.710.836 [api_impl.cc:1536] 111294 StreamDestroy: stream_id=47.
[INFO] RUNTIME(111294,npu_reader):2026-09-21-12:30:46.710.839 [stream_state_callback_manager.cc:66] 111294 Notify: No stream state callback function registered!
[INFO] RUNTIME(111294,npu_reader):2026-09-21-12:30:46.710.842 [stream.cc:1480] 111294 TearDown: stream_id=47, sqId=5, pendingNum=0, isForceRecycle_=1, flag=1, failMode=1.
[INFO] RUNTIME(111294,npu_reader):2026-09-21-12:30:46.710.845 [stream.cc:1567] 111294 TearDown: stream_id=47, delay recycle task num=0.
[INFO] RUNTIME(111294,npu_reader):2026-09-21-12:30:46.710.850 [stream_sqcq_manage.cc:690] 111294 FreeLogicCq: Return(0), threadIdentifier(281458738403872), devId(2), tsId(0), cqId(137), isFastCq(0).
[INFO] RUNTIME(111294,npu_reader):2026-09-21-12:30:46.710.855 [npu_driver_res.cc:884] 111294 StreamUnBindLogicCq: success: deviceId=2, tsId=0, streamId=47, logicCq=137.
[INFO] RUNTIME(111294,npu_reader):2026-09-21-12:30:46.710.862 [npu_driver_res.cc:1736] 111294 LogicCqFree: Succ:device_id=2,ts_id=0,type=2,logic_cq_id=137, drvFlag=0.
[INFO] RUNTIME(111294,npu_reader):2026-09-21-12:30:46.711.040 [stream.cc:289] 111294 FreeStreamId: Free stream_id=47.
[INFO] RUNTIME(111294,npu_reader):2026-09-21-12:30:46.711.044 [stream_sqcq_manage.cc:428] 111294 DeAllocStreamSqCq: deviceId=2, tsId=0, drvFlag=0
[INFO] RUNTIME(111294,npu_reader):2026-09-21-12:30:46.711.046 [npu_driver_res.cc:1618] 111294 NormalSqCqFree: Normal sqcq free, sqId=5, cqId=5, device_id=2, tsId=0, drvFlag=0
[INFO] RUNTIME(111294,npu_reader):2026-09-21-12:30:46.711.446 [npu_driver_res.cc:1626] 111294 NormalSqCqFree: Normal sqcq free success, sqId=5, cqId=5, device_id=2, tsId=0, drvFlag=0
[INFO] RUNTIME(111294,npu_reader):2026-09-21-12:30:46.711.449 [stream_sqcq_manage.cc:440] 111294 DeAllocStreamSqCq: [SqCqManage]success to release sq, sq_id=5, cq_id=5, stream_id=47, is_sq_need_release=1, drvFlag=0.
[INFO] RUNTIME(111294,npu_reader):2026-09-21-12:30:46.711.454 [npu_driver_res.cc:1192] 111294 StreamIdFree: stream id free begin, device_id=2, stream_id=47, ts_id=0, remote_stream_id=0
[INFO] RUNTIME(111294,npu_reader):2026-09-21-12:30:46.711.458 [npu_driver_res.cc:1201] 111294 StreamIdFree: Stream id free success, stream_id=47, device_id=2, tsId=0, streamFlag=1536
[INFO] ASCENDCL(111294,npu_reader):2026-09-21-12:30:46.711.463 [stream.cpp:115]111294 aclrtDestroyStreamForceImpl: aclrtDestroyStreamForce success
[INFO] HCCL(111294,npu_reader):2026-09-21-12:30:46.711.466 [adapter_rts.cc:1976] [111294]Call aclrtDestroyStreamForce, return value[0].
[INFO] HCCL(111294,npu_reader):2026-09-21-12:30:46.711.468 [stream.cc:200] [111294][HCCL_TRACE]StreamDestroy, streamPtr[0xaaac33394be8], stream id[47]
[INFO] ASCENDCL(111294,npu_reader):2026-09-21-12:30:46.711.471 [context.cpp:66]111294 aclrtSetCurrentContextImpl: start to execute aclrtSetCurrentContext.
[INFO] RUNTIME(111294,npu_reader):2026-09-21-12:30:46.711.473 [api_impl.cc:3889] 111294 ContextSetCurrent: set context=0xaaac31822090
[INFO] ASCENDCL(111294,npu_reader):2026-09-21-12:30:46.711.476 [context.cpp:70]111294 aclrtSetCurrentContextImpl: successfully execute aclrtSetCurrentContext
[INFO] HCCL(111294,npu_reader):2026-09-21-12:30:46.711.478 [adapter_rts.cc:363] [111294][hrtCtxSetCurrent] success
[INFO] HCCL(111294,npu_reader):2026-09-21-12:30:46.711.480 [stream.cc:207] [111294]Restore Ctx ret[0], setCtx[0xaaac31822090], stream id[47]
[INFO] HCCL(111294,npu_reader):2026-09-21-12:30:46.711.484 [thread.cc:352] [111294][FreeThreads] 1 threads freed successfully.
API HcommThreadFree(&thread, 1) => 0
[INFO] ASCENDCL(111294,npu_reader):2026-09-21-12:30:46.711.498 [device.cpp:216]111294 aclrtGetDeviceCountImpl: start to execute aclrtGetDeviceCount
[INFO] ASCENDCL(111294,npu_reader):2026-09-21-12:30:46.711.501 [device.cpp:220]111294 aclrtGetDeviceCountImpl: successfully execute aclrtGetDeviceCount, get device count is 16.
[INFO] HCCL(111294,npu_reader):2026-09-21-12:30:46.711.503 [hcomm_adapter_runtime.cc:58] [111294][HcommAdapterRuntime][ResolveRuntimeDevicePhyId] deviceCount[16], devLogicId[2], devicePhyId[2].
[INFO] HCCL(111294,npu_reader):2026-09-21-12:30:46.711.513 [channel_process.cc:762] [111294][ChannelDestroy] START. channelNum[1].
[INFO] HCCL(111294,npu_reader):2026-09-21-12:30:46.711.520 [channel_process.cc:743] [111294][Hcomm][RemoveSingleChannel] erase channel: deviceId[2], inHandle[0x3ffe0cf2650], mappedHandle[0xaaac331ffb30], ptr[0xaaac331ffb30]
[INFO] HCCL(111294,npu_reader):2026-09-21-12:30:46.711.543 [adapter_hccp.cc:363] [111294]ra mr dereg: qphandle[0xaaac33374130], addr[0x12c081200000], size[0 Byte], access[0].
[INFO] HCCP(111294,npu_reader):2026-09-21-12:30:46.711.847 [ra_host.c:1332]tid:111294,RaQpDestroy : Input parameters: qpn[122], phyId[2], rdevIndex[0] qpMode[4] flag[0]
[INFO] RUNTIME(111294,npu_reader):2026-09-21-12:30:46.716.697 [api_impl.cc:2214] 111294 DevFree: device free mem=0x12c081200000
[INFO] HCCL(111294,npu_reader):2026-09-21-12:30:46.716.713 [hccl_dispatcher_ctx.cc:133] [111294][DestroyCtx] Destroy Ctx, ctx[0xaaac331f0170] commId[hcomm_roce_ch_0xaaac331ffb30]
[INFO] HCCL(111294,npu_reader):2026-09-21-12:30:46.716.720 [hccl_dispatcher_ctx.cc:34] [111294][FindDispatcherByCommId] commIdkey[hcomm_roce_ch_0xaaac331ffb30] has been bound with ctx[0xaaac331f0170]
[INFO] HCCL(111294,npu_reader):2026-09-21-12:30:46.716.727 [hccl_dispatcher_ctx.cc:52] [111294][DeleteDispatcherByCommId] ctx[0xaaac331f0170] has been bound by commId[hcomm_roce_ch_0xaaac331ffb30]
[INFO] HCCL(111294,npu_reader):2026-09-21-12:30:46.716.741 [tbe_vector_reduce.cc:102] [111294]TbeVectorReduce Deinit
[INFO] ASCENDCL(111294,npu_reader):2026-09-21-12:30:46.716.748 [kernel.cpp:88]111294 aclrtBinaryUnLoadImpl: start to execute aclrtBinaryUnLoad
[INFO] ASCENDCL(111294,npu_reader):2026-09-21-12:30:46.716.764 [kernel.cpp:88]111294 aclrtBinaryUnLoadImpl: start to execute aclrtBinaryUnLoad
[INFO] ASCENDCL(111294,npu_reader):2026-09-21-12:30:46.716.771 [kernel.cpp:88]111294 aclrtBinaryUnLoadImpl: start to execute aclrtBinaryUnLoad
[INFO] ASCENDCL(111294,npu_reader):2026-09-21-12:30:46.716.778 [kernel.cpp:88]111294 aclrtBinaryUnLoadImpl: start to execute aclrtBinaryUnLoad
[INFO] ASCENDCL(111294,npu_reader):2026-09-21-12:30:46.716.786 [kernel.cpp:88]111294 aclrtBinaryUnLoadImpl: start to execute aclrtBinaryUnLoad
[INFO] ASCENDCL(111294,npu_reader):2026-09-21-12:30:46.716.793 [kernel.cpp:88]111294 aclrtBinaryUnLoadImpl: start to execute aclrtBinaryUnLoad
[INFO] ASCENDCL(111294,npu_reader):2026-09-21-12:30:46.716.799 [kernel.cpp:88]111294 aclrtBinaryUnLoadImpl: start to execute aclrtBinaryUnLoad
[INFO] ASCENDCL(111294,npu_reader):2026-09-21-12:30:46.716.805 [kernel.cpp:88]111294 aclrtBinaryUnLoadImpl: start to execute aclrtBinaryUnLoad
[INFO] ASCENDCL(111294,npu_reader):2026-09-21-12:30:46.716.811 [kernel.cpp:88]111294 aclrtBinaryUnLoadImpl: start to execute aclrtBinaryUnLoad
[INFO] ASCENDCL(111294,npu_reader):2026-09-21-12:30:46.716.817 [kernel.cpp:88]111294 aclrtBinaryUnLoadImpl: start to execute aclrtBinaryUnLoad
[INFO] ASCENDCL(111294,npu_reader):2026-09-21-12:30:46.716.822 [kernel.cpp:88]111294 aclrtBinaryUnLoadImpl: start to execute aclrtBinaryUnLoad
[INFO] ASCENDCL(111294,npu_reader):2026-09-21-12:30:46.716.828 [kernel.cpp:88]111294 aclrtBinaryUnLoadImpl: start to execute aclrtBinaryUnLoad
[INFO] ASCENDCL(111294,npu_reader):2026-09-21-12:30:46.716.834 [kernel.cpp:88]111294 aclrtBinaryUnLoadImpl: start to execute aclrtBinaryUnLoad
[INFO] ASCENDCL(111294,npu_reader):2026-09-21-12:30:46.716.840 [kernel.cpp:88]111294 aclrtBinaryUnLoadImpl: start to execute aclrtBinaryUnLoad
[INFO] ASCENDCL(111294,npu_reader):2026-09-21-12:30:46.716.846 [kernel.cpp:88]111294 aclrtBinaryUnLoadImpl: start to execute aclrtBinaryUnLoad
[INFO] ASCENDCL(111294,npu_reader):2026-09-21-12:30:46.716.852 [kernel.cpp:88]111294 aclrtBinaryUnLoadImpl: start to execute aclrtBinaryUnLoad
[INFO] ASCENDCL(111294,npu_reader):2026-09-21-12:30:46.716.857 [kernel.cpp:88]111294 aclrtBinaryUnLoadImpl: start to execute aclrtBinaryUnLoad
[INFO] ASCENDCL(111294,npu_reader):2026-09-21-12:30:46.716.863 [kernel.cpp:88]111294 aclrtBinaryUnLoadImpl: start to execute aclrtBinaryUnLoad
[INFO] ASCENDCL(111294,npu_reader):2026-09-21-12:30:46.716.869 [kernel.cpp:88]111294 aclrtBinaryUnLoadImpl: start to execute aclrtBinaryUnLoad
[INFO] ASCENDCL(111294,npu_reader):2026-09-21-12:30:46.716.874 [kernel.cpp:88]111294 aclrtBinaryUnLoadImpl: start to execute aclrtBinaryUnLoad
[INFO] HCCL(111294,npu_reader):2026-09-21-12:30:46.716.887 [tbe_crack_cleared.cc:69] [111294]TbeCrackCleard Deinit
[INFO] HCCL(111294,npu_reader):2026-09-21-12:30:46.716.890 [tbe_common.cc:53] [111294]tbe task deinit success.deviceLogicId[2]
[INFO] HCCL(111294,npu_reader):2026-09-21-12:30:46.716.906 [aicpu_ts_roce_channel.cc:175] [111294][AicpuTsRoceChannel][client] destroyed
[INFO] HCCL(111294,npu_reader):2026-09-21-12:30:46.716.915 [hccl_socket.cc:278] [111294][Close] localIp[20.168.0.3], remoteIp[20.168.0.19], socketHandle[187656568691136], tag[standard-host-to-hbm_20.168.0.19_20.168.0.3_19517], port[19517] status[2]
[INFO] HCCL(111294,npu_reader):2026-09-21-12:30:46.716.921 [adapter_hccp.cc:1304] [111294]ra socket batch close fdhandle[0xaaac331eb260]
[INFO] HCCP(111294,npu_reader):2026-09-21-12:30:46.716.927 [ra_host.c:754]tid:111294,RaSocketBatchClose : Input parameters: [0]th, phyId[2], localIp[20.168.0.3], cnt[0]
[INFO] HCCL(111294,npu_reader):2026-09-21-12:30:46.717.161 [adapter_hccp.cc:1335] [111294]ra socket batch close success,take time [236]us
[INFO] HCCL(111294,npu_reader):2026-09-21-12:30:46.717.170 [notify_pool_impl.cc:57] [111294]NotifyPoolImpl Destroy.
[INFO] HCCL(111294,npu_reader):2026-09-21-12:30:46.717.177 [notify_pool_impl.cc:278] [111294]DestroyRegisteredOpMap index[0] success
[INFO] HCCL(111294,npu_reader):2026-09-21-12:30:46.717.183 [notify_pool_impl.cc:136] [111294]DestroyNotifyPoolIPCAsignedMap index[0] success
[INFO] HCCL(111294,npu_reader):2026-09-21-12:30:46.717.187 [notify_pool_impl.cc:152] [111294]DestroyNotifyPoolDevIPCAsignedMap index[0] success
[INFO] HCCL(111294,npu_reader):2026-09-21-12:30:46.717.190 [notify_pool_impl.cc:168] [111294]DestroyNotifyPoolNoIPCAsignedMap index[0] success
[INFO] ASCENDCL(111294,npu_reader):2026-09-21-12:30:46.717.197 [notify.cpp:73]111294 aclrtGetNotifyIdImpl: start to execute aclrtGetNotifyId
[INFO] RUNTIME(111294,npu_reader):2026-09-21-12:30:46.717.200 [api_impl.cc:4661] 111294 GetNotifyID: Get notify id.
[INFO] ASCENDCL(111294,npu_reader):2026-09-21-12:30:46.717.202 [notify.cpp:79]111294 aclrtGetNotifyIdImpl: successfully execute aclrtGetNotifyId
[INFO] HCCL(111294,npu_reader):2026-09-21-12:30:46.717.205 [adapter_rts.cc:1552] [111294]Destroy Notify para: deviceId[2] notifyId[55]
[INFO] HCCL(111294,npu_reader):2026-09-21-12:30:46.717.207 [adapter_rts.cc:1553] [111294]Destroy Notify begin, para: deviceId[2] notifyId[55]
[INFO] ASCENDCL(111294,npu_reader):2026-09-21-12:30:46.717.210 [notify.cpp:40]111294 aclrtDestroyNotifyImpl: start to execute aclrtDestroyNotify
[INFO] RUNTIME(111294,npu_reader):2026-09-21-12:30:46.717.213 [api_impl.cc:4545] 111294 NotifyDestroy: Notify destroy.
[INFO] RUNTIME(111294,npu_reader):2026-09-21-12:30:46.717.216 [npu_driver_res.cc:1390] 111294 NotifyIdFree: NotifyIdFree begin, device_id=2, notify_id=55, ts_id=0, remote_notify_id=32
[INFO] RUNTIME(111294,npu_reader):2026-09-21-12:30:46.717.447 [npu_driver_res.cc:1401] 111294 NotifyIdFree: NotifyIdFree success, device_id=2, ts_id=0, notify_id=55, notify_flag=1
[INFO] ASCENDCL(111294,npu_reader):2026-09-21-12:30:46.717.453 [notify.cpp:45]111294 aclrtDestroyNotifyImpl: successfully execute aclrtDestroyNotify
[INFO] HCCL(111294,npu_reader):2026-09-21-12:30:46.717.456 [adapter_rts.cc:1555] [111294]Destroy Notify end, para: deviceId[2] notifyId[55]
[INFO] HCCL(111294,npu_reader):2026-09-21-12:30:46.717.460 [notify_pool_impl.cc:184] [111294]DestroyNotifyPoolDevNoIPCAsignedMap index[0] success
[INFO] HCCL(111294,npu_reader):2026-09-21-12:30:46.717.462 [notify_pool_impl.cc:278] [111294]DestroyRegisteredOpMap index[1] success
[INFO] HCCL(111294,npu_reader):2026-09-21-12:30:46.717.464 [notify_pool_impl.cc:136] [111294]DestroyNotifyPoolIPCAsignedMap index[1] success
[INFO] HCCL(111294,npu_reader):2026-09-21-12:30:46.717.467 [notify_pool_impl.cc:152] [111294]DestroyNotifyPoolDevIPCAsignedMap index[1] success
[INFO] HCCL(111294,npu_reader):2026-09-21-12:30:46.717.469 [notify_pool_impl.cc:168] [111294]DestroyNotifyPoolNoIPCAsignedMap index[1] success
[INFO] HCCL(111294,npu_reader):2026-09-21-12:30:46.717.471 [notify_pool_impl.cc:184] [111294]DestroyNotifyPoolDevNoIPCAsignedMap index[1] success
[INFO] HCCL(111294,npu_reader):2026-09-21-12:30:46.717.473 [notify_pool_impl.cc:278] [111294]DestroyRegisteredOpMap index[2] success
[INFO] HCCL(111294,npu_reader):2026-09-21-12:30:46.717.476 [notify_pool_impl.cc:136] [111294]DestroyNotifyPoolIPCAsignedMap index[2] success
[INFO] HCCL(111294,npu_reader):2026-09-21-12:30:46.717.478 [notify_pool_impl.cc:152] [111294]DestroyNotifyPoolDevIPCAsignedMap index[2] success
[INFO] HCCL(111294,npu_reader):2026-09-21-12:30:46.717.480 [notify_pool_impl.cc:168] [111294]DestroyNotifyPoolNoIPCAsignedMap index[2] success
[INFO] HCCL(111294,npu_reader):2026-09-21-12:30:46.717.482 [notify_pool_impl.cc:184] [111294]DestroyNotifyPoolDevNoIPCAsignedMap index[2] success
[INFO] HCCL(111294,npu_reader):2026-09-21-12:30:46.717.484 [notify_pool_impl.cc:65] [111294]NotifyPoolImpl Destroy success.
[INFO] HCCL(111294,npu_reader):2026-09-21-12:30:46.717.492 [channel_process.cc:696] [111294][ChannelKernelDestroy] listNum[1]
[INFO] RUNTIME(111294,npu_reader):2026-09-21-12:30:46.717.501 [api_impl.cc:7894] 111294 DevMalloc: size=8, advise=0,type=0x402,moduleId=3.
[INFO] RUNTIME(111294,npu_reader):2026-09-21-12:30:46.717.504 [api_impl.cc:7904] 111294 DevMalloc: type=0x402.
[INFO] RUNTIME(111294,npu_reader):2026-09-21-12:30:46.717.509 [api_error.cc:5978] 111294 DevMalloc: device malloc, size=8(bytes), start ptr=0x12c0c0016000, end ptr=0x12c0c0016008
[INFO] HCCL(111294,npu_reader):2026-09-21-12:30:46.717.512 [adapter_rts.cc:662] [111294]Malloc DevMem para: deviceId[2] devPtr[0x12c0c0016000] size[8 Byte] level2Address[0]
[INFO] ASCENDCL(111294,npu_reader):2026-09-21-12:30:46.717.516 [model_ri.cpp:135]111294 aclmdlRICaptureThreadExchangeModeImpl: start to execute aclmdlRICaptureThreadExchangeMode, input mode is 2
[INFO] ASCENDCL(111294,npu_reader):2026-09-21-12:30:46.717.520 [model_ri.cpp:141]111294 aclmdlRICaptureThreadExchangeModeImpl: successfully execute aclmdlRICaptureThreadExchangeMode, output mode is 0
[INFO] ASCENDCL(111294,npu_reader):2026-09-21-12:30:46.717.537 [model_ri.cpp:135]111294 aclmdlRICaptureThreadExchangeModeImpl: start to execute aclmdlRICaptureThreadExchangeMode, input mode is 0
[INFO] ASCENDCL(111294,npu_reader):2026-09-21-12:30:46.717.541 [model_ri.cpp:141]111294 aclmdlRICaptureThreadExchangeModeImpl: successfully execute aclmdlRICaptureThreadExchangeMode, output mode is 2
[INFO] ASCENDCL(111294,npu_reader):2026-09-21-12:30:46.717.545 [stream.cpp:56]111294 aclrtCreateStreamWithConfigImpl: start to execute aclrtCreateStreamWithConfig with priority:0, flag:3
[INFO] RUNTIME(111294,npu_reader):2026-09-21-12:30:46.717.549 [api_impl.cc:1429] 111294 StreamCreate: priority=0, flags=1536.
[INFO] RUNTIME(111294,npu_reader):2026-09-21-12:30:46.717.561 [npu_driver.cc:1109] 111294 CheckIsSupportFeature: Support FEATURE_TRSDRV_SQ_SUPPORT_DYNAMIC_BIND, drv devId=2.
[INFO] RUNTIME(111294,npu_reader):2026-09-21-12:30:46.717.579 [npu_driver_res.cc:1164] 111294 StreamIdAlloc: stream id alloc begin, device_id=2, priority=0, ts_id=0, remote_stream_id=0, vf_id=0
[INFO] RUNTIME(111294,npu_reader):2026-09-21-12:30:46.717.592 [stream.cc:2998] 111294 AllocExecutedTimesSvm: stream_id=47.
[INFO] RUNTIME(111294,npu_reader):2026-09-21-12:30:46.717.622 [stream_sqcq_manage.cc:357] 111294 Alloc: deviceId=2, tsId=0, drvFlag=0
[INFO] RUNTIME(111294,npu_reader):2026-09-21-12:30:46.717.625 [npu_driver_res.cc:1565] 111294 NormalSqCqAllocate: Set cq dep to 2048, sysMode=0 addrMode=1
[INFO] RUNTIME(111294,npu_reader):2026-09-21-12:30:46.717.870 [npu_driver_res.cc:1702] 111294 LogicCqAllocateV2: cqeDepth=4096, isDvppGrp=0, inFlag=0
[INFO] RUNTIME(111294,npu_reader):2026-09-21-12:30:46.717.883 [npu_driver_res.cc:1714] 111294 LogicCqAllocateV2: success: deviceId=2, tsId=0, cqId=138, streamId=47, logicCq=138, cqeDepth=4096
[INFO] RUNTIME(111294,npu_reader):2026-09-21-12:30:46.717.888 [npu_driver_res.cc:909] 111294 StreamBindLogicCq: success: deviceId=2, tsId=0, streamId=47, logicCq=138.
[INFO] RUNTIME(111294,npu_reader):2026-09-21-12:30:46.717.891 [npu_driver_res.cc:1106] 111294 GetSqRegVirtualAddrBySqid: addr high 32 bit=0x3ff, addr low 32 bit=0xfffe4000, addr=0x3fffffe4000, size=4096
[INFO] RUNTIME(111294,npu_reader):2026-09-21-12:30:46.717.894 [stream.cc:766] 111294 Setup: Success to get sq=6 sq reg virtual addr length=4096.
[INFO] DRV(111294,npu_reader):2026-09-21-12:30:46.717.913 [devmm_svm.c:2232][ascend][curpid:111294,111294][drv][devmm][devmm_ctrl_support_feature]RTS note drv support feature. (in_feature=0xa; out_feature=0x8)
[INFO] RUNTIME(111294,npu_reader):2026-09-21-12:30:46.717.917 [npu_driver_mem.cc:2584] 111294 CheckSupportPcieBarCopy: chip type=5, drv support pcie bar copy
[INFO] RUNTIME(111294,npu_reader):2026-09-21-12:30:46.717.932 [stream.cc:348] 111294 CreateStreamTaskRes: STREAM TaskRes Setup stream_id=47, flags_=0x600.
[INFO] RUNTIME(111294,npu_reader):2026-09-21-12:30:46.717.936 [stream.cc:805] 111294 Setup: stream setup end, stream_id=47, IsTaskSink=0, sqId=6, cqId=6, deviceId=2, streamResId=43692
[INFO] RUNTIME(111294,npu_reader):2026-09-21-12:30:46.717.939 [stream_state_callback_manager.cc:66] 111294 Notify: No stream state callback function registered!
[INFO] RUNTIME(111294,npu_reader):2026-09-21-12:30:46.717.941 [context.cc:1122] 111294 StreamCreate: Stream setup normal, stream_id=47, prio=0, flag=1536.
[INFO] RUNTIME(111294,npu_reader):2026-09-21-12:30:46.717.944 [api_impl.cc:1481] 111294 StreamCreate: Succ, flags=1536, stream_id=47, context=aaac31822090
[INFO] HCCL(111294,npu_reader):2026-09-21-12:30:46.717.950 [stream.cc:75] [111294]Construct stream by stream type success, ptr[0xaaac332cc688] ctx[0xaaac31822090], stream id[47], cqId[6], logicCqid[138]
[INFO] ASCENDCL(111294,npu_reader):2026-09-21-12:30:46.717.955 [stream.cpp:298]111294 aclrtSetStreamAttributeImpl: start to execute aclrtSetStreamAttribute, stmAttrType = [1]
[INFO] RUNTIME(111294,npu_reader):2026-09-21-12:30:46.717.959 [stream.cc:4140] 111294 SetFailMode: stream_id=47 is updated from CONTINUE to STOP.
[INFO] ASCENDCL(111294,npu_reader):2026-09-21-12:30:46.717.962 [stream.cpp:305]111294 aclrtSetStreamAttributeImpl: successfully execute aclrtSetStreamAttribute
[INFO] RUNTIME(111294,npu_reader):2026-09-21-12:30:46.717.965 [api_impl.cc:7894] 111294 DevMalloc: size=328, advise=0,type=0x402,moduleId=3.
[INFO] RUNTIME(111294,npu_reader):2026-09-21-12:30:46.717.968 [api_impl.cc:7904] 111294 DevMalloc: type=0x402.
[INFO] RUNTIME(111294,npu_reader):2026-09-21-12:30:46.717.972 [api_error.cc:5978] 111294 DevMalloc: device malloc, size=328(bytes), start ptr=0x12c0c0018000, end ptr=0x12c0c0018148
[INFO] HCCL(111294,npu_reader):2026-09-21-12:30:46.717.975 [adapter_rts.cc:662] [111294]Malloc DevMem para: deviceId[2] devPtr[0x12c0c0018000] size[328 Byte] level2Address[0]
[INFO] ASCENDCL(111294,npu_reader):2026-09-21-12:30:46.717.978 [model_ri.cpp:135]111294 aclmdlRICaptureThreadExchangeModeImpl: start to execute aclmdlRICaptureThreadExchangeMode, input mode is 2
[INFO] ASCENDCL(111294,npu_reader):2026-09-21-12:30:46.717.981 [model_ri.cpp:141]111294 aclmdlRICaptureThreadExchangeModeImpl: successfully execute aclmdlRICaptureThreadExchangeMode, output mode is 0
[INFO] ASCENDCL(111294,npu_reader):2026-09-21-12:30:46.717.996 [model_ri.cpp:135]111294 aclmdlRICaptureThreadExchangeModeImpl: start to execute aclmdlRICaptureThreadExchangeMode, input mode is 0
[INFO] ASCENDCL(111294,npu_reader):2026-09-21-12:30:46.717.999 [model_ri.cpp:141]111294 aclmdlRICaptureThreadExchangeModeImpl: successfully execute aclmdlRICaptureThreadExchangeMode, output mode is 2
[INFO] ASCENDCL(111294,npu_reader):2026-09-21-12:30:46.718.002 [kernel.cpp:99]111294 aclrtBinaryGetFunctionImpl: start to execute aclrtBinaryGetFunction
[INFO] RUNTIME(111294,npu_reader):2026-09-21-12:30:46.718.006 [program.cc:1318] 111294 CopySoAndNameToCurrentDevice: device_id=2, handle=0xaaac33375c60, isNewFlow=1 already copy or not need.
[INFO] ASCENDCL(111294,npu_reader):2026-09-21-12:30:46.718.010 [kernel.cpp:281]111294 aclrtKernelArgsInitImpl: Start to execute aclrtKernelArgsInit
[INFO] ASCENDCL(111294,npu_reader):2026-09-21-12:30:46.718.013 [kernel.cpp:328]111294 aclrtKernelArgsAppendImpl: Start to execute aclrtKernelArgsAppend
[INFO] ASCENDCL(111294,npu_reader):2026-09-21-12:30:46.718.016 [kernel.cpp:379]111294 aclrtKernelArgsFinalizeImpl: Start to execute aclrtKernelArgsFinalize
[INFO] ASCENDCL(111294,npu_reader):2026-09-21-12:30:46.718.019 [kernel.cpp:231]111294 aclrtLaunchKernelWithConfigImpl: Start to execute aclrtLaunchKernelWithConfig
[INFO] RUNTIME(111294,npu_reader):2026-09-21-12:30:46.718.026 [aicpu_stars.cc:81] 111294 InternalLaunchWithKernelAndArgs: device_id=2, stream_id=47, task_id=0, model_num=0, NonSupportModelCompile=0, isNoNeedH2DCopy=0, cpuParamHeadOffset=0, kernel_type=2, flag=0x0, timeout=1836000000us, blkdim=1.
[INFO] RUNTIME(111294,npu_reader):2026-09-21-12:30:46.718.033 [davinci_kernel_task_v100.cc:253] 111294 ConstructAICpuSqeForDavinciTask: taskType=1, topic_type=0, kernel_type=2, debug_dump_en=0, curVersion=35, isNeedNoTimeout=0, timeout=8960s, kernel_credit=254
[INFO] RUNTIME(111294,npu_reader):2026-09-21-12:30:46.718.038 [task_submit.cc:598] 111294 AllocTaskAndSendStars: device_id=2, ts_id=0, sq_id=6, cq_id=6, stream_id=47, task_id=0, task_type=1(KERNEL_AICPU), sendSqeNum=1, isSupportASyncRecycle=0, isNeedPostProc=0, davinciHead=0, davinciTail=0, taskHead=0, taskTail=0, bindFlag=0, head=0, tail=1, delay recycle num=0.
[INFO] RUNTIME(111294,npu_reader):2026-09-21-12:30:46.718.047 [api_impl.cc:1652] 111294 StreamSynchronize: stream_id=47.
[INFO] RUNTIME(111294,npu_reader):2026-09-21-12:30:46.718.322 [stream.cc:1826] 111373 GetFinishedTaskIdBySqHead: stream_id=47, sq_id=6, sqHead=1, nextTaskId=65535, finishedPos=0, endTaskId=0
[INFO] RUNTIME(111294,npu_reader):2026-09-21-12:30:46.718.326 [stream.cc:1826] 111294 GetFinishedTaskIdBySqHead: stream_id=47, sq_id=6, sqHead=1, nextTaskId=65535, finishedPos=0, endTaskId=0
[INFO] RUNTIME(111294,npu_reader):2026-09-21-12:30:46.718.327 [stars_engine.cc:1952] 111373 TaskReclaimBySqHeadForSeparatedStm: device_id=2, stream_id=47, sqHead=1, posHead=0, posTail=1, finishedTaskId=0
[INFO] RUNTIME(111294,npu_reader):2026-09-21-12:30:46.718.329 [stream.cc:1949] 111294 SynchronizeImpl: device_id=2, stream_id=47, task_id=0 has been completed, no concerned cqe.
[INFO] RUNTIME(111294,npu_reader):2026-09-21-12:30:46.718.331 [stars_engine.cc:1896] 111373 RecycleTaskProcessForSeparatedStm: device_id=2, stream_id=47, recycle task_id=0, sqHead=1, sqTail=1, sqeNum=1, resHead=1, resTail=1.
[INFO] RUNTIME(111294,npu_reader):2026-09-21-12:30:46.718.334 [api_error.cc:1107] 111294 StreamSynchronize: stream synchronize exit, stream_id=47, result=0x0
[INFO] HCCL(111294,npu_reader):2026-09-21-12:30:46.718.338 [channel_process.cc:356] [111294][LaunchKernelDeviceParam] kernel[RunAicpuChannelDestroyV2] launch success.
[INFO] RUNTIME(111294,npu_reader):2026-09-21-12:30:46.718.341 [api_impl.cc:2214] 111294 DevFree: device free mem=0x12c0c0018000
[INFO] ASCENDCL(111294,npu_reader):2026-09-21-12:30:46.718.347 [context.cpp:66]111294 aclrtSetCurrentContextImpl: start to execute aclrtSetCurrentContext.
[INFO] RUNTIME(111294,npu_reader):2026-09-21-12:30:46.718.350 [api_impl.cc:3889] 111294 ContextSetCurrent: set context=0xaaac31822090
[INFO] ASCENDCL(111294,npu_reader):2026-09-21-12:30:46.718.352 [context.cpp:70]111294 aclrtSetCurrentContextImpl: successfully execute aclrtSetCurrentContext
[INFO] HCCL(111294,npu_reader):2026-09-21-12:30:46.718.354 [adapter_rts.cc:363] [111294][hrtCtxSetCurrent] success
[INFO] HCCL(111294,npu_reader):2026-09-21-12:30:46.718.357 [stream.cc:196] [111294]Switch Ctx ret[0], curCtx[0xaaac31822090], setCtx[0xaaac31822090], stream id[47]
[INFO] HCCL(111294,npu_reader):2026-09-21-12:30:46.718.360 [adapter_rts.cc:1974] [111294]Destroy Stream begin, para: deviceId[2] streamId[47]
[INFO] ASCENDCL(111294,npu_reader):2026-09-21-12:30:46.718.362 [stream.cpp:111]111294 aclrtDestroyStreamForceImpl: start to execute aclrtDestroyStreamForce
[INFO] RUNTIME(111294,npu_reader):2026-09-21-12:30:46.718.365 [api_impl.cc:1536] 111294 StreamDestroy: stream_id=47.
[INFO] RUNTIME(111294,npu_reader):2026-09-21-12:30:46.718.368 [stream_state_callback_manager.cc:66] 111294 Notify: No stream state callback function registered!
[INFO] RUNTIME(111294,npu_reader):2026-09-21-12:30:46.718.370 [stream.cc:1480] 111294 TearDown: stream_id=47, sqId=6, pendingNum=0, isForceRecycle_=1, flag=1, failMode=1.
[INFO] RUNTIME(111294,npu_reader):2026-09-21-12:30:46.718.373 [stream.cc:1567] 111294 TearDown: stream_id=47, delay recycle task num=0.
[INFO] RUNTIME(111294,npu_reader):2026-09-21-12:30:46.718.379 [stream_sqcq_manage.cc:690] 111294 FreeLogicCq: Return(0), threadIdentifier(281458738403872), devId(2), tsId(0), cqId(138), isFastCq(0).
[INFO] RUNTIME(111294,npu_reader):2026-09-21-12:30:46.718.383 [npu_driver_res.cc:884] 111294 StreamUnBindLogicCq: success: deviceId=2, tsId=0, streamId=47, logicCq=138.
[INFO] RUNTIME(111294,npu_reader):2026-09-21-12:30:46.718.390 [npu_driver_res.cc:1736] 111294 LogicCqFree: Succ:device_id=2,ts_id=0,type=2,logic_cq_id=138, drvFlag=0.
[INFO] RUNTIME(111294,npu_reader):2026-09-21-12:30:46.718.571 [stream.cc:289] 111294 FreeStreamId: Free stream_id=47.
[INFO] RUNTIME(111294,npu_reader):2026-09-21-12:30:46.718.574 [stream_sqcq_manage.cc:428] 111294 DeAllocStreamSqCq: deviceId=2, tsId=0, drvFlag=0
[INFO] RUNTIME(111294,npu_reader):2026-09-21-12:30:46.718.577 [npu_driver_res.cc:1618] 111294 NormalSqCqFree: Normal sqcq free, sqId=6, cqId=6, device_id=2, tsId=0, drvFlag=0
[INFO] RUNTIME(111294,npu_reader):2026-09-21-12:30:46.718.915 [npu_driver_res.cc:1626] 111294 NormalSqCqFree: Normal sqcq free success, sqId=6, cqId=6, device_id=2, tsId=0, drvFlag=0
[INFO] RUNTIME(111294,npu_reader):2026-09-21-12:30:46.718.920 [stream_sqcq_manage.cc:440] 111294 DeAllocStreamSqCq: [SqCqManage]success to release sq, sq_id=6, cq_id=6, stream_id=47, is_sq_need_release=1, drvFlag=0.
[INFO] RUNTIME(111294,npu_reader):2026-09-21-12:30:46.718.923 [npu_driver_res.cc:1192] 111294 StreamIdFree: stream id free begin, device_id=2, stream_id=47, ts_id=0, remote_stream_id=0
[INFO] RUNTIME(111294,npu_reader):2026-09-21-12:30:46.718.927 [npu_driver_res.cc:1201] 111294 StreamIdFree: Stream id free success, stream_id=47, device_id=2, tsId=0, streamFlag=1536
[INFO] ASCENDCL(111294,npu_reader):2026-09-21-12:30:46.718.933 [stream.cpp:115]111294 aclrtDestroyStreamForceImpl: aclrtDestroyStreamForce success
[INFO] HCCL(111294,npu_reader):2026-09-21-12:30:46.718.935 [adapter_rts.cc:1976] [111294]Call aclrtDestroyStreamForce, return value[0].
[INFO] HCCL(111294,npu_reader):2026-09-21-12:30:46.718.938 [stream.cc:200] [111294][HCCL_TRACE]StreamDestroy, streamPtr[0xaaac332cc688], stream id[47]
[INFO] ASCENDCL(111294,npu_reader):2026-09-21-12:30:46.718.940 [context.cpp:66]111294 aclrtSetCurrentContextImpl: start to execute aclrtSetCurrentContext.
[INFO] RUNTIME(111294,npu_reader):2026-09-21-12:30:46.718.943 [api_impl.cc:3889] 111294 ContextSetCurrent: set context=0xaaac31822090
[INFO] ASCENDCL(111294,npu_reader):2026-09-21-12:30:46.718.945 [context.cpp:70]111294 aclrtSetCurrentContextImpl: successfully execute aclrtSetCurrentContext
[INFO] HCCL(111294,npu_reader):2026-09-21-12:30:46.718.947 [adapter_rts.cc:363] [111294][hrtCtxSetCurrent] success
[INFO] HCCL(111294,npu_reader):2026-09-21-12:30:46.718.950 [stream.cc:207] [111294]Restore Ctx ret[0], setCtx[0xaaac31822090], stream id[47]
[INFO] HCCL(111294,npu_reader):2026-09-21-12:30:46.718.953 [channel_process.cc:719] [111294][ChannelKernelDestroy] channel kernel destroy success.
[INFO] RUNTIME(111294,npu_reader):2026-09-21-12:30:46.718.957 [api_impl.cc:2214] 111294 DevFree: device free mem=0x12c0c0016000
[INFO] HCCL(111294,npu_reader):2026-09-21-12:30:46.718.963 [channel_process.cc:782] [111294][ChannelDestroy] SUCCESS.
API HcommChannelDestroy(&channel, 1) => 0
[INFO] ASCENDCL(111294,npu_reader):2026-09-21-12:30:46.718.970 [device.cpp:216]111294 aclrtGetDeviceCountImpl: start to execute aclrtGetDeviceCount
[INFO] ASCENDCL(111294,npu_reader):2026-09-21-12:30:46.718.975 [device.cpp:220]111294 aclrtGetDeviceCountImpl: successfully execute aclrtGetDeviceCount, get device count is 16.
[INFO] HCCL(111294,npu_reader):2026-09-21-12:30:46.718.977 [hcomm_adapter_runtime.cc:58] [111294][HcommAdapterRuntime][ResolveRuntimeDevicePhyId] deviceCount[16], devLogicId[2], devicePhyId[2].
[INFO] HCCL(111294,npu_reader):2026-09-21-12:30:46.718.981 [hcomm_c_adpt.cc:555] [111294][HcommMemUnimport] START. endpointHandle[0xaaac3172b9a0].
[INFO] ASCENDCL(111294,npu_reader):2026-09-21-12:30:46.718.987 [device.cpp:128]111294 aclrtGetDeviceImpl: start to execute aclrtGetDevice
[INFO] HCCL(111294,npu_reader):2026-09-21-12:30:46.718.990 [adapter_rts.cc:238] [111294][hrtGetDeviceRefresh]deviceLogicId[2]
[INFO] ASCENDCL(111294,npu_reader):2026-09-21-12:30:46.718.995 [device.cpp:511]111294 aclrtGetPhyDevIdByLogicDevIdImpl: start to execute aclrtGetPhyDevIdByLogicDevId, logicDevId is [2]
[INFO] RUNTIME(111294,npu_reader):2026-09-21-12:30:46.719.000 [api_impl.cc:3295] 111294 GetDevicePhyIdByIndex: get PhyId by Index=2.
[INFO] ASCENDCL(111294,npu_reader):2026-09-21-12:30:46.719.005 [device.cpp:515]111294 aclrtGetPhyDevIdByLogicDevIdImpl: successfully execute aclrtGetPhyDevIdByLogicDevId
[INFO] HCCL(111294,npu_reader):2026-09-21-12:30:46.719.007 [hcomm_c_adpt.cc:68] [111294][RefreshCurrentDeviceContext] deviceLogicId[2], devicePhyId[2].
[INFO] HCCL(111294,npu_reader):2026-09-21-12:30:46.719.012 [aicpu_ts_roce_mem.cc:325] [111294][MemoryUnimport] Begin
[INFO] HCCL(111294,npu_reader):2026-09-21-12:30:46.719.042 [aicpu_ts_roce_mem.cc:350] [111294][AicpuTsRoceRegedMemMgr][MemoryUnimport] erased empty remote mgr, descLen[197] remainingMgrCnt[0]
[INFO] HCCL(111294,npu_reader):2026-09-21-12:30:46.719.047 [aicpu_ts_roce_mem.cc:353] [111294][AicpuTsRoceRegedMemMgr][MemoryUnimport] success descLen[197] key {0xaaaaf92df000, 4096}
API HcommMemUnimport(endpoint, peer.descriptor.data(), peer.descriptor.size()) => 0
[INFO] ASCENDCL(111294,npu_reader):2026-09-21-12:30:46.719.053 [device.cpp:216]111294 aclrtGetDeviceCountImpl: start to execute aclrtGetDeviceCount
[INFO] ASCENDCL(111294,npu_reader):2026-09-21-12:30:46.719.055 [device.cpp:220]111294 aclrtGetDeviceCountImpl: successfully execute aclrtGetDeviceCount, get device count is 16.
[INFO] HCCL(111294,npu_reader):2026-09-21-12:30:46.719.058 [hcomm_adapter_runtime.cc:58] [111294][HcommAdapterRuntime][ResolveRuntimeDevicePhyId] deviceCount[16], devLogicId[2], devicePhyId[2].
[INFO] HCCL(111294,npu_reader):2026-09-21-12:30:46.719.060 [hcomm_c_adpt.cc:483] [111294][HcommMemUnreg] START. endpointHandle[0xaaac3172b9a0].
[INFO] ASCENDCL(111294,npu_reader):2026-09-21-12:30:46.719.065 [device.cpp:128]111294 aclrtGetDeviceImpl: start to execute aclrtGetDevice
[INFO] HCCL(111294,npu_reader):2026-09-21-12:30:46.719.067 [adapter_rts.cc:238] [111294][hrtGetDeviceRefresh]deviceLogicId[2]
[INFO] ASCENDCL(111294,npu_reader):2026-09-21-12:30:46.719.070 [device.cpp:511]111294 aclrtGetPhyDevIdByLogicDevIdImpl: start to execute aclrtGetPhyDevIdByLogicDevId, logicDevId is [2]
[INFO] RUNTIME(111294,npu_reader):2026-09-21-12:30:46.719.072 [api_impl.cc:3295] 111294 GetDevicePhyIdByIndex: get PhyId by Index=2.
[INFO] ASCENDCL(111294,npu_reader):2026-09-21-12:30:46.719.074 [device.cpp:515]111294 aclrtGetPhyDevIdByLogicDevIdImpl: successfully execute aclrtGetPhyDevIdByLogicDevId
[INFO] HCCL(111294,npu_reader):2026-09-21-12:30:46.719.077 [hcomm_c_adpt.cc:68] [111294][RefreshCurrentDeviceContext] deviceLogicId[2], devicePhyId[2].
[INFO] HCCL(111294,npu_reader):2026-09-21-12:30:46.719.081 [aicpu_ts_roce_mem.cc:135] [111294][UnregisterMemory] Begin
[INFO] HCCL(111294,npu_reader):2026-09-21-12:30:46.719.102 [local_rdma_rma_buffer_impl.cc:101] [111294]Entry-DeDevAddrIdentifierMap: deviceLogicId[2] erased.
[INFO] HCCL(111294,npu_reader):2026-09-21-12:30:46.719.353 [aicpu_ts_roce_mem.cc:187] [111294][AicpuTsRoceRegedMemMgr][UnregisterMemory] success, memHandle[0xaaac331ca750] key {(nil), 0}
API HcommMemUnreg(endpoint, registration) => 0
[INFO] ASCENDCL(111294,npu_reader):2026-09-21-12:30:46.719.359 [device.cpp:216]111294 aclrtGetDeviceCountImpl: start to execute aclrtGetDeviceCount
[INFO] ASCENDCL(111294,npu_reader):2026-09-21-12:30:46.719.362 [device.cpp:220]111294 aclrtGetDeviceCountImpl: successfully execute aclrtGetDeviceCount, get device count is 16.
[INFO] HCCL(111294,npu_reader):2026-09-21-12:30:46.719.364 [hcomm_adapter_runtime.cc:58] [111294][HcommAdapterRuntime][ResolveRuntimeDevicePhyId] deviceCount[16], devLogicId[2], devicePhyId[2].
[INFO] HCCL(111294,npu_reader):2026-09-21-12:30:46.719.367 [hcomm_c_adpt.cc:390] [111294][HcommEndpointDestroy] START. endpointHandle[0xaaac3172b9a0].
[INFO] ASCENDCL(111294,npu_reader):2026-09-21-12:30:46.719.370 [device.cpp:128]111294 aclrtGetDeviceImpl: start to execute aclrtGetDevice
[INFO] HCCL(111294,npu_reader):2026-09-21-12:30:46.719.373 [adapter_rts.cc:238] [111294][hrtGetDeviceRefresh]deviceLogicId[2]
[INFO] ASCENDCL(111294,npu_reader):2026-09-21-12:30:46.719.375 [device.cpp:511]111294 aclrtGetPhyDevIdByLogicDevIdImpl: start to execute aclrtGetPhyDevIdByLogicDevId, logicDevId is [2]
[INFO] RUNTIME(111294,npu_reader):2026-09-21-12:30:46.719.378 [api_impl.cc:3295] 111294 GetDevicePhyIdByIndex: get PhyId by Index=2.
[INFO] ASCENDCL(111294,npu_reader):2026-09-21-12:30:46.719.380 [device.cpp:515]111294 aclrtGetPhyDevIdByLogicDevIdImpl: successfully execute aclrtGetPhyDevIdByLogicDevId
[INFO] HCCL(111294,npu_reader):2026-09-21-12:30:46.719.382 [hcomm_c_adpt.cc:68] [111294][RefreshCurrentDeviceContext] deviceLogicId[2], devicePhyId[2].
[INFO] HCCL(111294,npu_reader):2026-09-21-12:30:46.719.389 [op_base.cc:113] [111294][HcclGetDeviceId] deviceLogicId[2] 
[INFO] HCCL(111294,npu_reader):2026-09-21-12:30:46.719.411 [aicpu_ts_roce_endpoint.cc:41] [111294][ReleaseListenSocketRefs] netDevRefPhyId_[2], listenRefKeys_.size[0]
[INFO] HCCL(111294,npu_reader):2026-09-21-12:30:46.719.424 [network_manager.cc:72] [111294]NetworkManager::GetInstance deviceLogicID[2].
[INFO] HCCP(111294,npu_reader):2026-09-21-12:30:46.719.436 [ra_host.c:363]tid:111294,RaSocketDeinit : Input parameters: phyId[2] family[2] local_ip[20.168.0.3]
[INFO] HCCL(111294,npu_reader):2026-09-21-12:30:46.719.586 [aicpu_ts_roce_endpoint.cc:135] [111294][AicpuTsRoceEndpoint][ReleaseSharedNetDev] closing HcclNetDev for devicePhyId[2]
[INFO] HCCL(111294,npu_reader):2026-09-21-12:30:46.719.592 [network_manager.cc:72] [111294]NetworkManager::GetInstance deviceLogicID[2].
[INFO] HCCP(111294,npu_reader):2026-09-21-12:30:46.719.598 [ra_host.c:607]tid:111294,RaRdevDeinitParaCheck : Input parameters: phyId[2] rdev_index[0] family[2] local_ip[20.168.0.3]
[INFO] HCCL(111294,npu_reader):2026-09-21-12:30:46.720.708 [network_manager.cc:1018] [111294][NetworkManager] [StopRdmaHandle] devicePhyId_[2] StopRdmaHandle success ip [20.168.0.3]
[INFO] HCCL(111294,npu_reader):2026-09-21-12:30:46.720.713 [network_manager.cc:72] [111294]NetworkManager::GetInstance deviceLogicID[2].
[INFO] TDT(111294,npu_reader):2026-09-21-12:30:46.720.728 [tsd_client.cpp:188][TsdCapabilityGet][tid:111294] TsdCapabilityGet Begin.
[INFO] TDT(111294,npu_reader):2026-09-21-12:30:46.720.733 [process_mode_manager.cpp:1075][CapabilityGet][tid:111294] [ProcessModeManager] enter into CapabilityGet process deviceId[2] type[6].
[INFO] HCCL(111294,npu_reader):2026-09-21-12:30:46.720.737 [adapter_tdt.cc:84] [111294]Get TsdCapability success. deviceLogicId[2]
[INFO] HCCP(111294,npu_reader):2026-09-21-12:30:46.720.743 [ra_init.c:221]tid:111294,RaDeinit : Input parameters: phyId[2], nicPosition:[1]
[INFO] HCCP(111294,npu_reader):2026-09-21-12:30:46.720.747 [ra_hdc_async.c:679]tid:111294,RaHdcDeinitAsync : hdc deinit async start! phyId[2] restore_flag[0]
[WARNING] HCCP(111294,npu_reader):2026-09-21-12:30:46.720.753 [ra_hdc_async.c:682]tid:111294,RaHdcDeinitAsync : hdc async session for phyId[2] is NULL
[INFO] HCCP(111294,npu_reader):2026-09-21-12:30:46.720.758 [ra_hdc.c:905]tid:111294,RaHdcDeinit : hdc deinit start! phyId[2] restore_flag[0]
[INFO] DRV(111294,npu_reader):2026-09-21-12:30:46.720.892 [hdc_client.c:425][ascend][curpid:111294,111294][drv][hdc][drvHdcClientSessionClose]Destroy client session. (sock=844)
[INFO] NET(111294,npu_reader):2026-09-21-12:30:46.720.956 [dl_hal_function.c:271]DlHalDeinit : dl_hal_deinit success!
[INFO] HCCP(111294,npu_reader):2026-09-21-12:30:46.720.960 [ra_hdc.c:925]tid:111294,RaHdcDeinit : hdc deinit OK! phyId[2]
[INFO] HCCP(111294,npu_reader):2026-09-21-12:30:46.720.965 [ra_host.c:1558]tid:111294,RaSocketSetWhiteListStatus : Input parameters: enable[0]
[INFO] NET(111294,npu_reader):2026-09-21-12:30:46.720.971 [dl_hal_function.c:271]DlHalDeinit : dl_hal_deinit success!
[INFO] TDT(111294,npu_reader):2026-09-21-12:30:46.721.002 [process_mode_manager.cpp:1830][ProcessCloseSubProcList][tid:111294] enter ExecuteClosePidList cnt:1, tsdSupportLevel_:511
[INFO] TDT(111294,npu_reader):2026-09-21-12:30:46.721.015 [process_mode_manager.cpp:1889][ExecuteClosePidList][tid:111294] add close subproc:31788, proctype:0
[INFO] TDT(111294,npu_reader):2026-09-21-12:30:46.721.021 [version_verify.cpp:117][SpecialFeatureCheck][tid:111294] VersionVerify: previous type[60], supported
[INFO] TDT(111294,npu_reader):2026-09-21-12:30:46.721.074 [hdc_client.cpp:116][CommRecvData][tid:111294] recv timeout is:150000 ms
[INFO] TDT(111294,npu_reader):2026-09-21-12:30:46.837.264 [process_mode_msg_parse.cpp:147][ServerToClientMsgProc][tid:111294] [ServerToClientMsgProc] [sessionID=1]
[INFO] TDT(111294,npu_reader):2026-09-21-12:30:46.837.273 [process_mode_msg_parse.cpp:142][DeviceMsgProcess][tid:111294] [TsdClient] DeviceMsgProc recvMsg realDeviceId[2] msgType[61] localDevId[2] rspCode[0]heterogeneousSubPid[31788], tsdSupportLevel_[511]
[INFO] TDT(111294,npu_reader):2026-09-21-12:30:46.837.276 [hdc_client.cpp:134][CommRecvData][tid:111294] [deviceId=2] the Tsd recv data already
[INFO] TDT(111294,npu_reader):2026-09-21-12:30:46.837.281 [process_mode_manager.cpp:1904][ExecuteClosePidList][tid:111294] leave ExecuteClosePidList startindex:0, cnt:1
[INFO] TDT(111294,npu_reader):2026-09-21-12:30:46.837.286 [process_mode_manager.cpp:1864][ProcessCloseSubProcList][tid:111294] ExecuteClosePidList success reserveCnt:1
[INFO] HCCL(111294,npu_reader):2026-09-21-12:30:46.837.292 [network_manager.cc:639] [111294][DeInitV2]finish CloseHccpProcess, phyId[2], hdcType[18], nicDeployment[1], isBackup[0]
[INFO] HCCL(111294,npu_reader):2026-09-21-12:30:46.837.296 [network_manager.cc:643] [111294]NetworkManager: DeInitV2 success, nicPosition[1] ref[0].
API HcommEndpointDestroy(endpoint) => 0
[INFO] RUNTIME(111294,npu_reader):2026-09-21-12:30:46.837.305 [api_impl.cc:2214] 111294 DevFree: device free mem=0x12c0c0014000
API aclrtFree(hbm) => 0
[INFO] ASCENDCL(111294,npu_reader):2026-09-21-12:30:46.837.353 [device.cpp:90]111294 aclrtResetDeviceImpl: start to execute aclrtResetDevice, deviceId = 2.
[INFO] RUNTIME(111294,npu_reader):2026-09-21-12:30:46.837.361 [api_impl.cc:3528] 111294 DeviceReset: Reset device, drv devId=2.
[INFO] RUNTIME(111294,npu_reader):2026-09-21-12:30:46.837.368 [runtime.cc:2503] 111294 PrimaryContextRelease: Context TryDecRef, ts_id=0, count=0x8000000000000000, reset:1
[INFO] RUNTIME(111294,npu_reader):2026-09-21-12:30:46.837.372 [stream_state_callback_manager.cc:66] 111294 Notify: No stream state callback function registered!
[INFO] HCCL(111294,npu_reader):2026-09-21-12:30:46.837.379 [hcomm_res_mgr.cc:114] [111294][OnDeviceResetPre] deviceId[2] state[2] 
[INFO] HCCL(111294,npu_reader):2026-09-21-12:30:46.837.384 [socket_mgr.cc:366] [111294][SocketMgr][DeInit] DeInit devPhyId[2]
[INFO] HCCL(111294,npu_reader):2026-09-21-12:30:46.837.398 [server_socket_mgr.cc:106] [111294][ServerSocketMgr][DeInit] DeInit[2]
[INFO] HCCL(111294,npu_reader):2026-09-21-12:30:46.837.427 [server_socket_manager.cc:219] [111294][ServerSocketManager][DeInit] DeInit[2]
[INFO] HCCL(111294,npu_reader):2026-09-21-12:30:46.837.445 [rdma_handle_manager.cc:474][111294][RdmaHandleManager][DeInit] DeInit[2]
[INFO] HCCL(111294,npu_reader):2026-09-21-12:30:46.837.455 [socket_handle_manager.cc:109][111294][SocketHandleManager][DeInit] DeInit[2]
[INFO] HCCL(111294,npu_reader):2026-09-21-12:30:46.837.462 [hccp_hdc_manager.cc:45][111294][HccpHdcManager::DeInit] deviceLogicId [2]
[WARNING] HCCL(111294,npu_reader):2026-09-21-12:30:46.837.465 [hccp_hdc_manager.cc:49][111294][HccpHdcManager::DeInit] deviceLogicId[2] not ra init
[INFO] RUNTIME(111294,npu_reader):2026-09-21-12:30:46.837.618 [runtime.cc:299] 111294 SetDevProfStatus: devProfStatus_=0, profConfigType=0
[INFO] RUNTIME(111294,npu_reader):2026-09-21-12:30:46.837.634 [ringbuffer_maintain_task_v100.cc:43] 111294 ConstructSqeForRingBufferMaintainTask: RingBufferMaintainTask stream_id:48, task_id:2
[INFO] RUNTIME(111294,npu_reader):2026-09-21-12:30:46.837.641 [task_submit.cc:598] 111294 AllocTaskAndSendStars: device_id=2, ts_id=0, sq_id=1, cq_id=1, stream_id=48, task_id=2, task_type=83(DEVICE_RINGBUFFER_CONTROL), sendSqeNum=1, isSupportASyncRecycle=0, isNeedPostProc=1, davinciHead=0, davinciTail=0, taskHead=0, taskTail=0, bindFlag=0, head=2, tail=3, delay recycle num=0.
[INFO] RUNTIME(111294,npu_reader):2026-09-21-12:30:46.837.951 [stream.cc:1826] 111294 GetFinishedTaskIdBySqHead: stream_id=48, sq_id=1, sqHead=3, nextTaskId=65535, finishedPos=2, endTaskId=2
[INFO] RUNTIME(111294,npu_reader):2026-09-21-12:30:46.837.952 [stream.cc:1826] 111373 GetFinishedTaskIdBySqHead: stream_id=48, sq_id=1, sqHead=3, nextTaskId=65535, finishedPos=2, endTaskId=2
[INFO] RUNTIME(111294,npu_reader):2026-09-21-12:30:46.837.955 [stream.cc:1949] 111294 SynchronizeImpl: device_id=2, stream_id=48, task_id=2 has been completed, no concerned cqe.
[INFO] RUNTIME(111294,npu_reader):2026-09-21-12:30:46.837.957 [stars_engine.cc:1952] 111373 TaskReclaimBySqHeadForSeparatedStm: device_id=2, stream_id=48, sqHead=3, posHead=2, posTail=3, finishedTaskId=2
[INFO] RUNTIME(111294,npu_reader):2026-09-21-12:30:46.837.960 [stars_engine.cc:1896] 111373 RecycleTaskProcessForSeparatedStm: device_id=2, stream_id=48, recycle task_id=2, sqHead=3, sqTail=3, sqeNum=1, resHead=3, resTail=3.
[INFO] RUNTIME(111294,npu_reader):2026-09-21-12:30:46.837.963 [stars_engine.cc:557] 111294 TaskReclaim: Travel all streams, num=2.
[INFO] RUNTIME(111294,npu_reader):2026-09-21-12:30:46.837.971 [stream.cc:1480] 111294 TearDown: stream_id=49, sqId=0, pendingNum=0, isForceRecycle_=1, flag=1, failMode=0.
[INFO] RUNTIME(111294,npu_reader):2026-09-21-12:30:46.837.974 [stream.cc:1567] 111294 TearDown: stream_id=49, delay recycle task num=0.
[INFO] RUNTIME(111294,npu_reader):2026-09-21-12:30:46.837.981 [stream_sqcq_manage.cc:690] 111294 FreeLogicCq: Return(0), threadIdentifier(281458738403872), devId(2), tsId(0), cqId(132), isFastCq(0).
[INFO] RUNTIME(111294,npu_reader):2026-09-21-12:30:46.837.988 [npu_driver_res.cc:884] 111294 StreamUnBindLogicCq: success: deviceId=2, tsId=0, streamId=49, logicCq=132.
[INFO] RUNTIME(111294,npu_reader):2026-09-21-12:30:46.837.999 [npu_driver_res.cc:1736] 111294 LogicCqFree: Succ:device_id=2,ts_id=0,type=2,logic_cq_id=132, drvFlag=0.
[INFO] RUNTIME(111294,npu_reader):2026-09-21-12:30:46.838.181 [stream.cc:289] 111294 FreeStreamId: Free stream_id=49.
[INFO] RUNTIME(111294,npu_reader):2026-09-21-12:30:46.838.185 [stream_sqcq_manage.cc:428] 111294 DeAllocStreamSqCq: deviceId=2, tsId=0, drvFlag=0
[INFO] RUNTIME(111294,npu_reader):2026-09-21-12:30:46.838.188 [npu_driver_res.cc:1618] 111294 NormalSqCqFree: Normal sqcq free, sqId=0, cqId=0, device_id=2, tsId=0, drvFlag=0
[INFO] RUNTIME(111294,npu_reader):2026-09-21-12:30:46.838.935 [npu_driver_res.cc:1626] 111294 NormalSqCqFree: Normal sqcq free success, sqId=0, cqId=0, device_id=2, tsId=0, drvFlag=0
[INFO] RUNTIME(111294,npu_reader):2026-09-21-12:30:46.838.939 [stream_sqcq_manage.cc:440] 111294 DeAllocStreamSqCq: [SqCqManage]success to release sq, sq_id=0, cq_id=0, stream_id=49, is_sq_need_release=1, drvFlag=0.
[INFO] RUNTIME(111294,npu_reader):2026-09-21-12:30:46.838.942 [npu_driver_res.cc:1192] 111294 StreamIdFree: stream id free begin, device_id=2, stream_id=49, ts_id=0, remote_stream_id=0
[INFO] RUNTIME(111294,npu_reader):2026-09-21-12:30:46.838.948 [npu_driver_res.cc:1201] 111294 StreamIdFree: Stream id free success, stream_id=49, device_id=2, tsId=0, streamFlag=1728
[INFO] RUNTIME(111294,npu_reader):2026-09-21-12:30:46.839.892 [stars_engine.cc:219] 111373 RecycleThreadRun: RecycleThreadRun thread leave.
[INFO] RUNTIME(111294,npu_reader):2026-09-21-12:30:46.839.940 [stars_engine.cc:198] 111294 DestroyRecycleThread: Stars engine joined recycle thread OK.
[INFO] RUNTIME(111294,npu_reader):2026-09-21-12:30:46.841.146 [global_state_manager.cc:132] 111371 DecBackgroundThreadCount: MonitoringRun thread does not need to be locked. Total:1
[INFO] RUNTIME(111294,npu_reader):2026-09-21-12:30:46.841.158 [stars_engine.cc:1849] 111371 MonitoringRun: Stars Monitor thread has finished, ts_id=0.
[INFO] RUNTIME(111294,npu_reader):2026-09-21-12:30:46.841.186 [stars_engine.cc:156] 111294 Stop: StarsEngine joined monitor thread OK.
[INFO] PROFILING(111294,npu_reader):2026-09-21-12:30:46.841.207 [msprofiler_impl.cpp:355] (tid:111294) ProfNotifySetDevice, not on cmd mode or acl api not ready.
[INFO] RUNTIME(111294,npu_reader):2026-09-21-12:30:46.841.210 [runtime.cc:2824] 111294 DeviceRelease: device_id=2 stop profiling
[INFO] ATRACE(111294,npu_reader):2026-09-21-12:30:46.841.222 [tracer_mgr_operate.c:248](tid:111294) destroy object RUNTIME_ATRACE_DEV2_TS0, exitSave(false).
[INFO] RUNTIME(111294,npu_reader):2026-09-21-12:30:46.841.249 [stream_sqcq_manage.cc:690] 111294 FreeLogicCq: Return(0), threadIdentifier(281458738403872), devId(2), tsId(0), cqId(133), isFastCq(0).
[INFO] RUNTIME(111294,npu_reader):2026-09-21-12:30:46.841.258 [npu_driver_res.cc:884] 111294 StreamUnBindLogicCq: success: deviceId=2, tsId=0, streamId=48, logicCq=133.
[INFO] RUNTIME(111294,npu_reader):2026-09-21-12:30:46.841.265 [npu_driver_res.cc:1736] 111294 LogicCqFree: Succ:device_id=2,ts_id=0,type=2,logic_cq_id=133, drvFlag=0.
[INFO] RUNTIME(111294,npu_reader):2026-09-21-12:30:46.841.276 [stream.cc:289] 111294 FreeStreamId: Free stream_id=48.
[INFO] RUNTIME(111294,npu_reader):2026-09-21-12:30:46.841.281 [stream_sqcq_manage.cc:428] 111294 DeAllocStreamSqCq: deviceId=2, tsId=0, drvFlag=0
[INFO] RUNTIME(111294,npu_reader):2026-09-21-12:30:46.841.283 [npu_driver_res.cc:1618] 111294 NormalSqCqFree: Normal sqcq free, sqId=1, cqId=1, device_id=2, tsId=0, drvFlag=0
[INFO] RUNTIME(111294,npu_reader):2026-09-21-12:30:46.841.745 [npu_driver_res.cc:1626] 111294 NormalSqCqFree: Normal sqcq free success, sqId=1, cqId=1, device_id=2, tsId=0, drvFlag=0
[INFO] RUNTIME(111294,npu_reader):2026-09-21-12:30:46.841.749 [stream_sqcq_manage.cc:440] 111294 DeAllocStreamSqCq: [SqCqManage]success to release sq, sq_id=1, cq_id=1, stream_id=48, is_sq_need_release=1, drvFlag=0.
[INFO] RUNTIME(111294,npu_reader):2026-09-21-12:30:46.841.752 [npu_driver_res.cc:1192] 111294 StreamIdFree: stream id free begin, device_id=2, stream_id=48, ts_id=0, remote_stream_id=0
[INFO] RUNTIME(111294,npu_reader):2026-09-21-12:30:46.841.757 [npu_driver_res.cc:1201] 111294 StreamIdFree: Stream id free success, stream_id=48, device_id=2, tsId=0, streamFlag=64
[INFO] RUNTIME(111294,npu_reader):2026-09-21-12:30:46.846.518 [stars_engine.cc:60] 111294 ~StarsEngine: Destructor.
[INFO] RUNTIME(111294,npu_reader):2026-09-21-12:30:46.846.526 [engine.cc:88] 111294 ~Engine: Destructor.
[INFO] DRV(111294,npu_reader):2026-09-21-12:30:46.846.539 [queue_interface.c:662][ascend][curpid:111294,111294][drv][queuemng][queueDeviceClose]queue close finish. (devId=2)
[INFO] DRV(111294,npu_reader):2026-09-21-12:30:46.846.545 [devmm_svm.c:2615][ascend][curpid:111294,111294][drv][devmm][drvMemDeviceCloseInner]DrvMemDeviceClose. (devid=2)
[INFO] DRV(111294,npu_reader):2026-09-21-12:30:46.846.552 [svm_mem_statistics.c:150][ascend][curpid:111294,111294][drv][devmm][_svm_mem_stats_show]SVM_MEM Mem stats (Bytes). (module_name=HCCP; module_id=28; current_alloced_size=0; allocated_peak_size=1048576; alloc_cnt=1; free_cnt=1)
[INFO] DRV(111294,npu_reader):2026-09-21-12:30:46.846.560 [svm_mem_statistics.c:150][ascend][curpid:111294,111294][drv][devmm][_svm_mem_stats_show]HOST_MEM Mem stats (Bytes). (module_name=RUNTIME; module_id=7; current_alloced_size=0; allocated_peak_size=11341824; alloc_cnt=3; free_cnt=3)
[INFO] DRV(111294,npu_reader):2026-09-21-12:30:46.846.564 [svm_mem_statistics.c:150][ascend][curpid:111294,111294][drv][devmm][_svm_mem_stats_show]HOST_MEM Mem stats (Bytes). (module_name=APP; module_id=33; current_alloced_size=10485760; allocated_peak_size=10485760; alloc_cnt=3; free_cnt=0)
[INFO] DRV(111294,npu_reader):2026-09-21-12:30:46.846.568 [svm_mem_statistics.c:156][ascend][curpid:111294,111294][drv][devmm][_svm_mem_stats_show]HOST_MEM Cached_size:12582912Bytes
[INFO] DRV(111294,npu_reader):2026-09-21-12:30:46.846.571 [svm_mem_statistics.c:150][ascend][curpid:111294,111294][drv][devmm][_svm_mem_stats_show]MEM_DEV_SMALL_HBM dev2 Mem stats (Bytes). (module_name=HCCL; module_id=3; current_alloced_size=0; allocated_peak_size=348160; alloc_cnt=13; free_cnt=13)
[INFO] DRV(111294,npu_reader):2026-09-21-12:30:46.846.574 [svm_mem_statistics.c:150][ascend][curpid:111294,111294][drv][devmm][_svm_mem_stats_show]MEM_DEV_SMALL_HBM dev2 Mem stats (Bytes). (module_name=RUNTIME; module_id=7; current_alloced_size=106496; allocated_peak_size=200704; alloc_cnt=38; free_cnt=12)
[INFO] DRV(111294,npu_reader):2026-09-21-12:30:46.846.577 [svm_mem_statistics.c:150][ascend][curpid:111294,111294][drv][devmm][_svm_mem_stats_show]MEM_DEV_SMALL_HBM dev2 Mem stats (Bytes). (module_name=APP; module_id=33; current_alloced_size=0; allocated_peak_size=12288; alloc_cnt=2; free_cnt=2)
[INFO] DRV(111294,npu_reader):2026-09-21-12:30:46.846.581 [svm_mem_statistics.c:156][ascend][curpid:111294,111294][drv][devmm][_svm_mem_stats_show]MEM_DEV_SMALL_HBM dev2 Cached_size:1990656Bytes
[INFO] DRV(111294,npu_reader):2026-09-21-12:30:46.846.583 [svm_mem_statistics.c:150][ascend][curpid:111294,111294][drv][devmm][_svm_mem_stats_show]MEM_DEV_SMALL_DDR dev2 Mem stats (Bytes). (module_name=UNKNOWN; module_id=0; current_alloced_size=0; allocated_peak_size=4096; alloc_cnt=12; free_cnt=12)
[INFO] DRV(111294,npu_reader):2026-09-21-12:30:46.846.588 [svm_mem_statistics.c:150][ascend][curpid:111294,111294][drv][devmm][_svm_mem_stats_show]MEM_DEV_SMALL_DDR dev2 Mem stats (Bytes). (module_name=RUNTIME; module_id=7; current_alloced_size=0; allocated_peak_size=16384; alloc_cnt=1; free_cnt=1)
[INFO] DRV(111294,npu_reader):2026-09-21-12:30:46.846.592 [svm_mem_statistics.c:156][ascend][curpid:111294,111294][drv][devmm][_svm_mem_stats_show]MEM_DEV_SMALL_DDR dev2 Cached_size:2097152Bytes
[INFO] DRV(111294,npu_reader):2026-09-21-12:30:46.846.596 [svm_mem_statistics.c:150][ascend][curpid:111294,111294][drv][devmm][_svm_mem_stats_show]MEM_DEV_HUGE_HBM dev2 Mem stats (Bytes). (module_name=HCCL; module_id=3; current_alloced_size=0; allocated_peak_size=4194304; alloc_cnt=3; free_cnt=3)
[INFO] DRV(111294,npu_reader):2026-09-21-12:30:46.846.598 [svm_mem_statistics.c:150][ascend][curpid:111294,111294][drv][devmm][_svm_mem_stats_show]MEM_DEV_HUGE_HBM dev2 Mem stats (Bytes). (module_name=RUNTIME; module_id=7; current_alloced_size=0; allocated_peak_size=20971520; alloc_cnt=6; free_cnt=6)
[INFO] DRV(111294,npu_reader):2026-09-21-12:30:46.846.602 [svm_mem_statistics.c:156][ascend][curpid:111294,111294][drv][devmm][_svm_mem_stats_show]MEM_DEV_HUGE_HBM dev2 Cached_size:25165824Bytes
[INFO] DRV(111294,npu_reader):2026-09-21-12:30:46.846.604 [svm_mem_statistics.c:150][ascend][curpid:111294,111294][drv][devmm][_svm_mem_stats_show]MEM_DEV_HUGE_DDR dev2 Mem stats (Bytes). (module_name=RUNTIME; module_id=7; current_alloced_size=0; allocated_peak_size=2097152; alloc_cnt=1; free_cnt=1)
[INFO] DRV(111294,npu_reader):2026-09-21-12:30:46.846.607 [svm_mem_statistics.c:156][ascend][curpid:111294,111294][drv][devmm][_svm_mem_stats_show]MEM_DEV_HUGE_DDR dev2 Cached_size:2097152Bytes
[INFO] DRV(111294,npu_reader):2026-09-21-12:30:46.846.610 [svm_mem_statistics.c:150][ascend][curpid:111294,111294][drv][devmm][_svm_mem_stats_show]MEM_DEV_HUGE_P2P_HBM dev2 Mem stats (Bytes). (module_name=RUNTIME; module_id=7; current_alloced_size=0; allocated_peak_size=8388608; alloc_cnt=6; free_cnt=6)
[INFO] DRV(111294,npu_reader):2026-09-21-12:30:46.846.613 [svm_mem_statistics.c:156][ascend][curpid:111294,111294][drv][devmm][_svm_mem_stats_show]MEM_DEV_HUGE_P2P_HBM dev2 Cached_size:8388608Bytes
[INFO] DRV(111294,npu_reader):2026-09-21-12:30:46.846.917 [devmm_host_mem_pool.c:92][ascend][curpid:111294,111294][drv][devmm][devmm_host_mem_pool_uninit]devmm host mem pool uninit success. (devid=2)
[INFO] DRV(111294,npu_reader):2026-09-21-12:30:46.875.217 [drv_share_log.c:240][ascend][curpid:111294,111294][drv][devmm][share_log_read_in_single_module]Close logical_device. (logical_devid=2; phyid=2; vfid=0; hostpid=934687; devpid=31765)
[INFO] DRV(111294,npu_reader):2026-09-21-12:30:46.876.934 [trs_dev_drv.c:370][ascend][curpid:111294,111294][drv][tsdrv][drvDeviceCloseComm]Close success. (devid=2; fd=10; mmapFd=11)
[INFO] DRV(111294,npu_reader):2026-09-21-12:30:46.887.888 [event_sched.c:1515][ascend][curpid:111294,111294][drv][event-sche][eschedDeviceClose]The devId close success. (devId=2)
[INFO] RUNTIME(111294,npu_reader):2026-09-21-12:30:46.887.896 [npu_driver.cc:402] 111294 DeviceClose: Close device success, device_id=2, tsId=0.
[INFO] RUNTIME(111294,npu_reader):2026-09-21-12:30:46.887.906 [raw_device.cc:164] 111294 ~Device: device destructor.
[INFO] TDT(111294,npu_reader):2026-09-21-12:30:46.887.914 [process_mode_manager.cpp:2030][ParseTsdCloseFlag][tid:111294] Parse tsd close flag [0]
[INFO] TDT(111294,npu_reader):2026-09-21-12:30:46.887.919 [process_mode_manager.cpp:231][Close][tid:111294] [TsdClient] Close [deviceId=2][sessionId=1] hccp and computer enter
[INFO] TDT(111294,npu_reader):2026-09-21-12:30:46.887.930 [version_verify.cpp:117][SpecialFeatureCheck][tid:111294] VersionVerify: previous type[7], supported
[INFO] TDT(111294,npu_reader):2026-09-21-12:30:46.887.994 [process_mode_manager.cpp:235][Close][tid:111294] [TsdClient][deviceId=2] [sessionId=1] wait hccp and computer process close response
[INFO] TDT(111294,npu_reader):2026-09-21-12:30:46.888.007 [hdc_client.cpp:116][CommRecvData][tid:111294] recv timeout is:150000 ms
[INFO] TDT(111294,npu_reader):2026-09-21-12:30:49.857.160 [process_mode_msg_parse.cpp:147][ServerToClientMsgProc][tid:111294] [ServerToClientMsgProc] [sessionID=1]
[INFO] TDT(111294,npu_reader):2026-09-21-12:30:49.857.175 [process_mode_msg_parse.cpp:142][DeviceMsgProcess][tid:111294] [TsdClient] DeviceMsgProc recvMsg realDeviceId[2] msgType[9] localDevId[2] rspCode[0]heterogeneousSubPid[31788], tsdSupportLevel_[511]
[INFO] TDT(111294,npu_reader):2026-09-21-12:30:49.857.179 [hdc_client.cpp:134][CommRecvData][tid:111294] [deviceId=2] the Tsd recv data already
[INFO] TDT(111294,npu_reader):2026-09-21-12:30:49.857.183 [process_mode_manager.cpp:238][Close][tid:111294] [TsdClient][logicDeviceId_=2]has recv close hccp and computer process response
[INFO] TDT(111294,npu_reader):2026-09-21-12:30:49.857.187 [hdc_client.cpp:395][CommDestroy][tid:111294] enter HdcClient::CommDestroy() function
[INFO] DRV(111294,npu_reader):2026-09-21-12:30:49.857.200 [hdc_client.c:425][ascend][curpid:111294,111294][drv][hdc][drvHdcClientSessionClose]Destroy client session. (sock=843)
[INFO] TDT(111294,npu_reader):2026-09-21-12:30:49.857.230 [hdc_client.cpp:378][DestroyClient][tid:111294] begin drvHdcClientDestroy
[INFO] TDT(111294,npu_reader):2026-09-21-12:30:49.857.237 [hdc_client.cpp:383][DestroyClient][tid:111294] end drvHdcClientDestroy
[INFO] TDT(111294,npu_reader):2026-09-21-12:30:49.857.240 [hdc_client.cpp:354][ClearClientPtr][tid:111294] begin HdcClient::ClearClientPtr
[INFO] TDT(111294,npu_reader):2026-09-21-12:30:49.857.244 [hdc_client.cpp:369][ClearClientPtr][tid:111294] end HdcClient::ClearClientPtr
[INFO] TDT(111294,npu_reader):2026-09-21-12:30:49.857.247 [hdc_client.cpp:402][CommDestroy][tid:111294] end HdcClient::CommDestroy() function
[INFO] TDT(111294,npu_reader):2026-09-21-12:30:49.857.259 [process_mode_manager.cpp:255][Close][tid:111294] [TsdClient][deviceId=2] [sessionId=1] close hccp and computer process success
[INFO] RUNTIME(111294,npu_reader):2026-09-21-12:30:49.857.263 [runtime.cc:2027] 111294 StopAicpuExecutor: TsdClose success, userDeviceId=2, devId=2, tdt status=0
[INFO] ATRACE(111294,npu_reader):2026-09-21-12:30:49.857.274 [atrace_client_communication.c:141](tid:111294) send [end] msg.
[INFO] DRV(111294,npu_reader):2026-09-21-12:30:49.857.573 [hdc_core.c:1982][ascend][curpid:111294,111294][drv][hdc][drvHdcSetSessionReference]Get pid number. (session=845; pid=111294)
[INFO] DRV(111294,npu_reader):2026-09-21-12:30:49.857.845 [hdc_client.c:425][ascend][curpid:111294,111294][drv][hdc][drvHdcClientSessionClose]Destroy client session. (sock=845)
[INFO] ATRACE(111294,npu_reader):2026-09-21-12:30:49.857.918 [atrace_client_communication.c:164](tid:111294) send [end] msg successfully.
[INFO] DRV(111294,npu_reader):2026-09-21-12:30:50.758.231 [hdc_client.c:425][ascend][curpid:111294,111368][drv][hdc][drvHdcClientSessionClose]Destroy client session. (sock=837)
[INFO] ATRACE(111294,npu_reader):2026-09-21-12:30:50.758.295 [atrace_client_core.c:127](tid:111368) atrace receive thread exited, devId=2.
[INFO] ATRACE(111294,npu_reader):2026-09-21-12:30:50.758.644 [atrace_client_core.c:176](tid:111294) stop to receive device[2] trace log.
[INFO] DRV(111294,npu_reader):2026-09-21-12:30:50.758.954 [hdc_core.c:1982][ascend][curpid:111294,111294][drv][hdc][drvHdcSetSessionReference]Get pid number. (session=846; pid=111294)
[INFO] DRV(111294,npu_reader):2026-09-21-12:30:50.759.054 [hdc_client.c:425][ascend][curpid:111294,111294][drv][hdc][drvHdcClientSessionClose]Destroy client session. (sock=846)
[INFO] DRV(111294,npu_reader):2026-09-21-12:30:51.731.920 [hdc_client.c:425][ascend][curpid:111294,111367][drv][hdc][drvHdcClientSessionClose]Destroy client session. (sock=834)
[INFO] PROFILING(111294,npu_reader):2026-09-21-12:30:51.732.174 [msprofiler_impl.cpp:355] (tid:111294) ProfNotifySetDevice, not on cmd mode or acl api not ready.
[INFO] RUNTIME(111294,npu_reader):2026-09-21-12:30:51.732.194 [api_impl.cc:3541] 111294 DeviceReset: Succ, drv devId=2.
[INFO] ASCENDCL(111294,npu_reader):2026-09-21-12:30:51.732.207 [device.cpp:92]111294 aclrtResetDeviceImpl: successfully execute aclrtResetDevice, reset device 2.
API aclrtResetDevice(NPU_DEVICE_ID) => 0
[INFO] ASCENDCL(111294,npu_reader):2026-09-21-12:30:51.732.232 [acl.cpp:606]111294 aclFinalizeImpl: start to execute aclFinalize
[INFO] ASCENDCL(111294,npu_reader):2026-09-21-12:30:51.732.243 [acl.cpp:529]111294 aclFinalizeInternal: start to execute aclFinalizeInternal
[INFO] ASCENDCL(111294,npu_reader):2026-09-21-12:30:51.732.332 [resource_statistics.cpp:113]111294 TraverseStatistics: The ResourceType:ACL_STATISTICS_MALLOC_FREE, applyTotal = 34, applySucc = 18, releaseTotal = 18, releaseSucc = 18
[INFO] ASCENDCL(111294,npu_reader):2026-09-21-12:30:51.732.339 [resource_statistics.cpp:113]111294 TraverseStatistics: The ResourceType:ACL_STATISTICS_MALLOC_FREE_HOST, applyTotal = 0, applySucc = 0, releaseTotal = 0, releaseSucc = 0
[INFO] ASCENDCL(111294,npu_reader):2026-09-21-12:30:51.732.342 [resource_statistics.cpp:113]111294 TraverseStatistics: The ResourceType:ACL_STATISTICS_CREATE_DESTROY_CONTEXT, applyTotal = 0, applySucc = 0, releaseTotal = 0, releaseSucc = 0
[INFO] ASCENDCL(111294,npu_reader):2026-09-21-12:30:51.732.345 [resource_statistics.cpp:113]111294 TraverseStatistics: The ResourceType:ACL_STATISTICS_SET_RESET_DEVICE, applyTotal = 1, applySucc = 1, releaseTotal = 1, releaseSucc = 1
[INFO] ASCENDCL(111294,npu_reader):2026-09-21-12:30:51.732.348 [resource_statistics.cpp:113]111294 TraverseStatistics: The ResourceType:ACL_STATISTICS_CREATE_DESTROY_EVENT, applyTotal = 0, applySucc = 0, releaseTotal = 0, releaseSucc = 0
[INFO] ASCENDCL(111294,npu_reader):2026-09-21-12:30:51.732.351 [resource_statistics.cpp:113]111294 TraverseStatistics: The ResourceType:ACL_STATISTICS_CREATE_DESTROY_STREAM, applyTotal = 6, applySucc = 6, releaseTotal = 6, releaseSucc = 6
[INFO] ASCENDCL(111294,npu_reader):2026-09-21-12:30:51.732.354 [resource_statistics.cpp:113]111294 TraverseStatistics: The ResourceType:ACL_STATISTICS_DVPP_MALLOC_FREE, applyTotal = 0, applySucc = 0, releaseTotal = 0, releaseSucc = 0
[INFO] ASCENDCL(111294,npu_reader):2026-09-21-12:30:51.732.357 [resource_statistics.cpp:113]111294 TraverseStatistics: The ResourceType:ACL_STATISTICS_RECORD_RESET_EVENT, applyTotal = 0, applySucc = 0, releaseTotal = 0, releaseSucc = 0
[INFO] ASCENDCL(111294,npu_reader):2026-09-21-12:30:51.732.361 [resource_statistics.cpp:113]111294 TraverseStatistics: The ResourceType:ACL_STATISTICS_CREATE_DESTROY_DATA_BUFFER, applyTotal = 0, applySucc = 0, releaseTotal = 0, releaseSucc = 0
[INFO] ASCENDCL(111294,npu_reader):2026-09-21-12:30:51.732.364 [resource_statistics.cpp:113]111294 TraverseStatistics: The ResourceType:ACL_STATISTICS_CREATE_DESTROY_TENSOR_DESC, applyTotal = 0, applySucc = 0, releaseTotal = 0, releaseSucc = 0
[INFO] ASCENDCL(111294,npu_reader):2026-09-21-12:30:51.732.367 [resource_statistics.cpp:113]111294 TraverseStatistics: The ResourceType:ACL_STATISTICS_CREATE_DESTROY_DESC, applyTotal = 0, applySucc = 0, releaseTotal = 0, releaseSucc = 0
[INFO] ASCENDCL(111294,npu_reader):2026-09-21-12:30:51.732.370 [resource_statistics.cpp:113]111294 TraverseStatistics: The ResourceType:ACL_STATISTICS_CREATE_DESTROY_DATASET, applyTotal = 0, applySucc = 0, releaseTotal = 0, releaseSucc = 0
[INFO] ASCENDCL(111294,npu_reader):2026-09-21-12:30:51.732.373 [resource_statistics.cpp:113]111294 TraverseStatistics: The ResourceType:ACL_STATISTICS_CREATE_LOAD_UNLOAD_MODEL, applyTotal = 0, applySucc = 0, releaseTotal = 0, releaseSucc = 0
[INFO] ASCENDCL(111294,npu_reader):2026-09-21-12:30:51.732.376 [resource_statistics.cpp:113]111294 TraverseStatistics: The ResourceType:ACL_STATISTICS_CREATE_DESTROY_AIPP, applyTotal = 0, applySucc = 0, releaseTotal = 0, releaseSucc = 0
[INFO] ASCENDCL(111294,npu_reader):2026-09-21-12:30:51.732.379 [resource_statistics.cpp:113]111294 TraverseStatistics: The ResourceType:ACL_STATISTICS_CREATE_DESTROY_ATTR, applyTotal = 0, applySucc = 0, releaseTotal = 0, releaseSucc = 0
[INFO] ASCENDCL(111294,npu_reader):2026-09-21-12:30:51.732.383 [resource_statistics.cpp:113]111294 TraverseStatistics: The ResourceType:ACL_STATISTICS_CREATE_DESTROY_HANDLE, applyTotal = 0, applySucc = 0, releaseTotal = 0, releaseSucc = 0
[INFO] ASCENDCL(111294,npu_reader):2026-09-21-12:30:51.732.387 [resource_statistics.cpp:113]111294 TraverseStatistics: The ResourceType:ACL_STATISTICS_CREATE_DESTROY_DVPP_CHANNEL_DESC, applyTotal = 0, applySucc = 0, releaseTotal = 0, releaseSucc = 0
[INFO] ASCENDCL(111294,npu_reader):2026-09-21-12:30:51.732.390 [resource_statistics.cpp:113]111294 TraverseStatistics: The ResourceType:ACL_STATISTICS_CREATE_DESTROY_DVPP_PIC_DESC, applyTotal = 0, applySucc = 0, releaseTotal = 0, releaseSucc = 0
[INFO] ASCENDCL(111294,npu_reader):2026-09-21-12:30:51.732.393 [resource_statistics.cpp:113]111294 TraverseStatistics: The ResourceType:ACL_STATISTICS_CREATE_DESTROY_DVPP_ROI_CONFIG, applyTotal = 0, applySucc = 0, releaseTotal = 0, releaseSucc = 0
[INFO] ASCENDCL(111294,npu_reader):2026-09-21-12:30:51.732.396 [resource_statistics.cpp:113]111294 TraverseStatistics: The ResourceType:ACL_STATISTICS_CREATE_DESTROY_DVPP_RESIZE_CONFIG, applyTotal = 0, applySucc = 0, releaseTotal = 0, releaseSucc = 0
[INFO] ASCENDCL(111294,npu_reader):2026-09-21-12:30:51.732.399 [resource_statistics.cpp:113]111294 TraverseStatistics: The ResourceType:ACL_STATISTICS_CREATE_DESTROY_DVPP_JPEGE_CONFIG, applyTotal = 0, applySucc = 0, releaseTotal = 0, releaseSucc = 0
[INFO] ASCENDCL(111294,npu_reader):2026-09-21-12:30:51.732.401 [resource_statistics.cpp:113]111294 TraverseStatistics: The ResourceType:ACL_STATISTICS_CREATE_DESTROY_VDEC_CHANNEL_DESC, applyTotal = 0, applySucc = 0, releaseTotal = 0, releaseSucc = 0
[INFO] ASCENDCL(111294,npu_reader):2026-09-21-12:30:51.732.404 [resource_statistics.cpp:113]111294 TraverseStatistics: The ResourceType:ACL_STATISTICS_CREATE_DESTROY_VENC_CHANNEL_DESC, applyTotal = 0, applySucc = 0, releaseTotal = 0, releaseSucc = 0
[INFO] ASCENDCL(111294,npu_reader):2026-09-21-12:30:51.732.407 [resource_statistics.cpp:113]111294 TraverseStatistics: The ResourceType:ACL_STATISTICS_CREATE_DESTROY_DVPP_STREAM_DESC, applyTotal = 0, applySucc = 0, releaseTotal = 0, releaseSucc = 0
[INFO] ASCENDCL(111294,npu_reader):2026-09-21-12:30:51.732.411 [resource_statistics.cpp:113]111294 TraverseStatistics: The ResourceType:ACL_STATISTICS_CREATE_DESTROY_VDEC_FRAME_CONFIG, applyTotal = 0, applySucc = 0, releaseTotal = 0, releaseSucc = 0
[INFO] ASCENDCL(111294,npu_reader):2026-09-21-12:30:51.732.413 [resource_statistics.cpp:113]111294 TraverseStatistics: The ResourceType:ACL_STATISTICS_CREATE_DESTROY_VENC_FRAME_CONFIG, applyTotal = 0, applySucc = 0, releaseTotal = 0, releaseSucc = 0
[INFO] ASCENDCL(111294,npu_reader):2026-09-21-12:30:51.732.416 [resource_statistics.cpp:113]111294 TraverseStatistics: The ResourceType:ACL_STATISTICS_CREATE_DESTROY_DVPP_CHANNEL, applyTotal = 0, applySucc = 0, releaseTotal = 0, releaseSucc = 0
[INFO] ASCENDCL(111294,npu_reader):2026-09-21-12:30:51.732.419 [resource_statistics.cpp:113]111294 TraverseStatistics: The ResourceType:ACL_STATISTICS_CREATE_DESTROY_VDEC_CHANNEL, applyTotal = 0, applySucc = 0, releaseTotal = 0, releaseSucc = 0
[INFO] ASCENDCL(111294,npu_reader):2026-09-21-12:30:51.732.422 [resource_statistics.cpp:113]111294 TraverseStatistics: The ResourceType:ACL_STATISTICS_CREATE_DESTROY_VENC_CHANNEL, applyTotal = 0, applySucc = 0, releaseTotal = 0, releaseSucc = 0
[INFO] ASCENDCL(111294,npu_reader):2026-09-21-12:30:51.732.425 [resource_statistics.cpp:113]111294 TraverseStatistics: The ResourceType:ACL_STATISTICS_CREATE_DESTROY_DVPP_BATCH_PIC_DESC, applyTotal = 0, applySucc = 0, releaseTotal = 0, releaseSucc = 0
[INFO] ASCENDCL(111294,npu_reader):2026-09-21-12:30:51.732.428 [resource_statistics.cpp:113]111294 TraverseStatistics: The ResourceType:ACL_STATISTICS_CREATE_DESTROY_GROUP_INFO, applyTotal = 0, applySucc = 0, releaseTotal = 0, releaseSucc = 0
[INFO] ASCENDCL(111294,npu_reader):2026-09-21-12:30:51.732.431 [resource_statistics.cpp:113]111294 TraverseStatistics: The ResourceType:ACL_STATISTICS_CREATE_DESTROY_PROF_CONFIG, applyTotal = 0, applySucc = 0, releaseTotal = 0, releaseSucc = 0
[INFO] ASCENDCL(111294,npu_reader):2026-09-21-12:30:51.732.436 [resource_statistics.cpp:113]111294 TraverseStatistics: The ResourceType:ACL_STATISTICS_CREATE_DESTROY_PROF_SUB_CONFIG, applyTotal = 0, applySucc = 0, releaseTotal = 0, releaseSucc = 0
[INFO] ASCENDCL(111294,npu_reader):2026-09-21-12:30:51.732.439 [resource_statistics.cpp:113]111294 TraverseStatistics: The ResourceType:ACL_STATISTICS_CREATE_DESTROY_MODEL_CONFIG, applyTotal = 0, applySucc = 0, releaseTotal = 0, releaseSucc = 0
[INFO] ASCENDCL(111294,npu_reader):2026-09-21-12:30:51.732.441 [resource_statistics.cpp:113]111294 TraverseStatistics: The ResourceType:ACL_STATISTICS_CREATE_DESTROY_QUEUE_ID, applyTotal = 0, applySucc = 0, releaseTotal = 0, releaseSucc = 0
[INFO] ASCENDCL(111294,npu_reader):2026-09-21-12:30:51.732.444 [resource_statistics.cpp:113]111294 TraverseStatistics: The ResourceType:ACL_STATISTICS_CREATE_DESTROY_QUEUE_ATTR, applyTotal = 0, applySucc = 0, releaseTotal = 0, releaseSucc = 0
[INFO] ASCENDCL(111294,npu_reader):2026-09-21-12:30:51.732.447 [resource_statistics.cpp:113]111294 TraverseStatistics: The ResourceType:ACL_STATISTICS_CREATE_DESTROY_QUEUE_ROUTE, applyTotal = 0, applySucc = 0, releaseTotal = 0, releaseSucc = 0
[INFO] ASCENDCL(111294,npu_reader):2026-09-21-12:30:51.732.450 [resource_statistics.cpp:113]111294 TraverseStatistics: The ResourceType:ACL_STATISTICS_CREATE_DESTROY_QUEUE_ROUTE_LIST, applyTotal = 0, applySucc = 0, releaseTotal = 0, releaseSucc = 0
[INFO] ASCENDCL(111294,npu_reader):2026-09-21-12:30:51.732.453 [resource_statistics.cpp:113]111294 TraverseStatistics: The ResourceType:ACL_STATISTICS_CREATE_DESTROY_QUEUE_ROUTE_QUERY, applyTotal = 0, applySucc = 0, releaseTotal = 0, releaseSucc = 0
[INFO] ASCENDCL(111294,npu_reader):2026-09-21-12:30:51.732.455 [resource_statistics.cpp:113]111294 TraverseStatistics: The ResourceType:ACL_STATISTICS_CREATE_DESTROY_MBUF, applyTotal = 0, applySucc = 0, releaseTotal = 0, releaseSucc = 0
[INFO] ASCENDCL(111294,npu_reader):2026-09-21-12:30:51.732.458 [resource_statistics.cpp:113]111294 TraverseStatistics: The ResourceType:ACL_STATISTICS_CREATE_DESTROY_GRAPH_DUMP_OPTION, applyTotal = 0, applySucc = 0, releaseTotal = 0, releaseSucc = 0
[INFO] ASCENDCL(111294,npu_reader):2026-09-21-12:30:51.732.461 [resource_statistics.cpp:113]111294 TraverseStatistics: The ResourceType:ACL_STATISTICS_CREATE_DESTROY_ALLOCATOR_DESC, applyTotal = 0, applySucc = 0, releaseTotal = 0, releaseSucc = 0
[INFO] ASCENDCL(111294,npu_reader):2026-09-21-12:30:51.732.464 [resource_statistics.cpp:113]111294 TraverseStatistics: The ResourceType:ACL_STATISTICS_CREATE_DESTROY_ALLOCATOR_BINARY_DESC, applyTotal = 0, applySucc = 0, releaseTotal = 0, releaseSucc = 0
[INFO] ASCENDCL(111294,npu_reader):2026-09-21-12:30:51.732.467 [resource_statistics.cpp:113]111294 TraverseStatistics: The ResourceType:ACL_STATISTICS_RESERVE_RELEASE_MEMORY_ADDRESS, applyTotal = 0, applySucc = 0, releaseTotal = 0, releaseSucc = 0
[INFO] ASCENDCL(111294,npu_reader):2026-09-21-12:30:51.732.470 [resource_statistics.cpp:113]111294 TraverseStatistics: The ResourceType:ACL_STATISTICS_MALLOC_FREE_PHYSICAL_MEMORY, applyTotal = 0, applySucc = 0, releaseTotal = 0, releaseSucc = 0
[INFO] ASCENDCL(111294,npu_reader):2026-09-21-12:30:51.732.473 [resource_statistics.cpp:113]111294 TraverseStatistics: The ResourceType:ACL_STATISTICS_MAP_UNMAP_MEMORY, applyTotal = 0, applySucc = 0, releaseTotal = 0, releaseSucc = 0
[INFO] ASCENDCL(111294,npu_reader):2026-09-21-12:30:51.732.476 [resource_statistics.cpp:113]111294 TraverseStatistics: The ResourceType:ACL_STATISTICS_LOAD_UNLOAD_BINARY, applyTotal = 0, applySucc = 0, releaseTotal = 21, releaseSucc = 21
[INFO] PROFILING(111294,npu_reader):2026-09-21-12:30:51.732.486 [dyn_prof_mgr.cpp:79] (tid:111294) Dynamic profiling task has not been started
[WARNING] PROFILING(111294,npu_reader):2026-09-21-12:30:51.732.494 [prof_acl_mgr.cpp:2456] (tid:111294) Skip profiling finalize process because current mode is not common or aclapi.
[INFO] ASCENDCL(111294,npu_reader):2026-09-21-12:30:51.732.515 [acl.cpp:340]111294 IsEnableAutoUCMemeory: auto-uc-memory is enabled.
[INFO] ASCENDCL(111294,npu_reader):2026-09-21-12:30:51.732.519 [acl.cpp:569]111294 aclFinalizeInternal: unregister kernel launch fill function in aclFinalize
[INFO] RUNTIME(111294,npu_reader):2026-09-21-12:30:51.732.538 [runtime.cc:4636] 111294 UnRegKernelLaunchFillFunc: unregister callback finish, symbol:g_opSystemRunCfg.
[INFO] ASCENDCL(111294,npu_reader):2026-09-21-12:30:51.732.545 [acl.cpp:600]111294 aclFinalizeInternal: execute aclFinalizeInternal successfully
[INFO] ASCENDCL(111294,npu_reader):2026-09-21-12:30:51.732.549 [acl.cpp:618]111294 aclFinalizeImpl: successfully execute aclFinalize
API aclFinalize() => 0
[INFO] PROFILING(111294,npu_reader):2026-09-21-12:30:51.732.563 [dyn_prof_mgr.cpp:79] (tid:111294) Dynamic profiling task has not been started
[INFO] ASCENDCL(111294,npu_reader):2026-09-21-12:30:51.732.577 [callback.cpp:193]111294 aclrtRegDeviceStateCallbackImpl: start to execute aclrtRegDeviceStateCallback
[INFO] RUNTIME(111294,npu_reader):2026-09-21-12:30:51.732.590 [api_impl.cc:4386] 111294 RegDeviceStateCallback: Reg device state callback, regName=hcomm_res_mgr.
[INFO] ASCENDCL(111294,npu_reader):2026-09-21-12:30:51.732.598 [callback.cpp:197]111294 aclrtRegDeviceStateCallbackImpl: successfully execute aclrtRegDeviceStateCallback
[INFO] HCCL(111294,npu_reader):2026-09-21-12:30:51.732.611 [hccp_hdc_manager.cc:91][111294][HccpHdcManager] aclrtRegDeviceStateCallback unregister success
[INFO] HCCL(111294,npu_reader):2026-09-21-12:30:51.732.626 [rdma_handle_manager.cc:299][111294][RdmaHandleManager::DestroyAll] destroy all
[INFO] RUNTIME(111294,npu_reader):2026-09-21-12:30:51.734.052 [osal.cc:354] 111294 ThreadExit: ThreadExit start.
[INFO] RUNTIME(111294,npu_reader):2026-09-21-12:30:51.734.065 [global_state_manager.cc:98] 111294 ForceUnlocked: already in RUNNING state, no action needed
[INFO] HCCL(111294,npu_reader):2026-09-21-12:30:51.738.115 [cluster_monitor.cc:744] [111294][DeInit] heartbeat deinit begin.
[INFO] HCCL(111294,npu_reader):2026-09-21-12:30:51.741.251 [cluster_monitor.cc:768] [111294][DeInit] heartbeat deinit end.
[INFO] HCCL(111294,npu_reader):2026-09-21-12:30:51.741.293 [cluster_monitor.cc:744] [111294][DeInit] heartbeat deinit begin.
[INFO] HCCL(111294,npu_reader):2026-09-21-12:30:51.741.299 [cluster_monitor.cc:768] [111294][DeInit] heartbeat deinit end.
[INFO] HCCL(111294,npu_reader):2026-09-21-12:30:51.741.304 [cluster_monitor.cc:744] [111294][DeInit] heartbeat deinit begin.
[INFO] HCCL(111294,npu_reader):2026-09-21-12:30:51.741.309 [cluster_monitor.cc:768] [111294][DeInit] heartbeat deinit end.
[INFO] HCCL(111294,npu_reader):2026-09-21-12:30:51.741.314 [cluster_monitor.cc:744] [111294][DeInit] heartbeat deinit begin.
[INFO] HCCL(111294,npu_reader):2026-09-21-12:30:51.741.318 [cluster_monitor.cc:768] [111294][DeInit] heartbeat deinit end.
[INFO] HCCL(111294,npu_reader):2026-09-21-12:30:51.741.323 [cluster_monitor.cc:744] [111294][DeInit] heartbeat deinit begin.
[INFO] HCCL(111294,npu_reader):2026-09-21-12:30:51.741.327 [cluster_monitor.cc:768] [111294][DeInit] heartbeat deinit end.
[INFO] HCCL(111294,npu_reader):2026-09-21-12:30:51.741.332 [cluster_monitor.cc:744] [111294][DeInit] heartbeat deinit begin.
[INFO] HCCL(111294,npu_reader):2026-09-21-12:30:51.741.336 [cluster_monitor.cc:768] [111294][DeInit] heartbeat deinit end.
[INFO] HCCL(111294,npu_reader):2026-09-21-12:30:51.741.340 [cluster_monitor.cc:744] [111294][DeInit] heartbeat deinit begin.
[INFO] HCCL(111294,npu_reader):2026-09-21-12:30:51.741.343 [cluster_monitor.cc:768] [111294][DeInit] heartbeat deinit end.
[INFO] HCCL(111294,npu_reader):2026-09-21-12:30:51.741.347 [cluster_monitor.cc:744] [111294][DeInit] heartbeat deinit begin.
[INFO] HCCL(111294,npu_reader):2026-09-21-12:30:51.741.350 [cluster_monitor.cc:768] [111294][DeInit] heartbeat deinit end.
[INFO] HCCL(111294,npu_reader):2026-09-21-12:30:51.741.355 [cluster_monitor.cc:744] [111294][DeInit] heartbeat deinit begin.
[INFO] HCCL(111294,npu_reader):2026-09-21-12:30:51.741.363 [cluster_monitor.cc:768] [111294][DeInit] heartbeat deinit end.
[INFO] HCCL(111294,npu_reader):2026-09-21-12:30:51.741.369 [cluster_monitor.cc:744] [111294][DeInit] heartbeat deinit begin.
[INFO] HCCL(111294,npu_reader):2026-09-21-12:30:51.741.372 [cluster_monitor.cc:768] [111294][DeInit] heartbeat deinit end.
[INFO] HCCL(111294,npu_reader):2026-09-21-12:30:51.741.376 [cluster_monitor.cc:744] [111294][DeInit] heartbeat deinit begin.
[INFO] HCCL(111294,npu_reader):2026-09-21-12:30:51.741.380 [cluster_monitor.cc:768] [111294][DeInit] heartbeat deinit end.
[INFO] HCCL(111294,npu_reader):2026-09-21-12:30:51.741.384 [cluster_monitor.cc:744] [111294][DeInit] heartbeat deinit begin.
[INFO] HCCL(111294,npu_reader):2026-09-21-12:30:51.741.387 [cluster_monitor.cc:768] [111294][DeInit] heartbeat deinit end.
[INFO] HCCL(111294,npu_reader):2026-09-21-12:30:51.741.390 [cluster_monitor.cc:744] [111294][DeInit] heartbeat deinit begin.
[INFO] HCCL(111294,npu_reader):2026-09-21-12:30:51.741.393 [cluster_monitor.cc:768] [111294][DeInit] heartbeat deinit end.
[INFO] HCCL(111294,npu_reader):2026-09-21-12:30:51.741.398 [cluster_monitor.cc:744] [111294][DeInit] heartbeat deinit begin.
[INFO] HCCL(111294,npu_reader):2026-09-21-12:30:51.741.401 [cluster_monitor.cc:768] [111294][DeInit] heartbeat deinit end.
[INFO] HCCL(111294,npu_reader):2026-09-21-12:30:51.741.405 [cluster_monitor.cc:744] [111294][DeInit] heartbeat deinit begin.
[INFO] HCCL(111294,npu_reader):2026-09-21-12:30:51.741.408 [cluster_monitor.cc:768] [111294][DeInit] heartbeat deinit end.
[INFO] HCCL(111294,npu_reader):2026-09-21-12:30:51.741.412 [cluster_monitor.cc:744] [111294][DeInit] heartbeat deinit begin.
[INFO] HCCL(111294,npu_reader):2026-09-21-12:30:51.741.414 [cluster_monitor.cc:768] [111294][DeInit] heartbeat deinit end.
[INFO] HCCL(111294,npu_reader):2026-09-21-12:30:51.741.418 [cluster_monitor.cc:744] [111294][DeInit] heartbeat deinit begin.
[INFO] HCCL(111294,npu_reader):2026-09-21-12:30:51.741.422 [cluster_monitor.cc:768] [111294][DeInit] heartbeat deinit end.
[INFO] HCCL(111294,npu_reader):2026-09-21-12:30:51.741.426 [cluster_monitor.cc:744] [111294][DeInit] heartbeat deinit begin.
[INFO] HCCL(111294,npu_reader):2026-09-21-12:30:51.741.430 [cluster_monitor.cc:768] [111294][DeInit] heartbeat deinit end.
[INFO] HCCL(111294,npu_reader):2026-09-21-12:30:51.741.434 [cluster_monitor.cc:744] [111294][DeInit] heartbeat deinit begin.
[INFO] HCCL(111294,npu_reader):2026-09-21-12:30:51.741.437 [cluster_monitor.cc:768] [111294][DeInit] heartbeat deinit end.
[INFO] HCCL(111294,npu_reader):2026-09-21-12:30:51.741.441 [cluster_monitor.cc:744] [111294][DeInit] heartbeat deinit begin.
[INFO] HCCL(111294,npu_reader):2026-09-21-12:30:51.741.444 [cluster_monitor.cc:768] [111294][DeInit] heartbeat deinit end.
[INFO] HCCL(111294,npu_reader):2026-09-21-12:30:51.741.447 [cluster_monitor.cc:744] [111294][DeInit] heartbeat deinit begin.
[INFO] HCCL(111294,npu_reader):2026-09-21-12:30:51.741.450 [cluster_monitor.cc:768] [111294][DeInit] heartbeat deinit end.
[INFO] HCCL(111294,npu_reader):2026-09-21-12:30:51.741.454 [cluster_monitor.cc:744] [111294][DeInit] heartbeat deinit begin.
[INFO] HCCL(111294,npu_reader):2026-09-21-12:30:51.741.458 [cluster_monitor.cc:768] [111294][DeInit] heartbeat deinit end.
[INFO] HCCL(111294,npu_reader):2026-09-21-12:30:51.741.462 [cluster_monitor.cc:744] [111294][DeInit] heartbeat deinit begin.
[INFO] HCCL(111294,npu_reader):2026-09-21-12:30:51.741.464 [cluster_monitor.cc:768] [111294][DeInit] heartbeat deinit end.
[INFO] HCCL(111294,npu_reader):2026-09-21-12:30:51.741.468 [cluster_monitor.cc:744] [111294][DeInit] heartbeat deinit begin.
[INFO] HCCL(111294,npu_reader):2026-09-21-12:30:51.741.472 [cluster_monitor.cc:768] [111294][DeInit] heartbeat deinit end.
[INFO] HCCL(111294,npu_reader):2026-09-21-12:30:51.741.476 [cluster_monitor.cc:744] [111294][DeInit] heartbeat deinit begin.
[INFO] HCCL(111294,npu_reader):2026-09-21-12:30:51.741.479 [cluster_monitor.cc:768] [111294][DeInit] heartbeat deinit end.
[INFO] HCCL(111294,npu_reader):2026-09-21-12:30:51.741.484 [cluster_monitor.cc:744] [111294][DeInit] heartbeat deinit begin.
[INFO] HCCL(111294,npu_reader):2026-09-21-12:30:51.741.487 [cluster_monitor.cc:768] [111294][DeInit] heartbeat deinit end.
[INFO] HCCL(111294,npu_reader):2026-09-21-12:30:51.741.491 [cluster_monitor.cc:744] [111294][DeInit] heartbeat deinit begin.
[INFO] HCCL(111294,npu_reader):2026-09-21-12:30:51.741.494 [cluster_monitor.cc:768] [111294][DeInit] heartbeat deinit end.
[INFO] HCCL(111294,npu_reader):2026-09-21-12:30:51.741.497 [cluster_monitor.cc:744] [111294][DeInit] heartbeat deinit begin.
[INFO] HCCL(111294,npu_reader):2026-09-21-12:30:51.741.500 [cluster_monitor.cc:768] [111294][DeInit] heartbeat deinit end.
[INFO] HCCL(111294,npu_reader):2026-09-21-12:30:51.741.504 [cluster_monitor.cc:744] [111294][DeInit] heartbeat deinit begin.
[INFO] HCCL(111294,npu_reader):2026-09-21-12:30:51.741.507 [cluster_monitor.cc:768] [111294][DeInit] heartbeat deinit end.
[INFO] HCCL(111294,npu_reader):2026-09-21-12:30:51.741.511 [cluster_monitor.cc:744] [111294][DeInit] heartbeat deinit begin.
[INFO] HCCL(111294,npu_reader):2026-09-21-12:30:51.741.514 [cluster_monitor.cc:768] [111294][DeInit] heartbeat deinit end.
[INFO] HCCL(111294,npu_reader):2026-09-21-12:30:51.741.518 [cluster_monitor.cc:744] [111294][DeInit] heartbeat deinit begin.
[INFO] HCCL(111294,npu_reader):2026-09-21-12:30:51.741.521 [cluster_monitor.cc:768] [111294][DeInit] heartbeat deinit end.
[INFO] HCCL(111294,npu_reader):2026-09-21-12:30:51.741.525 [cluster_monitor.cc:744] [111294][DeInit] heartbeat deinit begin.
[INFO] HCCL(111294,npu_reader):2026-09-21-12:30:51.741.527 [cluster_monitor.cc:768] [111294][DeInit] heartbeat deinit end.
[INFO] HCCL(111294,npu_reader):2026-09-21-12:30:51.741.531 [cluster_monitor.cc:744] [111294][DeInit] heartbeat deinit begin.
[INFO] HCCL(111294,npu_reader):2026-09-21-12:30:51.741.534 [cluster_monitor.cc:768] [111294][DeInit] heartbeat deinit end.
[INFO] HCCL(111294,npu_reader):2026-09-21-12:30:51.741.538 [cluster_monitor.cc:744] [111294][DeInit] heartbeat deinit begin.
[INFO] HCCL(111294,npu_reader):2026-09-21-12:30:51.741.541 [cluster_monitor.cc:768] [111294][DeInit] heartbeat deinit end.
[INFO] HCCL(111294,npu_reader):2026-09-21-12:30:51.741.545 [cluster_monitor.cc:744] [111294][DeInit] heartbeat deinit begin.
[INFO] HCCL(111294,npu_reader):2026-09-21-12:30:51.741.548 [cluster_monitor.cc:768] [111294][DeInit] heartbeat deinit end.
[INFO] HCCL(111294,npu_reader):2026-09-21-12:30:51.741.552 [cluster_monitor.cc:744] [111294][DeInit] heartbeat deinit begin.
[INFO] HCCL(111294,npu_reader):2026-09-21-12:30:51.741.555 [cluster_monitor.cc:768] [111294][DeInit] heartbeat deinit end.
[INFO] HCCL(111294,npu_reader):2026-09-21-12:30:51.741.559 [cluster_monitor.cc:744] [111294][DeInit] heartbeat deinit begin.
[INFO] HCCL(111294,npu_reader):2026-09-21-12:30:51.741.561 [cluster_monitor.cc:768] [111294][DeInit] heartbeat deinit end.
[INFO] HCCL(111294,npu_reader):2026-09-21-12:30:51.741.566 [cluster_monitor.cc:744] [111294][DeInit] heartbeat deinit begin.
[INFO] HCCL(111294,npu_reader):2026-09-21-12:30:51.741.568 [cluster_monitor.cc:768] [111294][DeInit] heartbeat deinit end.
[INFO] HCCL(111294,npu_reader):2026-09-21-12:30:51.741.572 [cluster_monitor.cc:744] [111294][DeInit] heartbeat deinit begin.
[INFO] HCCL(111294,npu_reader):2026-09-21-12:30:51.741.575 [cluster_monitor.cc:768] [111294][DeInit] heartbeat deinit end.
[INFO] HCCL(111294,npu_reader):2026-09-21-12:30:51.741.579 [cluster_monitor.cc:744] [111294][DeInit] heartbeat deinit begin.
[INFO] HCCL(111294,npu_reader):2026-09-21-12:30:51.741.582 [cluster_monitor.cc:768] [111294][DeInit] heartbeat deinit end.
[INFO] HCCL(111294,npu_reader):2026-09-21-12:30:51.741.586 [cluster_monitor.cc:744] [111294][DeInit] heartbeat deinit begin.
[INFO] HCCL(111294,npu_reader):2026-09-21-12:30:51.741.589 [cluster_monitor.cc:768] [111294][DeInit] heartbeat deinit end.
[INFO] HCCL(111294,npu_reader):2026-09-21-12:30:51.741.592 [cluster_monitor.cc:744] [111294][DeInit] heartbeat deinit begin.
[INFO] HCCL(111294,npu_reader):2026-09-21-12:30:51.741.597 [cluster_monitor.cc:768] [111294][DeInit] heartbeat deinit end.
[INFO] HCCL(111294,npu_reader):2026-09-21-12:30:51.741.600 [cluster_monitor.cc:744] [111294][DeInit] heartbeat deinit begin.
[INFO] HCCL(111294,npu_reader):2026-09-21-12:30:51.741.603 [cluster_monitor.cc:768] [111294][DeInit] heartbeat deinit end.
[INFO] HCCL(111294,npu_reader):2026-09-21-12:30:51.741.607 [cluster_monitor.cc:744] [111294][DeInit] heartbeat deinit begin.
[INFO] HCCL(111294,npu_reader):2026-09-21-12:30:51.741.610 [cluster_monitor.cc:768] [111294][DeInit] heartbeat deinit end.
[INFO] HCCL(111294,npu_reader):2026-09-21-12:30:51.741.614 [cluster_monitor.cc:744] [111294][DeInit] heartbeat deinit begin.
[INFO] HCCL(111294,npu_reader):2026-09-21-12:30:51.741.617 [cluster_monitor.cc:768] [111294][DeInit] heartbeat deinit end.
[INFO] HCCL(111294,npu_reader):2026-09-21-12:30:51.741.621 [cluster_monitor.cc:744] [111294][DeInit] heartbeat deinit begin.
[INFO] HCCL(111294,npu_reader):2026-09-21-12:30:51.741.624 [cluster_monitor.cc:768] [111294][DeInit] heartbeat deinit end.
[INFO] HCCL(111294,npu_reader):2026-09-21-12:30:51.741.628 [cluster_monitor.cc:744] [111294][DeInit] heartbeat deinit begin.
[INFO] HCCL(111294,npu_reader):2026-09-21-12:30:51.741.631 [cluster_monitor.cc:768] [111294][DeInit] heartbeat deinit end.
[INFO] HCCL(111294,npu_reader):2026-09-21-12:30:51.741.634 [cluster_monitor.cc:744] [111294][DeInit] heartbeat deinit begin.
[INFO] HCCL(111294,npu_reader):2026-09-21-12:30:51.741.637 [cluster_monitor.cc:768] [111294][DeInit] heartbeat deinit end.
[INFO] HCCL(111294,npu_reader):2026-09-21-12:30:51.741.641 [cluster_monitor.cc:744] [111294][DeInit] heartbeat deinit begin.
[INFO] HCCL(111294,npu_reader):2026-09-21-12:30:51.741.643 [cluster_monitor.cc:768] [111294][DeInit] heartbeat deinit end.
[INFO] HCCL(111294,npu_reader):2026-09-21-12:30:51.741.647 [cluster_monitor.cc:744] [111294][DeInit] heartbeat deinit begin.
[INFO] HCCL(111294,npu_reader):2026-09-21-12:30:51.741.651 [cluster_monitor.cc:768] [111294][DeInit] heartbeat deinit end.
[INFO] HCCL(111294,npu_reader):2026-09-21-12:30:51.741.654 [cluster_monitor.cc:744] [111294][DeInit] heartbeat deinit begin.
[INFO] HCCL(111294,npu_reader):2026-09-21-12:30:51.741.657 [cluster_monitor.cc:768] [111294][DeInit] heartbeat deinit end.
[INFO] HCCL(111294,npu_reader):2026-09-21-12:30:51.741.661 [cluster_monitor.cc:744] [111294][DeInit] heartbeat deinit begin.
[INFO] HCCL(111294,npu_reader):2026-09-21-12:30:51.741.664 [cluster_monitor.cc:768] [111294][DeInit] heartbeat deinit end.
[INFO] HCCL(111294,npu_reader):2026-09-21-12:30:51.741.667 [cluster_monitor.cc:744] [111294][DeInit] heartbeat deinit begin.
[INFO] HCCL(111294,npu_reader):2026-09-21-12:30:51.741.670 [cluster_monitor.cc:768] [111294][DeInit] heartbeat deinit end.
[INFO] HCCL(111294,npu_reader):2026-09-21-12:30:51.741.675 [cluster_monitor.cc:744] [111294][DeInit] heartbeat deinit begin.
[INFO] HCCL(111294,npu_reader):2026-09-21-12:30:51.741.677 [cluster_monitor.cc:768] [111294][DeInit] heartbeat deinit end.
[INFO] HCCL(111294,npu_reader):2026-09-21-12:30:51.741.682 [cluster_monitor.cc:744] [111294][DeInit] heartbeat deinit begin.
[INFO] HCCL(111294,npu_reader):2026-09-21-12:30:51.741.685 [cluster_monitor.cc:768] [111294][DeInit] heartbeat deinit end.
[INFO] HCCL(111294,npu_reader):2026-09-21-12:30:51.741.689 [cluster_monitor.cc:744] [111294][DeInit] heartbeat deinit begin.
[INFO] HCCL(111294,npu_reader):2026-09-21-12:30:51.741.692 [cluster_monitor.cc:768] [111294][DeInit] heartbeat deinit end.
[INFO] HCCL(111294,npu_reader):2026-09-21-12:30:51.741.696 [cluster_monitor.cc:744] [111294][DeInit] heartbeat deinit begin.
[INFO] HCCL(111294,npu_reader):2026-09-21-12:30:51.741.698 [cluster_monitor.cc:768] [111294][DeInit] heartbeat deinit end.
[INFO] HCCL(111294,npu_reader):2026-09-21-12:30:51.741.702 [cluster_monitor.cc:744] [111294][DeInit] heartbeat deinit begin.
[INFO] HCCL(111294,npu_reader):2026-09-21-12:30:51.741.705 [cluster_monitor.cc:768] [111294][DeInit] heartbeat deinit end.
[INFO] HCCL(111294,npu_reader):2026-09-21-12:30:51.741.709 [cluster_monitor.cc:744] [111294][DeInit] heartbeat deinit begin.
[INFO] HCCL(111294,npu_reader):2026-09-21-12:30:51.741.713 [cluster_monitor.cc:768] [111294][DeInit] heartbeat deinit end.
[INFO] HCCL(111294,npu_reader):2026-09-21-12:30:51.741.717 [cluster_monitor.cc:744] [111294][DeInit] heartbeat deinit begin.
[INFO] HCCL(111294,npu_reader):2026-09-21-12:30:51.741.720 [cluster_monitor.cc:768] [111294][DeInit] heartbeat deinit end.
[INFO] HCCL(111294,npu_reader):2026-09-21-12:30:51.741.723 [cluster_monitor.cc:744] [111294][DeInit] heartbeat deinit begin.
[INFO] HCCL(111294,npu_reader):2026-09-21-12:30:51.741.727 [cluster_monitor.cc:768] [111294][DeInit] heartbeat deinit end.
[INFO] HCCL(111294,npu_reader):2026-09-21-12:30:51.741.731 [cluster_monitor.cc:744] [111294][DeInit] heartbeat deinit begin.
[INFO] HCCL(111294,npu_reader):2026-09-21-12:30:51.741.734 [cluster_monitor.cc:768] [111294][DeInit] heartbeat deinit end.
[INFO] HCCL(111294,npu_reader):2026-09-21-12:30:51.741.738 [cluster_monitor.cc:744] [111294][DeInit] heartbeat deinit begin.
[INFO] HCCL(111294,npu_reader):2026-09-21-12:30:51.741.741 [cluster_monitor.cc:768] [111294][DeInit] heartbeat deinit end.
[INFO] HCCL(111294,npu_reader):2026-09-21-12:30:51.741.744 [cluster_monitor.cc:744] [111294][DeInit] heartbeat deinit begin.
[INFO] HCCL(111294,npu_reader):2026-09-21-12:30:51.741.747 [cluster_monitor.cc:768] [111294][DeInit] heartbeat deinit end.
[INFO] HCCL(111294,npu_reader):2026-09-21-12:30:51.741.751 [cluster_monitor.cc:744] [111294][DeInit] heartbeat deinit begin.
[INFO] HCCL(111294,npu_reader):2026-09-21-12:30:51.741.754 [cluster_monitor.cc:768] [111294][DeInit] heartbeat deinit end.
[INFO] HCCL(111294,npu_reader):2026-09-21-12:30:51.742.526 [global_net_dev_manager.cc:36] [111294][GlobalNetDevMgr][~GlobalNetDevMgr] start.
[INFO] HCCL(111294,npu_reader):2026-09-21-12:30:51.742.544 [global_net_dev_manager.cc:40] [111294][GlobalNetDevMgr][~GlobalNetDevMgr] end.
[INFO] HCCL(111294,npu_reader):2026-09-21-12:30:51.742.546 [global_net_dev_manager.cc:36] [111294][GlobalNetDevMgr][~GlobalNetDevMgr] start.
[INFO] HCCL(111294,npu_reader):2026-09-21-12:30:51.742.549 [global_net_dev_manager.cc:40] [111294][GlobalNetDevMgr][~GlobalNetDevMgr] end.
[INFO] HCCL(111294,npu_reader):2026-09-21-12:30:51.742.551 [global_net_dev_manager.cc:36] [111294][GlobalNetDevMgr][~GlobalNetDevMgr] start.
[INFO] HCCL(111294,npu_reader):2026-09-21-12:30:51.742.553 [global_net_dev_manager.cc:40] [111294][GlobalNetDevMgr][~GlobalNetDevMgr] end.
[INFO] HCCL(111294,npu_reader):2026-09-21-12:30:51.742.555 [global_net_dev_manager.cc:36] [111294][GlobalNetDevMgr][~GlobalNetDevMgr] start.
[INFO] HCCL(111294,npu_reader):2026-09-21-12:30:51.742.558 [global_net_dev_manager.cc:40] [111294][GlobalNetDevMgr][~GlobalNetDevMgr] end.
[INFO] HCCL(111294,npu_reader):2026-09-21-12:30:51.742.560 [global_net_dev_manager.cc:36] [111294][GlobalNetDevMgr][~GlobalNetDevMgr] start.
[INFO] HCCL(111294,npu_reader):2026-09-21-12:30:51.742.562 [global_net_dev_manager.cc:40] [111294][GlobalNetDevMgr][~GlobalNetDevMgr] end.
[INFO] HCCL(111294,npu_reader):2026-09-21-12:30:51.742.564 [global_net_dev_manager.cc:36] [111294][GlobalNetDevMgr][~GlobalNetDevMgr] start.
[INFO] HCCL(111294,npu_reader):2026-09-21-12:30:51.742.566 [global_net_dev_manager.cc:40] [111294][GlobalNetDevMgr][~GlobalNetDevMgr] end.
[INFO] HCCL(111294,npu_reader):2026-09-21-12:30:51.742.568 [global_net_dev_manager.cc:36] [111294][GlobalNetDevMgr][~GlobalNetDevMgr] start.
[INFO] HCCL(111294,npu_reader):2026-09-21-12:30:51.742.570 [global_net_dev_manager.cc:40] [111294][GlobalNetDevMgr][~GlobalNetDevMgr] end.
[INFO] HCCL(111294,npu_reader):2026-09-21-12:30:51.742.572 [global_net_dev_manager.cc:36] [111294][GlobalNetDevMgr][~GlobalNetDevMgr] start.
[INFO] HCCL(111294,npu_reader):2026-09-21-12:30:51.742.575 [global_net_dev_manager.cc:40] [111294][GlobalNetDevMgr][~GlobalNetDevMgr] end.
[INFO] HCCL(111294,npu_reader):2026-09-21-12:30:51.742.577 [global_net_dev_manager.cc:36] [111294][GlobalNetDevMgr][~GlobalNetDevMgr] start.
[INFO] HCCL(111294,npu_reader):2026-09-21-12:30:51.742.581 [global_net_dev_manager.cc:40] [111294][GlobalNetDevMgr][~GlobalNetDevMgr] end.
[INFO] HCCL(111294,npu_reader):2026-09-21-12:30:51.742.583 [global_net_dev_manager.cc:36] [111294][GlobalNetDevMgr][~GlobalNetDevMgr] start.
[INFO] HCCL(111294,npu_reader):2026-09-21-12:30:51.742.585 [global_net_dev_manager.cc:40] [111294][GlobalNetDevMgr][~GlobalNetDevMgr] end.
[INFO] HCCL(111294,npu_reader):2026-09-21-12:30:51.742.587 [global_net_dev_manager.cc:36] [111294][GlobalNetDevMgr][~GlobalNetDevMgr] start.
[INFO] HCCL(111294,npu_reader):2026-09-21-12:30:51.742.589 [global_net_dev_manager.cc:40] [111294][GlobalNetDevMgr][~GlobalNetDevMgr] end.
[INFO] HCCL(111294,npu_reader):2026-09-21-12:30:51.742.591 [global_net_dev_manager.cc:36] [111294][GlobalNetDevMgr][~GlobalNetDevMgr] start.
[INFO] HCCL(111294,npu_reader):2026-09-21-12:30:51.742.593 [global_net_dev_manager.cc:40] [111294][GlobalNetDevMgr][~GlobalNetDevMgr] end.
[INFO] HCCL(111294,npu_reader):2026-09-21-12:30:51.742.595 [global_net_dev_manager.cc:36] [111294][GlobalNetDevMgr][~GlobalNetDevMgr] start.
[INFO] HCCL(111294,npu_reader):2026-09-21-12:30:51.742.597 [global_net_dev_manager.cc:40] [111294][GlobalNetDevMgr][~GlobalNetDevMgr] end.
[INFO] HCCL(111294,npu_reader):2026-09-21-12:30:51.742.599 [global_net_dev_manager.cc:36] [111294][GlobalNetDevMgr][~GlobalNetDevMgr] start.
[INFO] HCCL(111294,npu_reader):2026-09-21-12:30:51.742.601 [global_net_dev_manager.cc:40] [111294][GlobalNetDevMgr][~GlobalNetDevMgr] end.
[INFO] HCCL(111294,npu_reader):2026-09-21-12:30:51.742.603 [global_net_dev_manager.cc:36] [111294][GlobalNetDevMgr][~GlobalNetDevMgr] start.
[INFO] HCCL(111294,npu_reader):2026-09-21-12:30:51.742.606 [global_net_dev_manager.cc:40] [111294][GlobalNetDevMgr][~GlobalNetDevMgr] end.
[INFO] HCCL(111294,npu_reader):2026-09-21-12:30:51.742.608 [global_net_dev_manager.cc:36] [111294][GlobalNetDevMgr][~GlobalNetDevMgr] start.
[INFO] HCCL(111294,npu_reader):2026-09-21-12:30:51.742.610 [global_net_dev_manager.cc:40] [111294][GlobalNetDevMgr][~GlobalNetDevMgr] end.
[INFO] HCCL(111294,npu_reader):2026-09-21-12:30:51.742.612 [global_net_dev_manager.cc:36] [111294][GlobalNetDevMgr][~GlobalNetDevMgr] start.
[INFO] HCCL(111294,npu_reader):2026-09-21-12:30:51.742.614 [global_net_dev_manager.cc:40] [111294][GlobalNetDevMgr][~GlobalNetDevMgr] end.
[INFO] HCCL(111294,npu_reader):2026-09-21-12:30:51.742.616 [global_net_dev_manager.cc:36] [111294][GlobalNetDevMgr][~GlobalNetDevMgr] start.
[INFO] HCCL(111294,npu_reader):2026-09-21-12:30:51.742.618 [global_net_dev_manager.cc:40] [111294][GlobalNetDevMgr][~GlobalNetDevMgr] end.
[INFO] HCCL(111294,npu_reader):2026-09-21-12:30:51.742.620 [global_net_dev_manager.cc:36] [111294][GlobalNetDevMgr][~GlobalNetDevMgr] start.
[INFO] HCCL(111294,npu_reader):2026-09-21-12:30:51.742.622 [global_net_dev_manager.cc:40] [111294][GlobalNetDevMgr][~GlobalNetDevMgr] end.
[INFO] HCCL(111294,npu_reader):2026-09-21-12:30:51.742.624 [global_net_dev_manager.cc:36] [111294][GlobalNetDevMgr][~GlobalNetDevMgr] start.
[INFO] HCCL(111294,npu_reader):2026-09-21-12:30:51.742.626 [global_net_dev_manager.cc:40] [111294][GlobalNetDevMgr][~GlobalNetDevMgr] end.
[INFO] HCCL(111294,npu_reader):2026-09-21-12:30:51.742.628 [global_net_dev_manager.cc:36] [111294][GlobalNetDevMgr][~GlobalNetDevMgr] start.
[INFO] HCCL(111294,npu_reader):2026-09-21-12:30:51.742.631 [global_net_dev_manager.cc:40] [111294][GlobalNetDevMgr][~GlobalNetDevMgr] end.
[INFO] HCCL(111294,npu_reader):2026-09-21-12:30:51.742.633 [global_net_dev_manager.cc:36] [111294][GlobalNetDevMgr][~GlobalNetDevMgr] start.
[INFO] HCCL(111294,npu_reader):2026-09-21-12:30:51.742.635 [global_net_dev_manager.cc:40] [111294][GlobalNetDevMgr][~GlobalNetDevMgr] end.
[INFO] HCCL(111294,npu_reader):2026-09-21-12:30:51.742.637 [global_net_dev_manager.cc:36] [111294][GlobalNetDevMgr][~GlobalNetDevMgr] start.
[INFO] HCCL(111294,npu_reader):2026-09-21-12:30:51.742.639 [global_net_dev_manager.cc:40] [111294][GlobalNetDevMgr][~GlobalNetDevMgr] end.
[INFO] HCCL(111294,npu_reader):2026-09-21-12:30:51.742.641 [global_net_dev_manager.cc:36] [111294][GlobalNetDevMgr][~GlobalNetDevMgr] start.
[INFO] HCCL(111294,npu_reader):2026-09-21-12:30:51.742.644 [global_net_dev_manager.cc:40] [111294][GlobalNetDevMgr][~GlobalNetDevMgr] end.
[INFO] HCCL(111294,npu_reader):2026-09-21-12:30:51.742.646 [global_net_dev_manager.cc:36] [111294][GlobalNetDevMgr][~GlobalNetDevMgr] start.
[INFO] HCCL(111294,npu_reader):2026-09-21-12:30:51.742.648 [global_net_dev_manager.cc:40] [111294][GlobalNetDevMgr][~GlobalNetDevMgr] end.
[INFO] HCCL(111294,npu_reader):2026-09-21-12:30:51.742.650 [global_net_dev_manager.cc:36] [111294][GlobalNetDevMgr][~GlobalNetDevMgr] start.
[INFO] HCCL(111294,npu_reader):2026-09-21-12:30:51.742.652 [global_net_dev_manager.cc:40] [111294][GlobalNetDevMgr][~GlobalNetDevMgr] end.
[INFO] HCCL(111294,npu_reader):2026-09-21-12:30:51.742.654 [global_net_dev_manager.cc:36] [111294][GlobalNetDevMgr][~GlobalNetDevMgr] start.
[INFO] HCCL(111294,npu_reader):2026-09-21-12:30:51.742.656 [global_net_dev_manager.cc:40] [111294][GlobalNetDevMgr][~GlobalNetDevMgr] end.
[INFO] HCCL(111294,npu_reader):2026-09-21-12:30:51.742.658 [global_net_dev_manager.cc:36] [111294][GlobalNetDevMgr][~GlobalNetDevMgr] start.
[INFO] HCCL(111294,npu_reader):2026-09-21-12:30:51.742.660 [global_net_dev_manager.cc:40] [111294][GlobalNetDevMgr][~GlobalNetDevMgr] end.
[INFO] HCCL(111294,npu_reader):2026-09-21-12:30:51.742.662 [global_net_dev_manager.cc:36] [111294][GlobalNetDevMgr][~GlobalNetDevMgr] start.
[INFO] HCCL(111294,npu_reader):2026-09-21-12:30:51.742.665 [global_net_dev_manager.cc:40] [111294][GlobalNetDevMgr][~GlobalNetDevMgr] end.
[INFO] HCCL(111294,npu_reader):2026-09-21-12:30:51.742.667 [global_net_dev_manager.cc:36] [111294][GlobalNetDevMgr][~GlobalNetDevMgr] start.
[INFO] HCCL(111294,npu_reader):2026-09-21-12:30:51.742.669 [global_net_dev_manager.cc:40] [111294][GlobalNetDevMgr][~GlobalNetDevMgr] end.
[INFO] HCCL(111294,npu_reader):2026-09-21-12:30:51.742.671 [global_net_dev_manager.cc:36] [111294][GlobalNetDevMgr][~GlobalNetDevMgr] start.
[INFO] HCCL(111294,npu_reader):2026-09-21-12:30:51.742.673 [global_net_dev_manager.cc:40] [111294][GlobalNetDevMgr][~GlobalNetDevMgr] end.
[INFO] HCCL(111294,npu_reader):2026-09-21-12:30:51.742.675 [global_net_dev_manager.cc:36] [111294][GlobalNetDevMgr][~GlobalNetDevMgr] start.
[INFO] HCCL(111294,npu_reader):2026-09-21-12:30:51.742.677 [global_net_dev_manager.cc:40] [111294][GlobalNetDevMgr][~GlobalNetDevMgr] end.
[INFO] HCCL(111294,npu_reader):2026-09-21-12:30:51.742.679 [global_net_dev_manager.cc:36] [111294][GlobalNetDevMgr][~GlobalNetDevMgr] start.
[INFO] HCCL(111294,npu_reader):2026-09-21-12:30:51.742.681 [global_net_dev_manager.cc:40] [111294][GlobalNetDevMgr][~GlobalNetDevMgr] end.
[INFO] HCCL(111294,npu_reader):2026-09-21-12:30:51.742.683 [global_net_dev_manager.cc:36] [111294][GlobalNetDevMgr][~GlobalNetDevMgr] start.
[INFO] HCCL(111294,npu_reader):2026-09-21-12:30:51.742.685 [global_net_dev_manager.cc:40] [111294][GlobalNetDevMgr][~GlobalNetDevMgr] end.
[INFO] HCCL(111294,npu_reader):2026-09-21-12:30:51.742.687 [global_net_dev_manager.cc:36] [111294][GlobalNetDevMgr][~GlobalNetDevMgr] start.
[INFO] HCCL(111294,npu_reader):2026-09-21-12:30:51.742.689 [global_net_dev_manager.cc:40] [111294][GlobalNetDevMgr][~GlobalNetDevMgr] end.
[INFO] HCCL(111294,npu_reader):2026-09-21-12:30:51.742.691 [global_net_dev_manager.cc:36] [111294][GlobalNetDevMgr][~GlobalNetDevMgr] start.
[INFO] HCCL(111294,npu_reader):2026-09-21-12:30:51.742.693 [global_net_dev_manager.cc:40] [111294][GlobalNetDevMgr][~GlobalNetDevMgr] end.
[INFO] HCCL(111294,npu_reader):2026-09-21-12:30:51.742.695 [global_net_dev_manager.cc:36] [111294][GlobalNetDevMgr][~GlobalNetDevMgr] start.
[INFO] HCCL(111294,npu_reader):2026-09-21-12:30:51.742.697 [global_net_dev_manager.cc:40] [111294][GlobalNetDevMgr][~GlobalNetDevMgr] end.
[INFO] HCCL(111294,npu_reader):2026-09-21-12:30:51.742.699 [global_net_dev_manager.cc:36] [111294][GlobalNetDevMgr][~GlobalNetDevMgr] start.
[INFO] HCCL(111294,npu_reader):2026-09-21-12:30:51.742.701 [global_net_dev_manager.cc:40] [111294][GlobalNetDevMgr][~GlobalNetDevMgr] end.
[INFO] HCCL(111294,npu_reader):2026-09-21-12:30:51.742.704 [global_net_dev_manager.cc:36] [111294][GlobalNetDevMgr][~GlobalNetDevMgr] start.
[INFO] HCCL(111294,npu_reader):2026-09-21-12:30:51.742.707 [global_net_dev_manager.cc:40] [111294][GlobalNetDevMgr][~GlobalNetDevMgr] end.
[INFO] HCCL(111294,npu_reader):2026-09-21-12:30:51.742.709 [global_net_dev_manager.cc:36] [111294][GlobalNetDevMgr][~GlobalNetDevMgr] start.
[INFO] HCCL(111294,npu_reader):2026-09-21-12:30:51.742.711 [global_net_dev_manager.cc:40] [111294][GlobalNetDevMgr][~GlobalNetDevMgr] end.
[INFO] HCCL(111294,npu_reader):2026-09-21-12:30:51.742.713 [global_net_dev_manager.cc:36] [111294][GlobalNetDevMgr][~GlobalNetDevMgr] start.
[INFO] HCCL(111294,npu_reader):2026-09-21-12:30:51.742.715 [global_net_dev_manager.cc:40] [111294][GlobalNetDevMgr][~GlobalNetDevMgr] end.
[INFO] HCCL(111294,npu_reader):2026-09-21-12:30:51.742.717 [global_net_dev_manager.cc:36] [111294][GlobalNetDevMgr][~GlobalNetDevMgr] start.
[INFO] HCCL(111294,npu_reader):2026-09-21-12:30:51.742.719 [global_net_dev_manager.cc:40] [111294][GlobalNetDevMgr][~GlobalNetDevMgr] end.
[INFO] HCCL(111294,npu_reader):2026-09-21-12:30:51.742.721 [global_net_dev_manager.cc:36] [111294][GlobalNetDevMgr][~GlobalNetDevMgr] start.
[INFO] HCCL(111294,npu_reader):2026-09-21-12:30:51.742.723 [global_net_dev_manager.cc:40] [111294][GlobalNetDevMgr][~GlobalNetDevMgr] end.
[INFO] HCCL(111294,npu_reader):2026-09-21-12:30:51.742.725 [global_net_dev_manager.cc:36] [111294][GlobalNetDevMgr][~GlobalNetDevMgr] start.
[INFO] HCCL(111294,npu_reader):2026-09-21-12:30:51.742.727 [global_net_dev_manager.cc:40] [111294][GlobalNetDevMgr][~GlobalNetDevMgr] end.
[INFO] HCCL(111294,npu_reader):2026-09-21-12:30:51.742.729 [global_net_dev_manager.cc:36] [111294][GlobalNetDevMgr][~GlobalNetDevMgr] start.
[INFO] HCCL(111294,npu_reader):2026-09-21-12:30:51.742.731 [global_net_dev_manager.cc:40] [111294][GlobalNetDevMgr][~GlobalNetDevMgr] end.
[INFO] HCCL(111294,npu_reader):2026-09-21-12:30:51.742.733 [global_net_dev_manager.cc:36] [111294][GlobalNetDevMgr][~GlobalNetDevMgr] start.
[INFO] HCCL(111294,npu_reader):2026-09-21-12:30:51.742.735 [global_net_dev_manager.cc:40] [111294][GlobalNetDevMgr][~GlobalNetDevMgr] end.
[INFO] HCCL(111294,npu_reader):2026-09-21-12:30:51.742.737 [global_net_dev_manager.cc:36] [111294][GlobalNetDevMgr][~GlobalNetDevMgr] start.
[INFO] HCCL(111294,npu_reader):2026-09-21-12:30:51.742.740 [global_net_dev_manager.cc:40] [111294][GlobalNetDevMgr][~GlobalNetDevMgr] end.
[INFO] HCCL(111294,npu_reader):2026-09-21-12:30:51.742.742 [global_net_dev_manager.cc:36] [111294][GlobalNetDevMgr][~GlobalNetDevMgr] start.
[INFO] HCCL(111294,npu_reader):2026-09-21-12:30:51.742.744 [global_net_dev_manager.cc:40] [111294][GlobalNetDevMgr][~GlobalNetDevMgr] end.
[INFO] HCCL(111294,npu_reader):2026-09-21-12:30:51.742.746 [global_net_dev_manager.cc:36] [111294][GlobalNetDevMgr][~GlobalNetDevMgr] start.
[INFO] HCCL(111294,npu_reader):2026-09-21-12:30:51.742.748 [global_net_dev_manager.cc:40] [111294][GlobalNetDevMgr][~GlobalNetDevMgr] end.
[INFO] HCCL(111294,npu_reader):2026-09-21-12:30:51.742.750 [global_net_dev_manager.cc:36] [111294][GlobalNetDevMgr][~GlobalNetDevMgr] start.
[INFO] HCCL(111294,npu_reader):2026-09-21-12:30:51.742.752 [global_net_dev_manager.cc:40] [111294][GlobalNetDevMgr][~GlobalNetDevMgr] end.
[INFO] HCCL(111294,npu_reader):2026-09-21-12:30:51.742.754 [global_net_dev_manager.cc:36] [111294][GlobalNetDevMgr][~GlobalNetDevMgr] start.
[INFO] HCCL(111294,npu_reader):2026-09-21-12:30:51.742.756 [global_net_dev_manager.cc:40] [111294][GlobalNetDevMgr][~GlobalNetDevMgr] end.
[INFO] HCCL(111294,npu_reader):2026-09-21-12:30:51.742.758 [global_net_dev_manager.cc:36] [111294][GlobalNetDevMgr][~GlobalNetDevMgr] start.
[INFO] HCCL(111294,npu_reader):2026-09-21-12:30:51.742.760 [global_net_dev_manager.cc:40] [111294][GlobalNetDevMgr][~GlobalNetDevMgr] end.
[INFO] HCCL(111294,npu_reader):2026-09-21-12:30:51.742.762 [global_net_dev_manager.cc:36] [111294][GlobalNetDevMgr][~GlobalNetDevMgr] start.
[INFO] HCCL(111294,npu_reader):2026-09-21-12:30:51.742.766 [global_net_dev_manager.cc:40] [111294][GlobalNetDevMgr][~GlobalNetDevMgr] end.
[INFO] HCCL(111294,npu_reader):2026-09-21-12:30:51.742.768 [global_net_dev_manager.cc:36] [111294][GlobalNetDevMgr][~GlobalNetDevMgr] start.
[INFO] HCCL(111294,npu_reader):2026-09-21-12:30:51.742.770 [global_net_dev_manager.cc:40] [111294][GlobalNetDevMgr][~GlobalNetDevMgr] end.
[INFO] HCCL(111294,npu_reader):2026-09-21-12:30:51.742.772 [global_net_dev_manager.cc:36] [111294][GlobalNetDevMgr][~GlobalNetDevMgr] start.
[INFO] HCCL(111294,npu_reader):2026-09-21-12:30:51.742.774 [global_net_dev_manager.cc:40] [111294][GlobalNetDevMgr][~GlobalNetDevMgr] end.
[INFO] HCCL(111294,npu_reader):2026-09-21-12:30:51.742.777 [global_net_dev_manager.cc:36] [111294][GlobalNetDevMgr][~GlobalNetDevMgr] start.
[INFO] HCCL(111294,npu_reader):2026-09-21-12:30:51.742.779 [global_net_dev_manager.cc:40] [111294][GlobalNetDevMgr][~GlobalNetDevMgr] end.
[INFO] HCCL(111294,npu_reader):2026-09-21-12:30:51.742.781 [global_net_dev_manager.cc:36] [111294][GlobalNetDevMgr][~GlobalNetDevMgr] start.
[INFO] HCCL(111294,npu_reader):2026-09-21-12:30:51.742.783 [global_net_dev_manager.cc:40] [111294][GlobalNetDevMgr][~GlobalNetDevMgr] end.
[INFO] HCCL(111294,npu_reader):2026-09-21-12:30:51.742.785 [global_net_dev_manager.cc:36] [111294][GlobalNetDevMgr][~GlobalNetDevMgr] start.
[INFO] HCCL(111294,npu_reader):2026-09-21-12:30:51.742.787 [global_net_dev_manager.cc:40] [111294][GlobalNetDevMgr][~GlobalNetDevMgr] end.
[INFO] HCCL(111294,npu_reader):2026-09-21-12:30:51.742.789 [global_net_dev_manager.cc:36] [111294][GlobalNetDevMgr][~GlobalNetDevMgr] start.
[INFO] HCCL(111294,npu_reader):2026-09-21-12:30:51.742.791 [global_net_dev_manager.cc:40] [111294][GlobalNetDevMgr][~GlobalNetDevMgr] end.
[INFO] HCCL(111294,npu_reader):2026-09-21-12:30:51.742.793 [global_net_dev_manager.cc:36] [111294][GlobalNetDevMgr][~GlobalNetDevMgr] start.
[INFO] HCCL(111294,npu_reader):2026-09-21-12:30:51.742.795 [global_net_dev_manager.cc:40] [111294][GlobalNetDevMgr][~GlobalNetDevMgr] end.
[INFO] HCCL(111294,npu_reader):2026-09-21-12:30:51.742.797 [global_net_dev_manager.cc:36] [111294][GlobalNetDevMgr][~GlobalNetDevMgr] start.
[INFO] HCCL(111294,npu_reader):2026-09-21-12:30:51.742.799 [global_net_dev_manager.cc:40] [111294][GlobalNetDevMgr][~GlobalNetDevMgr] end.
[INFO] HCCL(111294,npu_reader):2026-09-21-12:30:51.742.801 [global_net_dev_manager.cc:36] [111294][GlobalNetDevMgr][~GlobalNetDevMgr] start.
[INFO] HCCL(111294,npu_reader):2026-09-21-12:30:51.742.803 [global_net_dev_manager.cc:40] [111294][GlobalNetDevMgr][~GlobalNetDevMgr] end.
[INFO] HCCL(111294,npu_reader):2026-09-21-12:30:51.742.805 [global_net_dev_manager.cc:36] [111294][GlobalNetDevMgr][~GlobalNetDevMgr] start.
[INFO] HCCL(111294,npu_reader):2026-09-21-12:30:51.742.808 [global_net_dev_manager.cc:40] [111294][GlobalNetDevMgr][~GlobalNetDevMgr] end.
[INFO] HCCL(111294,npu_reader):2026-09-21-12:30:51.742.810 [global_net_dev_manager.cc:36] [111294][GlobalNetDevMgr][~GlobalNetDevMgr] start.
[INFO] HCCL(111294,npu_reader):2026-09-21-12:30:51.742.812 [global_net_dev_manager.cc:40] [111294][GlobalNetDevMgr][~GlobalNetDevMgr] end.
[INFO] HCCL(111294,npu_reader):2026-09-21-12:30:51.742.814 [global_net_dev_manager.cc:36] [111294][GlobalNetDevMgr][~GlobalNetDevMgr] start.
[INFO] HCCL(111294,npu_reader):2026-09-21-12:30:51.742.816 [global_net_dev_manager.cc:40] [111294][GlobalNetDevMgr][~GlobalNetDevMgr] end.
[INFO] HCCL(111294,npu_reader):2026-09-21-12:30:51.742.818 [global_net_dev_manager.cc:36] [111294][GlobalNetDevMgr][~GlobalNetDevMgr] start.
[INFO] HCCL(111294,npu_reader):2026-09-21-12:30:51.742.820 [global_net_dev_manager.cc:40] [111294][GlobalNetDevMgr][~GlobalNetDevMgr] end.
[INFO] HCCL(111294,npu_reader):2026-09-21-12:30:51.760.300 [network_manager.cc:1442] [111294]destroy all nic/vnic.
[INFO] HCCL(111294,npu_reader):2026-09-21-12:30:51.760.343 [network_manager.cc:1442] [111294]destroy all nic/vnic.
[INFO] HCCL(111294,npu_reader):2026-09-21-12:30:51.760.346 [network_manager.cc:1442] [111294]destroy all nic/vnic.
[INFO] HCCL(111294,npu_reader):2026-09-21-12:30:51.760.354 [network_manager.cc:1442] [111294]destroy all nic/vnic.
[INFO] HCCL(111294,npu_reader):2026-09-21-12:30:51.760.358 [network_manager.cc:1442] [111294]destroy all nic/vnic.
[INFO] HCCL(111294,npu_reader):2026-09-21-12:30:51.760.362 [network_manager.cc:1442] [111294]destroy all nic/vnic.
[INFO] HCCL(111294,npu_reader):2026-09-21-12:30:51.760.366 [network_manager.cc:1442] [111294]destroy all nic/vnic.
[INFO] HCCL(111294,npu_reader):2026-09-21-12:30:51.760.369 [network_manager.cc:1442] [111294]destroy all nic/vnic.
[INFO] HCCL(111294,npu_reader):2026-09-21-12:30:51.760.372 [network_manager.cc:1442] [111294]destroy all nic/vnic.
[INFO] HCCL(111294,npu_reader):2026-09-21-12:30:51.760.376 [network_manager.cc:1442] [111294]destroy all nic/vnic.
[INFO] HCCL(111294,npu_reader):2026-09-21-12:30:51.760.378 [network_manager.cc:1442] [111294]destroy all nic/vnic.
[INFO] HCCL(111294,npu_reader):2026-09-21-12:30:51.760.381 [network_manager.cc:1442] [111294]destroy all nic/vnic.
[INFO] HCCL(111294,npu_reader):2026-09-21-12:30:51.760.385 [network_manager.cc:1442] [111294]destroy all nic/vnic.
[INFO] HCCL(111294,npu_reader):2026-09-21-12:30:51.760.388 [network_manager.cc:1442] [111294]destroy all nic/vnic.
[INFO] HCCL(111294,npu_reader):2026-09-21-12:30:51.760.391 [network_manager.cc:1442] [111294]destroy all nic/vnic.
[INFO] HCCL(111294,npu_reader):2026-09-21-12:30:51.760.394 [network_manager.cc:1442] [111294]destroy all nic/vnic.
[INFO] HCCL(111294,npu_reader):2026-09-21-12:30:51.760.397 [network_manager.cc:1442] [111294]destroy all nic/vnic.
[INFO] HCCL(111294,npu_reader):2026-09-21-12:30:51.760.400 [network_manager.cc:1442] [111294]destroy all nic/vnic.
[INFO] HCCL(111294,npu_reader):2026-09-21-12:30:51.760.402 [network_manager.cc:1442] [111294]destroy all nic/vnic.
[INFO] HCCL(111294,npu_reader):2026-09-21-12:30:51.760.405 [network_manager.cc:1442] [111294]destroy all nic/vnic.
[INFO] HCCL(111294,npu_reader):2026-09-21-12:30:51.760.408 [network_manager.cc:1442] [111294]destroy all nic/vnic.
[INFO] HCCL(111294,npu_reader):2026-09-21-12:30:51.760.411 [network_manager.cc:1442] [111294]destroy all nic/vnic.
[INFO] HCCL(111294,npu_reader):2026-09-21-12:30:51.760.414 [network_manager.cc:1442] [111294]destroy all nic/vnic.
[INFO] HCCL(111294,npu_reader):2026-09-21-12:30:51.760.416 [network_manager.cc:1442] [111294]destroy all nic/vnic.
[INFO] HCCL(111294,npu_reader):2026-09-21-12:30:51.760.419 [network_manager.cc:1442] [111294]destroy all nic/vnic.
[INFO] HCCL(111294,npu_reader):2026-09-21-12:30:51.760.422 [network_manager.cc:1442] [111294]destroy all nic/vnic.
[INFO] HCCL(111294,npu_reader):2026-09-21-12:30:51.760.424 [network_manager.cc:1442] [111294]destroy all nic/vnic.
[INFO] HCCL(111294,npu_reader):2026-09-21-12:30:51.760.427 [network_manager.cc:1442] [111294]destroy all nic/vnic.
[INFO] HCCL(111294,npu_reader):2026-09-21-12:30:51.760.430 [network_manager.cc:1442] [111294]destroy all nic/vnic.
[INFO] HCCL(111294,npu_reader):2026-09-21-12:30:51.760.432 [network_manager.cc:1442] [111294]destroy all nic/vnic.
[INFO] HCCL(111294,npu_reader):2026-09-21-12:30:51.760.434 [network_manager.cc:1442] [111294]destroy all nic/vnic.
[INFO] HCCL(111294,npu_reader):2026-09-21-12:30:51.760.437 [network_manager.cc:1442] [111294]destroy all nic/vnic.
[INFO] HCCL(111294,npu_reader):2026-09-21-12:30:51.765.581 [global_mirror_tasks.cc:24][111294][GlobalMirrorTasks][~GlobalMirrorTasks]GlobalMirrorTasks Destroy
[INFO] HCCL(111294,npu_reader):2026-09-21-12:30:51.770.704 [tbe_crack_cleared.cc:69] [111294]TbeCrackCleard Deinit
[INFO] HCCL(111294,npu_reader):2026-09-21-12:30:51.770.743 [tbe_crack_cleared.cc:69] [111294]TbeCrackCleard Deinit
[INFO] HCCL(111294,npu_reader):2026-09-21-12:30:51.770.746 [tbe_crack_cleared.cc:69] [111294]TbeCrackCleard Deinit
[INFO] HCCL(111294,npu_reader):2026-09-21-12:30:51.770.749 [tbe_crack_cleared.cc:69] [111294]TbeCrackCleard Deinit
[INFO] HCCL(111294,npu_reader):2026-09-21-12:30:51.770.753 [tbe_crack_cleared.cc:69] [111294]TbeCrackCleard Deinit
[INFO] HCCL(111294,npu_reader):2026-09-21-12:30:51.770.760 [tbe_crack_cleared.cc:69] [111294]TbeCrackCleard Deinit
[INFO] HCCL(111294,npu_reader):2026-09-21-12:30:51.770.764 [tbe_crack_cleared.cc:69] [111294]TbeCrackCleard Deinit
[INFO] HCCL(111294,npu_reader):2026-09-21-12:30:51.770.766 [tbe_crack_cleared.cc:69] [111294]TbeCrackCleard Deinit
[INFO] HCCL(111294,npu_reader):2026-09-21-12:30:51.770.769 [tbe_crack_cleared.cc:69] [111294]TbeCrackCleard Deinit
[INFO] HCCL(111294,npu_reader):2026-09-21-12:30:51.770.772 [tbe_crack_cleared.cc:69] [111294]TbeCrackCleard Deinit
[INFO] HCCL(111294,npu_reader):2026-09-21-12:30:51.770.775 [tbe_crack_cleared.cc:69] [111294]TbeCrackCleard Deinit
[INFO] HCCL(111294,npu_reader):2026-09-21-12:30:51.770.777 [tbe_crack_cleared.cc:69] [111294]TbeCrackCleard Deinit
[INFO] HCCL(111294,npu_reader):2026-09-21-12:30:51.770.780 [tbe_crack_cleared.cc:69] [111294]TbeCrackCleard Deinit
[INFO] HCCL(111294,npu_reader):2026-09-21-12:30:51.770.783 [tbe_crack_cleared.cc:69] [111294]TbeCrackCleard Deinit
[INFO] HCCL(111294,npu_reader):2026-09-21-12:30:51.770.786 [tbe_crack_cleared.cc:69] [111294]TbeCrackCleard Deinit
[INFO] HCCL(111294,npu_reader):2026-09-21-12:30:51.770.788 [tbe_crack_cleared.cc:69] [111294]TbeCrackCleard Deinit
[INFO] HCCL(111294,npu_reader):2026-09-21-12:30:51.770.791 [tbe_crack_cleared.cc:69] [111294]TbeCrackCleard Deinit
[INFO] HCCL(111294,npu_reader):2026-09-21-12:30:51.770.794 [tbe_crack_cleared.cc:69] [111294]TbeCrackCleard Deinit
[INFO] HCCL(111294,npu_reader):2026-09-21-12:30:51.770.796 [tbe_crack_cleared.cc:69] [111294]TbeCrackCleard Deinit
[INFO] HCCL(111294,npu_reader):2026-09-21-12:30:51.770.799 [tbe_crack_cleared.cc:69] [111294]TbeCrackCleard Deinit
[INFO] HCCL(111294,npu_reader):2026-09-21-12:30:51.770.802 [tbe_crack_cleared.cc:69] [111294]TbeCrackCleard Deinit
[INFO] HCCL(111294,npu_reader):2026-09-21-12:30:51.770.805 [tbe_crack_cleared.cc:69] [111294]TbeCrackCleard Deinit
[INFO] HCCL(111294,npu_reader):2026-09-21-12:30:51.770.807 [tbe_crack_cleared.cc:69] [111294]TbeCrackCleard Deinit
[INFO] HCCL(111294,npu_reader):2026-09-21-12:30:51.770.810 [tbe_crack_cleared.cc:69] [111294]TbeCrackCleard Deinit
[INFO] HCCL(111294,npu_reader):2026-09-21-12:30:51.770.813 [tbe_crack_cleared.cc:69] [111294]TbeCrackCleard Deinit
[INFO] HCCL(111294,npu_reader):2026-09-21-12:30:51.770.816 [tbe_crack_cleared.cc:69] [111294]TbeCrackCleard Deinit
[INFO] HCCL(111294,npu_reader):2026-09-21-12:30:51.770.818 [tbe_crack_cleared.cc:69] [111294]TbeCrackCleard Deinit
[INFO] HCCL(111294,npu_reader):2026-09-21-12:30:51.770.821 [tbe_crack_cleared.cc:69] [111294]TbeCrackCleard Deinit
[INFO] HCCL(111294,npu_reader):2026-09-21-12:30:51.770.824 [tbe_crack_cleared.cc:69] [111294]TbeCrackCleard Deinit
[INFO] HCCL(111294,npu_reader):2026-09-21-12:30:51.770.827 [tbe_crack_cleared.cc:69] [111294]TbeCrackCleard Deinit
[INFO] HCCL(111294,npu_reader):2026-09-21-12:30:51.770.829 [tbe_crack_cleared.cc:69] [111294]TbeCrackCleard Deinit
[INFO] HCCL(111294,npu_reader):2026-09-21-12:30:51.770.835 [tbe_vector_reduce.cc:102] [111294]TbeVectorReduce Deinit
[INFO] HCCL(111294,npu_reader):2026-09-21-12:30:51.770.840 [tbe_vector_reduce.cc:102] [111294]TbeVectorReduce Deinit
[INFO] HCCL(111294,npu_reader):2026-09-21-12:30:51.770.842 [tbe_vector_reduce.cc:102] [111294]TbeVectorReduce Deinit
[INFO] HCCL(111294,npu_reader):2026-09-21-12:30:51.770.844 [tbe_vector_reduce.cc:102] [111294]TbeVectorReduce Deinit
[INFO] HCCL(111294,npu_reader):2026-09-21-12:30:51.770.847 [tbe_vector_reduce.cc:102] [111294]TbeVectorReduce Deinit
[INFO] HCCL(111294,npu_reader):2026-09-21-12:30:51.770.850 [tbe_vector_reduce.cc:102] [111294]TbeVectorReduce Deinit
[INFO] HCCL(111294,npu_reader):2026-09-21-12:30:51.770.853 [tbe_vector_reduce.cc:102] [111294]TbeVectorReduce Deinit
[INFO] HCCL(111294,npu_reader):2026-09-21-12:30:51.770.855 [tbe_vector_reduce.cc:102] [111294]TbeVectorReduce Deinit
[INFO] HCCL(111294,npu_reader):2026-09-21-12:30:51.770.858 [tbe_vector_reduce.cc:102] [111294]TbeVectorReduce Deinit
[INFO] HCCL(111294,npu_reader):2026-09-21-12:30:51.770.861 [tbe_vector_reduce.cc:102] [111294]TbeVectorReduce Deinit
[INFO] HCCL(111294,npu_reader):2026-09-21-12:30:51.770.865 [tbe_vector_reduce.cc:102] [111294]TbeVectorReduce Deinit
[INFO] HCCL(111294,npu_reader):2026-09-21-12:30:51.770.867 [tbe_vector_reduce.cc:102] [111294]TbeVectorReduce Deinit
[INFO] HCCL(111294,npu_reader):2026-09-21-12:30:51.770.870 [tbe_vector_reduce.cc:102] [111294]TbeVectorReduce Deinit
[INFO] HCCL(111294,npu_reader):2026-09-21-12:30:51.770.873 [tbe_vector_reduce.cc:102] [111294]TbeVectorReduce Deinit
[INFO] HCCL(111294,npu_reader):2026-09-21-12:30:51.770.876 [tbe_vector_reduce.cc:102] [111294]TbeVectorReduce Deinit
[INFO] HCCL(111294,npu_reader):2026-09-21-12:30:51.770.879 [tbe_vector_reduce.cc:102] [111294]TbeVectorReduce Deinit
[INFO] HCCL(111294,npu_reader):2026-09-21-12:30:51.770.881 [tbe_vector_reduce.cc:102] [111294]TbeVectorReduce Deinit
[INFO] HCCL(111294,npu_reader):2026-09-21-12:30:51.770.884 [tbe_vector_reduce.cc:102] [111294]TbeVectorReduce Deinit
[INFO] HCCL(111294,npu_reader):2026-09-21-12:30:51.770.887 [tbe_vector_reduce.cc:102] [111294]TbeVectorReduce Deinit
[INFO] HCCL(111294,npu_reader):2026-09-21-12:30:51.770.889 [tbe_vector_reduce.cc:102] [111294]TbeVectorReduce Deinit
[INFO] HCCL(111294,npu_reader):2026-09-21-12:30:51.770.892 [tbe_vector_reduce.cc:102] [111294]TbeVectorReduce Deinit
[INFO] HCCL(111294,npu_reader):2026-09-21-12:30:51.770.895 [tbe_vector_reduce.cc:102] [111294]TbeVectorReduce Deinit
[INFO] HCCL(111294,npu_reader):2026-09-21-12:30:51.770.898 [tbe_vector_reduce.cc:102] [111294]TbeVectorReduce Deinit
[INFO] HCCL(111294,npu_reader):2026-09-21-12:30:51.770.900 [tbe_vector_reduce.cc:102] [111294]TbeVectorReduce Deinit
[INFO] HCCL(111294,npu_reader):2026-09-21-12:30:51.770.903 [tbe_vector_reduce.cc:102] [111294]TbeVectorReduce Deinit
[INFO] HCCL(111294,npu_reader):2026-09-21-12:30:51.770.905 [tbe_vector_reduce.cc:102] [111294]TbeVectorReduce Deinit
[INFO] HCCL(111294,npu_reader):2026-09-21-12:30:51.770.908 [tbe_vector_reduce.cc:102] [111294]TbeVectorReduce Deinit
[INFO] HCCL(111294,npu_reader):2026-09-21-12:30:51.770.911 [tbe_vector_reduce.cc:102] [111294]TbeVectorReduce Deinit
[INFO] HCCL(111294,npu_reader):2026-09-21-12:30:51.770.913 [tbe_vector_reduce.cc:102] [111294]TbeVectorReduce Deinit
[INFO] HCCL(111294,npu_reader):2026-09-21-12:30:51.771.670 [tbe_vector_reduce.cc:102] [111294]TbeVectorReduce Deinit
[INFO] HCCL(111294,npu_reader):2026-09-21-12:30:51.771.681 [tbe_vector_reduce.cc:102] [111294]TbeVectorReduce Deinit
[INFO] IDEDD(111294,npu_reader):2026-09-21-12:30:51.780.198 [kernel_dfx_dumper.cpp:151][tid:111294] Begin to stop the dfx dump task.
[INFO] RUNTIME(111294,npu_reader):2026-09-21-12:30:51.781.589 [runtime_keeper.cc:228] 111294 DestroyPoolRegistryImpl: Destroy PoolRegistry success.
[INFO] RUNTIME(111294,npu_reader):2026-09-21-12:30:51.781.627 [runtime_adapt.cc:58] 111294 ~Runtime: runtime destructor.
[INFO] RUNTIME(111294,npu_reader):2026-09-21-12:30:52.738.248 [global_state_manager.cc:132] 111372 DecBackgroundThreadCount: ReportRasRun thread does not need to be locked. Total:0
[INFO] RUNTIME(111294,npu_reader):2026-09-21-12:30:52.738.256 [runtime.cc:4967] 111372 ReportRasRun: Report ras thread exits normally!
[INFO] RUNTIME(111294,npu_reader):2026-09-21-12:30:52.745.506 [runtime.cc:4936] 111294 DestroyReportRasThread: Join report ras thread OK.
[INFO] RUNTIME(111294,npu_reader):2026-09-21-12:30:52.745.517 [runtime.cc:1340] 111294 WaitMonitorExit: wait monitor success, used count=0.
[INFO] RUNTIME(111294,npu_reader):2026-09-21-12:30:52.854.656 [tprt.cc:23][TPRT]TID[111294] ~TprtManage: ~TprtManage
[INFO] RUNTIME(111294,npu_reader):2026-09-21-12:30:52.854.663 [plugin_old_arch.cc:39] 111294 DestructorRuntimeImpl: RuntimeImpl destructor success
[INFO] RUNTIME(111294,npu_reader):2026-09-21-12:30:52.854.668 [runtime_keeper.cc:245] 111294 DestroyRuntimeImpl: Destroy Runtime success
[INFO] RUNTIME(111294,npu_reader):2026-09-21-12:30:52.857.281 [xpu_task_fail_callback_data_manager.cc:64] 111294 ~XpuTaskFailCallBackManager: XpuTaskFailCallBackManager Destructor.
[INFO] RUNTIME(111294,npu_reader):2026-09-21-12:30:52.857.305 [task_fail_callback_data_manager.cc:98] 111294 ~TaskFailCallBackManager: Destructor.
[INFO] ATRACE(111294,npu_reader):2026-09-21-12:30:52.857.882 [stacktrace_signal.c:199](tid:111294) unregister all signal handlers, can not capture signal.
[INFO] ATRACE(111294,npu_reader):2026-09-21-12:30:52.925.089 [awatchdog_monitor.c:233](tid:111294) AwdMonitorExit
