[INFO] ATRACE(110198,npu_reader):2026-09-21-11:29:20.590.078 [trace_attr.c:100](tid:110198) doesn't set env ASCEND_LOG_DEVICE_FLUSH_TIMEOUT, use default timeout=0ms.
[INFO] ATRACE(110198,npu_reader):2026-09-21-11:29:20.590.143 [trace_attr.c:190](tid:110198) attr init successfully, timeout=0ms.
[WARNING] ATRACE(110198,npu_reader):2026-09-21-11:29:20.590.148 [trace_system_api.c:111](tid:110198) Environment variable is null or the length exceeds 255.
[INFO] ATRACE(110198,npu_reader):2026-09-21-11:29:20.590.158 [trace_recorder.c:45](tid:110198) home_directory=/root.
[INFO] ATRACE(110198,npu_reader):2026-09-21-11:29:20.590.161 [trace_recorder.c:211](tid:110198) use root path: /root/ascend
[INFO] ATRACE(110198,npu_reader):2026-09-21-11:29:20.590.164 [trace_recorder.c:154](tid:110198) doesn't set env ASCEND_TRACE_RECORD_NUM, use default dir num=10.
[INFO] ATRACE(110198,npu_reader):2026-09-21-11:29:20.590.167 [trace_event.c:147](tid:110198) init trace event successfully
[INFO] ATRACE(110198,npu_reader):2026-09-21-11:29:20.590.177 [atrace_client_core.c:185](tid:110198) init atrace client successfully.
[INFO] ATRACE(110198,npu_reader):2026-09-21-11:29:20.590.370 [stacktrace_dumper.c:244](tid:110198) path = /usr/local/Ascend/cann-9.1.0/aarch64-linux/bin/asc_dumper
[WARNING] ATRACE(110198,npu_reader):2026-09-21-11:29:20.590.376 [trace_system_api.c:111](tid:110198) Environment variable is null or the length exceeds 256.
[INFO] ATRACE(110198,npu_reader):2026-09-21-11:29:20.590.412 [stacktrace_signal.c:176](tid:110198) register signal handler for signal 2 succeed.
[INFO] ATRACE(110198,npu_reader):2026-09-21-11:29:20.590.415 [stacktrace_signal.c:176](tid:110198) register signal handler for signal 15 succeed.
[INFO] ATRACE(110198,npu_reader):2026-09-21-11:29:20.590.418 [stacktrace_signal.c:176](tid:110198) register signal handler for signal 3 succeed.
[INFO] ATRACE(110198,npu_reader):2026-09-21-11:29:20.590.420 [stacktrace_signal.c:176](tid:110198) register signal handler for signal 4 succeed.
[INFO] ATRACE(110198,npu_reader):2026-09-21-11:29:20.590.423 [stacktrace_signal.c:176](tid:110198) register signal handler for signal 5 succeed.
[INFO] ATRACE(110198,npu_reader):2026-09-21-11:29:20.590.425 [stacktrace_signal.c:176](tid:110198) register signal handler for signal 6 succeed.
[INFO] ATRACE(110198,npu_reader):2026-09-21-11:29:20.590.427 [stacktrace_signal.c:176](tid:110198) register signal handler for signal 7 succeed.
[INFO] ATRACE(110198,npu_reader):2026-09-21-11:29:20.590.430 [stacktrace_signal.c:176](tid:110198) register signal handler for signal 8 succeed.
[INFO] ATRACE(110198,npu_reader):2026-09-21-11:29:20.590.432 [stacktrace_signal.c:176](tid:110198) register signal handler for signal 11 succeed.
[INFO] ATRACE(110198,npu_reader):2026-09-21-11:29:20.590.434 [stacktrace_signal.c:176](tid:110198) register signal handler for signal 24 succeed.
[INFO] ATRACE(110198,npu_reader):2026-09-21-11:29:20.590.437 [stacktrace_signal.c:176](tid:110198) register signal handler for signal 25 succeed.
[INFO] ATRACE(110198,npu_reader):2026-09-21-11:29:20.590.439 [stacktrace_signal.c:176](tid:110198) register signal handler for signal 31 succeed.
[INFO] ATRACE(110198,npu_reader):2026-09-21-11:29:20.590.441 [stacktrace_signal.c:176](tid:110198) register signal handler for signal 35 succeed.
[INFO] ATRACE(110198,npu_reader):2026-09-21-11:29:20.590.443 [stacktrace_signal.c:179](tid:110198) trace signal init succeed.
[INFO] ATRACE(110198,npu_reader):2026-09-21-11:29:20.590.446 [trace_core.c:51](tid:110198) init trace successfully.
[INFO] ATRACE(110198,npu_reader):2026-09-21-11:29:20.590.458 [awatchdog_core.c:99](tid:110198) watchdog get platform host side
[INFO] ATRACE(110198,npu_reader):2026-09-21-11:29:20.590.473 [awatchdog_monitor.c:127](tid:110198) create monitor thread successfully, tid :281470432101408 
[INFO] ATRACE(110198,npu_reader):2026-09-21-11:29:20.590.476 [awatchdog_monitor.c:225](tid:110198) AwdMonitorInit
[WARNING] RUNTIME(110198,npu_reader):2026-09-21-11:29:20.591.283 [runtime_keeper.cc:258] 110198 RegisterDrvErrMsgHandle: [drv api] drv_log_report_err_msg_handle_register does not exist, skip register err msg handle.
[INFO] RUNTIME(110198,npu_reader):2026-09-21-11:29:20.591.300 [task_fail_callback_data_manager.cc:93] 110198 TaskFailCallBackManager: Constructor.
[INFO] RUNTIME(110198,npu_reader):2026-09-21-11:29:20.591.303 [xpu_task_fail_callback_data_manager.cc:59] 110198 XpuTaskFailCallBackManager: XpuTaskFailCallBackManager Constructor.
[INFO] IDEDD(110198,npu_reader):2026-09-21-11:29:20.591.598 [dump_config_converter.cpp:1153][tid:110198] No Env enable exception dump
[INFO] TDT(110198,npu_reader):2026-09-21-11:29:20.591.879 [package_worker_factory.cpp:38][RegisterPackageWorkerCreator][tid:110198] Register[2] package worker was created successfully
[INFO] TDT(110198,npu_reader):2026-09-21-11:29:20.591.885 [package_worker_factory.cpp:38][RegisterPackageWorkerCreator][tid:110198] Register[3] package worker was created successfully
[INFO] HCCL(110198,npu_reader):2026-09-21-11:29:20.596.211 [global_mirror_tasks.cc:19][110198][GlobalMirrorTasks][GlobalMirrorTasks]GlobalMirrorTasks Contruct
[INFO] HCCL(110198,npu_reader):2026-09-21-11:29:20.602.162 [adapter_rts.cc:2585] [110198][adapter_rts.cc][CallBackInitRts] g_deviceType [8] g_deviceLogicId [-1] g_devicePhyId [-1]
[INFO] GE(110198,npu_reader):2026-09-21-11:29:20.616.069 [error_manager.cc:1047]110198 RegisterFormatErrorMessage:RegisterFormatErrorMessage, try to register error message
LIBRARY HcommEndpointCreate => /usr/local/Ascend/cann-9.1.0/lib64/libhcomm.so

STAGE 1. 初始化 ACL，选择 NPU2，创建 DEVICE/ROCE Endpoint
[INFO] ASCENDCL(110198,npu_reader):2026-09-21-11:29:20.623.464 [acl.cpp:364]110198 aclInitImpl: start to execute aclInit
[INFO] ASCENDCL(110198,npu_reader):2026-09-21-11:29:20.623.473 [hash_utils.cpp:19]110198 CalculateSimpleHash: Begin to calculate hash for file: (null)
[INFO] ASCENDCL(110198,npu_reader):2026-09-21-11:29:20.623.478 [hash_utils.cpp:23]110198 CalculateSimpleHash: End to calculate hash for file: (null), hash value: 6142509188972423790
[INFO] ASCENDCL(110198,npu_reader):2026-09-21-11:29:20.623.481 [acl.cpp:397]110198 aclInitImpl: call ErrorManager.Initialize
[INFO] GE(110198,npu_reader):2026-09-21-11:29:20.623.501 [error_manager.cc:346]110198 Init:Begin to init, path is /usr/local/Ascend/cann-9.1.0/aarch64-linux/lib64/
[INFO] PROFILING(110198,npu_reader):2026-09-21-11:29:20.626.804 [prof_cann_plugin.cpp:390] (tid:110198) Register module[ASCENDCL(48)] callback.
[INFO] ASCENDCL(110198,npu_reader):2026-09-21-11:29:20.626.816 [acl.cpp:470]110198 aclInitImpl: set ProfilingConfig in aclInit
[INFO] ASCENDCL(110198,npu_reader):2026-09-21-11:29:20.626.819 [profiling.cpp:138]110198 HandleProfilingConfig: start to execute HandleProfilingConfig
[INFO] ASCENDCL(110198,npu_reader):2026-09-21-11:29:20.626.823 [profiling.cpp:132]110198 GetProfilingConfigFile: no profiling config file.
[INFO] ASCENDCL(110198,npu_reader):2026-09-21-11:29:20.626.825 [profiling.cpp:153]110198 HandleProfilingConfig: configPath is null, no need to do profiling.
[INFO] ASCENDCL(110198,npu_reader):2026-09-21-11:29:20.626.827 [profiling.cpp:89]110198 HandleProfilingCommand: start to execute HandleProfilingCommand
[INFO] PROFILING(110198,npu_reader):2026-09-21-11:29:20.628.178 [command_handle.cpp:163] (tid:110198) Module[ASCENDCL(48)] register callback of ctrl handle.
[INFO] PROFILING(110198,npu_reader):2026-09-21-11:29:20.628.202 [msprofiler_impl.cpp:447] (tid:110198) Profiling Init useless
[INFO] PROFILING(110198,npu_reader):2026-09-21-11:29:20.628.205 [prof_cann_plugin.cpp:271] (tid:110198) Report buffer does not need to be initialized.
[INFO] PROFILING(110198,npu_reader):2026-09-21-11:29:20.628.251 [prof_runtime_plugin.cpp:44] (tid:110198) Load api[rtCacheLastTaskOpInfo] from libruntime.so successfully.
[INFO] PROFILING(110198,npu_reader):2026-09-21-11:29:20.628.255 [prof_runtime_plugin.cpp:44] (tid:110198) Load api[rtProfilerTraceEx] from libruntime.so successfully.
[INFO] PROFILING(110198,npu_reader):2026-09-21-11:29:20.628.258 [prof_runtime_plugin.cpp:44] (tid:110198) Load api[rtsStreamGetAttribute] from libruntime.so successfully.
[INFO] PROFILING(110198,npu_reader):2026-09-21-11:29:20.628.270 [msprof_tx_manager.cpp:379] (tid:110198) [MsprofTxManager]Register MsprofReportAdditional function.
[INFO] PROFILING(110198,npu_reader):2026-09-21-11:29:20.628.273 [msprof_tx_manager.cpp:370] (tid:110198) [MsprofTxManager]Register rtProfilerTraceEx function.
[INFO] PROFILING(110198,npu_reader):2026-09-21-11:29:20.628.276 [mstx_inject.cpp:319] (tid:110198) Succeed to get func table for module 1
[INFO] PROFILING(110198,npu_reader):2026-09-21-11:29:20.628.279 [mstx_inject.cpp:319] (tid:110198) Succeed to get func table for module 2
[WARNING] PROFILING(110198,npu_reader):2026-09-21-11:29:20.628.287 [json_parser.cpp:53] (tid:110198) The configPathString path: [] does not exist or permission denied.
[INFO] PROFILING(110198,npu_reader):2026-09-21-11:29:20.628.290 [platform.cpp:52] (tid:110198) Profiling platform version: 1.0.
[INFO] PROFILING(110198,npu_reader):2026-09-21-11:29:20.628.296 [platform.cpp:264] (tid:110198) Succeeded to DrvGetApiVersion version: 0x72418
[INFO] PROFILING(110198,npu_reader):2026-09-21-11:29:20.628.320 [ai_drv_dev_api.cpp:312] (tid:110198) Succeeded to DrvGetHostFreq frequency=100000
[INFO] PROFILING(110198,npu_reader):2026-09-21-11:29:20.628.327 [ai_drv_dev_api.cpp:36] (tid:110198) Succeeded to drvGetDevNum, numDev=16
[INFO] PROFILING(110198,npu_reader):2026-09-21-11:29:20.628.329 [ai_drv_dev_api.cpp:55] (tid:110198) Succeeded to drvGetDevIDs, numDevices=16
[INFO] PROFILING(110198,npu_reader):2026-09-21-11:29:20.628.357 [config_manager.cpp:92] (tid:110198) Success to get chip id: 5.
[INFO] PROFILING(110198,npu_reader):2026-09-21-11:29:20.628.363 [platform.cpp:69] (tid:110198) Profiling platform type: 5
[INFO] PROFILING(110198,npu_reader):2026-09-21-11:29:20.628.371 [msprofiler_impl.cpp:95] (tid:110198) Dynamic profiling environment not really set, so do nothing.
[INFO] ASCENDCL(110198,npu_reader):2026-09-21-11:29:20.628.374 [profiling.cpp:119]110198 HandleProfilingCommand: set profiling config successfully
[INFO] ASCENDCL(110198,npu_reader):2026-09-21-11:29:20.628.376 [acl_rt_impl_base.cpp:206]110198 aclrtGetSocNameImpl: start to execute aclrtGetSocName.
[INFO] RUNTIME(110198,npu_reader):2026-09-21-11:29:20.628.384 [runtime_keeper.cc:98] 110198 GetDeviceType: hardwareVersion=0x500
[INFO] RUNTIME(110198,npu_reader):2026-09-21-11:29:20.629.263 [plugin_old_arch.cc:21] 110198 ConstructRuntimeImpl: RuntimeImpl construct success, runtime = 0xaaad80343a60
[INFO] RUNTIME(110198,npu_reader):2026-09-21-11:29:20.629.275 [runtime_keeper.cc:211] 110198 CreateRuntimeImpl: Open libruntime_v100.so successfully
[INFO] RUNTIME(110198,npu_reader):2026-09-21-11:29:20.629.278 [runtime_keeper.cc:331] 110198 BootRuntime: new Runtime ok, Runtime_alloc_size 13920.
[INFO] RUNTIME(110198,npu_reader):2026-09-21-11:29:20.629.290 [runtime.cc:1081] 110198 CheckHaveDevice: hardwareVersion=0x500
[INFO] FE(110198,npu_reader):2026-09-21-11:29:20.629.319 [platform_manager_v2.cpp:75]110198 GetConfigFilePath:Current so file path is [/usr/local/Ascend/cann-9.1.0/aarch64-linux/].
[INFO] RUNTIME(110198,npu_reader):2026-09-21-11:29:20.629.785 [runtime.cc:687] 110198 InitSocVersionByDrvSocVersion: socVersion=Ascend910_9362, chipType=5
[INFO] RUNTIME(110198,npu_reader):2026-09-21-11:29:20.629.802 [runtime.cc:810] 110198 InitChipTypeAndSocVersion: Runtime init: device type=5, soc version=Ascend910_9362, have device=1
[WARNING] FE(110198,npu_reader):2026-09-21-11:29:20.629.810 [platform_manager_v2.cpp:259]110198 GetSocSpec:Failed to get platform info, label[SoCInfo], key[io_die_num].
[INFO] RUNTIME(110198,npu_reader):2026-09-21-11:29:20.629.814 [ini_parse_utils.cc:108] 110198 GetStreamSpecFromIniFile: iniAttrs: normalStreamNum=32768, normalStreamDepth=2048, hugeStreamNum=0, hugeStreamDepth=0.
[INFO] RUNTIME(110198,npu_reader):2026-09-21-11:29:20.629.817 [ini_parse_utils.cc:130] 110198 GetArchInfoFromIniFile: iniAttrs: socVersion=Ascend910_9362, npuArch=2201.
[INFO] RUNTIME(110198,npu_reader):2026-09-21-11:29:20.629.844 [npu_driver.cc:1109] 110198 CheckIsSupportFeature: Support FEATURE_TRSDRV_SQ_SUPPORT_DYNAMIC_BIND, drv devId=0.
[INFO] RUNTIME(110198,npu_reader):2026-09-21-11:29:20.629.855 [runtime.cc:4440] 110198 GetVisibleDevices: ASCEND_RT_VISIBLE_DEVICES param was not set
[INFO] RUNTIME(110198,npu_reader):2026-09-21-11:29:20.629.858 [runtime.cc:822] 110198 InitApiImplies: ApiImpl:Runtime_alloc_size 16
[INFO] RUNTIME(110198,npu_reader):2026-09-21-11:29:20.629.861 [runtime.cc:830] 110198 InitApiImplies: ApiImplMbuf:Runtime_alloc_size 8
[INFO] RUNTIME(110198,npu_reader):2026-09-21-11:29:20.629.863 [runtime.cc:838] 110198 InitApiImplies: ApiImplSoma:Runtime_alloc_size 8
[INFO] RUNTIME(110198,npu_reader):2026-09-21-11:29:20.629.866 [runtime.cc:849] 110198 InitLogger: Logger:Runtime_alloc_size 32
[INFO] RUNTIME(110198,npu_reader):2026-09-21-11:29:20.629.869 [runtime.cc:860] 110198 InitApiProfiler: RProfiler:Runtime_alloc_size 176
[INFO] RUNTIME(110198,npu_reader):2026-09-21-11:29:20.629.873 [profiler.cc:88] 110198 Init: Init ok, Runtime_alloc_size 48
[INFO] RUNTIME(110198,npu_reader):2026-09-21-11:29:20.629.876 [runtime.cc:877] 110198 InitApiErrorDecorator: ApiErrorDecorator:Runtime_alloc_size 16.
[INFO] RUNTIME(110198,npu_reader):2026-09-21-11:29:20.629.878 [runtime.cc:888] 110198 InitThreadGuard: Runtime init:new ThreadGuard ok, Runtime_alloc_size 104.
[INFO] RUNTIME(110198,npu_reader):2026-09-21-11:29:20.629.880 [runtime.cc:900] 110198 InitStreamObserver: EngineStreamObserver:Runtime_alloc_size 8.
[INFO] RUNTIME(110198,npu_reader):2026-09-21-11:29:20.629.883 [runtime.cc:913] 110198 InitAicpuStreamIdBitmap: Bitmap(1024):Runtime_alloc_size 80.
[INFO] RUNTIME(110198,npu_reader):2026-09-21-11:29:20.629.885 [runtime.cc:931] 110198 InitCbSubscribe: The thread group num is 1024
[INFO] RUNTIME(110198,npu_reader):2026-09-21-11:29:20.629.888 [runtime.cc:938] 110198 InitCbSubscribe: Runtime init:new CbSubscribe ok, Runtime_alloc_size 320.
[INFO] RUNTIME(110198,npu_reader):2026-09-21-11:29:20.629.918 [runtime.cc:115] 110198 Init: ObjAllocator alloc success, Runtime_alloc_size 160000(bytes)
[INFO] RUNTIME(110198,npu_reader):2026-09-21-11:29:20.629.964 [runtime.cc:127] 110198 Init: ObjAllocator alloc success, Runtime_alloc_size 960000(bytes)
[INFO] RUNTIME(110198,npu_reader):2026-09-21-11:29:20.629.980 [runtime.cc:1011] 110198 InitLabelAllocator: Runtime init:new LabelAllocator ok, Runtime_alloc_size 131152.
[INFO] RUNTIME(110198,npu_reader):2026-09-21-11:29:20.629.983 [runtime.cc:1019] 110198 InitSetRuntimeVersion: set runtime api ver success
[INFO] RUNTIME(110198,npu_reader):2026-09-21-11:29:20.630.020 [runtime.cc:1032] 110198 InitNpuCollectPath: NPU_COLLECT_PATH is not set!
[INFO] RUNTIME(110198,npu_reader):2026-09-21-11:29:20.630.058 [runtime.cc:1188] 110198 GetDcacheLockMixOpPath: dcacheLockMixOpPath /usr/local/Ascend/cann-9.1.0/lib64/dcache_lock_mix.o.
[INFO] RUNTIME(110198,npu_reader):2026-09-21-11:29:20.630.072 [runtime.cc:1233] 110198 FindDcacheLockOp: read dcache lock op file success
[INFO] PROFILING(110198,npu_reader):2026-09-21-11:29:20.630.077 [prof_cann_plugin.cpp:387] (tid:110198) Register module[RUNTIME(7)] callback with handle.
[INFO] PROFILING(110198,npu_reader):2026-09-21-11:29:20.630.080 [command_handle.cpp:163] (tid:110198) Module[RUNTIME(7)] register callback of ctrl handle.
[WARNING] RUNTIME(110198,npu_reader):2026-09-21-11:29:20.630.085 [heterogenous.cc:22] 110198 ReadHeterogenousModeFromConfigIni: can not read ASCEND_LATEST_INSTALL_PATH! isHeterogenous=0.
[INFO] RUNTIME(110198,npu_reader):2026-09-21-11:29:20.630.099 [api_c_soc.cc:84] 110198 rtGetSocVersion: soc version is Ascend910_9362
[INFO] ASCENDCL(110198,npu_reader):2026-09-21-11:29:20.630.103 [acl_rt_impl_base.cpp:135]110198 InitSocVersion: get SocVersion success, SocVersion = Ascend910_9362
[INFO] ASCENDCL(110198,npu_reader):2026-09-21-11:29:20.630.105 [acl_rt_impl_base.cpp:213]110198 aclrtGetSocNameImpl: execute aclrtGetSocName successfully
[INFO] ASCENDCL(110198,npu_reader):2026-09-21-11:29:20.630.109 [acl.cpp:340]110198 IsEnableAutoUCMemeory: auto-uc-memory is enabled.
[INFO] ASCENDCL(110198,npu_reader):2026-09-21-11:29:20.630.111 [acl.cpp:494]110198 aclInitImpl: register kernel launch fill function in aclInit
[INFO] RUNTIME(110198,npu_reader):2026-09-21-11:29:20.630.119 [runtime.cc:4625] 110198 RegKernelLaunchFillFunc: register callback finish, symbol:g_opSystemRunCfg.
[INFO] ASCENDCL(110198,npu_reader):2026-09-21-11:29:20.630.122 [acl.cpp:790]110198 aclsysGetCANNVersionImpl: start to execute aclsysGetCANNVersion.
[INFO] ASCENDCL(110198,npu_reader):2026-09-21-11:29:20.630.125 [acl.cpp:793]110198 aclsysGetCANNVersionImpl: enum name id is [0], enum name is [runtime].
[INFO] ASCENDCL(110198,npu_reader):2026-09-21-11:29:20.630.127 [acl.cpp:812]110198 aclsysGetCANNVersionImpl: value of env [ASCEND_HOME_PATH] is [/usr/local/Ascend/cann-9.1.0].
[INFO] ASCENDCL(110198,npu_reader):2026-09-21-11:29:20.630.147 [acl.cpp:775]110198 GetCANNVersionInternal: versionInfo is [9.1.0].
[INFO] ASCENDCL(110198,npu_reader):2026-09-21-11:29:20.630.156 [acl.cpp:350]110198 GetAllPackageVersion: Version of runtime package is 9.1.0
[INFO] ASCENDCL(110198,npu_reader):2026-09-21-11:29:20.630.159 [acl.cpp:790]110198 aclsysGetCANNVersionImpl: start to execute aclsysGetCANNVersion.
[INFO] ASCENDCL(110198,npu_reader):2026-09-21-11:29:20.630.161 [acl.cpp:793]110198 aclsysGetCANNVersionImpl: enum name id is [1], enum name is [runtime].
[INFO] ASCENDCL(110198,npu_reader):2026-09-21-11:29:20.630.164 [acl.cpp:812]110198 aclsysGetCANNVersionImpl: value of env [ASCEND_HOME_PATH] is [/usr/local/Ascend/cann-9.1.0].
[INFO] ASCENDCL(110198,npu_reader):2026-09-21-11:29:20.630.176 [acl.cpp:775]110198 GetCANNVersionInternal: versionInfo is [9.1.0].
[INFO] ASCENDCL(110198,npu_reader):2026-09-21-11:29:20.630.180 [acl.cpp:350]110198 GetAllPackageVersion: Version of runtime package is 9.1.0
[INFO] ASCENDCL(110198,npu_reader):2026-09-21-11:29:20.630.183 [acl.cpp:790]110198 aclsysGetCANNVersionImpl: start to execute aclsysGetCANNVersion.
[INFO] ASCENDCL(110198,npu_reader):2026-09-21-11:29:20.630.185 [acl.cpp:793]110198 aclsysGetCANNVersionImpl: enum name id is [2], enum name is [bisheng-compiler].
[INFO] ASCENDCL(110198,npu_reader):2026-09-21-11:29:20.630.187 [acl.cpp:812]110198 aclsysGetCANNVersionImpl: value of env [ASCEND_HOME_PATH] is [/usr/local/Ascend/cann-9.1.0].
[INFO] ASCENDCL(110198,npu_reader):2026-09-21-11:29:20.630.201 [acl.cpp:775]110198 GetCANNVersionInternal: versionInfo is [9.1.0].
[INFO] ASCENDCL(110198,npu_reader):2026-09-21-11:29:20.630.205 [acl.cpp:350]110198 GetAllPackageVersion: Version of bisheng-compiler package is 9.1.0
[INFO] ASCENDCL(110198,npu_reader):2026-09-21-11:29:20.630.207 [acl.cpp:790]110198 aclsysGetCANNVersionImpl: start to execute aclsysGetCANNVersion.
[INFO] ASCENDCL(110198,npu_reader):2026-09-21-11:29:20.630.209 [acl.cpp:793]110198 aclsysGetCANNVersionImpl: enum name id is [3], enum name is [hccl].
[INFO] ASCENDCL(110198,npu_reader):2026-09-21-11:29:20.630.211 [acl.cpp:812]110198 aclsysGetCANNVersionImpl: value of env [ASCEND_HOME_PATH] is [/usr/local/Ascend/cann-9.1.0].
[INFO] ASCENDCL(110198,npu_reader):2026-09-21-11:29:20.630.227 [acl.cpp:775]110198 GetCANNVersionInternal: versionInfo is [9.1.0].
[INFO] ASCENDCL(110198,npu_reader):2026-09-21-11:29:20.630.230 [acl.cpp:350]110198 GetAllPackageVersion: Version of hccl package is 9.1.0
[INFO] ASCENDCL(110198,npu_reader):2026-09-21-11:29:20.630.233 [acl.cpp:790]110198 aclsysGetCANNVersionImpl: start to execute aclsysGetCANNVersion.
[INFO] ASCENDCL(110198,npu_reader):2026-09-21-11:29:20.630.235 [acl.cpp:793]110198 aclsysGetCANNVersionImpl: enum name id is [4], enum name is [oam-tools].
[INFO] ASCENDCL(110198,npu_reader):2026-09-21-11:29:20.630.237 [acl.cpp:812]110198 aclsysGetCANNVersionImpl: value of env [ASCEND_HOME_PATH] is [/usr/local/Ascend/cann-9.1.0].
[INFO] ASCENDCL(110198,npu_reader):2026-09-21-11:29:20.630.244 [acl.cpp:755]110198 GetCANNVersionInternal: [Check]versionInfoPath [/usr/local/Ascend/cann-9.1.0/share/info/oam-tools/version.info] does not exist, try use Alternative versionInfoPath.
[INFO] ASCENDCL(110198,npu_reader):2026-09-21-11:29:20.630.247 [acl.cpp:761]110198 GetCANNVersionInternal: [Check]use Alternative versionInfoPath [/usr/local/Ascend/cann-9.1.0/share/info/oam_tools/version.info].
[INFO] ASCENDCL(110198,npu_reader):2026-09-21-11:29:20.630.262 [acl.cpp:775]110198 GetCANNVersionInternal: versionInfo is [9.1.0].
[INFO] ASCENDCL(110198,npu_reader):2026-09-21-11:29:20.630.266 [acl.cpp:350]110198 GetAllPackageVersion: Version of oam-tools package is 9.1.0
[INFO] ASCENDCL(110198,npu_reader):2026-09-21-11:29:20.630.268 [acl.cpp:790]110198 aclsysGetCANNVersionImpl: start to execute aclsysGetCANNVersion.
[INFO] ASCENDCL(110198,npu_reader):2026-09-21-11:29:20.630.270 [acl.cpp:793]110198 aclsysGetCANNVersionImpl: enum name id is [5], enum name is [ops-legacy].
[INFO] ASCENDCL(110198,npu_reader):2026-09-21-11:29:20.630.273 [acl.cpp:812]110198 aclsysGetCANNVersionImpl: value of env [ASCEND_HOME_PATH] is [/usr/local/Ascend/cann-9.1.0].
[INFO] ASCENDCL(110198,npu_reader):2026-09-21-11:29:20.630.279 [acl.cpp:755]110198 GetCANNVersionInternal: [Check]versionInfoPath [/usr/local/Ascend/cann-9.1.0/share/info/ops-legacy/version.info] does not exist, try use Alternative versionInfoPath.
[INFO] ASCENDCL(110198,npu_reader):2026-09-21-11:29:20.630.282 [acl.cpp:761]110198 GetCANNVersionInternal: [Check]use Alternative versionInfoPath [/usr/local/Ascend/cann-9.1.0/share/info/ops_legacy/version.info].
[INFO] ASCENDCL(110198,npu_reader):2026-09-21-11:29:20.630.297 [acl.cpp:775]110198 GetCANNVersionInternal: versionInfo is [9.1.0].
[INFO] ASCENDCL(110198,npu_reader):2026-09-21-11:29:20.630.301 [acl.cpp:350]110198 GetAllPackageVersion: Version of ops-legacy package is 9.1.0
[INFO] ASCENDCL(110198,npu_reader):2026-09-21-11:29:20.630.303 [acl.cpp:790]110198 aclsysGetCANNVersionImpl: start to execute aclsysGetCANNVersion.
[INFO] ASCENDCL(110198,npu_reader):2026-09-21-11:29:20.630.305 [acl.cpp:793]110198 aclsysGetCANNVersionImpl: enum name id is [6], enum name is [ops-legacy].
[INFO] ASCENDCL(110198,npu_reader):2026-09-21-11:29:20.630.307 [acl.cpp:812]110198 aclsysGetCANNVersionImpl: value of env [ASCEND_HOME_PATH] is [/usr/local/Ascend/cann-9.1.0].
[INFO] ASCENDCL(110198,npu_reader):2026-09-21-11:29:20.630.313 [acl.cpp:755]110198 GetCANNVersionInternal: [Check]versionInfoPath [/usr/local/Ascend/cann-9.1.0/share/info/ops-legacy/version.info] does not exist, try use Alternative versionInfoPath.
[INFO] ASCENDCL(110198,npu_reader):2026-09-21-11:29:20.630.316 [acl.cpp:761]110198 GetCANNVersionInternal: [Check]use Alternative versionInfoPath [/usr/local/Ascend/cann-9.1.0/share/info/ops_legacy/version.info].
[INFO] ASCENDCL(110198,npu_reader):2026-09-21-11:29:20.630.327 [acl.cpp:775]110198 GetCANNVersionInternal: versionInfo is [9.1.0].
[INFO] ASCENDCL(110198,npu_reader):2026-09-21-11:29:20.630.331 [acl.cpp:350]110198 GetAllPackageVersion: Version of ops-legacy package is 9.1.0
[INFO] ASCENDCL(110198,npu_reader):2026-09-21-11:29:20.630.333 [acl.cpp:790]110198 aclsysGetCANNVersionImpl: start to execute aclsysGetCANNVersion.
[INFO] ASCENDCL(110198,npu_reader):2026-09-21-11:29:20.630.335 [acl.cpp:793]110198 aclsysGetCANNVersionImpl: enum name id is [7], enum name is [driver].
[INFO] ASCENDCL(110198,npu_reader):2026-09-21-11:29:20.630.344 [acl.cpp:740]110198 GetDriverPath: driver path is [/usr/local/Ascend].
[INFO] ASCENDCL(110198,npu_reader):2026-09-21-11:29:20.630.362 [acl.cpp:775]110198 GetCANNVersionInternal: versionInfo is [25.5.1.1].
[INFO] ASCENDCL(110198,npu_reader):2026-09-21-11:29:20.630.366 [acl.cpp:350]110198 GetAllPackageVersion: Version of driver package is 25.5.1.1
[INFO] ASCENDCL(110198,npu_reader):2026-09-21-11:29:20.630.369 [acl.cpp:523]110198 aclInitImpl: successfully execute aclInit, aclInitRefCount is 1
API aclInit(nullptr) => 0
[INFO] ASCENDCL(110198,npu_reader):2026-09-21-11:29:20.630.378 [device.cpp:56]110198 aclrtSetDeviceImpl: start to execute aclrtSetDevice, deviceId = 2.
[INFO] RUNTIME(110198,npu_reader):2026-09-21-11:29:20.630.392 [npu_driver.cc:93] 110198 NpuDriver: Run mode=1 [0:offline, 1:online], env type=3
[INFO] RUNTIME(110198,npu_reader):2026-09-21-11:29:20.630.396 [api_impl.cc:3235] 110198 SetDevice: drv devId=2.
[INFO] RUNTIME(110198,npu_reader):2026-09-21-11:29:20.630.400 [runtime.cc:2701] 110198 DeviceRetain: [dlog api] DlogReportStart exist.
[INFO] DRV(110198,npu_reader):2026-09-21-11:29:20.630.707 [hdc_core.c:1982][ascend][curpid:110198,110198][drv][hdc][drvHdcSetSessionReference]Get pid number. (session=783; pid=110198)
[INFO] RUNTIME(110198,npu_reader):2026-09-21-11:29:20.630.820 [runtime.cc:2708] 110198 DeviceRetain: [dlog api] AtraceReportStart exist.
[INFO] ATRACE(110198,npu_reader):2026-09-21-11:29:20.630.825 [atrace_client_communication.c:103](tid:110198) send [hello] msg.
[INFO] ATRACE(110198,npu_reader):2026-09-21-11:29:20.630.828 [atrace_client_communication.c:63](tid:110198) send msg by adx[begin], resultLen=1024 bytes.
[INFO] DRV(110198,npu_reader):2026-09-21-11:29:20.631.216 [hdc_core.c:1982][ascend][curpid:110198,110198][drv][hdc][drvHdcSetSessionReference]Get pid number. (session=784; pid=110198)
[INFO] DRV(110198,npu_reader):2026-09-21-11:29:20.634.517 [hdc_client.c:425][ascend][curpid:110198,110198][drv][hdc][drvHdcClientSessionClose]Destroy client session. (sock=784)
[INFO] ATRACE(110198,npu_reader):2026-09-21-11:29:20.634.541 [atrace_client_communication.c:65](tid:110198) send msg by adx[finish], ret=0.
[INFO] ATRACE(110198,npu_reader):2026-09-21-11:29:20.634.546 [atrace_client_communication.c:97](tid:110198) msgType=1, magic=49959, version=1.
[INFO] ATRACE(110198,npu_reader):2026-09-21-11:29:20.634.549 [atrace_client_communication.c:135](tid:110198) send [hello] msg successfully.
[INFO] ATRACE(110198,npu_reader):2026-09-21-11:29:20.634.579 [atrace_client_core.c:160](tid:110198) start to receive device[2] trace log.
[INFO] RUNTIME(110198,npu_reader):2026-09-21-11:29:20.634.586 [runtime.cc:1856] 110198 startAicpuExecutor: TsdOpen devId=2
[WARNING] TDT(110198,npu_reader):2026-09-21-11:29:20.634.591 [env_internal_api.cpp:21][GetEnvFromMmSys][tid:110198] Get env[ASCEND_RT_VISIBLE_DEVICES] failed
[INFO] TDT(110198,npu_reader):2026-09-21-11:29:20.634.594 [client_manager.cpp:477][GetVisibleDevices][tid:110198] [TsdClient] Get env ASCEND_RT_VISIBLE_DEVICES [].
[INFO] TDT(110198,npu_reader):2026-09-21-11:29:20.634.608 [client_manager.cpp:172][GetPlatformInfo][tid:110198] [TsdClient] mode[1] chipType[5]
[INFO] TDT(110198,npu_reader):2026-09-21-11:29:20.634.612 [client_manager.cpp:139][GetInstance][tid:110198] [ClientManager] GetInstance, deviceId[2], g_runningMode[0], begin saving instance
[INFO] TDT(110198,npu_reader):2026-09-21-11:29:20.634.615 [client_manager.cpp:141][GetInstance][tid:110198] [ClientManager] Current mode:1
[WARNING] TDT(110198,npu_reader):2026-09-21-11:29:20.634.618 [env_internal_api.cpp:21][GetEnvFromMmSys][tid:110198] Get env[AICPU_PROFILING_MODE] failed
[INFO] TDT(110198,npu_reader):2026-09-21-11:29:20.634.621 [client_manager.cpp:382][GetProfilingMode][tid:110198] Get AICPU_PROFILING_MODE[]
[WARNING] TDT(110198,npu_reader):2026-09-21-11:29:20.634.628 [env_internal_api.cpp:21][GetEnvFromMmSys][tid:110198] Get env[ASCEND_GLOBAL_EVENT_ENABLE] failed
[WARNING] TDT(110198,npu_reader):2026-09-21-11:29:20.634.630 [env_internal_api.cpp:21][GetEnvFromMmSys][tid:110198] Get env[ASCEND_MODULE_LOG_LEVEL] failed
[INFO] TDT(110198,npu_reader):2026-09-21-11:29:20.634.633 [process_mode_base.cpp:145][GetLogLevel][tid:110198] [TsdClient] get ASCEND_GLOBAL_LOG_LEVEL [1] ASCEND_GLOBAL_EVENT_ENABLE [] ASCEND_MODULE_LOG_LEVEL []
[INFO] TDT(110198,npu_reader):2026-09-21-11:29:20.634.665 [process_mode_base.cpp:157][GetLogLevel][tid:110198] [TsdClient] Get Log Level[101]
[INFO] TDT(110198,npu_reader):2026-09-21-11:29:20.634.668 [process_mode_manager.cpp:132][OpenProcess][tid:110198] [ProcessModeManager] enter into open process deviceId[2] rankSize[0]
[INFO] TDT(110198,npu_reader):2026-09-21-11:29:20.634.673 [process_mode_base.cpp:194][CheckNeedToOpen][tid:110198] [TsdClient] get open para startCp[1] startHccp[0] (0:false 1:true)
[INFO] TDT(110198,npu_reader):2026-09-21-11:29:20.634.692 [process_mode_base.cpp:205][GetHostSoPath][tid:110198] dli_fname[/usr/local/Ascend/driver/lib64/driver/libascend_hal.so]
[INFO] TDT(110198,npu_reader):2026-09-21-11:29:20.634.698 [process_mode_base.cpp:217][GetHostSoPath][tid:110198] host so path[/usr/local/Ascend/driver/lib64/driver/]
[INFO] TDT(110198,npu_reader):2026-09-21-11:29:20.634.714 [process_mode_manager.cpp:269][IsSupportCommonSink][tid:110198] mutexFile[/usr/local/Ascend/driver/lib64/driver/sink_file_mutex_0.cfg] found means supporting common sink
[INFO] DRV(110198,npu_reader):2026-09-21-11:29:20.634.744 [devdrv_hccl.c:103][ascend][curpid:110198,110198][drv][devmng][drvGetProcessSign]Process sign list add success.(tgid=898909)
[INFO] TDT(110198,npu_reader):2026-09-21-11:29:20.634.747 [process_mode_manager.cpp:554][InitTsdClient][tid:110198] [TsdClient][deviceId=2] get process sign success, procPid[898909]
[INFO] TDT(110198,npu_reader):2026-09-21-11:29:20.634.750 [process_mode_manager.cpp:561][InitTsdClient][tid:110198] [TsdClient] deviceId[2] begin to init hdc client
[INFO] TDT(110198,npu_reader):2026-09-21-11:29:20.634.757 [hdc_common.cpp:62][InitMsgSize][tid:110198] HdcCommon::InitMsgSize Start
[INFO] TDT(110198,npu_reader):2026-09-21-11:29:20.634.759 [hdc_common.cpp:75][InitMsgSize][tid:110198] msgMaxSize_ = 524288 bytes, msgShortHeadDataMaxSize_ = 524276 bytes, msgLongHeadDataMaxSize_ = 524264 bytes
[INFO] TDT(110198,npu_reader):2026-09-21-11:29:20.634.763 [hdc_client.cpp:146][CommCreateSession][tid:110198] HdcClient::CommCreateSession Start
[INFO] TDT(110198,npu_reader):2026-09-21-11:29:20.635.040 [hdc_client.cpp:170][CommCreateSession][tid:110198] [HdcClient] deviceId: 2 connect session
[INFO] DRV(110198,npu_reader):2026-09-21-11:29:20.635.066 [hdc_core.c:1982][ascend][curpid:110198,110198][drv][hdc][drvHdcSetSessionReference]Get pid number. (session=785; pid=110198)
[INFO] TDT(110198,npu_reader):2026-09-21-11:29:20.635.071 [hdc_client.cpp:181][CommCreateSession][tid:110198] [HdcClient] drvHdcSetSessionReference success
[INFO] TDT(110198,npu_reader):2026-09-21-11:29:20.635.076 [hdc_client.cpp:192][CommCreateSession][tid:110198] [HdcClient] deviceId: 2 connect session and drvHdcSetSessionReference success, sessionId=1
[INFO] TDT(110198,npu_reader):2026-09-21-11:29:20.635.082 [version_verify.cpp:39][SetVersionInfo][tid:110198] VersionVerify: send client version to server
[INFO] TDT(110198,npu_reader):2026-09-21-11:29:20.635.087 [version_verify.cpp:55][SetVersionInfo][tid:110198] send feature_info:{msgType:35, features:{check before send aicpu package}}
[INFO] TDT(110198,npu_reader):2026-09-21-11:29:20.635.091 [version_verify.cpp:55][SetVersionInfo][tid:110198] send feature_info:{msgType:37, features:{check before send open qs message}}
[INFO] TDT(110198,npu_reader):2026-09-21-11:29:20.635.095 [version_verify.cpp:55][SetVersionInfo][tid:110198] send feature_info:{msgType:64, features:{get check code retry}}
[WARNING] TDT(110198,npu_reader):2026-09-21-11:29:20.635.164 [tsd_util_func.cpp:150][GetScheduleEnv][tid:110198] Get env[DATAMASTER_RUN_MODE] failed
[INFO] DRV(110198,npu_reader):2026-09-21-11:29:20.635.716 [hdc_core.c:1982][ascend][curpid:110198,110272][drv][hdc][drvHdcSetSessionReference]Get pid number. (session=786; pid=110198)
[INFO] ATRACE(110198,npu_reader):2026-09-21-11:29:20.635.811 [atrace_client_communication.c:177](tid:110272) send [start] msg.
[INFO] ATRACE(110198,npu_reader):2026-09-21-11:29:20.635.878 [atrace_client_communication.c:189](tid:110272) send [start] msg successfully.
[INFO] TDT(110198,npu_reader):2026-09-21-11:29:20.636.051 [version_verify.cpp:71][PeerVersionCheck][tid:110198] VersionVerify: Check client version info, server[1230], client[1230]
[INFO] TDT(110198,npu_reader):2026-09-21-11:29:20.636.059 [version_verify.cpp:92][ParseVersionInfo][tid:110198] VersionVerify: pass client version info success
[INFO] TDT(110198,npu_reader):2026-09-21-11:29:20.636.062 [hdc_client.cpp:243][CheckHdcConnection][tid:110198] Service create hdc successfully.
[INFO] TDT(110198,npu_reader):2026-09-21-11:29:20.636.074 [process_mode_manager.cpp:2510][GetShortSocVersion][tid:110198] get soc_version:Ascend910_9362
[INFO] FE(110198,npu_reader):2026-09-21-11:29:20.636.099 [platform_info.cpp:75]110198 GetConfigFilePath:Current so file path is [/usr/local/Ascend/cann-9.1.0/aarch64-linux/].
[INFO] TDT(110198,npu_reader):2026-09-21-11:29:20.636.861 [process_mode_manager.cpp:2520][GetShortSocVersion][tid:110198] get short_soc_version:Ascend910_93
[INFO] TDT(110198,npu_reader):2026-09-21-11:29:20.636.881 [package_process_config.cpp:114][GetHostFilePath][tid:110198] get config path:/usr/local/Ascend/cann-9.1.0//conf/ascend_package_load.ini
[INFO] TDT(110198,npu_reader):2026-09-21-11:29:20.636.909 [package_process_config.cpp:142][ParseConfigDataFromFile][tid:110198] read config data current line:name:Ascend-aicpu_legacy.tar.gz
[INFO] TDT(110198,npu_reader):2026-09-21-11:29:20.636.923 [package_process_config.cpp:114][GetHostFilePath][tid:110198] get config path:/usr/local/Ascend/cann-9.1.0/opp/Ascend/aicpu/Ascend-aicpu_legacy.tar.gz
[INFO] TDT(110198,npu_reader):2026-09-21-11:29:20.636.926 [package_process_config.cpp:424][SetPkgHostTruePath][tid:110198] get package:Ascend-aicpu_legacy.tar.gz host real path:/usr/local/Ascend/cann-9.1.0/opp/Ascend/aicpu/Ascend-aicpu_legacy.tar.gz
[INFO] TDT(110198,npu_reader):2026-09-21-11:29:20.636.929 [package_process_config.cpp:45][PrintfInfo][tid:110198] package:Ascend-aicpu_legacy.tar.gz, decDstDir:2, findPath:opp, hostTruePath:/usr/local/Ascend/cann-9.1.0/opp/Ascend/aicpu/Ascend-aicpu_legacy.tar.gz, optionalFlag:1, validFlag:1, loadAsPerSocFlag:0
[INFO] TDT(110198,npu_reader):2026-09-21-11:29:20.636.933 [package_process_config.cpp:264][SetConfigDataOnHost][tid:110198] insert package:Ascend-aicpu_legacy.tar.gz config
[INFO] TDT(110198,npu_reader):2026-09-21-11:29:20.636.936 [package_process_config.cpp:142][ParseConfigDataFromFile][tid:110198] read config data current line:name:Ascend910-aicpu_legacy.tar.gz
[INFO] TDT(110198,npu_reader):2026-09-21-11:29:20.636.944 [package_process_config.cpp:111][GetHostFilePath][tid:110198] cannot get package file:/usr/local/Ascend/cann-9.1.0/opp/Ascend/aicpu/Ascend910-aicpu_legacy.tar.gz, reason:No such file or directory
[INFO] TDT(110198,npu_reader):2026-09-21-11:29:20.636.947 [package_process_config.cpp:424][SetPkgHostTruePath][tid:110198] get package:Ascend910-aicpu_legacy.tar.gz host real path:
[INFO] TDT(110198,npu_reader):2026-09-21-11:29:20.636.950 [package_process_config.cpp:45][PrintfInfo][tid:110198] package:Ascend910-aicpu_legacy.tar.gz, decDstDir:2, findPath:opp, hostTruePath:, optionalFlag:1, validFlag:1, loadAsPerSocFlag:0
[INFO] TDT(110198,npu_reader):2026-09-21-11:29:20.636.952 [package_process_config.cpp:264][SetConfigDataOnHost][tid:110198] insert package:Ascend910-aicpu_legacy.tar.gz config
[INFO] TDT(110198,npu_reader):2026-09-21-11:29:20.636.955 [package_process_config.cpp:142][ParseConfigDataFromFile][tid:110198] read config data current line:name:Ascend310P-aicpu_legacy.tar.gz
[INFO] TDT(110198,npu_reader):2026-09-21-11:29:20.636.962 [package_process_config.cpp:111][GetHostFilePath][tid:110198] cannot get package file:/usr/local/Ascend/cann-9.1.0/opp/Ascend/aicpu/Ascend310P-aicpu_legacy.tar.gz, reason:No such file or directory
[INFO] TDT(110198,npu_reader):2026-09-21-11:29:20.636.965 [package_process_config.cpp:424][SetPkgHostTruePath][tid:110198] get package:Ascend310P-aicpu_legacy.tar.gz host real path:
[INFO] TDT(110198,npu_reader):2026-09-21-11:29:20.636.968 [package_process_config.cpp:45][PrintfInfo][tid:110198] package:Ascend310P-aicpu_legacy.tar.gz, decDstDir:2, findPath:opp, hostTruePath:, optionalFlag:1, validFlag:1, loadAsPerSocFlag:0
[INFO] TDT(110198,npu_reader):2026-09-21-11:29:20.636.970 [package_process_config.cpp:264][SetConfigDataOnHost][tid:110198] insert package:Ascend310P-aicpu_legacy.tar.gz config
[INFO] TDT(110198,npu_reader):2026-09-21-11:29:20.636.973 [package_process_config.cpp:142][ParseConfigDataFromFile][tid:110198] read config data current line:name:aicpu_hccl.tar.gz
[INFO] TDT(110198,npu_reader):2026-09-21-11:29:20.636.982 [package_process_config.cpp:114][GetHostFilePath][tid:110198] get config path:/usr/local/Ascend/cann-9.1.0/opp/built-in/op_impl/aicpu/kernel/aicpu_hccl.tar.gz
[INFO] TDT(110198,npu_reader):2026-09-21-11:29:20.636.986 [package_process_config.cpp:424][SetPkgHostTruePath][tid:110198] get package:aicpu_hccl.tar.gz host real path:/usr/local/Ascend/cann-9.1.0/opp/built-in/op_impl/aicpu/kernel/aicpu_hccl.tar.gz
[INFO] TDT(110198,npu_reader):2026-09-21-11:29:20.636.989 [package_process_config.cpp:45][PrintfInfo][tid:110198] package:aicpu_hccl.tar.gz, decDstDir:2, findPath:opp/built-in/op_impl/aicpu/kernel, hostTruePath:/usr/local/Ascend/cann-9.1.0/opp/built-in/op_impl/aicpu/kernel/aicpu_hccl.tar.gz, optionalFlag:1, validFlag:1, loadAsPerSocFlag:0
[INFO] TDT(110198,npu_reader):2026-09-21-11:29:20.636.992 [package_process_config.cpp:264][SetConfigDataOnHost][tid:110198] insert package:aicpu_hccl.tar.gz config
[INFO] TDT(110198,npu_reader):2026-09-21-11:29:20.636.994 [package_process_config.cpp:142][ParseConfigDataFromFile][tid:110198] read config data current line:name:mc2_server.tar.gz
[INFO] TDT(110198,npu_reader):2026-09-21-11:29:20.637.002 [package_process_config.cpp:114][GetHostFilePath][tid:110198] get config path:/usr/local/Ascend/cann-9.1.0/opp/built-in/op_impl/aicpu/kernel/mc2_server.tar.gz
[INFO] TDT(110198,npu_reader):2026-09-21-11:29:20.637.005 [package_process_config.cpp:424][SetPkgHostTruePath][tid:110198] get package:mc2_server.tar.gz host real path:/usr/local/Ascend/cann-9.1.0/opp/built-in/op_impl/aicpu/kernel/mc2_server.tar.gz
[INFO] TDT(110198,npu_reader):2026-09-21-11:29:20.637.007 [package_process_config.cpp:45][PrintfInfo][tid:110198] package:mc2_server.tar.gz, decDstDir:2, findPath:opp/built-in/op_impl/aicpu/kernel, hostTruePath:/usr/local/Ascend/cann-9.1.0/opp/built-in/op_impl/aicpu/kernel/mc2_server.tar.gz, optionalFlag:1, validFlag:1, loadAsPerSocFlag:0
[INFO] TDT(110198,npu_reader):2026-09-21-11:29:20.637.010 [package_process_config.cpp:264][SetConfigDataOnHost][tid:110198] insert package:mc2_server.tar.gz config
[INFO] TDT(110198,npu_reader):2026-09-21-11:29:20.637.013 [package_process_config.cpp:142][ParseConfigDataFromFile][tid:110198] read config data current line:name:aicpu_hcomm.tar.gz
[INFO] TDT(110198,npu_reader):2026-09-21-11:29:20.637.020 [package_process_config.cpp:114][GetHostFilePath][tid:110198] get config path:/usr/local/Ascend/cann-9.1.0/opp/built-in/op_impl/aicpu/kernel/aicpu_hcomm.tar.gz
[INFO] TDT(110198,npu_reader):2026-09-21-11:29:20.637.022 [package_process_config.cpp:424][SetPkgHostTruePath][tid:110198] get package:aicpu_hcomm.tar.gz host real path:/usr/local/Ascend/cann-9.1.0/opp/built-in/op_impl/aicpu/kernel/aicpu_hcomm.tar.gz
[INFO] TDT(110198,npu_reader):2026-09-21-11:29:20.637.025 [package_process_config.cpp:45][PrintfInfo][tid:110198] package:aicpu_hcomm.tar.gz, decDstDir:2, findPath:opp/built-in/op_impl/aicpu/kernel, hostTruePath:/usr/local/Ascend/cann-9.1.0/opp/built-in/op_impl/aicpu/kernel/aicpu_hcomm.tar.gz, optionalFlag:1, validFlag:1, loadAsPerSocFlag:0
[INFO] TDT(110198,npu_reader):2026-09-21-11:29:20.637.027 [package_process_config.cpp:264][SetConfigDataOnHost][tid:110198] insert package:aicpu_hcomm.tar.gz config
[INFO] TDT(110198,npu_reader):2026-09-21-11:29:20.637.030 [package_process_config.cpp:142][ParseConfigDataFromFile][tid:110198] read config data current line:name:cann-hixl-compat.tar.gz
[INFO] TDT(110198,npu_reader):2026-09-21-11:29:20.637.037 [package_process_config.cpp:114][GetHostFilePath][tid:110198] get config path:/usr/local/Ascend/cann-9.1.0/opp/built-in/op_impl/aicpu/kernel/cann-hixl-compat.tar.gz
[INFO] TDT(110198,npu_reader):2026-09-21-11:29:20.637.040 [package_process_config.cpp:424][SetPkgHostTruePath][tid:110198] get package:cann-hixl-compat.tar.gz host real path:/usr/local/Ascend/cann-9.1.0/opp/built-in/op_impl/aicpu/kernel/cann-hixl-compat.tar.gz
[INFO] TDT(110198,npu_reader):2026-09-21-11:29:20.637.042 [package_process_config.cpp:45][PrintfInfo][tid:110198] package:cann-hixl-compat.tar.gz, decDstDir:2, findPath:opp/built-in/op_impl/aicpu/kernel, hostTruePath:/usr/local/Ascend/cann-9.1.0/opp/built-in/op_impl/aicpu/kernel/cann-hixl-compat.tar.gz, optionalFlag:1, validFlag:1, loadAsPerSocFlag:0
[INFO] TDT(110198,npu_reader):2026-09-21-11:29:20.637.046 [package_process_config.cpp:264][SetConfigDataOnHost][tid:110198] insert package:cann-hixl-compat.tar.gz config
[INFO] TDT(110198,npu_reader):2026-09-21-11:29:20.637.048 [package_process_config.cpp:142][ParseConfigDataFromFile][tid:110198] read config data current line:name:cann-hcomm-compat.tar.gz
[INFO] TDT(110198,npu_reader):2026-09-21-11:29:20.637.056 [package_process_config.cpp:114][GetHostFilePath][tid:110198] get config path:/usr/local/Ascend/cann-9.1.0/compat/cann-hcomm-compat.tar.gz
[INFO] TDT(110198,npu_reader):2026-09-21-11:29:20.637.058 [package_process_config.cpp:424][SetPkgHostTruePath][tid:110198] get package:cann-hcomm-compat.tar.gz host real path:/usr/local/Ascend/cann-9.1.0/compat/cann-hcomm-compat.tar.gz
[INFO] TDT(110198,npu_reader):2026-09-21-11:29:20.637.061 [package_process_config.cpp:45][PrintfInfo][tid:110198] package:cann-hcomm-compat.tar.gz, decDstDir:3, findPath:compat, hostTruePath:/usr/local/Ascend/cann-9.1.0/compat/cann-hcomm-compat.tar.gz, optionalFlag:1, validFlag:1, loadAsPerSocFlag:0
[INFO] TDT(110198,npu_reader):2026-09-21-11:29:20.637.063 [package_process_config.cpp:264][SetConfigDataOnHost][tid:110198] insert package:cann-hcomm-compat.tar.gz config
[INFO] TDT(110198,npu_reader):2026-09-21-11:29:20.637.066 [package_process_config.cpp:142][ParseConfigDataFromFile][tid:110198] read config data current line:name:cann-hccd-compat.tar.gz
[INFO] TDT(110198,npu_reader):2026-09-21-11:29:20.637.073 [package_process_config.cpp:114][GetHostFilePath][tid:110198] get config path:/usr/local/Ascend/cann-9.1.0/compat/cann-hccd-compat.tar.gz
[INFO] TDT(110198,npu_reader):2026-09-21-11:29:20.637.075 [package_process_config.cpp:424][SetPkgHostTruePath][tid:110198] get package:cann-hccd-compat.tar.gz host real path:/usr/local/Ascend/cann-9.1.0/compat/cann-hccd-compat.tar.gz
[INFO] TDT(110198,npu_reader):2026-09-21-11:29:20.637.077 [package_process_config.cpp:45][PrintfInfo][tid:110198] package:cann-hccd-compat.tar.gz, decDstDir:0, findPath:compat, hostTruePath:/usr/local/Ascend/cann-9.1.0/compat/cann-hccd-compat.tar.gz, optionalFlag:1, validFlag:1, loadAsPerSocFlag:0
[INFO] TDT(110198,npu_reader):2026-09-21-11:29:20.637.080 [package_process_config.cpp:264][SetConfigDataOnHost][tid:110198] insert package:cann-hccd-compat.tar.gz config
[INFO] TDT(110198,npu_reader):2026-09-21-11:29:20.637.083 [package_process_config.cpp:142][ParseConfigDataFromFile][tid:110198] read config data current line:name:cann-udf-compat.tar.gz
[INFO] TDT(110198,npu_reader):2026-09-21-11:29:20.637.089 [package_process_config.cpp:114][GetHostFilePath][tid:110198] get config path:/usr/local/Ascend/cann-9.1.0/compat/cann-udf-compat.tar.gz
[INFO] TDT(110198,npu_reader):2026-09-21-11:29:20.637.092 [package_process_config.cpp:424][SetPkgHostTruePath][tid:110198] get package:cann-udf-compat.tar.gz host real path:/usr/local/Ascend/cann-9.1.0/compat/cann-udf-compat.tar.gz
[INFO] TDT(110198,npu_reader):2026-09-21-11:29:20.637.094 [package_process_config.cpp:45][PrintfInfo][tid:110198] package:cann-udf-compat.tar.gz, decDstDir:0, findPath:compat, hostTruePath:/usr/local/Ascend/cann-9.1.0/compat/cann-udf-compat.tar.gz, optionalFlag:1, validFlag:1, loadAsPerSocFlag:0
[INFO] TDT(110198,npu_reader):2026-09-21-11:29:20.637.097 [package_process_config.cpp:264][SetConfigDataOnHost][tid:110198] insert package:cann-udf-compat.tar.gz config
[INFO] TDT(110198,npu_reader):2026-09-21-11:29:20.637.099 [package_process_config.cpp:142][ParseConfigDataFromFile][tid:110198] read config data current line:name:cann-tsch-compat.tar.gz
[INFO] TDT(110198,npu_reader):2026-09-21-11:29:20.637.106 [package_process_config.cpp:114][GetHostFilePath][tid:110198] get config path:/usr/local/Ascend/cann-9.1.0/compat/cann-tsch-compat.tar.gz
[INFO] TDT(110198,npu_reader):2026-09-21-11:29:20.637.109 [package_process_config.cpp:424][SetPkgHostTruePath][tid:110198] get package:cann-tsch-compat.tar.gz host real path:/usr/local/Ascend/cann-9.1.0/compat/cann-tsch-compat.tar.gz
[INFO] TDT(110198,npu_reader):2026-09-21-11:29:20.637.111 [package_process_config.cpp:45][PrintfInfo][tid:110198] package:cann-tsch-compat.tar.gz, decDstDir:3, findPath:compat, hostTruePath:/usr/local/Ascend/cann-9.1.0/compat/cann-tsch-compat.tar.gz, optionalFlag:1, validFlag:1, loadAsPerSocFlag:0
[INFO] TDT(110198,npu_reader):2026-09-21-11:29:20.637.114 [package_process_config.cpp:264][SetConfigDataOnHost][tid:110198] insert package:cann-tsch-compat.tar.gz config
[INFO] TDT(110198,npu_reader):2026-09-21-11:29:20.637.130 [package_process_config.cpp:328][RefreshHostPluginVersions][tid:110198] host plugin pkg:cann-hcomm-compat.tar.gz ini parsed, version:9.1.0 timestamp:20260921_190035795
[INFO] TDT(110198,npu_reader):2026-09-21-11:29:20.637.143 [package_process_config.cpp:328][RefreshHostPluginVersions][tid:110198] host plugin pkg:cann-tsch-compat.tar.gz ini parsed, version:9.1.0 timestamp:20260730_231653901
[INFO] TDT(110198,npu_reader):2026-09-21-11:29:20.637.153 [package_process_config.cpp:114][GetHostFilePath][tid:110198] get config path:/usr/local/Ascend/cann-9.1.0//conf/ascend_package_load.ini
[INFO] TDT(110198,npu_reader):2026-09-21-11:29:20.637.169 [tsd_sha256.cpp:275][operator()][tid:110198] [TsdSha256] Using ARM SHA2 Crypto Extensions accelerated path.
[INFO] TDT(110198,npu_reader):2026-09-21-11:29:20.637.178 [package_process_config.cpp:296][ConstructPkgConfigMsg][tid:110198] set config hash code:38b4b47eb913cf1085561f45e65f34545947a6650a0170ec4e4c333a0dc1912f
[INFO] TDT(110198,npu_reader):2026-09-21-11:29:20.637.181 [version_verify.cpp:117][SpecialFeatureCheck][tid:110198] VersionVerify: previous type[69], supported
[INFO] TDT(110198,npu_reader):2026-09-21-11:29:20.637.245 [hdc_client.cpp:116][CommRecvData][tid:110198] recv timeout is:150000 ms
[INFO] TDT(110198,npu_reader):2026-09-21-11:29:20.638.214 [process_mode_msg_parse.cpp:147][ServerToClientMsgProc][tid:110198] [ServerToClientMsgProc] [sessionID=1]
[INFO] TDT(110198,npu_reader):2026-09-21-11:29:20.638.222 [process_mode_msg_parse.cpp:450][SetDeviceCommonSinkPackHashValue][tid:110198] update device package:Ascend-aicpu_legacy.tar.gz hash value:ae6b685f4c145fe9fb9be3e631870b438c89caf22eec22d8eef34b57d7db0ee1
[INFO] TDT(110198,npu_reader):2026-09-21-11:29:20.638.226 [process_mode_msg_parse.cpp:450][SetDeviceCommonSinkPackHashValue][tid:110198] update device package:aicpu_hccl.tar.gz hash value:44aacf15f6653b693eaf49a09bcdfe9bcc32205430043bba6f2c854851a49770
[INFO] TDT(110198,npu_reader):2026-09-21-11:29:20.638.229 [process_mode_msg_parse.cpp:450][SetDeviceCommonSinkPackHashValue][tid:110198] update device package:aicpu_hcomm.tar.gz hash value:b8c79500d7da8dffd56b4940f3c88bb15e0d72d15e0144706966b94ca5dc85ea
[INFO] TDT(110198,npu_reader):2026-09-21-11:29:20.638.231 [process_mode_msg_parse.cpp:450][SetDeviceCommonSinkPackHashValue][tid:110198] update device package:cann-hixl-compat.tar.gz hash value:5aca585d459281e4b5809269c789b7adba50c95bb26bcfe6e1bf3d1b3498eb5c
[INFO] TDT(110198,npu_reader):2026-09-21-11:29:20.638.234 [process_mode_msg_parse.cpp:202][HandleDevicePluginVersionRsp][tid:110198] device plugin info rsp, pkgCount:0
[INFO] TDT(110198,npu_reader):2026-09-21-11:29:20.638.236 [process_mode_msg_parse.cpp:142][DeviceMsgProcess][tid:110198] [TsdClient] DeviceMsgProc recvMsg realDeviceId[2] msgType[70] localDevId[2] rspCode[0]heterogeneousSubPid[0], tsdSupportLevel_[0]
[INFO] TDT(110198,npu_reader):2026-09-21-11:29:20.638.239 [hdc_client.cpp:134][CommRecvData][tid:110198] [deviceId=2] the Tsd recv data already
[INFO] TDT(110198,npu_reader):2026-09-21-11:29:20.638.242 [process_mode_manager.cpp:2216][LoadPackageConfigInfoToDevice][tid:110198] Receive load package config response result:0
[INFO] TDT(110198,npu_reader):2026-09-21-11:29:20.638.256 [process_mode_manager.cpp:269][IsSupportCommonSink][tid:110198] mutexFile[/usr/local/Ascend/driver/lib64/driver/sink_file_mutex_0.cfg] found means supporting common sink
[INFO] TDT(110198,npu_reader):2026-09-21-11:29:20.638.259 [process_mode_manager.cpp:287][LoadSysOpKernel][tid:110198] [TsdClient][logicDeviceId_=2] use legacy package
[INFO] TDT(110198,npu_reader):2026-09-21-11:29:20.638.263 [client_manager.cpp:343][GetPackagePath][tid:110198] [TsdClient][deviceId=2] get packagePath[/usr/local/Ascend/cann-9.1.0/opp/built-in/]
[INFO] TDT(110198,npu_reader):2026-09-21-11:29:20.638.300 [client_manager.cpp:270][CheckPackageExistsOnce][tid:110198] [TsdClient][deviceId=2] check file[.], packageType[6]
[INFO] TDT(110198,npu_reader):2026-09-21-11:29:20.638.315 [client_manager.cpp:270][CheckPackageExistsOnce][tid:110198] [TsdClient][deviceId=2] check file[..], packageType[6]
[INFO] TDT(110198,npu_reader):2026-09-21-11:29:20.638.326 [client_manager.cpp:270][CheckPackageExistsOnce][tid:110198] [TsdClient][deviceId=2] check file[data], packageType[6]
[INFO] TDT(110198,npu_reader):2026-09-21-11:29:20.638.335 [client_manager.cpp:270][CheckPackageExistsOnce][tid:110198] [TsdClient][deviceId=2] check file[framework], packageType[6]
[INFO] TDT(110198,npu_reader):2026-09-21-11:29:20.638.345 [client_manager.cpp:270][CheckPackageExistsOnce][tid:110198] [TsdClient][deviceId=2] check file[op_graph], packageType[6]
[INFO] TDT(110198,npu_reader):2026-09-21-11:29:20.638.354 [client_manager.cpp:270][CheckPackageExistsOnce][tid:110198] [TsdClient][deviceId=2] check file[op_impl], packageType[6]
[INFO] TDT(110198,npu_reader):2026-09-21-11:29:20.638.363 [client_manager.cpp:270][CheckPackageExistsOnce][tid:110198] [TsdClient][deviceId=2] check file[op_proto], packageType[6]
[INFO] TDT(110198,npu_reader):2026-09-21-11:29:20.638.372 [client_manager.cpp:282][CheckPackageExistsOnce][tid:110198] [TsdClient][deviceId=2] pkg size[0] in path[/usr/local/Ascend/cann-9.1.0/opp/built-in/] must be only one, skip send package, packageType[6]
[INFO] TDT(110198,npu_reader):2026-09-21-11:29:20.638.375 [process_mode_manager.cpp:292][LoadSysOpKernel][tid:110198] [TsdClient][logicDeviceId_=2] can not find aicpu packages
[INFO] TDT(110198,npu_reader):2026-09-21-11:29:20.638.384 [process_mode_manager.cpp:269][IsSupportCommonSink][tid:110198] mutexFile[/usr/local/Ascend/driver/lib64/driver/sink_file_mutex_0.cfg] found means supporting common sink
[INFO] TDT(110198,npu_reader):2026-09-21-11:29:20.638.395 [process_mode_manager.cpp:2307][LoadSinglePackageToDevice][tid:110198] begin to load package:Ascend-aicpu_legacy.tar.gz to device:2
[INFO] TDT(110198,npu_reader):2026-09-21-11:29:20.638.399 [process_mode_manager.cpp:2264][SupportLoadPkg][tid:110198] current package:Ascend-aicpu_legacy.tar.gz does not need to check chiptype
[INFO] TDT(110198,npu_reader):2026-09-21-11:29:20.638.403 [package_process_config.cpp:393][GetPkgHostAndDeviceDstPath][tid:110198] get orgFile:/usr/local/Ascend/cann-9.1.0/opp/Ascend/aicpu/Ascend-aicpu_legacy.tar.gz, dstFile:/home/HwHiAiUser/hdcd/device0/aicpu/898909_Ascend-aicpu_legacy.tar.gz
[INFO] TDT(110198,npu_reader):2026-09-21-11:29:20.727.947 [process_mode_manager.cpp:456][SetHostCommonSinkPackHashValue][tid:110198] update host package:Ascend-aicpu_legacy.tar.gz hash value:ae6b685f4c145fe9fb9be3e631870b438c89caf22eec22d8eef34b57d7db0ee1
[INFO] TDT(110198,npu_reader):2026-09-21-11:29:20.727.965 [process_mode_manager.cpp:473][GetHostCommonSinkPackHashValue][tid:110198] get host package:Ascend-aicpu_legacy.tar.gz, hash value:ae6b685f4c145fe9fb9be3e631870b438c89caf22eec22d8eef34b57d7db0ee1
[INFO] TDT(110198,npu_reader):2026-09-21-11:29:20.727.968 [process_mode_manager.cpp:463][GetDeviceCommonSinkPackHashValue][tid:110198] get device package:Ascend-aicpu_legacy.tar.gz, hash value:ae6b685f4c145fe9fb9be3e631870b438c89caf22eec22d8eef34b57d7db0ee1
[INFO] TDT(110198,npu_reader):2026-09-21-11:29:20.727.971 [process_mode_manager.cpp:473][GetHostCommonSinkPackHashValue][tid:110198] get host package:Ascend-aicpu_legacy.tar.gz, hash value:ae6b685f4c145fe9fb9be3e631870b438c89caf22eec22d8eef34b57d7db0ee1
[INFO] TDT(110198,npu_reader):2026-09-21-11:29:20.727.974 [process_mode_manager.cpp:2333][LoadSinglePackageToDevice][tid:110198] current package:Ascend-aicpu_legacy.tar.gz is same as device, skip load
[INFO] TDT(110198,npu_reader):2026-09-21-11:29:20.727.978 [process_mode_manager.cpp:2307][LoadSinglePackageToDevice][tid:110198] begin to load package:Ascend310P-aicpu_legacy.tar.gz to device:2
[INFO] TDT(110198,npu_reader):2026-09-21-11:29:20.727.984 [process_mode_manager.cpp:2264][SupportLoadPkg][tid:110198] current package:Ascend310P-aicpu_legacy.tar.gz does not need to check chiptype
[INFO] TDT(110198,npu_reader):2026-09-21-11:29:20.727.988 [package_process_config.cpp:387][GetPkgHostAndDeviceDstPath][tid:110198] cannot find package:Ascend310P-aicpu_legacy.tar.gz
[INFO] TDT(110198,npu_reader):2026-09-21-11:29:20.727.991 [process_mode_manager.cpp:2322][LoadSinglePackageToDevice][tid:110198] cannot find package:Ascend310P-aicpu_legacy.tar.gz, optional is true skip
[INFO] TDT(110198,npu_reader):2026-09-21-11:29:20.727.993 [process_mode_manager.cpp:2307][LoadSinglePackageToDevice][tid:110198] begin to load package:Ascend910-aicpu_legacy.tar.gz to device:2
[INFO] TDT(110198,npu_reader):2026-09-21-11:29:20.727.996 [process_mode_manager.cpp:2264][SupportLoadPkg][tid:110198] current package:Ascend910-aicpu_legacy.tar.gz does not need to check chiptype
[INFO] TDT(110198,npu_reader):2026-09-21-11:29:20.727.999 [package_process_config.cpp:387][GetPkgHostAndDeviceDstPath][tid:110198] cannot find package:Ascend910-aicpu_legacy.tar.gz
[INFO] TDT(110198,npu_reader):2026-09-21-11:29:20.728.001 [process_mode_manager.cpp:2322][LoadSinglePackageToDevice][tid:110198] cannot find package:Ascend910-aicpu_legacy.tar.gz, optional is true skip
[INFO] TDT(110198,npu_reader):2026-09-21-11:29:20.728.003 [process_mode_manager.cpp:2307][LoadSinglePackageToDevice][tid:110198] begin to load package:aicpu_hccl.tar.gz to device:2
[INFO] TDT(110198,npu_reader):2026-09-21-11:29:20.728.006 [process_mode_manager.cpp:2277][SupportLoadPkg][tid:110198] current device chip:5 support package:aicpu_hccl.tar.gz
[INFO] TDT(110198,npu_reader):2026-09-21-11:29:20.728.011 [package_process_config.cpp:393][GetPkgHostAndDeviceDstPath][tid:110198] get orgFile:/usr/local/Ascend/cann-9.1.0/opp/built-in/op_impl/aicpu/kernel/aicpu_hccl.tar.gz, dstFile:/home/HwHiAiUser/hdcd/device0/aicpu/898909_aicpu_hccl.tar.gz
[INFO] TDT(110198,npu_reader):2026-09-21-11:29:20.729.700 [process_mode_manager.cpp:456][SetHostCommonSinkPackHashValue][tid:110198] update host package:aicpu_hccl.tar.gz hash value:44aacf15f6653b693eaf49a09bcdfe9bcc32205430043bba6f2c854851a49770
[INFO] TDT(110198,npu_reader):2026-09-21-11:29:20.729.716 [process_mode_manager.cpp:473][GetHostCommonSinkPackHashValue][tid:110198] get host package:aicpu_hccl.tar.gz, hash value:44aacf15f6653b693eaf49a09bcdfe9bcc32205430043bba6f2c854851a49770
[INFO] TDT(110198,npu_reader):2026-09-21-11:29:20.729.719 [process_mode_manager.cpp:463][GetDeviceCommonSinkPackHashValue][tid:110198] get device package:aicpu_hccl.tar.gz, hash value:44aacf15f6653b693eaf49a09bcdfe9bcc32205430043bba6f2c854851a49770
[INFO] TDT(110198,npu_reader):2026-09-21-11:29:20.729.722 [process_mode_manager.cpp:473][GetHostCommonSinkPackHashValue][tid:110198] get host package:aicpu_hccl.tar.gz, hash value:44aacf15f6653b693eaf49a09bcdfe9bcc32205430043bba6f2c854851a49770
[INFO] TDT(110198,npu_reader):2026-09-21-11:29:20.729.724 [process_mode_manager.cpp:2333][LoadSinglePackageToDevice][tid:110198] current package:aicpu_hccl.tar.gz is same as device, skip load
[INFO] TDT(110198,npu_reader):2026-09-21-11:29:20.729.727 [process_mode_manager.cpp:2307][LoadSinglePackageToDevice][tid:110198] begin to load package:aicpu_hcomm.tar.gz to device:2
[INFO] TDT(110198,npu_reader):2026-09-21-11:29:20.729.731 [process_mode_manager.cpp:2277][SupportLoadPkg][tid:110198] current device chip:5 support package:aicpu_hcomm.tar.gz
[INFO] TDT(110198,npu_reader):2026-09-21-11:29:20.729.737 [package_process_config.cpp:393][GetPkgHostAndDeviceDstPath][tid:110198] get orgFile:/usr/local/Ascend/cann-9.1.0/opp/built-in/op_impl/aicpu/kernel/aicpu_hcomm.tar.gz, dstFile:/home/HwHiAiUser/hdcd/device0/aicpu/898909_aicpu_hcomm.tar.gz
[INFO] TDT(110198,npu_reader):2026-09-21-11:29:20.740.406 [process_mode_manager.cpp:456][SetHostCommonSinkPackHashValue][tid:110198] update host package:aicpu_hcomm.tar.gz hash value:b8c79500d7da8dffd56b4940f3c88bb15e0d72d15e0144706966b94ca5dc85ea
[INFO] TDT(110198,npu_reader):2026-09-21-11:29:20.740.425 [process_mode_manager.cpp:473][GetHostCommonSinkPackHashValue][tid:110198] get host package:aicpu_hcomm.tar.gz, hash value:b8c79500d7da8dffd56b4940f3c88bb15e0d72d15e0144706966b94ca5dc85ea
[INFO] TDT(110198,npu_reader):2026-09-21-11:29:20.740.428 [process_mode_manager.cpp:463][GetDeviceCommonSinkPackHashValue][tid:110198] get device package:aicpu_hcomm.tar.gz, hash value:b8c79500d7da8dffd56b4940f3c88bb15e0d72d15e0144706966b94ca5dc85ea
[INFO] TDT(110198,npu_reader):2026-09-21-11:29:20.740.431 [process_mode_manager.cpp:473][GetHostCommonSinkPackHashValue][tid:110198] get host package:aicpu_hcomm.tar.gz, hash value:b8c79500d7da8dffd56b4940f3c88bb15e0d72d15e0144706966b94ca5dc85ea
[INFO] TDT(110198,npu_reader):2026-09-21-11:29:20.740.433 [process_mode_manager.cpp:2333][LoadSinglePackageToDevice][tid:110198] current package:aicpu_hcomm.tar.gz is same as device, skip load
[INFO] TDT(110198,npu_reader):2026-09-21-11:29:20.740.437 [process_mode_manager.cpp:2307][LoadSinglePackageToDevice][tid:110198] begin to load package:cann-hccd-compat.tar.gz to device:2
[INFO] TDT(110198,npu_reader):2026-09-21-11:29:20.740.440 [process_mode_manager.cpp:2269][SupportLoadPkg][tid:110198] package is not need load, name:cann-hccd-compat.tar.gz
[INFO] TDT(110198,npu_reader):2026-09-21-11:29:20.740.442 [process_mode_manager.cpp:2309][LoadSinglePackageToDevice][tid:110198] current package:cann-hccd-compat.tar.gz does not need to load to device:2
[INFO] TDT(110198,npu_reader):2026-09-21-11:29:20.740.445 [process_mode_manager.cpp:2307][LoadSinglePackageToDevice][tid:110198] begin to load package:cann-hcomm-compat.tar.gz to device:2
[INFO] TDT(110198,npu_reader):2026-09-21-11:29:20.740.447 [process_mode_manager.cpp:2277][SupportLoadPkg][tid:110198] current device chip:5 support package:cann-hcomm-compat.tar.gz
[INFO] TDT(110198,npu_reader):2026-09-21-11:29:20.740.450 [process_mode_manager.cpp:544][InitTsdClient][tid:110198] [TsdClient] tsd client has already been initialized
[INFO] TDT(110198,npu_reader):2026-09-21-11:29:20.740.455 [version_verify.cpp:117][SpecialFeatureCheck][tid:110198] VersionVerify: previous type[40], supported
[INFO] TDT(110198,npu_reader):2026-09-21-11:29:20.740.520 [hdc_client.cpp:116][CommRecvData][tid:110198] recv timeout is:10000 ms
[INFO] TDT(110198,npu_reader):2026-09-21-11:29:20.741.681 [process_mode_msg_parse.cpp:147][ServerToClientMsgProc][tid:110198] [ServerToClientMsgProc] [sessionID=1]
[INFO] TDT(110198,npu_reader):2026-09-21-11:29:20.741.685 [process_mode_msg_parse.cpp:142][DeviceMsgProcess][tid:110198] [TsdClient] DeviceMsgProc recvMsg realDeviceId[2] msgType[41] localDevId[2] rspCode[0]heterogeneousSubPid[0], tsdSupportLevel_[511]
[INFO] TDT(110198,npu_reader):2026-09-21-11:29:20.741.688 [hdc_client.cpp:134][CommRecvData][tid:110198] [deviceId=2] the Tsd recv data already
[INFO] TDT(110198,npu_reader):2026-09-21-11:29:20.741.691 [process_mode_manager.cpp:1755][IsSupportCommonInterface][tid:110198] IsSupportCommonInterface check was not successful, level[9], tsd support level[511]
[INFO] TDT(110198,npu_reader):2026-09-21-11:29:20.741.693 [process_mode_manager.cpp:2315][LoadSinglePackageToDevice][tid:110198] device does not support cann-hcomm-compat package, skip load to device:2
[INFO] TDT(110198,npu_reader):2026-09-21-11:29:20.741.696 [process_mode_manager.cpp:2307][LoadSinglePackageToDevice][tid:110198] begin to load package:cann-hixl-compat.tar.gz to device:2
[INFO] TDT(110198,npu_reader):2026-09-21-11:29:20.741.699 [process_mode_manager.cpp:2277][SupportLoadPkg][tid:110198] current device chip:5 support package:cann-hixl-compat.tar.gz
[INFO] TDT(110198,npu_reader):2026-09-21-11:29:20.741.704 [package_process_config.cpp:393][GetPkgHostAndDeviceDstPath][tid:110198] get orgFile:/usr/local/Ascend/cann-9.1.0/opp/built-in/op_impl/aicpu/kernel/cann-hixl-compat.tar.gz, dstFile:/home/HwHiAiUser/hdcd/device0/aicpu/898909_cann-hixl-compat.tar.gz
[INFO] TDT(110198,npu_reader):2026-09-21-11:29:20.741.794 [process_mode_manager.cpp:456][SetHostCommonSinkPackHashValue][tid:110198] update host package:cann-hixl-compat.tar.gz hash value:5aca585d459281e4b5809269c789b7adba50c95bb26bcfe6e1bf3d1b3498eb5c
[INFO] TDT(110198,npu_reader):2026-09-21-11:29:20.741.800 [process_mode_manager.cpp:473][GetHostCommonSinkPackHashValue][tid:110198] get host package:cann-hixl-compat.tar.gz, hash value:5aca585d459281e4b5809269c789b7adba50c95bb26bcfe6e1bf3d1b3498eb5c
[INFO] TDT(110198,npu_reader):2026-09-21-11:29:20.741.803 [process_mode_manager.cpp:463][GetDeviceCommonSinkPackHashValue][tid:110198] get device package:cann-hixl-compat.tar.gz, hash value:5aca585d459281e4b5809269c789b7adba50c95bb26bcfe6e1bf3d1b3498eb5c
[INFO] TDT(110198,npu_reader):2026-09-21-11:29:20.741.806 [process_mode_manager.cpp:473][GetHostCommonSinkPackHashValue][tid:110198] get host package:cann-hixl-compat.tar.gz, hash value:5aca585d459281e4b5809269c789b7adba50c95bb26bcfe6e1bf3d1b3498eb5c
[INFO] TDT(110198,npu_reader):2026-09-21-11:29:20.741.808 [process_mode_manager.cpp:2333][LoadSinglePackageToDevice][tid:110198] current package:cann-hixl-compat.tar.gz is same as device, skip load
[INFO] TDT(110198,npu_reader):2026-09-21-11:29:20.741.810 [process_mode_manager.cpp:2307][LoadSinglePackageToDevice][tid:110198] begin to load package:cann-tsch-compat.tar.gz to device:2
[INFO] TDT(110198,npu_reader):2026-09-21-11:29:20.741.813 [process_mode_manager.cpp:2282][SupportLoadPkg][tid:110198] current device chip:5 does not support package:cann-tsch-compat.tar.gz
[INFO] TDT(110198,npu_reader):2026-09-21-11:29:20.741.816 [process_mode_manager.cpp:2309][LoadSinglePackageToDevice][tid:110198] current package:cann-tsch-compat.tar.gz does not need to load to device:2
[INFO] TDT(110198,npu_reader):2026-09-21-11:29:20.741.818 [process_mode_manager.cpp:2307][LoadSinglePackageToDevice][tid:110198] begin to load package:cann-udf-compat.tar.gz to device:2
[INFO] TDT(110198,npu_reader):2026-09-21-11:29:20.741.820 [process_mode_manager.cpp:2269][SupportLoadPkg][tid:110198] package is not need load, name:cann-udf-compat.tar.gz
[INFO] TDT(110198,npu_reader):2026-09-21-11:29:20.741.823 [process_mode_manager.cpp:2309][LoadSinglePackageToDevice][tid:110198] current package:cann-udf-compat.tar.gz does not need to load to device:2
[INFO] TDT(110198,npu_reader):2026-09-21-11:29:20.741.825 [process_mode_manager.cpp:2307][LoadSinglePackageToDevice][tid:110198] begin to load package:mc2_server.tar.gz to device:2
[INFO] TDT(110198,npu_reader):2026-09-21-11:29:20.741.828 [process_mode_manager.cpp:2282][SupportLoadPkg][tid:110198] current device chip:5 does not support package:mc2_server.tar.gz
[INFO] TDT(110198,npu_reader):2026-09-21-11:29:20.741.830 [process_mode_manager.cpp:2309][LoadSinglePackageToDevice][tid:110198] current package:mc2_server.tar.gz does not need to load to device:2
[INFO] TDT(110198,npu_reader):2026-09-21-11:29:20.741.835 [process_mode_manager.cpp:544][InitTsdClient][tid:110198] [TsdClient] tsd client has already been initialized
[INFO] TDT(110198,npu_reader):2026-09-21-11:29:20.741.839 [process_mode_manager.cpp:620][ConstructOpenMsg][tid:110198] [TsdClient] tsd get process sign successfully, procpid[898909] signSize[48]
[INFO] TDT(110198,npu_reader):2026-09-21-11:29:20.741.842 [process_mode_base.cpp:171][SetTsdClientCapabilityLevel][tid:110198] Set tsdclient capability level, value is [2].
[INFO] TDT(110198,npu_reader):2026-09-21-11:29:20.741.847 [version_verify.cpp:117][SpecialFeatureCheck][tid:110198] VersionVerify: previous type[6], supported
[INFO] TDT(110198,npu_reader):2026-09-21-11:29:20.741.904 [process_mode_manager.cpp:159][OpenProcess][tid:110198] [ProcessModeManager] deviceId[2] sessionId[1] rankSize[0], wait subprocess start response
[WARNING] TDT(110198,npu_reader):2026-09-21-11:29:20.741.907 [env_internal_api.cpp:21][GetEnvFromMmSys][tid:110198] Get env[ASAN_RUN_MODE] failed
[INFO] TDT(110198,npu_reader):2026-09-21-11:29:20.741.910 [hdc_client.cpp:116][CommRecvData][tid:110198] recv timeout is:150000 ms
[INFO] TDT(110198,npu_reader):2026-09-21-11:29:20.939.713 [process_mode_msg_parse.cpp:147][ServerToClientMsgProc][tid:110198] [ServerToClientMsgProc] [sessionID=1]
[INFO] TDT(110198,npu_reader):2026-09-21-11:29:20.939.727 [process_mode_msg_parse.cpp:142][DeviceMsgProcess][tid:110198] [TsdClient] DeviceMsgProc recvMsg realDeviceId[2] msgType[8] localDevId[2] rspCode[0]heterogeneousSubPid[0], tsdSupportLevel_[511]
[INFO] TDT(110198,npu_reader):2026-09-21-11:29:20.939.730 [hdc_client.cpp:134][CommRecvData][tid:110198] [deviceId=2] the Tsd recv data already
[INFO] TDT(110198,npu_reader):2026-09-21-11:29:20.939.734 [stub_process_mode_nowin.cpp:22][ProcessQueueForAdc][tid:110198] [TsdClient] it is unnecessary for current mode[0] to grant queue auth to aicpusd
[INFO] TDT(110198,npu_reader):2026-09-21-11:29:20.939.737 [process_mode_manager.cpp:197][OpenProcess][tid:110198] [TsdClient][deviceId=2] [sessionId=1] start hccp and computer process success,whole process spent time as follows:phase1:[3]ms load sink package config to device,phase2:[0]ms load opkernel to device,phase3:[103]ms load sink package to device,phase4:[0]ms send open message to device,phase5:[197]ms receive open message to device,phase6:[0]ms process for adc on host,whole duration:[305]ms
[INFO] RUNTIME(110198,npu_reader):2026-09-21-11:29:20.939.742 [runtime.cc:1876] 110198 startAicpuExecutor: userDeviceId=2, devId=2, tsdOpen ret=0
[INFO] RUNTIME(110198,npu_reader):2026-09-21-11:29:20.939.745 [runtime.cc:1888] 110198 startAicpuExecutor: TsdOpen success, devId=2, ret=0
[INFO] RUNTIME(110198,npu_reader):2026-09-21-11:29:20.939.754 [runtime.cc:2724] 110198 DeviceRetain: new dev ok id=2, rawDevSize=3752 (bytes), ts_id=0
[INFO] RUNTIME(110198,npu_reader):2026-09-21-11:29:20.939.757 [raw_device.cc:1524] 110198 DevSetTsId: tsId=0
[INFO] RUNTIME(110198,npu_reader):2026-09-21-11:29:20.939.761 [npu_driver.cc:422] 110198 DeviceOpen: Open device start, device_id=2, tsId=0.
[INFO] DRV(110198,npu_reader):2026-09-21-11:29:20.939.764 [event_sched.c:1536][ascend][curpid:110198,110198][drv][event-sche][eschedDeviceOpen]The devId open success. (devId=2)
[INFO] DRV(110198,npu_reader):2026-09-21-11:29:20.939.806 [trs_sqcq.c:418][ascend][curpid:110198,110198][drv][tsdrv][trsDevSqCqInit]Sqcq init. (devid=2)
[INFO] DRV(110198,npu_reader):2026-09-21-11:29:20.939.863 [trs_sqcq.c:354][ascend][curpid:110198,110198][drv][tsdrv][trsIdTypeInit]Id type init success. (devId=2; tsId=0; id_type=6; num=2044)
[INFO] DRV(110198,npu_reader):2026-09-21-11:29:20.939.921 [trs_sqcq.c:354][ascend][curpid:110198,110198][drv][tsdrv][trsIdTypeInit]Id type init success. (devId=2; tsId=0; id_type=7; num=2044)
[INFO] DRV(110198,npu_reader):2026-09-21-11:29:20.939.953 [trs_sqcq.c:354][ascend][curpid:110198,110198][drv][tsdrv][trsIdTypeInit]Id type init success. (devId=2; tsId=0; id_type=10; num=1024)
[INFO] DRV(110198,npu_reader):2026-09-21-11:29:20.939.984 [trs_sqcq.c:354][ascend][curpid:110198,110198][drv][tsdrv][trsIdTypeInit]Id type init success. (devId=2; tsId=0; id_type=11; num=1024)
[INFO] DRV(110198,npu_reader):2026-09-21-11:29:20.940.882 [trs_sqcq.c:354][ascend][curpid:110198,110198][drv][tsdrv][trsIdTypeInit]Id type init success. (devId=2; tsId=0; id_type=12; num=32768)
[INFO] DRV(110198,npu_reader):2026-09-21-11:29:20.940.894 [trs_sqcq.c:354][ascend][curpid:110198,110198][drv][tsdrv][trsIdTypeInit]Id type init success. (devId=2; tsId=0; id_type=8; num=16)
[INFO] DRV(110198,npu_reader):2026-09-21-11:29:20.940.898 [trs_sqcq.c:354][ascend][curpid:110198,110198][drv][tsdrv][trsIdTypeInit]Id type init success. (devId=2; tsId=0; id_type=9; num=16)
[INFO] DRV(110198,npu_reader):2026-09-21-11:29:20.940.901 [trs_sqcq.c:354][ascend][curpid:110198,110198][drv][tsdrv][trsIdTypeInit]Id type init success. (devId=2; tsId=0; id_type=13; num=4)
[INFO] DRV(110198,npu_reader):2026-09-21-11:29:20.940.904 [trs_sqcq.c:354][ascend][curpid:110198,110198][drv][tsdrv][trsIdTypeInit]Id type init success. (devId=2; tsId=0; id_type=14; num=10)
[INFO] DRV(110198,npu_reader):2026-09-21-11:29:20.940.975 [event_sched.c:663][ascend][curpid:110198,110198][drv][event-sche][halEschedAttachDevice]Attach device finish. (ret=0; devId=2)
[INFO] DRV(110198,npu_reader):2026-09-21-11:29:20.941.024 [event_sched.c:1108][ascend][curpid:110198,110198][drv][event-sche][eschedCreateGrp]Esched create grp success. (devId=2; gid=11; sched_mode=2; grpName=)
[INFO] DRV(110198,npu_reader):2026-09-21-11:29:20.942.004 [trs_dev_drv.c:302][ascend][curpid:110198,110198][drv][tsdrv][drvDeviceOpenComm]Open success. (devid=2; fd=10; mmapFd=11)
[INFO] DRV(110198,npu_reader):2026-09-21-11:29:20.942.011 [devmm_svm.c:157][ascend][curpid:110198,110198][drv][devmm][devmm_setup_device]DrvMemDeviceOpen. (devid=2)
[INFO] DRV(110198,npu_reader):2026-09-21-11:29:20.942.597 [devmm_virt_interface.c:462][ascend][curpid:110198,110198][drv][devmm][devmm_ioctl_init_process]Init_process details. (hostpid=110198; ret=0; cnt=0)
[INFO] DRV(110198,npu_reader):2026-09-21-11:29:20.942.808 [drv_share_log.c:240][ascend][curpid:110198,110198][drv][devmm][share_log_read_in_single_module]Setup device succeeded. (logical_devid=2; devid=2; vfid=0; hostpid=898909; devpid=19529)
[INFO] DRV(110198,npu_reader):2026-09-21-11:29:20.942.814 [devmm_svm.c:119][ascend][curpid:110198,110198][drv][devmm][devmm_set_device_info]Device info. (devid=2; dvpp_size=17179869184; support_bar_mem=0; support_dev_read_only=1; support_dev_mem_map_host=0; support_bar_huge_mem=1; allocated_by_malloc=0; host_rw_dev_ro=1)
[INFO] DRV(110198,npu_reader):2026-09-21-11:29:20.942.818 [devmm_svm.c:125][ascend][curpid:110198,110198][drv][devmm][devmm_set_device_info]Device info. (double_pgtable_offset=17592186044416; support_host_pin_pre_register=1; support_host_mem_pool=1; is_support_agent_giant_page=1; is_support_host_giant_page=0; support_remote_mmap=1; support_shmem_map_exbus=1; support_mem_host_uva=1)
[INFO] DRV(110198,npu_reader):2026-09-21-11:29:20.943.358 [devmm_host_mem_pool.c:170][ascend][curpid:110198,110198][drv][devmm][devmm_host_mem_pool_init]devmm host mem pool init success. (devid=2)
[INFO] DRV(110198,npu_reader):2026-09-21-11:29:20.943.364 [queue_interface.c:655][ascend][curpid:110198,110198][drv][queuemng][queueDeviceOpen]queue open finish. (devId=2)
[INFO] RUNTIME(110198,npu_reader):2026-09-21-11:29:20.943.423 [npu_driver.cc:471] 110198 DeviceOpen: Open device success, device_id=2, tsId=0, SSID=898909.
[INFO] RUNTIME(110198,npu_reader):2026-09-21-11:29:20.943.427 [npu_driver.cc:1109] 110198 CheckIsSupportFeature: Support FEATURE_SVM_GET_USER_MALLOC_ATTR, drv devId=2.
[INFO] RUNTIME(110198,npu_reader):2026-09-21-11:29:20.943.430 [npu_driver.cc:1109] 110198 CheckIsSupportFeature: Not support FEATURE_SVM_MEM_REGISTER_QUERY_AND_GET_ATTR, drv devId=2.
[INFO] RUNTIME(110198,npu_reader):2026-09-21-11:29:20.943.433 [task_manager.cc:1082] 110198 RefreshTaskFuncPointer: Task func pointer refreshed to chip type: 5
[INFO] RUNTIME(110198,npu_reader):2026-09-21-11:29:20.943.437 [raw_device.cc:547] 110198 Init: chipType:0x5
[INFO] RUNTIME(110198,npu_reader):2026-09-21-11:29:20.943.447 [raw_device.cc:560] 110198 Init: isAddrFlat:0x1
[INFO] DRV(110198,npu_reader):2026-09-21-11:29:20.943.451 [devmm_svm.c:2232][ascend][curpid:110198,110198][drv][devmm][devmm_ctrl_support_feature]RTS note drv support feature. (in_feature=0x1; out_feature=0x1)
[INFO] RUNTIME(110198,npu_reader):2026-09-21-11:29:20.943.454 [npu_driver_mem.cc:2480] 110198 SupportNumaTsMemCtrl: chip type=5, support flag=1
[INFO] DRV(110198,npu_reader):2026-09-21-11:29:20.944.180 [devdrv_manager.c:1089][ascend][curpid:110198,110198][drv][devmng][drvGetSystemInfo]This version does not support this type. (dev_id=2; Type=64)
[INFO] DRV(110198,npu_reader):2026-09-21-11:29:20.944.185 [devdrv_manager.c:2016][ascend][curpid:110198,110198][drv][devmng][halGetDeviceInfo]Reasult of call halgetdeviceinfo. (ret=3; module_type=0; info_type=64).
[INFO] RUNTIME(110198,npu_reader):2026-09-21-11:29:20.944.188 [raw_device.cc:615] 110198 Init: Get phy info, phy chip id 1, phy die id 0
[INFO] RUNTIME(110198,npu_reader):2026-09-21-11:29:20.944.191 [runtime.cc:1788] 110198 GetTsdQos: [TSD] start get qos, devId=2
[INFO] TDT(110198,npu_reader):2026-09-21-11:29:20.944.194 [tsd_client.cpp:188][TsdCapabilityGet][tid:110198] TsdCapabilityGet Begin.
[INFO] TDT(110198,npu_reader):2026-09-21-11:29:20.944.202 [process_mode_manager.cpp:1075][CapabilityGet][tid:110198] [ProcessModeManager] enter into CapabilityGet process deviceId[2] type[0].
[INFO] TDT(110198,npu_reader):2026-09-21-11:29:20.944.205 [process_mode_manager.cpp:544][InitTsdClient][tid:110198] [TsdClient] tsd client has already been initialized
[INFO] TDT(110198,npu_reader):2026-09-21-11:29:20.944.210 [version_verify.cpp:117][SpecialFeatureCheck][tid:110198] VersionVerify: previous type[38], supported
[INFO] TDT(110198,npu_reader):2026-09-21-11:29:20.944.272 [process_mode_manager.cpp:1098][CapabilityGet][tid:110198] [TsdClient][deviceId=2] [sessionId=1] [type=0]send capability successfully.
[INFO] TDT(110198,npu_reader):2026-09-21-11:29:20.944.275 [hdc_client.cpp:116][CommRecvData][tid:110198] recv timeout is:150000 ms
[INFO] TDT(110198,npu_reader):2026-09-21-11:29:20.945.050 [process_mode_msg_parse.cpp:267][CapabilityResMsgProc][tid:110198] [CapabilityResMsgProc] [sessionID=1]
[INFO] TDT(110198,npu_reader):2026-09-21-11:29:20.945.054 [process_mode_msg_parse.cpp:262][PidQosMsgProc][tid:110198] [TsdClient] PidQosMsgProc recvMsg realDeviceId[2] msgType[39] localDevId[2] rspCode[0],pidqos[1]
[INFO] TDT(110198,npu_reader):2026-09-21-11:29:20.945.057 [hdc_client.cpp:134][CommRecvData][tid:110198] [deviceId=2] the Tsd recv data already
[INFO] TDT(110198,npu_reader):2026-09-21-11:29:20.945.060 [process_mode_manager.cpp:1103][CapabilityGet][tid:110198] [TsdClient][logicDeviceId_=2][type=0][pidQos=1][ret=0]recv capability response finished.
[INFO] RUNTIME(110198,npu_reader):2026-09-21-11:29:20.945.063 [runtime.cc:1799] 110198 GetTsdQos: [TSD] get qos success, userDeviceId=2, devId=2, qos=1
[INFO] RUNTIME(110198,npu_reader):2026-09-21-11:29:20.945.068 [engine.cc:82] 110198 Engine: Constructor.
[INFO] RUNTIME(110198,npu_reader):2026-09-21-11:29:20.945.071 [stars_engine.cc:53] 110198 StarsEngine: Constructor.
[INFO] RUNTIME(110198,npu_reader):2026-09-21-11:29:20.945.073 [engine_factory.cc:32] 110198 CreateEngine: new StarsEngine, Runtime_alloc_size 344
[INFO] RUNTIME(110198,npu_reader):2026-09-21-11:29:20.945.076 [engine_factory.cc:45] 110198 CreateEngine: Engine init success.
[INFO] RUNTIME(110198,npu_reader):2026-09-21-11:29:20.945.079 [raw_device.cc:628] 110198 Init: new SpmPool ok, Runtime_alloc_size 56(bytes)
[INFO] RUNTIME(110198,npu_reader):2026-09-21-11:29:20.945.081 [spm_pool.cc:47] 110198 Init: new buffer ok, Runtime_alloc_size 128
[INFO] RUNTIME(110198,npu_reader):2026-09-21-11:29:20.945.182 [buffer_allocator.cc:70] 110198 BufferAllocator: alloc success, Runtime_alloc_size 128(bytes)
[INFO] RUNTIME(110198,npu_reader):2026-09-21-11:29:20.945.186 [spm_pool.cc:61] 110198 Init: new BufferAllocator ok, Runtime_alloc_size 216
[INFO] RUNTIME(110198,npu_reader):2026-09-21-11:29:20.945.190 [raw_device.cc:657] 110198 Init: new UmaArgLoader ok, Runtime_alloc_size 296(bytes)
[INFO] DRV(110198,npu_reader):2026-09-21-11:29:20.945.194 [devmm_svm.c:2232][ascend][curpid:110198,110198][drv][devmm][devmm_ctrl_support_feature]RTS note drv support feature. (in_feature=0xa; out_feature=0x8)
[INFO] RUNTIME(110198,npu_reader):2026-09-21-11:29:20.945.196 [npu_driver_mem.cc:2584] 110198 CheckSupportPcieBarCopy: chip type=5, drv support pcie bar copy
[INFO] DRV(110198,npu_reader):2026-09-21-11:29:20.945.199 [devmm_svm.c:2232][ascend][curpid:110198,110198][drv][devmm][devmm_ctrl_support_feature]RTS note drv support feature. (in_feature=0xa; out_feature=0x8)
[INFO] RUNTIME(110198,npu_reader):2026-09-21-11:29:20.945.202 [npu_driver_mem.cc:2584] 110198 CheckSupportPcieBarCopy: chip type=5, drv support pcie bar copy
[INFO] RUNTIME(110198,npu_reader):2026-09-21-11:29:20.947.570 [buffer_allocator.cc:70] 110198 BufferAllocator: alloc success, Runtime_alloc_size 524288(bytes)
[INFO] RUNTIME(110198,npu_reader):2026-09-21-11:29:20.947.587 [task_allocator.cc:72] 110198 DefaultAlloc: Runtime_alloc_size 32768(bytes)
[INFO] RUNTIME(110198,npu_reader):2026-09-21-11:29:20.947.593 [buffer_allocator.cc:70] 110198 BufferAllocator: alloc success, Runtime_alloc_size 136(bytes)
[INFO] RUNTIME(110198,npu_reader):2026-09-21-11:29:20.947.600 [h2d_copy_mgr.cc:60] 110198 H2DCopyMgr: alloc h2d copy buff success, policy 2
[INFO] DRV(110198,npu_reader):2026-09-21-11:29:20.947.604 [devmm_svm.c:2232][ascend][curpid:110198,110198][drv][devmm][devmm_ctrl_support_feature]RTS note drv support feature. (in_feature=0xa; out_feature=0x8)
[INFO] RUNTIME(110198,npu_reader):2026-09-21-11:29:20.947.607 [npu_driver_mem.cc:2584] 110198 CheckSupportPcieBarCopy: chip type=5, drv support pcie bar copy
[INFO] RUNTIME(110198,npu_reader):2026-09-21-11:29:20.948.160 [buffer_allocator.cc:70] 110198 BufferAllocator: alloc success, Runtime_alloc_size 4194304(bytes)
[INFO] RUNTIME(110198,npu_reader):2026-09-21-11:29:20.948.173 [task_allocator.cc:72] 110198 DefaultAlloc: Runtime_alloc_size 4096(bytes)
[INFO] RUNTIME(110198,npu_reader):2026-09-21-11:29:20.948.176 [buffer_allocator.cc:70] 110198 BufferAllocator: alloc success, Runtime_alloc_size 160(bytes)
[INFO] RUNTIME(110198,npu_reader):2026-09-21-11:29:20.948.178 [h2d_copy_mgr.cc:60] 110198 H2DCopyMgr: alloc h2d copy buff success, policy 2
[INFO] DRV(110198,npu_reader):2026-09-21-11:29:20.948.182 [devmm_svm.c:2232][ascend][curpid:110198,110198][drv][devmm][devmm_ctrl_support_feature]RTS note drv support feature. (in_feature=0xa; out_feature=0x8)
[INFO] RUNTIME(110198,npu_reader):2026-09-21-11:29:20.948.185 [npu_driver_mem.cc:2584] 110198 CheckSupportPcieBarCopy: chip type=5, drv support pcie bar copy
[INFO] RUNTIME(110198,npu_reader):2026-09-21-11:29:20.948.832 [buffer_allocator.cc:70] 110198 BufferAllocator: alloc success, Runtime_alloc_size 8388608(bytes)
[INFO] RUNTIME(110198,npu_reader):2026-09-21-11:29:20.948.845 [task_allocator.cc:72] 110198 DefaultAlloc: Runtime_alloc_size 2048(bytes)
[INFO] RUNTIME(110198,npu_reader):2026-09-21-11:29:20.948.848 [buffer_allocator.cc:70] 110198 BufferAllocator: alloc success, Runtime_alloc_size 168(bytes)
[INFO] RUNTIME(110198,npu_reader):2026-09-21-11:29:20.948.850 [h2d_copy_mgr.cc:60] 110198 H2DCopyMgr: alloc h2d copy buff success, policy 2
[INFO] RUNTIME(110198,npu_reader):2026-09-21-11:29:20.948.853 [uma_arg_loader.cc:101] 110198 Init: new BufferAllocator superArgAllocator_ ok, Runtime_alloc_size 216
[INFO] RUNTIME(110198,npu_reader):2026-09-21-11:29:20.948.856 [task_allocator.cc:72] 110198 DefaultAlloc: Runtime_alloc_size 24576(bytes)
[INFO] RUNTIME(110198,npu_reader):2026-09-21-11:29:20.948.859 [buffer_allocator.cc:70] 110198 BufferAllocator: alloc success, Runtime_alloc_size 136(bytes)
[INFO] RUNTIME(110198,npu_reader):2026-09-21-11:29:20.948.862 [uma_arg_loader.cc:108] 110198 Init: new BufferAllocator handleAllocator_ ok, Runtime_alloc_size 216
[INFO] RUNTIME(110198,npu_reader):2026-09-21-11:29:20.949.577 [buffer_allocator.cc:70] 110198 BufferAllocator: alloc success, Runtime_alloc_size 2097152(bytes)
[INFO] RUNTIME(110198,npu_reader):2026-09-21-11:29:20.949.588 [uma_arg_loader.cc:116] 110198 Init: new BufferAllocator kernelInfoAllocator_ ok, Runtime_alloc_size 216
[INFO] RUNTIME(110198,npu_reader):2026-09-21-11:29:20.949.590 [uma_arg_loader.cc:118] 110198 Init: ALLOC PCIE is support[1]
[INFO] DRV(110198,npu_reader):2026-09-21-11:29:20.949.595 [devmm_svm.c:2232][ascend][curpid:110198,110198][drv][devmm][devmm_ctrl_support_feature]RTS note drv support feature. (in_feature=0xa; out_feature=0x8)
[INFO] RUNTIME(110198,npu_reader):2026-09-21-11:29:20.949.598 [npu_driver_mem.cc:2584] 110198 CheckSupportPcieBarCopy: chip type=5, drv support pcie bar copy
[INFO] RUNTIME(110198,npu_reader):2026-09-21-11:29:20.949.725 [buffer_allocator.cc:70] 110198 BufferAllocator: alloc success, Runtime_alloc_size 524288(bytes)
[INFO] RUNTIME(110198,npu_reader):2026-09-21-11:29:20.949.729 [h2d_copy_mgr.cc:60] 110198 H2DCopyMgr: alloc h2d copy buff success, policy 1
[INFO] RUNTIME(110198,npu_reader):2026-09-21-11:29:20.949.735 [raw_device.cc:669] 110198 Init: new StreamSqCqManage ok, Runtime_alloc_size 512(bytes)
[INFO] RUNTIME(110198,npu_reader):2026-09-21-11:29:20.949.738 [raw_device.cc:674] 110198 Init: New taskFactory ok, Runtime_alloc_size 136(bytes)
[INFO] RUNTIME(110198,npu_reader):2026-09-21-11:29:20.949.745 [task_allocator.cc:72] 110198 DefaultAlloc: Runtime_alloc_size 458752(bytes)
[INFO] RUNTIME(110198,npu_reader):2026-09-21-11:29:20.949.770 [buffer_allocator.cc:70] 110198 BufferAllocator: alloc success, Runtime_alloc_size 136(bytes)
[INFO] RUNTIME(110198,npu_reader):2026-09-21-11:29:20.949.905 [raw_device.cc:115] 110198 Init: ObjAllocator alloc success, Runtime_alloc_size 160000(bytes)
[INFO] RUNTIME(110198,npu_reader):2026-09-21-11:29:20.949.952 [raw_device.cc:127] 110198 Init: ObjAllocator alloc success, Runtime_alloc_size 960000(bytes)
[INFO] RUNTIME(110198,npu_reader):2026-09-21-11:29:20.949.956 [raw_device.cc:702] 110198 Init: new DeviceSqCqPool ok, Runtime_alloc_size 96(bytes)
[INFO] RUNTIME(110198,npu_reader):2026-09-21-11:29:20.949.959 [raw_device.cc:711] 110198 Init: new SqAddrMemoryOrder ok, Runtime_alloc_size 88(bytes)
[INFO] RUNTIME(110198,npu_reader):2026-09-21-11:29:20.949.961 [raw_device.cc:718] 110198 Init: Runtime_alloc_size=64000(bytes)
[INFO] RUNTIME(110198,npu_reader):2026-09-21-11:29:20.950.005 [npu_driver_res.cc:1164] 110198 StreamIdAlloc: stream id alloc begin, device_id=2, priority=0, ts_id=0, remote_stream_id=0, vf_id=0
[INFO] RUNTIME(110198,npu_reader):2026-09-21-11:29:20.950.086 [stream.cc:2998] 110198 AllocExecutedTimesSvm: stream_id=49.
[INFO] RUNTIME(110198,npu_reader):2026-09-21-11:29:20.950.118 [stream_sqcq_manage.cc:357] 110198 Alloc: deviceId=2, tsId=0, drvFlag=0
[INFO] RUNTIME(110198,npu_reader):2026-09-21-11:29:20.950.121 [npu_driver_res.cc:1565] 110198 NormalSqCqAllocate: Set cq dep to 2048, sysMode=0 addrMode=1
[INFO] RUNTIME(110198,npu_reader):2026-09-21-11:29:20.951.057 [npu_driver_res.cc:1702] 110198 LogicCqAllocateV2: cqeDepth=4096, isDvppGrp=0, inFlag=0
[INFO] RUNTIME(110198,npu_reader):2026-09-21-11:29:20.951.076 [npu_driver_res.cc:1714] 110198 LogicCqAllocateV2: success: deviceId=2, tsId=0, cqId=104, streamId=49, logicCq=104, cqeDepth=4096
[INFO] RUNTIME(110198,npu_reader):2026-09-21-11:29:20.951.085 [npu_driver_res.cc:909] 110198 StreamBindLogicCq: success: deviceId=2, tsId=0, streamId=49, logicCq=104.
[INFO] RUNTIME(110198,npu_reader):2026-09-21-11:29:20.951.089 [npu_driver_res.cc:1106] 110198 GetSqRegVirtualAddrBySqid: addr high 32 bit=0x3ff, addr low 32 bit=0xffff6000, addr=0x3ffffff6000, size=4096
[INFO] RUNTIME(110198,npu_reader):2026-09-21-11:29:20.951.093 [stream.cc:766] 110198 Setup: Success to get sq=0 sq reg virtual addr length=4096.
[INFO] DRV(110198,npu_reader):2026-09-21-11:29:20.951.136 [devmm_svm.c:2232][ascend][curpid:110198,110198][drv][devmm][devmm_ctrl_support_feature]RTS note drv support feature. (in_feature=0xa; out_feature=0x8)
[INFO] RUNTIME(110198,npu_reader):2026-09-21-11:29:20.951.140 [npu_driver_mem.cc:2584] 110198 CheckSupportPcieBarCopy: chip type=5, drv support pcie bar copy
[INFO] RUNTIME(110198,npu_reader):2026-09-21-11:29:20.951.229 [stream.cc:348] 110198 CreateStreamTaskRes: STREAM TaskRes Setup stream_id=49, flags_=0x6c0.
[INFO] RUNTIME(110198,npu_reader):2026-09-21-11:29:20.951.234 [stream.cc:805] 110198 Setup: stream setup end, stream_id=49, IsTaskSink=0, sqId=0, cqId=0, deviceId=2, streamResId=0
[INFO] RUNTIME(110198,npu_reader):2026-09-21-11:29:20.951.238 [stream_state_callback_manager.cc:66] 110198 Notify: No stream state callback function registered!
[INFO] RUNTIME(110198,npu_reader):2026-09-21-11:29:20.951.241 [raw_device.cc:1041] 110198 Start: new primary Stream ok, Runtime_alloc_size 4224(bytes), stream_id=49.
[INFO] DRV(110198,npu_reader):2026-09-21-11:29:20.951.259 [devmm_proc_event.c:51][ascend][curpid:110198,110198][drv][devmm][devmm_get_devpid]Query devpid succ. (devId=2; hostpid=110198; proc_type=0; devpid=19529).
[INFO] DRV(110198,npu_reader):2026-09-21-11:29:20.951.344 [event_sched.c:1108][ascend][curpid:110198,110198][drv][event-sche][eschedCreateGrp]Esched create grp success. (devId=2; gid=32; sched_mode=2; grpName=ESCHED_GRP_0)
[INFO] DRV(110198,npu_reader):2026-09-21-11:29:20.951.384 [event_sched.c:1108][ascend][curpid:110198,110198][drv][event-sche][eschedCreateGrp]Esched create grp success. (devId=2; gid=33; sched_mode=2; grpName=ESCHED_GRP_1)
[INFO] DRV(110198,npu_reader):2026-09-21-11:29:20.951.422 [event_sched.c:1108][ascend][curpid:110198,110198][drv][event-sche][eschedCreateGrp]Esched create grp success. (devId=2; gid=34; sched_mode=2; grpName=ESCHED_GRP_2)
[INFO] DRV(110198,npu_reader):2026-09-21-11:29:20.951.453 [event_sched.c:1108][ascend][curpid:110198,110198][drv][event-sche][eschedCreateGrp]Esched create grp success. (devId=2; gid=35; sched_mode=2; grpName=ESCHED_GRP_3)
[INFO] DRV(110198,npu_reader):2026-09-21-11:29:20.951.484 [event_sched.c:1108][ascend][curpid:110198,110198][drv][event-sche][eschedCreateGrp]Esched create grp success. (devId=2; gid=36; sched_mode=2; grpName=ESCHED_GRP_4)
[INFO] DRV(110198,npu_reader):2026-09-21-11:29:20.951.515 [event_sched.c:1108][ascend][curpid:110198,110198][drv][event-sche][eschedCreateGrp]Esched create grp success. (devId=2; gid=37; sched_mode=2; grpName=ESCHED_GRP_5)
[INFO] DRV(110198,npu_reader):2026-09-21-11:29:20.951.547 [event_sched.c:1108][ascend][curpid:110198,110198][drv][event-sche][eschedCreateGrp]Esched create grp success. (devId=2; gid=38; sched_mode=2; grpName=ESCHED_GRP_6)
[INFO] DRV(110198,npu_reader):2026-09-21-11:29:20.951.578 [event_sched.c:1108][ascend][curpid:110198,110198][drv][event-sche][eschedCreateGrp]Esched create grp success. (devId=2; gid=39; sched_mode=2; grpName=ESCHED_GRP_7)
[INFO] DRV(110198,npu_reader):2026-09-21-11:29:20.951.610 [event_sched.c:1108][ascend][curpid:110198,110198][drv][event-sche][eschedCreateGrp]Esched create grp success. (devId=2; gid=40; sched_mode=2; grpName=ESCHED_GRP_8)
[INFO] DRV(110198,npu_reader):2026-09-21-11:29:20.951.641 [event_sched.c:1108][ascend][curpid:110198,110198][drv][event-sche][eschedCreateGrp]Esched create grp success. (devId=2; gid=41; sched_mode=2; grpName=ESCHED_GRP_9)
[INFO] DRV(110198,npu_reader):2026-09-21-11:29:20.951.676 [event_sched.c:1108][ascend][curpid:110198,110198][drv][event-sche][eschedCreateGrp]Esched create grp success. (devId=2; gid=42; sched_mode=2; grpName=ESCHED_GRP_10)
[INFO] DRV(110198,npu_reader):2026-09-21-11:29:20.951.708 [event_sched.c:1108][ascend][curpid:110198,110198][drv][event-sche][eschedCreateGrp]Esched create grp success. (devId=2; gid=43; sched_mode=2; grpName=ESCHED_GRP_11)
[INFO] DRV(110198,npu_reader):2026-09-21-11:29:20.951.739 [event_sched.c:1108][ascend][curpid:110198,110198][drv][event-sche][eschedCreateGrp]Esched create grp success. (devId=2; gid=44; sched_mode=2; grpName=ESCHED_GRP_12)
[INFO] DRV(110198,npu_reader):2026-09-21-11:29:20.951.771 [event_sched.c:1108][ascend][curpid:110198,110198][drv][event-sche][eschedCreateGrp]Esched create grp success. (devId=2; gid=45; sched_mode=2; grpName=ESCHED_GRP_13)
[INFO] DRV(110198,npu_reader):2026-09-21-11:29:20.951.803 [event_sched.c:1108][ascend][curpid:110198,110198][drv][event-sche][eschedCreateGrp]Esched create grp success. (devId=2; gid=46; sched_mode=2; grpName=ESCHED_GRP_14)
[INFO] DRV(110198,npu_reader):2026-09-21-11:29:20.951.835 [event_sched.c:1108][ascend][curpid:110198,110198][drv][event-sche][eschedCreateGrp]Esched create grp success. (devId=2; gid=47; sched_mode=2; grpName=ESCHED_GRP_15)
[INFO] RUNTIME(110198,npu_reader):2026-09-21-11:29:20.953.701 [npu_driver_dcache_lock_opb.cpp:69] 110198 AllocAddrForDcache: checkTempPtr=0xff000000000, dcacheAddr=0xff000000000, outSize=8
[INFO] RUNTIME(110198,npu_reader):2026-09-21-11:29:20.953.812 [raw_device.cc:887] 110198 AllocCustomerStackPhyBase: drv devId=2, customerStackSize=32768, not alloc
[INFO] RUNTIME(110198,npu_reader):2026-09-21-11:29:20.953.824 [osal.cc:337] 110198 CreateThread: Runtime_alloc_size 64
[INFO] RUNTIME(110198,npu_reader):2026-09-21-11:29:20.953.858 [osal.cc:210] 110198 Start: mmCreateTaskWithThreadAttr, retCode=0, name_=MONITOR_0, i=0
[INFO] RUNTIME(110198,npu_reader):2026-09-21-11:29:20.953.863 [osal.cc:337] 110198 CreateThread: Runtime_alloc_size 64
[INFO] RUNTIME(110198,npu_reader):2026-09-21-11:29:20.953.878 [osal.cc:210] 110198 Start: mmCreateTaskWithThreadAttr, retCode=0, name_=REPORT_RAS, i=0
[INFO] RUNTIME(110198,npu_reader):2026-09-21-11:29:20.953.883 [runtime.cc:4926] 110198 CreateReportRasThread: Start report ras thread success!
[INFO] RUNTIME(110198,npu_reader):2026-09-21-11:29:20.953.888 [osal.cc:337] 110198 CreateThread: Runtime_alloc_size 64
[INFO] RUNTIME(110198,npu_reader):2026-09-21-11:29:20.953.902 [osal.cc:210] 110198 Start: mmCreateTaskWithThreadAttr, retCode=0, name_=RT_RECYCLE_2, i=0
[INFO] RUNTIME(110198,npu_reader):2026-09-21-11:29:20.953.907 [ctrl_sq.cc:39] 110198 Setup: CtrlSQ create success, stream_id=-1.
[INFO] RUNTIME(110198,npu_reader):2026-09-21-11:29:20.953.911 [npu_driver_res.cc:1164] 110198 StreamIdAlloc: stream id alloc begin, device_id=2, priority=0, ts_id=0, remote_stream_id=0, vf_id=0
[INFO] RUNTIME(110198,npu_reader):2026-09-21-11:29:20.953.922 [stream.cc:2998] 110198 AllocExecutedTimesSvm: stream_id=48.
[INFO] RUNTIME(110198,npu_reader):2026-09-21-11:29:20.953.947 [global_state_manager.cc:126] 110274 IncBackgroundThreadCount: ReportRasRun thread needs to be locked. Total:1.
[INFO] RUNTIME(110198,npu_reader):2026-09-21-11:29:20.953.957 [stream_sqcq_manage.cc:357] 110198 Alloc: deviceId=2, tsId=0, drvFlag=0
[INFO] RUNTIME(110198,npu_reader):2026-09-21-11:29:20.953.971 [npu_driver_res.cc:1565] 110198 NormalSqCqAllocate: Set cq dep to 2048, sysMode=0 addrMode=1
[INFO] RUNTIME(110198,npu_reader):2026-09-21-11:29:20.953.990 [stars_engine.cc:208] 110275 RecycleThreadRun: RecycleThreadRun thread start.
[INFO] RUNTIME(110198,npu_reader):2026-09-21-11:29:20.954.009 [stars_engine.cc:1804] 110273 MonitoringRun: Stars Monitor thread has entered, ts_id=0
[INFO] RUNTIME(110198,npu_reader):2026-09-21-11:29:20.954.013 [global_state_manager.cc:126] 110273 IncBackgroundThreadCount: MonitoringRun thread needs to be locked. Total:2.
[INFO] RUNTIME(110198,npu_reader):2026-09-21-11:29:20.954.038 [npu_driver_res.cc:269] 110273 GetDeviceStatus: GetDeviceStatus status=1.
[INFO] RUNTIME(110198,npu_reader):2026-09-21-11:29:20.954.768 [npu_driver_res.cc:1702] 110198 LogicCqAllocateV2: cqeDepth=4096, isDvppGrp=0, inFlag=0
[INFO] RUNTIME(110198,npu_reader):2026-09-21-11:29:20.954.785 [npu_driver_res.cc:1714] 110198 LogicCqAllocateV2: success: deviceId=2, tsId=0, cqId=105, streamId=48, logicCq=105, cqeDepth=4096
[INFO] RUNTIME(110198,npu_reader):2026-09-21-11:29:20.954.793 [npu_driver_res.cc:909] 110198 StreamBindLogicCq: success: deviceId=2, tsId=0, streamId=48, logicCq=105.
[INFO] RUNTIME(110198,npu_reader):2026-09-21-11:29:20.954.797 [npu_driver_res.cc:1106] 110198 GetSqRegVirtualAddrBySqid: addr high 32 bit=0x3ff, addr low 32 bit=0xffff5000, addr=0x3ffffff5000, size=4096
[INFO] RUNTIME(110198,npu_reader):2026-09-21-11:29:20.954.800 [stream.cc:766] 110198 Setup: Success to get sq=1 sq reg virtual addr length=4096.
[INFO] RUNTIME(110198,npu_reader):2026-09-21-11:29:20.954.840 [task_res.cc:152] 110198 CreateTaskRes: stream_id=48, flags_=0x40 create task res success.
[INFO] RUNTIME(110198,npu_reader):2026-09-21-11:29:20.954.843 [stream.cc:348] 110198 CreateStreamTaskRes: STREAM TaskRes Setup stream_id=48, flags_=0x40.
[INFO] RUNTIME(110198,npu_reader):2026-09-21-11:29:20.954.847 [stream.cc:805] 110198 Setup: stream setup end, stream_id=48, IsTaskSink=0, sqId=1, cqId=1, deviceId=2, streamResId=0
[INFO] RUNTIME(110198,npu_reader):2026-09-21-11:29:20.954.850 [stream_state_callback_manager.cc:66] 110198 Notify: No stream state callback function registered!
[INFO] RUNTIME(110198,npu_reader):2026-09-21-11:29:20.954.853 [ctrl_sq.cc:44] 110198 Setup: CtrlSQ setup success, stream_id=48.
[INFO] RUNTIME(110198,npu_reader):2026-09-21-11:29:20.954.860 [maintenance_task_v100.cc:124] 110198 ConstructSqeForStarsVersionTask: Send GetStarsVersionTask success, sqe_type=3,pre_p=1,sqe->rt_streamID=48, stream_id=48,task_id=0,task_type=97.
[INFO] RUNTIME(110198,npu_reader):2026-09-21-11:29:20.954.865 [task_submit.cc:598] 110198 AllocTaskAndSendStars: device_id=2, ts_id=0, sq_id=1, cq_id=1, stream_id=48, task_id=0, task_type=97(STARS_VERSION), sendSqeNum=1, isSupportASyncRecycle=0, isNeedPostProc=1, davinciHead=0, davinciTail=0, taskHead=0, taskTail=0, bindFlag=0, head=0, tail=1, delay recycle num=0.
[INFO] RUNTIME(110198,npu_reader):2026-09-21-11:29:20.955.138 [stars_engine.cc:688] 110275 ProcLogicCqUntilEmpty: Notify: cnt=1, idx=0, stream_id=48, task_id=0, sqeType=3, retCode=0x23, errType=0x20.
[WARNING] RUNTIME(110198,npu_reader):2026-09-21-11:29:20.955.143 [stars_engine.cc:1578] 110275 ProcLogicCqReport: CQE warning, device_id=2, stream_id=48, task_id=0, sqe_type=3(place holder), errType=0x20(sq sw status error), sqSwStatus=0x23
[INFO] RUNTIME(110198,npu_reader):2026-09-21-11:29:20.955.149 [maintenance_task_v100.cc:142] 110275 DoCompleteSuccessForStarsVersionTask: Complete StarsVersionTask success, retCode=35, tschVersion=35.
[INFO] RUNTIME(110198,npu_reader):2026-09-21-11:29:20.955.151 [raw_device.cc:1906] 110275 SetTschVersion: Set tsch version=35.
[INFO] RUNTIME(110198,npu_reader):2026-09-21-11:29:20.955.156 [stars_engine.cc:1896] 110275 RecycleTaskProcessForSeparatedStm: device_id=2, stream_id=48, recycle task_id=0, sqHead=1, sqTail=1, sqeNum=1, resHead=1, resTail=1.
[WARNING] RUNTIME(110198,npu_reader):2026-09-21-11:29:20.955.160 [stars_engine.cc:1368] 110275 StarsResumeRtsq: Begin to query SQ status, stream_id=48.
[INFO] RUNTIME(110198,npu_reader):2026-09-21-11:29:20.955.169 [npu_driver_res.cc:770] 110275 GetSqEnable: deviceId=2, tsId=0, sqId=1, enable=1, readCount=1.
[INFO] RUNTIME(110198,npu_reader):2026-09-21-11:29:21.185.201 [npu_driver_res.cc:770] 110275 GetSqEnable: deviceId=2, tsId=0, sqId=1, enable=0, readCount=1.
[WARNING] RUNTIME(110198,npu_reader):2026-09-21-11:29:21.185.206 [stars_engine.cc:1390] 110275 StarsResumeRtsq: sq already disable, stream_id=48, queryCnt=2
[INFO] RUNTIME(110198,npu_reader):2026-09-21-11:29:21.185.211 [npu_driver_res.cc:740] 110275 GetSqTail: deviceId=2, tsId=0, sqId=1, tail=1, readCount=1.
[INFO] RUNTIME(110198,npu_reader):2026-09-21-11:29:21.185.214 [npu_driver_res.cc:829] 110275 SetSqHead: deviceId=2, tsId=0, sqId=1, head=1.
[INFO] RUNTIME(110198,npu_reader):2026-09-21-11:29:21.185.221 [npu_driver_res.cc:1903] 110275 EnableSq: deviceId=2, tsId=0, sqId=1.
[INFO] RUNTIME(110198,npu_reader):2026-09-21-11:29:21.185.220 [stream.cc:1955] 110198 SynchronizeImpl: device_id=2, stream_id=48, task_id=0 has been completed, concerned task_id=0 has been recycled.
[WARNING] RUNTIME(110198,npu_reader):2026-09-21-11:29:21.185.226 [stars_engine.cc:1458] 110275 StarsResumeRtsq: Resume stream_id=48, sq_id=1, sq_head=0, task_id=0, taskType=97, head=1.
[INFO] RUNTIME(110198,npu_reader):2026-09-21-11:29:21.185.226 [raw_device.cc:1945] 110198 GetStarsVersion: send alloc get stars version task, stream_id=48, retCode:0
[INFO] RUNTIME(110198,npu_reader):2026-09-21-11:29:21.185.230 [raw_device.cc:1063] 110198 Start: Get TschVersion, tschVersion=35.
[INFO] RUNTIME(110198,npu_reader):2026-09-21-11:29:21.185.238 [stars_engine.cc:668] 110275 ProcLogicCqUntilEmpty: Task Wait: stream_id=48, logicCqId=105, retCode=0
[INFO] RUNTIME(110198,npu_reader):2026-09-21-11:29:21.185.641 [ringbuffer_maintain_task_v100.cc:58] 110198 ConstructSqeForRingBufferMaintainTask: RingBufferMaintainTask stream_id=48, task_id=1, offset=0xa00
[INFO] RUNTIME(110198,npu_reader):2026-09-21-11:29:21.185.653 [task_submit.cc:598] 110198 AllocTaskAndSendStars: device_id=2, ts_id=0, sq_id=1, cq_id=1, stream_id=48, task_id=1, task_type=83(DEVICE_RINGBUFFER_CONTROL), sendSqeNum=1, isSupportASyncRecycle=0, isNeedPostProc=1, davinciHead=0, davinciTail=0, taskHead=0, taskTail=0, bindFlag=0, head=1, tail=2, delay recycle num=0.
[INFO] RUNTIME(110198,npu_reader):2026-09-21-11:29:21.187.031 [stream.cc:1826] 110198 GetFinishedTaskIdBySqHead: stream_id=48, sq_id=1, sqHead=2, nextTaskId=65535, finishedPos=1, endTaskId=1
[INFO] RUNTIME(110198,npu_reader):2026-09-21-11:29:21.187.032 [stream.cc:1826] 110275 GetFinishedTaskIdBySqHead: stream_id=48, sq_id=1, sqHead=2, nextTaskId=65535, finishedPos=1, endTaskId=1
[INFO] RUNTIME(110198,npu_reader):2026-09-21-11:29:21.187.034 [stream.cc:1949] 110198 SynchronizeImpl: device_id=2, stream_id=48, task_id=1 has been completed, no concerned cqe.
[INFO] RUNTIME(110198,npu_reader):2026-09-21-11:29:21.187.036 [stars_engine.cc:1952] 110275 TaskReclaimBySqHeadForSeparatedStm: device_id=2, stream_id=48, sqHead=2, posHead=1, posTail=2, finishedTaskId=1
[INFO] RUNTIME(110198,npu_reader):2026-09-21-11:29:21.187.041 [stars_engine.cc:1896] 110275 RecycleTaskProcessForSeparatedStm: device_id=2, stream_id=48, recycle task_id=1, sqHead=2, sqTail=2, sqeNum=1, resHead=2, resTail=2.
[INFO] RUNTIME(110198,npu_reader):2026-09-21-11:29:21.187.111 [npu_driver_res.cc:608] 110198 QueryOpExecTimeoutInterval: device_id=2, ts_id=0, op execute timeoutInterval=4294967296ns.
[INFO] RUNTIME(110198,npu_reader):2026-09-21-11:29:21.187.116 [runtime.cc:2680] 110198 InitOpExecTimeout: devId=2, tsId=0, op execute timeout interval=4294967296ns, isOpTimeoutMs=0.
[INFO] RUNTIME(110198,npu_reader):2026-09-21-11:29:21.187.119 [npu_driver.cc:1109] 110198 CheckIsSupportFeature: Support FEATURE_DMS_GET_QOS_MASTER_CONFIG, drv devId=2.
[WARNING] RUNTIME(110198,npu_reader):2026-09-21-11:29:21.187.135 [device_error_proc.cc:173] 110198 GetQosInfoFromRingbuffer: The qosinfo in ringbuffer is invalid, use ipc channel.
[INFO] RUNTIME(110198,npu_reader):2026-09-21-11:29:21.187.139 [raw_device.cc:953] 110198 GetOneAicoreQosCfg: Begin get QOS info from halGetDeviceInfoByBuff, deviceId=2, type=9, moduleType=9, infoType=58.
[INFO] RUNTIME(110198,npu_reader):2026-09-21-11:29:21.187.446 [raw_device.cc:964] 110198 GetOneAicoreQosCfg: The QOS info from halGetDeviceInfoByBuff is: type=9, mpamId=0, qos=0, pmg=0, mode=2.
[INFO] RUNTIME(110198,npu_reader):2026-09-21-11:29:21.187.449 [raw_device.cc:953] 110198 GetOneAicoreQosCfg: Begin get QOS info from halGetDeviceInfoByBuff, deviceId=2, type=10, moduleType=9, infoType=58.
[INFO] RUNTIME(110198,npu_reader):2026-09-21-11:29:21.187.663 [raw_device.cc:964] 110198 GetOneAicoreQosCfg: The QOS info from halGetDeviceInfoByBuff is: type=10, mpamId=0, qos=0, pmg=0, mode=2.
[INFO] RUNTIME(110198,npu_reader):2026-09-21-11:29:21.187.666 [raw_device.cc:953] 110198 GetOneAicoreQosCfg: Begin get QOS info from halGetDeviceInfoByBuff, deviceId=2, type=11, moduleType=9, infoType=58.
[INFO] RUNTIME(110198,npu_reader):2026-09-21-11:29:21.187.876 [raw_device.cc:964] 110198 GetOneAicoreQosCfg: The QOS info from halGetDeviceInfoByBuff is: type=11, mpamId=0, qos=0, pmg=0, mode=2.
[INFO] RUNTIME(110198,npu_reader):2026-09-21-11:29:21.187.879 [raw_device.cc:953] 110198 GetOneAicoreQosCfg: Begin get QOS info from halGetDeviceInfoByBuff, deviceId=2, type=12, moduleType=9, infoType=58.
[INFO] RUNTIME(110198,npu_reader):2026-09-21-11:29:21.188.088 [raw_device.cc:964] 110198 GetOneAicoreQosCfg: The QOS info from halGetDeviceInfoByBuff is: type=12, mpamId=0, qos=0, pmg=0, mode=2.
[INFO] ATRACE(110198,npu_reader):2026-09-21-11:29:21.189.174 [trace_rb_log.c:45](tid:110198) init ring buffer time finished, realTime 1789990161188119102, monotonicTime 18959059679635, freq 99967 kHz, minutesWest 0 minutes
[INFO] ATRACE(110198,npu_reader):2026-09-21-11:29:21.189.179 [trace_rb_log.c:137](tid:110198) [RUNTIME_ATRACE_DEV2_TS0] create ring buffer successfully, msgSize 128 bytes, msgTxtSize 112 bytes, bufferSize 1024 bytes, msg space 128 bytes, total space 131568 bytes
[INFO] ATRACE(110198,npu_reader):2026-09-21-11:29:21.189.183 [tracer_mgr_operate.c:66](tid:110198) create object RUNTIME_ATRACE_DEV2_TS0 successfully, exitSave(false), noLock(false).
[INFO] ATRACE(110198,npu_reader):2026-09-21-11:29:21.189.187 [trace_event.c:66](tid:110198) limitedNum 1.
[INFO] ATRACE(110198,npu_reader):2026-09-21-11:29:21.189.190 [trace_event.c:368](tid:110198) set trace event attr limitedNum: 1
[INFO] RUNTIME(110198,npu_reader):2026-09-21-11:29:21.189.194 [runtime.cc:2172] 110198 SetTsdProfCallback: set tsd prof callback
[INFO] TDT(110198,npu_reader):2026-09-21-11:29:21.189.197 [client_manager.cpp:210][SetProfilingCallback][tid:110198] [TsdClient] set profiling callback successfully
[INFO] PROFILING(110198,npu_reader):2026-09-21-11:29:21.189.210 [msprofiler_impl.cpp:355] (tid:110198) ProfNotifySetDevice, not on cmd mode or acl api not ready.
[INFO] RUNTIME(110198,npu_reader):2026-09-21-11:29:21.189.216 [runtime.cc:2387] 110198 PrimaryContextRetain: new Context ok, Runtime_alloc_size 560
[INFO] RUNTIME(110198,npu_reader):2026-09-21-11:29:21.189.224 [context.cc:115] 110198 Init: ObjAllocator alloc success, Runtime_alloc_size 160000(bytes)
[INFO] RUNTIME(110198,npu_reader):2026-09-21-11:29:21.189.246 [context.cc:127] 110198 Init: ObjAllocator alloc success, Runtime_alloc_size 960000(bytes)
[INFO] RUNTIME(110198,npu_reader):2026-09-21-11:29:21.189.248 [context.cc:407] 110198 Init: Runtime_alloc_size is 16000.
[INFO] RUNTIME(110198,npu_reader):2026-09-21-11:29:21.189.255 [raw_device.cc:1378] 110198 UpdateTimeoutConfig: No need to update timeout config.
[INFO] RUNTIME(110198,npu_reader):2026-09-21-11:29:21.189.294 [npu_driver_dcache_lock_common.cpp:59] 110198 QueryDcacheLockStatus: get ack info from ts, status=1, stack_phy_base_h=aaad00000ff0, stack_phy_base_l=0, drvRet=0.
[INFO] RUNTIME(110198,npu_reader):2026-09-21-11:29:21.189.298 [raw_device.cc:477] 110198 RegisterAndLaunchDcacheLockOp: dcache lock has been set.
[INFO] RUNTIME(110198,npu_reader):2026-09-21-11:29:21.189.300 [runtime.cc:2412] 110198 PrimaryContextRetain: Context inc ref, devId=2, ts_id=0, count=0x1
[INFO] PROFILING(110198,npu_reader):2026-09-21-11:29:21.189.304 [msprofiler_impl.cpp:355] (tid:110198) ProfNotifySetDevice, not on cmd mode or acl api not ready.
[INFO] RUNTIME(110198,npu_reader):2026-09-21-11:29:21.189.307 [runtime.cc:2618] 110198 MsProfNotifyWhenSetDevice: MsprofNotifySetDevice success, devId=2
[INFO] RUNTIME(110198,npu_reader):2026-09-21-11:29:21.189.310 [api_impl.cc:3244] 110198 SetDevice: SetCurRef = 0xaaad80362090,drv devId=2
[INFO] PROFILING(110198,npu_reader):2026-09-21-11:29:21.189.313 [msprofiler_impl.cpp:355] (tid:110198) ProfNotifySetDevice, not on cmd mode or acl api not ready.
[INFO] RUNTIME(110198,npu_reader):2026-09-21-11:29:21.189.316 [api_impl.cc:3247] 110198 SetDevice: New device success, deviceId=2.
[INFO] RUNTIME(110198,npu_reader):2026-09-21-11:29:21.189.318 [api_impl.cc:3256] 110198 SetDevice: SetDevice success, curCtx=0xaaad80362090, drv devId=2.
[INFO] ASCENDCL(110198,npu_reader):2026-09-21-11:29:21.189.322 [device.cpp:58]110198 aclrtSetDeviceImpl: successfully execute aclrtSetDevice, deviceId = 2
[INFO] ASCENDCL(110198,npu_reader):2026-09-21-11:29:21.189.325 [acl_rt_impl_base.cpp:206]110198 aclrtGetSocNameImpl: start to execute aclrtGetSocName.
[INFO] ASCENDCL(110198,npu_reader):2026-09-21-11:29:21.189.327 [acl_rt_impl_base.cpp:135]110198 InitSocVersion: get SocVersion success, SocVersion = Ascend910_9362
[INFO] ASCENDCL(110198,npu_reader):2026-09-21-11:29:21.189.330 [acl_rt_impl_base.cpp:213]110198 aclrtGetSocNameImpl: execute aclrtGetSocName successfully
[INFO] FE(110198,npu_reader):2026-09-21-11:29:21.189.355 [platform_info.cpp:75]110198 GetConfigFilePath:Current so file path is [/usr/local/Ascend/cann-9.1.0/aarch64-linux/].
[INFO] RUNTIME(110198,npu_reader):2026-09-21-11:29:21.190.125 [api_impl.cc:3613] 110198 GetDeviceInfo: get device info, drv devId=2
[INFO] RUNTIME(110198,npu_reader):2026-09-21-11:29:21.190.136 [api_impl.cc:3613] 110198 GetDeviceInfo: get device info, drv devId=2
[INFO] ASCENDCL(110198,npu_reader):2026-09-21-11:29:21.190.220 [acl_rt_impl_base.cpp:117]110198 UpdatePlatformInfoWithDevice: Successfully to UpdatePlatformInfoWithDevice, deviceId = 2, aicCnt = 20, vecCoreCnt = 40, cubeCoreCnt = 20
API aclrtSetDevice(NPU_DEVICE_ID) => 0
[INFO] ASCENDCL(110198,npu_reader):2026-09-21-11:29:21.190.268 [device.cpp:511]110198 aclrtGetPhyDevIdByLogicDevIdImpl: start to execute aclrtGetPhyDevIdByLogicDevId, logicDevId is [2]
[INFO] RUNTIME(110198,npu_reader):2026-09-21-11:29:21.190.272 [api_impl.cc:3295] 110198 GetDevicePhyIdByIndex: get PhyId by Index=2.
[INFO] ASCENDCL(110198,npu_reader):2026-09-21-11:29:21.190.276 [device.cpp:515]110198 aclrtGetPhyDevIdByLogicDevIdImpl: successfully execute aclrtGetPhyDevIdByLogicDevId
API aclrtGetPhyDevIdByLogicDevId(NPU_DEVICE_ID, &physicalId) => 0
API EndpointDescInit(&desc, 1) => 0
[INFO] ASCENDCL(110198,npu_reader):2026-09-21-11:29:21.190.287 [device.cpp:216]110198 aclrtGetDeviceCountImpl: start to execute aclrtGetDeviceCount
[INFO] ASCENDCL(110198,npu_reader):2026-09-21-11:29:21.190.293 [device.cpp:220]110198 aclrtGetDeviceCountImpl: successfully execute aclrtGetDeviceCount, get device count is 16.
[INFO] ASCENDCL(110198,npu_reader):2026-09-21-11:29:21.190.297 [acl_rt_impl_base.cpp:206]110198 aclrtGetSocNameImpl: start to execute aclrtGetSocName.
[INFO] ASCENDCL(110198,npu_reader):2026-09-21-11:29:21.190.300 [acl_rt_impl_base.cpp:135]110198 InitSocVersion: get SocVersion success, SocVersion = Ascend910_9362
[INFO] ASCENDCL(110198,npu_reader):2026-09-21-11:29:21.190.302 [acl_rt_impl_base.cpp:213]110198 aclrtGetSocNameImpl: execute aclrtGetSocName successfully
[INFO] ASCENDCL(110198,npu_reader):2026-09-21-11:29:21.190.309 [device.cpp:128]110198 aclrtGetDeviceImpl: start to execute aclrtGetDevice
[INFO] HCCL(110198,npu_reader):2026-09-21-11:29:21.190.313 [adapter_rts.cc:274] [110198][hrtGetDevice]deviceLogicId[2]
[INFO] ASCENDCL(110198,npu_reader):2026-09-21-11:29:21.190.316 [device.cpp:511]110198 aclrtGetPhyDevIdByLogicDevIdImpl: start to execute aclrtGetPhyDevIdByLogicDevId, logicDevId is [2]
[INFO] RUNTIME(110198,npu_reader):2026-09-21-11:29:21.190.319 [api_impl.cc:3295] 110198 GetDevicePhyIdByIndex: get PhyId by Index=2.
[INFO] ASCENDCL(110198,npu_reader):2026-09-21-11:29:21.190.321 [device.cpp:515]110198 aclrtGetPhyDevIdByLogicDevIdImpl: successfully execute aclrtGetPhyDevIdByLogicDevId
[INFO] HCCL(110198,npu_reader):2026-09-21-11:29:21.190.324 [hcomm_adapter_runtime.cc:58] [110198][HcommAdapterRuntime][ResolveRuntimeDevicePhyId] deviceCount[16], devLogicId[2], devicePhyId[2].
[INFO] ASCENDCL(110198,npu_reader):2026-09-21-11:29:21.190.327 [acl_rt_impl_base.cpp:206]110198 aclrtGetSocNameImpl: start to execute aclrtGetSocName.
[INFO] ASCENDCL(110198,npu_reader):2026-09-21-11:29:21.190.329 [acl_rt_impl_base.cpp:135]110198 InitSocVersion: get SocVersion success, SocVersion = Ascend910_9362
[INFO] ASCENDCL(110198,npu_reader):2026-09-21-11:29:21.190.331 [acl_rt_impl_base.cpp:213]110198 aclrtGetSocNameImpl: execute aclrtGetSocName successfully
[INFO] ASCENDCL(110198,npu_reader):2026-09-21-11:29:21.190.334 [device.cpp:128]110198 aclrtGetDeviceImpl: start to execute aclrtGetDevice
[INFO] HCCL(110198,npu_reader):2026-09-21-11:29:21.190.337 [adapter_rts.cc:238] [110198][hrtGetDeviceRefresh]deviceLogicId[2]
[INFO] ASCENDCL(110198,npu_reader):2026-09-21-11:29:21.190.339 [device.cpp:511]110198 aclrtGetPhyDevIdByLogicDevIdImpl: start to execute aclrtGetPhyDevIdByLogicDevId, logicDevId is [2]
[INFO] RUNTIME(110198,npu_reader):2026-09-21-11:29:21.190.342 [api_impl.cc:3295] 110198 GetDevicePhyIdByIndex: get PhyId by Index=2.
[INFO] ASCENDCL(110198,npu_reader):2026-09-21-11:29:21.190.344 [device.cpp:515]110198 aclrtGetPhyDevIdByLogicDevIdImpl: successfully execute aclrtGetPhyDevIdByLogicDevId
[INFO] HCCL(110198,npu_reader):2026-09-21-11:29:21.190.346 [hcomm_c_adpt.cc:68] [110198][RefreshCurrentDeviceContext] deviceLogicId[2], devicePhyId[2].
[INFO] HCCL(110198,npu_reader):2026-09-21-11:29:21.190.349 [endpoint.cc:66] [110198][CreateEndpoint]endpointDesc.protocol [1] endpointDesc.loc.locType [0].
[INFO] HCCL(110198,npu_reader):2026-09-21-11:29:21.190.354 [aicpu_ts_roce_endpoint.cc:201] [110198][Init] localEndpoint protocol[1]
[INFO] ASCENDCL(110198,npu_reader):2026-09-21-11:29:21.190.430 [device.cpp:500]110198 aclrtGetLogicDevIdByPhyDevIdImpl: start to execute aclrtGetLogicDevIdByPhyDevId, phyDevId is [2]
[INFO] RUNTIME(110198,npu_reader):2026-09-21-11:29:21.190.434 [api_impl.cc:3302] 110198 GetDeviceIndexByPhyId: get Index by PhyId=2.
[INFO] ASCENDCL(110198,npu_reader):2026-09-21-11:29:21.190.437 [device.cpp:504]110198 aclrtGetLogicDevIdByPhyDevIdImpl: successfully execute aclrtGetLogicDevIdByPhyDevId
[INFO] HCCL(110198,npu_reader):2026-09-21-11:29:21.190.443 [adapter_hal.cc:267] [110198]Entry-hrtDrvGetPlatformInfo
[INFO] HCCL(110198,npu_reader):2026-09-21-11:29:21.190.450 [sal.cc:647] [110198]IsHostUseDevNic[1]
[INFO] HCCL(110198,npu_reader):2026-09-21-11:29:21.190.453 [network_manager.cc:72] [110198]NetworkManager::GetInstance deviceLogicID[2].
[INFO] HCCL(110198,npu_reader):2026-09-21-11:29:21.190.456 [network_manager.cc:172] [110198]nicDeploy = [1], devicePhyId = [4294967295] 
[INFO] HCCL(110198,npu_reader):2026-09-21-11:29:21.190.459 [network_manager.cc:339] [110198]NetworkManager InitV2: devicePhyId[4294967295], devicePhyId_[2] deviceLogicId_[2], isBackup[0]
[INFO] TDT(110198,npu_reader):2026-09-21-11:29:21.190.466 [tsd_client.cpp:188][TsdCapabilityGet][tid:110198] TsdCapabilityGet Begin.
[INFO] TDT(110198,npu_reader):2026-09-21-11:29:21.190.470 [process_mode_manager.cpp:1075][CapabilityGet][tid:110198] [ProcessModeManager] enter into CapabilityGet process deviceId[2] type[6].
[INFO] HCCL(110198,npu_reader):2026-09-21-11:29:21.190.473 [adapter_tdt.cc:84] [110198]Get TsdCapability success. deviceLogicId[2]
[INFO] HCCL(110198,npu_reader):2026-09-21-11:29:21.190.475 [network_manager.cc:224] [110198][NetworkManager][Init]supportMultiProcHCCP[1], hasBackup[0]
[INFO] HCCL(110198,npu_reader):2026-09-21-11:29:21.190.481 [network_manager.cc:123] [110198][TsdProcessOpen]params: halAPIVersion[467992], BACKUP_DEVICE_LOG_DEV_VERSION[467736]
[INFO] RUNTIME(110198,npu_reader):2026-09-21-11:29:21.190.486 [api_impl.cc:3180] 110198 OpenNetService: OpenNetService begin. extParamCnt=1, paramLen=12, paramInfo=--hdcType=18
[INFO] TDT(110198,npu_reader):2026-09-21-11:29:21.190.490 [process_mode_manager.cpp:1578][ProcessOpenSubProc][tid:110198] enter into ProcessOpenSubProc subtype:0
[INFO] TDT(110198,npu_reader):2026-09-21-11:29:21.190.492 [process_mode_manager.cpp:544][InitTsdClient][tid:110198] [TsdClient] tsd client has already been initialized
[INFO] TDT(110198,npu_reader):2026-09-21-11:29:21.190.496 [process_mode_manager.cpp:1512][SetCommonOpenParamList][tid:110198] cnt:0, extra parameters:--hdcType=18, len:12
[WARNING] TDT(110198,npu_reader):2026-09-21-11:29:21.190.500 [env_internal_api.cpp:21][GetEnvFromMmSys][tid:110198] Get env[ASCEND_LATEST_INSTALL_PATH] failed
[INFO] TDT(110198,npu_reader):2026-09-21-11:29:21.190.504 [process_mode_manager.cpp:1825][GetAscendLatestIntallPath][tid:110198] latest install path:/usr/local/Ascend/cann-9.1.0
[INFO] TDT(110198,npu_reader):2026-09-21-11:29:21.190.507 [process_mode_manager.cpp:1532][ConstructCommonOpenMsg][tid:110198] runtimePkgPath:/usr/local/Ascend/cann-9.1.0
[INFO] TDT(110198,npu_reader):2026-09-21-11:29:21.190.511 [version_verify.cpp:117][SpecialFeatureCheck][tid:110198] VersionVerify: previous type[48], supported
[INFO] TDT(110198,npu_reader):2026-09-21-11:29:21.190.574 [hdc_client.cpp:116][CommRecvData][tid:110198] recv timeout is:150000 ms
[INFO] TDT(110198,npu_reader):2026-09-21-11:29:21.240.775 [process_mode_msg_parse.cpp:147][ServerToClientMsgProc][tid:110198] [ServerToClientMsgProc] [sessionID=1]
[INFO] TDT(110198,npu_reader):2026-09-21-11:29:21.240.780 [process_mode_msg_parse.cpp:142][DeviceMsgProcess][tid:110198] [TsdClient] DeviceMsgProc recvMsg realDeviceId[2] msgType[49] localDevId[2] rspCode[0]heterogeneousSubPid[19552], tsdSupportLevel_[511]
[INFO] TDT(110198,npu_reader):2026-09-21-11:29:21.240.783 [hdc_client.cpp:134][CommRecvData][tid:110198] [deviceId=2] the Tsd recv data already
[INFO] TDT(110198,npu_reader):2026-09-21-11:29:21.240.786 [process_mode_manager.cpp:1605][ProcessOpenSubProc][tid:110198] OpenSubProc success type:0, pid:19552
[INFO] HCCL(110198,npu_reader):2026-09-21-11:29:21.240.789 [network_manager.cc:140] [110198][TsdProcessOpen]hrtOpenNetService success, subPid[0], devicePhyId_[2], deviceLogicId_[2], hasBackup[0]
[INFO] HCCL(110198,npu_reader):2026-09-21-11:29:21.240.792 [network_manager.cc:228] [110198][NetworkManager][Init]open tsd by process success, devicePhyId[2], deviceLogicId_[2].
[INFO] HCCP(110198,npu_reader):2026-09-21-11:29:21.240.818 [ra_init.c:165]tid:110198,RaInit : Input parameters: phyId[2], nicPosition:[1] hdcType:[18] enableHdcAsync[0]
[INFO] NET(110198,npu_reader):2026-09-21-11:29:21.240.839 [dl_hal_function.c:296]DlHalInit : dl_hal_init success!
[INFO] DRV(110198,npu_reader):2026-09-21-11:29:21.240.847 [devdrv_hccl.c:103][ascend][curpid:110198,110198][drv][devmng][drvGetProcessSign]Process sign list add success.(tgid=898909)
[INFO] NET(110198,npu_reader):2026-09-21-11:29:21.240.863 [dl_hal_function.c:296]DlHalInit : dl_hal_init success!
[INFO] HCCP(110198,npu_reader):2026-09-21-11:29:21.240.866 [ra_hdc.c:798]tid:110198,RaHdcInit : hdc init start! logic id is 2, phy id is 2, hdcType is 18
[INFO] DRV(110198,npu_reader):2026-09-21-11:29:21.241.095 [hdc_core.c:1982][ascend][curpid:110198,110198][drv][hdc][drvHdcSetSessionReference]Get pid number. (session=787; pid=110198)
[INFO] HCCP(110198,npu_reader):2026-09-21-11:29:21.241.398 [ra_hdc.c:835]tid:110198,RaHdcInit : hdc init OK! phyId[2]
[INFO] HCCP(110198,npu_reader):2026-09-21-11:29:21.255.512 [ra_hdc_async.c:650]tid:110198,RaHdcInitAsync : [init][ra_hdc_async]no need to init async hdc session
[INFO] HCCL(110198,npu_reader):2026-09-21-11:29:21.255.517 [adapter_hccp.cc:789] [110198]init ra success.
[INFO] HCCL(110198,npu_reader):2026-09-21-11:29:21.255.520 [network_manager.cc:353] [110198]NetworkManager nicDeploy[1] deviceLogicId_[2] devicePhyId_[2] init ra OK, nicSocketMap size[0], isHostUseDevNic[1]
[INFO] ASCENDCL(110198,npu_reader):2026-09-21-11:29:21.255.525 [device.cpp:500]110198 aclrtGetLogicDevIdByPhyDevIdImpl: start to execute aclrtGetLogicDevIdByPhyDevId, phyDevId is [2]
[INFO] RUNTIME(110198,npu_reader):2026-09-21-11:29:21.255.528 [api_impl.cc:3302] 110198 GetDeviceIndexByPhyId: get Index by PhyId=2.
[INFO] ASCENDCL(110198,npu_reader):2026-09-21-11:29:21.255.531 [device.cpp:504]110198 aclrtGetLogicDevIdByPhyDevIdImpl: successfully execute aclrtGetLogicDevIdByPhyDevId
[INFO] HCCL(110198,npu_reader):2026-09-21-11:29:21.255.535 [hccl_network.cc:58] [110198][NetDevContext][InitV2] netDevDeployment_ = [1], protoType_ = [2]
[INFO] HCCL(110198,npu_reader):2026-09-21-11:29:21.255.538 [network_manager.cc:72] [110198]NetworkManager::GetInstance deviceLogicID[2].
[INFO] HCCL(110198,npu_reader):2026-09-21-11:29:21.255.541 [network_manager.cc:72] [110198]NetworkManager::GetInstance deviceLogicID[2].
[INFO] HCCL(110198,npu_reader):2026-09-21-11:29:21.255.543 [network_manager.cc:72] [110198]NetworkManager::GetInstance deviceLogicID[2].
[INFO] HCCL(110198,npu_reader):2026-09-21-11:29:21.255.546 [network_manager.cc:894] [110198][NetworkManager][CreateRdmaHandle] ipAddr[20.168.0.3] is not backup
[INFO] HCCL(110198,npu_reader):2026-09-21-11:29:21.255.552 [network_manager.cc:1982] [110198][NetworkManager][OccupyIp] device[2] insert ip[20.168.0.3]
[INFO] HCCL(110198,npu_reader):2026-09-21-11:29:21.255.555 [adapter_hccp.cc:826] [110198]mode:[1], NotifyTypeT:[1], enabled910aLite:[0], disabledLiteThread:[0], enabled2mbLite:[0]
[INFO] HCCP(110198,npu_reader):2026-09-21-11:29:21.255.560 [ra_host.c:1777]tid:110198,RaGetIfaddrs : Input parameters: phyId[2], nicPosition:[1], isAll[0], interface num[8]
[INFO] HCCP(110198,npu_reader):2026-09-21-11:29:21.256.243 [ra_host.c:508]tid:110198,RaRdevInitWithBackupInfo : rdev_init:mode=1 phyId=2 family=2 ip=20.168.0.3 notify_type=1
[INFO] HCCP(110198,npu_reader):2026-09-21-11:29:21.256.318 [ra_hdc_rdma.c:49]tid:110198,RaHdcNotifyBaseAddrInit : notify info: size[1048576]
[INFO] DRV(110198,npu_reader):2026-09-21-11:29:21.260.692 [devmm_svm.c:2232][ascend][curpid:110198,110198][drv][devmm][devmm_ctrl_support_feature]RTS note drv support feature. (in_feature=0xc; out_feature=0x8)
[INFO] HCCP(110198,npu_reader):2026-09-21-11:29:21.260.697 [ra_hdc_lite.c:255]tid:110198,RaHdcGetRdmaLiteSupport : [init][ra_hdc_lite]rdma_handle->enabled_2mb_lite=0, no need to support LITE_ALIGN_2MB
[INFO] HCCP(110198,npu_reader):2026-09-21-11:29:21.260.703 [ra_host.c:1727]tid:110198,RaGetIfnum : Input parameters: phyId[2], nicPosition:[1], isAll:[0]
[INFO] HCCL(110198,npu_reader):2026-09-21-11:29:21.261.342 [adapter_hccp.cc:1829] [110198][Get][DeviceIP]hrtGetIfNum success. ifAddrNum[2].
[INFO] HCCP(110198,npu_reader):2026-09-21-11:29:21.261.345 [ra_host.c:1777]tid:110198,RaGetIfaddrs : Input parameters: phyId[2], nicPosition:[1], isAll[0], interface num[2]
[INFO] HCCL(110198,npu_reader):2026-09-21-11:29:21.261.904 [adapter_hccp.cc:1858] [110198][Get][DeviceIP]hrtGetIfAddress: idx[0] ifname[eth2] ip[20.168.0.3%eth2]
[INFO] HCCL(110198,npu_reader):2026-09-21-11:29:21.261.909 [adapter_hccp.cc:1858] [110198][Get][DeviceIP]hrtGetIfAddress: idx[1] ifname[eth2] ip[fe80::c23e:50ff:fe1d:6b4b%eth2]
[INFO] HCCL(110198,npu_reader):2026-09-21-11:29:21.261.912 [network_manager.cc:1197] [110198]devicePhyId[2], ip[20.168.0.3] disabledLiteThread[0] enabled910aLite[0] rdmaHandle[0xaaad81d19e70] rdma init OK
[INFO] HCCL(110198,npu_reader):2026-09-21-11:29:21.261.916 [network_manager.cc:72] [110198]NetworkManager::GetInstance deviceLogicID[2].
[INFO] HCCL(110198,npu_reader):2026-09-21-11:29:21.261.919 [network_manager.cc:1984] [110198][NetworkManager][OccupyIp] device[2] ip[20.168.0.3] has already occupied.
[INFO] HCCP(110198,npu_reader):2026-09-21-11:29:21.261.923 [ra_host.c:239]tid:110198,RaSocketInit : socket init:mode=1 phyId=2 family=2 ip=20.168.0.3
[INFO] HCCL(110198,npu_reader):2026-09-21-11:29:21.261.926 [adapter_hccp.cc:1017] [110198]socket init success, ip[50374676] device id[2], socketHandle[0xaaad81d1de40]
[INFO] HCCL(110198,npu_reader):2026-09-21-11:29:21.261.928 [network_manager.cc:1249] [110198]devicePhyId[2], ip[20.168.0.3] socket init OK
[INFO] HCCL(110198,npu_reader):2026-09-21-11:29:21.261.931 [network_manager.cc:885] [110198][NetworkManager][CreateNicSocketHandle] CreateNicSocketHandle OK, ipAddr[20.168.0.3].
[INFO] HCCL(110198,npu_reader):2026-09-21-11:29:21.261.933 [network_manager.cc:72] [110198]NetworkManager::GetInstance deviceLogicID[2].
[INFO] HCCL(110198,npu_reader):2026-09-21-11:29:21.261.936 [hccl_network.cc:106] [110198][NetDevContext][InitV2]Deployment is device and proto is roce
[INFO] HCCL(110198,npu_reader):2026-09-21-11:29:21.261.940 [network_manager.cc:72] [110198]NetworkManager::GetInstance deviceLogicID[2].
[INFO] HCCL(110198,npu_reader):2026-09-21-11:29:21.261.943 [aicpu_ts_roce_endpoint.cc:194] [110198]AicpuTsRoceEndpoint::AcquireRdmaContext success, devId[2], ipAddr[20.168.0.3], ctxHandle[0xaaad81d19e70]
[INFO] HCCL(110198,npu_reader):2026-09-21-11:29:21.261.948 [aicpu_ts_roce_mem.cc:58] [110198][AicpuTsRoceRegedMemMgr] ctor netDev[0xaaad8034f3f0] phyId[2] process-local localRdmaRmaBufferMgr[0xaaad81d2b6a0] (not NetDev embed)
[INFO] HCCL(110198,npu_reader):2026-09-21-11:29:21.261.954 [hcomm_c_adpt.cc:139] [110198][CreateBuiltinEndpoint] endpointDesc.protocol [1] and endpointDesc.loc.locType [0] create endpointHandle [0xaaad8026b9a0] done.
[INFO] ASCENDCL(110198,npu_reader):2026-09-21-11:29:21.261.959 [callback.cpp:193]110198 aclrtRegDeviceStateCallbackImpl: start to execute aclrtRegDeviceStateCallback
[INFO] RUNTIME(110198,npu_reader):2026-09-21-11:29:21.261.964 [api_impl.cc:4386] 110198 RegDeviceStateCallback: Reg device state callback, regName=hcomm_res_mgr.
[INFO] ASCENDCL(110198,npu_reader):2026-09-21-11:29:21.261.969 [callback.cpp:197]110198 aclrtRegDeviceStateCallbackImpl: successfully execute aclrtRegDeviceStateCallback
[INFO] HCCL(110198,npu_reader):2026-09-21-11:29:21.261.971 [hcomm_res_mgr.cc:147] [110198][RegisterDeviceResetCallback] aclrtRegDeviceStateCallback success
API HcommEndpointCreate(&local, &endpoint) => 0

STAGE 2. 分配 HBM，使用 HcommMemReg/Export 注册并导出内存
[INFO] RUNTIME(110198,npu_reader):2026-09-21-11:29:21.261.987 [api_c_soc.cc:84] 110198 rtGetSocVersion: soc version is Ascend910_9362
[INFO] RUNTIME(110198,npu_reader):2026-09-21-11:29:21.261.995 [api_impl.cc:2200] 110198 DevMalloc: size=4128, type=4096, moduleId=33.
[INFO] RUNTIME(110198,npu_reader):2026-09-21-11:29:21.262.003 [api_error.cc:1458] 110198 DevMalloc: device malloc, size=4128(bytes), type=4096, moduleId=33, start ptr=0x12c0c0014000, end ptr=0x12c0c0015020
API aclrtMalloc(&hbm, BUFFER_BYTES, ACL_MEM_MALLOC_NORMAL_ONLY) => 0
[INFO] RUNTIME(110198,npu_reader):2026-09-21-11:29:21.262.010 [api_impl.cc:3002] 110198 MemSetSync: destMax=4096, value=165, count=4096
API aclrtMemset(hbm, BUFFER_BYTES, 0xa5, BUFFER_BYTES) => 0
[INFO] ASCENDCL(110198,npu_reader):2026-09-21-11:29:21.262.062 [device.cpp:216]110198 aclrtGetDeviceCountImpl: start to execute aclrtGetDeviceCount
[INFO] ASCENDCL(110198,npu_reader):2026-09-21-11:29:21.262.065 [device.cpp:220]110198 aclrtGetDeviceCountImpl: successfully execute aclrtGetDeviceCount, get device count is 16.
[INFO] HCCL(110198,npu_reader):2026-09-21-11:29:21.262.068 [hcomm_adapter_runtime.cc:58] [110198][HcommAdapterRuntime][ResolveRuntimeDevicePhyId] deviceCount[16], devLogicId[2], devicePhyId[2].
[INFO] HCCL(110198,npu_reader):2026-09-21-11:29:21.262.071 [hcomm_c_adpt.cc:460] [110198][HcommMemReg] START. endpointHandle[0xaaad8026b9a0].
[INFO] ASCENDCL(110198,npu_reader):2026-09-21-11:29:21.262.075 [device.cpp:128]110198 aclrtGetDeviceImpl: start to execute aclrtGetDevice
[INFO] HCCL(110198,npu_reader):2026-09-21-11:29:21.262.078 [adapter_rts.cc:238] [110198][hrtGetDeviceRefresh]deviceLogicId[2]
[INFO] ASCENDCL(110198,npu_reader):2026-09-21-11:29:21.262.081 [device.cpp:511]110198 aclrtGetPhyDevIdByLogicDevIdImpl: start to execute aclrtGetPhyDevIdByLogicDevId, logicDevId is [2]
[INFO] RUNTIME(110198,npu_reader):2026-09-21-11:29:21.262.083 [api_impl.cc:3295] 110198 GetDevicePhyIdByIndex: get PhyId by Index=2.
[INFO] ASCENDCL(110198,npu_reader):2026-09-21-11:29:21.262.086 [device.cpp:515]110198 aclrtGetPhyDevIdByLogicDevIdImpl: successfully execute aclrtGetPhyDevIdByLogicDevId
[INFO] HCCL(110198,npu_reader):2026-09-21-11:29:21.262.089 [hcomm_c_adpt.cc:68] [110198][RefreshCurrentDeviceContext] deviceLogicId[2], devicePhyId[2].
[INFO] HCCL(110198,npu_reader):2026-09-21-11:29:21.262.091 [aicpu_ts_roce_mem.cc:90] [110198][RegisterMemory] Begin
[WARNING] HCCL(110198,npu_reader):2026-09-21-11:29:21.262.097 [aicpu_ts_roce_mem.cc:108] [110198]Key[addr:20619064328192, size:4096] not found. There is no key in table.
[INFO] HCCL(110198,npu_reader):2026-09-21-11:29:21.262.101 [network_manager.cc:72] [110198]NetworkManager::GetInstance deviceLogicID[2].
[INFO] HCCL(110198,npu_reader):2026-09-21-11:29:21.262.447 [aicpu_ts_roce_mem.cc:125] [110198][AicpuTsRoceRegedMemMgr][RegisterMemory] success, key {0x12c0c0014000, 4096}
API HcommMemReg(endpoint, "npu-hbm", &memory, &registration) => 0
[INFO] ASCENDCL(110198,npu_reader):2026-09-21-11:29:21.262.454 [device.cpp:216]110198 aclrtGetDeviceCountImpl: start to execute aclrtGetDeviceCount
[INFO] ASCENDCL(110198,npu_reader):2026-09-21-11:29:21.262.457 [device.cpp:220]110198 aclrtGetDeviceCountImpl: successfully execute aclrtGetDeviceCount, get device count is 16.
[INFO] HCCL(110198,npu_reader):2026-09-21-11:29:21.262.459 [hcomm_adapter_runtime.cc:58] [110198][HcommAdapterRuntime][ResolveRuntimeDevicePhyId] deviceCount[16], devLogicId[2], devicePhyId[2].
[INFO] HCCL(110198,npu_reader):2026-09-21-11:29:21.262.462 [hcomm_c_adpt.cc:508] [110198][HcommMemExport] START. endpointHandle[0xaaad8026b9a0].
[INFO] ASCENDCL(110198,npu_reader):2026-09-21-11:29:21.262.465 [device.cpp:128]110198 aclrtGetDeviceImpl: start to execute aclrtGetDevice
[INFO] HCCL(110198,npu_reader):2026-09-21-11:29:21.262.467 [adapter_rts.cc:238] [110198][hrtGetDeviceRefresh]deviceLogicId[2]
[INFO] ASCENDCL(110198,npu_reader):2026-09-21-11:29:21.262.470 [device.cpp:511]110198 aclrtGetPhyDevIdByLogicDevIdImpl: start to execute aclrtGetPhyDevIdByLogicDevId, logicDevId is [2]
[INFO] RUNTIME(110198,npu_reader):2026-09-21-11:29:21.262.472 [api_impl.cc:3295] 110198 GetDevicePhyIdByIndex: get PhyId by Index=2.
[INFO] ASCENDCL(110198,npu_reader):2026-09-21-11:29:21.262.474 [device.cpp:515]110198 aclrtGetPhyDevIdByLogicDevIdImpl: successfully execute aclrtGetPhyDevIdByLogicDevId
[INFO] HCCL(110198,npu_reader):2026-09-21-11:29:21.262.477 [hcomm_c_adpt.cc:68] [110198][RefreshCurrentDeviceContext] deviceLogicId[2], devicePhyId[2].
[INFO] HCCL(110198,npu_reader):2026-09-21-11:29:21.262.479 [aicpu_ts_roce_mem.cc:195] [110198][MemoryExport] Begin
[INFO] HCCL(110198,npu_reader):2026-09-21-11:29:21.262.487 [aicpu_ts_roce_mem.cc:229] [110198][AicpuTsRoceRegedMemMgr][MemoryExport] success memHandle[0xaaad81d0a650] memDescLen[193] rdmaSerLen[33]
API HcommMemExport(endpoint, registration, &description, &descriptionBytes) => 0

STAGE 3. TCP 交换 opaque 描述符，HcommMemImport 导入 Host DRAM
[INFO] ASCENDCL(110198,npu_reader):2026-09-21-11:29:21.262.818 [device.cpp:216]110198 aclrtGetDeviceCountImpl: start to execute aclrtGetDeviceCount
[INFO] ASCENDCL(110198,npu_reader):2026-09-21-11:29:21.262.822 [device.cpp:220]110198 aclrtGetDeviceCountImpl: successfully execute aclrtGetDeviceCount, get device count is 16.
[INFO] HCCL(110198,npu_reader):2026-09-21-11:29:21.262.825 [hcomm_adapter_runtime.cc:58] [110198][HcommAdapterRuntime][ResolveRuntimeDevicePhyId] deviceCount[16], devLogicId[2], devicePhyId[2].
[INFO] HCCL(110198,npu_reader):2026-09-21-11:29:21.262.828 [hcomm_c_adpt.cc:531] [110198][HcommMemImport] START. endpointHandle[0xaaad8026b9a0].
[INFO] ASCENDCL(110198,npu_reader):2026-09-21-11:29:21.262.830 [device.cpp:128]110198 aclrtGetDeviceImpl: start to execute aclrtGetDevice
[INFO] HCCL(110198,npu_reader):2026-09-21-11:29:21.262.833 [adapter_rts.cc:238] [110198][hrtGetDeviceRefresh]deviceLogicId[2]
[INFO] ASCENDCL(110198,npu_reader):2026-09-21-11:29:21.262.836 [device.cpp:511]110198 aclrtGetPhyDevIdByLogicDevIdImpl: start to execute aclrtGetPhyDevIdByLogicDevId, logicDevId is [2]
[INFO] RUNTIME(110198,npu_reader):2026-09-21-11:29:21.262.838 [api_impl.cc:3295] 110198 GetDevicePhyIdByIndex: get PhyId by Index=2.
[INFO] ASCENDCL(110198,npu_reader):2026-09-21-11:29:21.262.841 [device.cpp:515]110198 aclrtGetPhyDevIdByLogicDevIdImpl: successfully execute aclrtGetPhyDevIdByLogicDevId
[INFO] HCCL(110198,npu_reader):2026-09-21-11:29:21.262.843 [hcomm_c_adpt.cc:68] [110198][RefreshCurrentDeviceContext] deviceLogicId[2], devicePhyId[2].
[INFO] HCCL(110198,npu_reader):2026-09-21-11:29:21.262.846 [aicpu_ts_roce_mem.cc:287] [110198][MemoryImport] Begin
[INFO] HCCL(110198,npu_reader):2026-09-21-11:29:21.262.858 [aicpu_ts_roce_mem.cc:303] [110198][AicpuTsRoceRegedMemMgr][MemoryImport] created RemoteRdmaRmaBufferMgr for new endpoint, mgrCnt[1]
[INFO] HCCL(110198,npu_reader):2026-09-21-11:29:21.262.862 [aicpu_ts_roce_mem.cc:318] [110198][AicpuTsRoceRegedMemMgr][MemoryImport] success descLen[197] outMem addr[0xaaaaf0492000] size[4096], mgrCnt[1]
API HcommMemImport(endpoint, peer.descriptor.data(), peer.descriptor.size(), &peer.memory) => 0

STAGE 4. HcommChannelCreate 创建连接，GetStatus 推进建链直到 READY
API HcommChannelDescInit(&desc, 1) => 0
API EndpointDescInit(&desc, 1) => 0
[INFO] HCCL(110198,npu_reader):2026-09-21-11:29:21.262.875 [hcomm_c_adpt.cc:642] [110198][HcommChannelCreate] START. endpointHandle[0xaaad8026b9a0], engine[AICPU_TS], channelNum[1].
[INFO] ASCENDCL(110198,npu_reader):2026-09-21-11:29:21.262.878 [device.cpp:128]110198 aclrtGetDeviceImpl: start to execute aclrtGetDevice
[INFO] HCCL(110198,npu_reader):2026-09-21-11:29:21.262.881 [adapter_rts.cc:238] [110198][hrtGetDeviceRefresh]deviceLogicId[2]
[INFO] ASCENDCL(110198,npu_reader):2026-09-21-11:29:21.262.883 [device.cpp:511]110198 aclrtGetPhyDevIdByLogicDevIdImpl: start to execute aclrtGetPhyDevIdByLogicDevId, logicDevId is [2]
[INFO] RUNTIME(110198,npu_reader):2026-09-21-11:29:21.262.886 [api_impl.cc:3295] 110198 GetDevicePhyIdByIndex: get PhyId by Index=2.
[INFO] ASCENDCL(110198,npu_reader):2026-09-21-11:29:21.262.888 [device.cpp:515]110198 aclrtGetPhyDevIdByLogicDevIdImpl: successfully execute aclrtGetPhyDevIdByLogicDevId
[INFO] HCCL(110198,npu_reader):2026-09-21-11:29:21.262.890 [hcomm_c_adpt.cc:68] [110198][RefreshCurrentDeviceContext] deviceLogicId[2], devicePhyId[2].
[INFO] ASCENDCL(110198,npu_reader):2026-09-21-11:29:21.262.892 [device.cpp:216]110198 aclrtGetDeviceCountImpl: start to execute aclrtGetDeviceCount
[INFO] ASCENDCL(110198,npu_reader):2026-09-21-11:29:21.262.895 [device.cpp:220]110198 aclrtGetDeviceCountImpl: successfully execute aclrtGetDeviceCount, get device count is 16.
[INFO] HCCL(110198,npu_reader):2026-09-21-11:29:21.262.897 [hcomm_adapter_runtime.cc:58] [110198][HcommAdapterRuntime][ResolveRuntimeDevicePhyId] deviceCount[16], devLogicId[2], devicePhyId[2].
[INFO] HCCL(110198,npu_reader):2026-09-21-11:29:21.262.911 [aicpu_ts_roce_channel.cc:395] [110198][AicpuTsRoceChannel] Init start
[INFO] HCCL(110198,npu_reader):2026-09-21-11:29:21.262.914 [aicpu_ts_roce_channel.cc:199] [110198][AicpuTsRoceChannel][client] ParseInputParam start
[INFO] HCCL(110198,npu_reader):2026-09-21-11:29:21.262.916 [aicpu_ts_roce_channel.cc:206] [110198][AicpuTsRoceChannel][client] ParseInputParam done
[INFO] HCCL(110198,npu_reader):2026-09-21-11:29:21.262.919 [aicpu_ts_roce_channel.cc:212] [110198][AicpuTsRoceChannel][client] BuildDataSocket start
[INFO] HCCL(110198,npu_reader):2026-09-21-11:29:21.262.926 [aicpu_ts_roce_channel.cc:229] [110198][AicpuTsRoceChannel][client] BuildDataSocket localIp[20.168.0.3] remoteIp[20.168.0.19] port[19517] socketTag[standard-host-to-hbm_20.168.0.19_20.168.0.3_19517]
[INFO] HCCL(110198,npu_reader):2026-09-21-11:29:21.262.929 [aicpu_ts_roce_channel.cc:249] [110198][AicpuTsRoceChannel][client] BuildDataSocket connect to server
[INFO] HCCL(110198,npu_reader):2026-09-21-11:29:21.262.933 [network_manager.cc:72] [110198]NetworkManager::GetInstance deviceLogicID[2].
[INFO] HCCL(110198,npu_reader):2026-09-21-11:29:21.262.936 [hccl_socket.cc:657] [110198][Get][NicHandleInfo]phyId[2], nicSocketMap[1] localIp[[20.168.0.3]
[INFO] HCCL(110198,npu_reader):2026-09-21-11:29:21.262.940 [hccl_socket.cc:262] [110198][Connect] localIp[20.168.0.3], remoteIp[20.168.0.19], socketHandle[187662184078912], tag[standard-host-to-hbm_20.168.0.19_20.168.0.3_19517], port[19517]
[INFO] HCCL(110198,npu_reader):2026-09-21-11:29:21.262.943 [adapter_hccp.cc:1287] [110198]batch connect, port[19517], remoteip[7f7f7f7f]
[INFO] HCCP(110198,npu_reader):2026-09-21-11:29:21.262.947 [ra_host.c:716]tid:110198,RaSocketBatchConnect : Input parameters: [0]th, phyId[2], localIp[20.168.0.3], remoteIp[20.168.0.19], port[19517], tag[standard-host-to-hbm_20.168.0.19_20.168.0.3_19517], cnt[0]
[INFO] HCCL(110198,npu_reader):2026-09-21-11:29:21.269.223 [hccl_socket.cc:396] [110198][Get][Status]status_[2] 
[INFO] HCCL(110198,npu_reader):2026-09-21-11:29:21.269.227 [aicpu_ts_roce_channel.cc:261] [110198][AicpuTsRoceChannel][client] BuildDataSocket TCP link ready
[INFO] HCCL(110198,npu_reader):2026-09-21-11:29:21.269.231 [aicpu_ts_roce_channel.cc:241] [110198][AicpuTsRoceChannel][client] BuildDataSocket done localPort[842412390] remotePort[19517]
[INFO] HCCL(110198,npu_reader):2026-09-21-11:29:21.269.234 [aicpu_ts_roce_channel.cc:378] [110198][AicpuTsRoceChannel][client] BuildDispatcherAndTransport commId[hcomm_roce_ch_0xaaad81d3fa00]
[WARNING] HCCL(110198,npu_reader):2026-09-21-11:29:21.269.237 [hccl_dispatcher_ctx.cc:38] [110198][FindDispatcherByCommId] commIdkey[hcomm_roce_ch_0xaaad81d3fa00] not found, ctx return nullptr
[INFO] HCCL(110198,npu_reader):2026-09-21-11:29:21.269.248 [adapter_hal.cc:267] [110198]Entry-hrtDrvGetPlatformInfo
[INFO] HCCL(110198,npu_reader):2026-09-21-11:29:21.269.252 [dispatcher_ctx.cc:37] [110198][DispatcherCtx][Init] isDeviceSide[0]
[INFO] HCCL(110198,npu_reader):2026-09-21-11:29:21.269.258 [dispatcher_ctx.cc:47] [110198][DispatcherCtx][Init] Will use NORMAL mode.
[INFO] ASCENDCL(110198,npu_reader):2026-09-21-11:29:21.269.263 [device.cpp:500]110198 aclrtGetLogicDevIdByPhyDevIdImpl: start to execute aclrtGetLogicDevIdByPhyDevId, phyDevId is [2]
[INFO] RUNTIME(110198,npu_reader):2026-09-21-11:29:21.269.266 [api_impl.cc:3302] 110198 GetDeviceIndexByPhyId: get Index by PhyId=2.
[INFO] ASCENDCL(110198,npu_reader):2026-09-21-11:29:21.269.269 [device.cpp:504]110198 aclrtGetLogicDevIdByPhyDevIdImpl: successfully execute aclrtGetLogicDevIdByPhyDevId
[INFO] ASCENDCL(110198,npu_reader):2026-09-21-11:29:21.269.275 [acl_rt_impl_base.cpp:206]110198 aclrtGetSocNameImpl: start to execute aclrtGetSocName.
[INFO] ASCENDCL(110198,npu_reader):2026-09-21-11:29:21.269.278 [acl_rt_impl_base.cpp:135]110198 InitSocVersion: get SocVersion success, SocVersion = Ascend910_9362
[INFO] ASCENDCL(110198,npu_reader):2026-09-21-11:29:21.269.280 [acl_rt_impl_base.cpp:213]110198 aclrtGetSocNameImpl: execute aclrtGetSocName successfully
[INFO] HCCL(110198,npu_reader):2026-09-21-11:29:21.269.284 [legacy_common.cc:30] [110198]get soc name[Ascend910_9362] [Ascend910_9362]
[INFO] HCCL(110198,npu_reader):2026-09-21-11:29:21.269.287 [tbe_vector_reduce.cc:67] [110198]TbeVectorReduce Init get device type[4]
[INFO] ASCENDCL(110198,npu_reader):2026-09-21-11:29:21.269.656 [device.cpp:128]110198 aclrtGetDeviceImpl: start to execute aclrtGetDevice
[INFO] ASCENDCL(110198,npu_reader):2026-09-21-11:29:21.269.662 [device.cpp:294]110198 aclrtGetDeviceInfoImpl: start to execute aclrtGetDeviceInfo
[INFO] RUNTIME(110198,npu_reader):2026-09-21-11:29:21.269.669 [api_impl.cc:3613] 110198 GetDeviceInfo: get device info, drv devId=2
[INFO] ASCENDCL(110198,npu_reader):2026-09-21-11:29:21.269.678 [device.cpp:299]110198 aclrtGetDeviceInfoImpl: successfully execute aclrtGetDeviceInfo
[INFO] HCCL(110198,npu_reader):2026-09-21-11:29:21.269.682 [tbe_vector_reduce.cc:424] [110198]op binary file path[/usr/local/Ascend/cann-9.1.0/lib64]
[INFO] RUNTIME(110198,npu_reader):2026-09-21-11:29:21.269.719 [binary_loader.cc:364] 110198 LoadFromData: New ElfProgram ok, magic=1094799942, kernelAttrType=2, Runtime_alloc_size=11072
[INFO] RUNTIME(110198,npu_reader):2026-09-21-11:29:21.269.724 [program.cc:204] 110198 SaveBinaryData: Malloc the buffer for elfData, len=22320
[INFO] RUNTIME(110198,npu_reader):2026-09-21-11:29:21.269.731 [elf.cc:884] 110198 ParseKernelMetaData: section name = .text.
[INFO] RUNTIME(110198,npu_reader):2026-09-21-11:29:21.269.734 [elf.cc:884] 110198 ParseKernelMetaData: section name = .ascend.stack.size.record.
[INFO] RUNTIME(110198,npu_reader):2026-09-21-11:29:21.269.737 [elf.cc:884] 110198 ParseKernelMetaData: section name = __CCE_KernelArgSize.
[INFO] RUNTIME(110198,npu_reader):2026-09-21-11:29:21.269.739 [elf.cc:884] 110198 ParseKernelMetaData: section name = .ascend.meta.add_Ascend910b_int64_2147483647.
[INFO] RUNTIME(110198,npu_reader):2026-09-21-11:29:21.269.742 [elf.cc:575] 110198 ElfParseParamSummary: paramCount=4, paramTotalSize=32.
[INFO] RUNTIME(110198,npu_reader):2026-09-21-11:29:21.269.744 [elf.cc:610] 110198 ElfParseParamInfo: Cache param info: ordinal=0, offset=0, size=8, align=8, paramType=2, spaceIndex=0.
[INFO] RUNTIME(110198,npu_reader):2026-09-21-11:29:21.269.747 [elf.cc:610] 110198 ElfParseParamInfo: Cache param info: ordinal=1, offset=8, size=8, align=8, paramType=2, spaceIndex=0.
[INFO] RUNTIME(110198,npu_reader):2026-09-21-11:29:21.269.750 [elf.cc:610] 110198 ElfParseParamInfo: Cache param info: ordinal=2, offset=16, size=8, align=8, paramType=2, spaceIndex=0.
[INFO] RUNTIME(110198,npu_reader):2026-09-21-11:29:21.269.752 [elf.cc:610] 110198 ElfParseParamInfo: Cache param info: ordinal=3, offset=24, size=8, align=8, paramType=2, spaceIndex=0.
[INFO] RUNTIME(110198,npu_reader):2026-09-21-11:29:21.269.755 [elf.cc:916] 110198 ParseKernelMetaData: kernel_name=add_Ascend910b_int64_2147483647, ration[0]=0, ration[1]=0, dfxAddr=0xaaad81db2a78, dfxSize=176, funcType=0, crossCoreSync=0, kernelVfType=0, shareMemSize=0, minStackSize=0, isSupportFuncEntry=0, functionEntryFlag=128, functionEntry=0.
[INFO] RUNTIME(110198,npu_reader):2026-09-21-11:29:21.269.759 [elf.cc:884] 110198 ParseKernelMetaData: section name = .comment.
[INFO] RUNTIME(110198,npu_reader):2026-09-21-11:29:21.269.761 [elf.cc:884] 110198 ParseKernelMetaData: section name = .ascend.meta.add_Ascend910b_int64_210010000.
[INFO] RUNTIME(110198,npu_reader):2026-09-21-11:29:21.269.763 [elf.cc:575] 110198 ElfParseParamSummary: paramCount=4, paramTotalSize=32.
[INFO] RUNTIME(110198,npu_reader):2026-09-21-11:29:21.269.766 [elf.cc:610] 110198 ElfParseParamInfo: Cache param info: ordinal=0, offset=0, size=8, align=8, paramType=2, spaceIndex=0.
[INFO] RUNTIME(110198,npu_reader):2026-09-21-11:29:21.269.768 [elf.cc:610] 110198 ElfParseParamInfo: Cache param info: ordinal=1, offset=8, size=8, align=8, paramType=2, spaceIndex=0.
[INFO] RUNTIME(110198,npu_reader):2026-09-21-11:29:21.269.771 [elf.cc:610] 110198 ElfParseParamInfo: Cache param info: ordinal=2, offset=16, size=8, align=8, paramType=2, spaceIndex=0.
[INFO] RUNTIME(110198,npu_reader):2026-09-21-11:29:21.269.774 [elf.cc:610] 110198 ElfParseParamInfo: Cache param info: ordinal=3, offset=24, size=8, align=8, paramType=2, spaceIndex=0.
[INFO] RUNTIME(110198,npu_reader):2026-09-21-11:29:21.269.777 [elf.cc:916] 110198 ParseKernelMetaData: kernel_name=add_Ascend910b_int64_210010000, ration[0]=0, ration[1]=0, dfxAddr=0xaaad81db2b6c, dfxSize=176, funcType=0, crossCoreSync=0, kernelVfType=0, shareMemSize=0, minStackSize=0, isSupportFuncEntry=0, functionEntryFlag=128, functionEntry=0.
[INFO] RUNTIME(110198,npu_reader):2026-09-21-11:29:21.269.780 [elf.cc:884] 110198 ParseKernelMetaData: section name = .ascend.meta.add_Ascend910b_int64_210000000.
[INFO] RUNTIME(110198,npu_reader):2026-09-21-11:29:21.269.783 [elf.cc:575] 110198 ElfParseParamSummary: paramCount=4, paramTotalSize=32.
[INFO] RUNTIME(110198,npu_reader):2026-09-21-11:29:21.269.785 [elf.cc:610] 110198 ElfParseParamInfo: Cache param info: ordinal=0, offset=0, size=8, align=8, paramType=2, spaceIndex=0.
[INFO] RUNTIME(110198,npu_reader):2026-09-21-11:29:21.269.787 [elf.cc:610] 110198 ElfParseParamInfo: Cache param info: ordinal=1, offset=8, size=8, align=8, paramType=2, spaceIndex=0.
[INFO] RUNTIME(110198,npu_reader):2026-09-21-11:29:21.269.790 [elf.cc:610] 110198 ElfParseParamInfo: Cache param info: ordinal=2, offset=16, size=8, align=8, paramType=2, spaceIndex=0.
[INFO] RUNTIME(110198,npu_reader):2026-09-21-11:29:21.269.792 [elf.cc:610] 110198 ElfParseParamInfo: Cache param info: ordinal=3, offset=24, size=8, align=8, paramType=2, spaceIndex=0.
[INFO] RUNTIME(110198,npu_reader):2026-09-21-11:29:21.269.795 [elf.cc:916] 110198 ParseKernelMetaData: kernel_name=add_Ascend910b_int64_210000000, ration[0]=0, ration[1]=0, dfxAddr=0xaaad81db2c1c, dfxSize=176, funcType=0, crossCoreSync=0, kernelVfType=0, shareMemSize=0, minStackSize=0, isSupportFuncEntry=0, functionEntryFlag=128, functionEntry=0.
[INFO] RUNTIME(110198,npu_reader):2026-09-21-11:29:21.269.805 [elf.cc:1076] 110198 UpdateCachedParamInfos: Restore cached param info: kernel_name=add_Ascend910b_int64_2147483647, ordinal=0, offset=0, size=8.
[INFO] RUNTIME(110198,npu_reader):2026-09-21-11:29:21.269.808 [elf.cc:1076] 110198 UpdateCachedParamInfos: Restore cached param info: kernel_name=add_Ascend910b_int64_2147483647, ordinal=1, offset=8, size=8.
[INFO] RUNTIME(110198,npu_reader):2026-09-21-11:29:21.269.810 [elf.cc:1076] 110198 UpdateCachedParamInfos: Restore cached param info: kernel_name=add_Ascend910b_int64_2147483647, ordinal=2, offset=16, size=8.
[INFO] RUNTIME(110198,npu_reader):2026-09-21-11:29:21.269.813 [elf.cc:1076] 110198 UpdateCachedParamInfos: Restore cached param info: kernel_name=add_Ascend910b_int64_2147483647, ordinal=3, offset=24, size=8.
[INFO] RUNTIME(110198,npu_reader):2026-09-21-11:29:21.269.815 [elf.cc:1145] 110198 UpdateKernelsInfo: update meta info, kernel_name=add_Ascend910b_int64_2147483647, dfxAddr=0xaaad81db2a78, dfxSize=176, funcType=0, elfDataFlag=1, userArgsNum=0, crossCoreSync=0, kernelVfType=0, shareMemSize=0, minStackSize=0, funcEntryType=0, functionEntry=0, schedMode=0, taskRation_0=0, taskRation_1=0, hasParamSummary=1, paramCount=4, paramTotalSize=32.
[INFO] RUNTIME(110198,npu_reader):2026-09-21-11:29:21.269.819 [elf.cc:1076] 110198 UpdateCachedParamInfos: Restore cached param info: kernel_name=add_Ascend910b_int64_210010000, ordinal=0, offset=0, size=8.
[INFO] RUNTIME(110198,npu_reader):2026-09-21-11:29:21.269.821 [elf.cc:1076] 110198 UpdateCachedParamInfos: Restore cached param info: kernel_name=add_Ascend910b_int64_210010000, ordinal=1, offset=8, size=8.
[INFO] RUNTIME(110198,npu_reader):2026-09-21-11:29:21.269.824 [elf.cc:1076] 110198 UpdateCachedParamInfos: Restore cached param info: kernel_name=add_Ascend910b_int64_210010000, ordinal=2, offset=16, size=8.
[INFO] RUNTIME(110198,npu_reader):2026-09-21-11:29:21.269.826 [elf.cc:1076] 110198 UpdateCachedParamInfos: Restore cached param info: kernel_name=add_Ascend910b_int64_210010000, ordinal=3, offset=24, size=8.
[INFO] RUNTIME(110198,npu_reader):2026-09-21-11:29:21.269.829 [elf.cc:1145] 110198 UpdateKernelsInfo: update meta info, kernel_name=add_Ascend910b_int64_210010000, dfxAddr=0xaaad81db2b6c, dfxSize=176, funcType=0, elfDataFlag=1, userArgsNum=0, crossCoreSync=0, kernelVfType=0, shareMemSize=0, minStackSize=0, funcEntryType=0, functionEntry=0, schedMode=0, taskRation_0=0, taskRation_1=0, hasParamSummary=1, paramCount=4, paramTotalSize=32.
[INFO] RUNTIME(110198,npu_reader):2026-09-21-11:29:21.269.833 [elf.cc:1076] 110198 UpdateCachedParamInfos: Restore cached param info: kernel_name=add_Ascend910b_int64_210000000, ordinal=0, offset=0, size=8.
[INFO] RUNTIME(110198,npu_reader):2026-09-21-11:29:21.269.835 [elf.cc:1076] 110198 UpdateCachedParamInfos: Restore cached param info: kernel_name=add_Ascend910b_int64_210000000, ordinal=1, offset=8, size=8.
[INFO] RUNTIME(110198,npu_reader):2026-09-21-11:29:21.269.837 [elf.cc:1076] 110198 UpdateCachedParamInfos: Restore cached param info: kernel_name=add_Ascend910b_int64_210000000, ordinal=2, offset=16, size=8.
[INFO] RUNTIME(110198,npu_reader):2026-09-21-11:29:21.269.839 [elf.cc:1076] 110198 UpdateCachedParamInfos: Restore cached param info: kernel_name=add_Ascend910b_int64_210000000, ordinal=3, offset=24, size=8.
[INFO] RUNTIME(110198,npu_reader):2026-09-21-11:29:21.269.841 [elf.cc:1145] 110198 UpdateKernelsInfo: update meta info, kernel_name=add_Ascend910b_int64_210000000, dfxAddr=0xaaad81db2c1c, dfxSize=176, funcType=0, elfDataFlag=1, userArgsNum=0, crossCoreSync=0, kernelVfType=0, shareMemSize=0, minStackSize=0, funcEntryType=0, functionEntry=0, schedMode=0, taskRation_0=0, taskRation_1=0, hasParamSummary=1, paramCount=4, paramTotalSize=32.
[INFO] RUNTIME(110198,npu_reader):2026-09-21-11:29:21.269.846 [runtime.cc:1448] 110198 AddProgramToPool: progId=0
[INFO] RUNTIME(110198,npu_reader):2026-09-21-11:29:21.269.851 [program.cc:1649] 110198 GetKernelTypeAndMixType: Get kernel type success, kernelName=add_Ascend910b_int64_2147483647, funcType=0, kernelAttrType=2, mixType=0
[INFO] RUNTIME(110198,npu_reader):2026-09-21-11:29:21.269.857 [program.cc:1119] 110198 SetKernelAttribute: kernel_name=add_Ascend910b_int64_2147483647, kernelAttrType=2, userParamNum=0, sysParamNum=1, IsNeedSetFftsAddrInArg=0, isSupportOverFlow=1, elfDataFlag=1
[INFO] RUNTIME(110198,npu_reader):2026-09-21-11:29:21.269.860 [program.cc:1690] 110198 BuildNewKernel: new kernel success, size=1320, programId=0, original kernel_name=add_Ascend910b_int64_2147483647, register kernel_name=add_Ascend910b_int64_2147483647, tilingKey=2147483647, functionEntry=0, funcType=0, kernelAttrType=2, mixType=0, taskRation=2, offset=0, dfxAddr=187662184688248, dfxSize=176
[INFO] RUNTIME(110198,npu_reader):2026-09-21-11:29:21.269.865 [program.cc:1649] 110198 GetKernelTypeAndMixType: Get kernel type success, kernelName=add_Ascend910b_int64_210010000, funcType=0, kernelAttrType=2, mixType=0
[INFO] RUNTIME(110198,npu_reader):2026-09-21-11:29:21.269.868 [program.cc:1119] 110198 SetKernelAttribute: kernel_name=add_Ascend910b_int64_210010000, kernelAttrType=2, userParamNum=0, sysParamNum=1, IsNeedSetFftsAddrInArg=0, isSupportOverFlow=1, elfDataFlag=1
[INFO] RUNTIME(110198,npu_reader):2026-09-21-11:29:21.269.871 [program.cc:1690] 110198 BuildNewKernel: new kernel success, size=1320, programId=0, original kernel_name=add_Ascend910b_int64_210010000, register kernel_name=add_Ascend910b_int64_210010000, tilingKey=210010000, functionEntry=0, funcType=0, kernelAttrType=2, mixType=0, taskRation=2, offset=116, dfxAddr=187662184688492, dfxSize=176
[INFO] RUNTIME(110198,npu_reader):2026-09-21-11:29:21.269.875 [program.cc:1649] 110198 GetKernelTypeAndMixType: Get kernel type success, kernelName=add_Ascend910b_int64_210000000, funcType=0, kernelAttrType=2, mixType=0
[INFO] RUNTIME(110198,npu_reader):2026-09-21-11:29:21.269.878 [program.cc:1119] 110198 SetKernelAttribute: kernel_name=add_Ascend910b_int64_210000000, kernelAttrType=2, userParamNum=0, sysParamNum=1, IsNeedSetFftsAddrInArg=0, isSupportOverFlow=1, elfDataFlag=1
[INFO] RUNTIME(110198,npu_reader):2026-09-21-11:29:21.269.881 [program.cc:1690] 110198 BuildNewKernel: new kernel success, size=1320, programId=0, original kernel_name=add_Ascend910b_int64_210000000, register kernel_name=add_Ascend910b_int64_210000000, tilingKey=210000000, functionEntry=0, funcType=0, kernelAttrType=2, mixType=0, taskRation=2, offset=11984, dfxAddr=187662184688668, dfxSize=176
[INFO] RUNTIME(110198,npu_reader):2026-09-21-11:29:21.269.900 [binary_loader.cc:364] 110198 LoadFromData: New ElfProgram ok, magic=1094799942, kernelAttrType=2, Runtime_alloc_size=11072
[INFO] RUNTIME(110198,npu_reader):2026-09-21-11:29:21.269.904 [program.cc:204] 110198 SaveBinaryData: Malloc the buffer for elfData, len=15992
[INFO] RUNTIME(110198,npu_reader):2026-09-21-11:29:21.269.907 [elf.cc:884] 110198 ParseKernelMetaData: section name = .text.
[INFO] RUNTIME(110198,npu_reader):2026-09-21-11:29:21.269.910 [elf.cc:884] 110198 ParseKernelMetaData: section name = .ascend.stack.size.record.
[INFO] RUNTIME(110198,npu_reader):2026-09-21-11:29:21.269.912 [elf.cc:884] 110198 ParseKernelMetaData: section name = __CCE_KernelArgSize.
[INFO] RUNTIME(110198,npu_reader):2026-09-21-11:29:21.269.915 [elf.cc:884] 110198 ParseKernelMetaData: section name = .ascend.meta.max_Ascend910b_int64_2147483647.
[INFO] RUNTIME(110198,npu_reader):2026-09-21-11:29:21.269.917 [elf.cc:575] 110198 ElfParseParamSummary: paramCount=4, paramTotalSize=32.
[INFO] RUNTIME(110198,npu_reader):2026-09-21-11:29:21.269.919 [elf.cc:610] 110198 ElfParseParamInfo: Cache param info: ordinal=0, offset=0, size=8, align=8, paramType=2, spaceIndex=0.
[INFO] RUNTIME(110198,npu_reader):2026-09-21-11:29:21.269.922 [elf.cc:610] 110198 ElfParseParamInfo: Cache param info: ordinal=1, offset=8, size=8, align=8, paramType=2, spaceIndex=0.
[INFO] RUNTIME(110198,npu_reader):2026-09-21-11:29:21.269.925 [elf.cc:610] 110198 ElfParseParamInfo: Cache param info: ordinal=2, offset=16, size=8, align=8, paramType=2, spaceIndex=0.
[INFO] RUNTIME(110198,npu_reader):2026-09-21-11:29:21.269.927 [elf.cc:610] 110198 ElfParseParamInfo: Cache param info: ordinal=3, offset=24, size=8, align=8, paramType=2, spaceIndex=0.
[INFO] RUNTIME(110198,npu_reader):2026-09-21-11:29:21.269.929 [elf.cc:916] 110198 ParseKernelMetaData: kernel_name=max_Ascend910b_int64_2147483647, ration[0]=0, ration[1]=0, dfxAddr=0xaaad81dbf2e4, dfxSize=176, funcType=0, crossCoreSync=0, kernelVfType=0, shareMemSize=0, minStackSize=0, isSupportFuncEntry=0, functionEntryFlag=128, functionEntry=0.
[INFO] RUNTIME(110198,npu_reader):2026-09-21-11:29:21.269.933 [elf.cc:884] 110198 ParseKernelMetaData: section name = .comment.
[INFO] RUNTIME(110198,npu_reader):2026-09-21-11:29:21.269.935 [elf.cc:884] 110198 ParseKernelMetaData: section name = .ascend.meta.max_Ascend910b_int64_210010000.
[INFO] RUNTIME(110198,npu_reader):2026-09-21-11:29:21.269.937 [elf.cc:575] 110198 ElfParseParamSummary: paramCount=4, paramTotalSize=32.
[INFO] RUNTIME(110198,npu_reader):2026-09-21-11:29:21.269.940 [elf.cc:610] 110198 ElfParseParamInfo: Cache param info: ordinal=0, offset=0, size=8, align=8, paramType=2, spaceIndex=0.
[INFO] RUNTIME(110198,npu_reader):2026-09-21-11:29:21.269.942 [elf.cc:610] 110198 ElfParseParamInfo: Cache param info: ordinal=1, offset=8, size=8, align=8, paramType=2, spaceIndex=0.
[INFO] RUNTIME(110198,npu_reader):2026-09-21-11:29:21.269.945 [elf.cc:610] 110198 ElfParseParamInfo: Cache param info: ordinal=2, offset=16, size=8, align=8, paramType=2, spaceIndex=0.
[INFO] RUNTIME(110198,npu_reader):2026-09-21-11:29:21.269.947 [elf.cc:610] 110198 ElfParseParamInfo: Cache param info: ordinal=3, offset=24, size=8, align=8, paramType=2, spaceIndex=0.
[INFO] RUNTIME(110198,npu_reader):2026-09-21-11:29:21.269.950 [elf.cc:916] 110198 ParseKernelMetaData: kernel_name=max_Ascend910b_int64_210010000, ration[0]=0, ration[1]=0, dfxAddr=0xaaad81dbf3d8, dfxSize=176, funcType=0, crossCoreSync=0, kernelVfType=0, shareMemSize=0, minStackSize=0, isSupportFuncEntry=0, functionEntryFlag=128, functionEntry=0.
[INFO] RUNTIME(110198,npu_reader):2026-09-21-11:29:21.269.953 [elf.cc:884] 110198 ParseKernelMetaData: section name = .ascend.meta.max_Ascend910b_int64_210000000.
[INFO] RUNTIME(110198,npu_reader):2026-09-21-11:29:21.269.956 [elf.cc:575] 110198 ElfParseParamSummary: paramCount=4, paramTotalSize=32.
[INFO] RUNTIME(110198,npu_reader):2026-09-21-11:29:21.269.958 [elf.cc:610] 110198 ElfParseParamInfo: Cache param info: ordinal=0, offset=0, size=8, align=8, paramType=2, spaceIndex=0.
[INFO] RUNTIME(110198,npu_reader):2026-09-21-11:29:21.269.960 [elf.cc:610] 110198 ElfParseParamInfo: Cache param info: ordinal=1, offset=8, size=8, align=8, paramType=2, spaceIndex=0.
[INFO] RUNTIME(110198,npu_reader):2026-09-21-11:29:21.269.963 [elf.cc:610] 110198 ElfParseParamInfo: Cache param info: ordinal=2, offset=16, size=8, align=8, paramType=2, spaceIndex=0.
[INFO] RUNTIME(110198,npu_reader):2026-09-21-11:29:21.269.965 [elf.cc:610] 110198 ElfParseParamInfo: Cache param info: ordinal=3, offset=24, size=8, align=8, paramType=2, spaceIndex=0.
[INFO] RUNTIME(110198,npu_reader):2026-09-21-11:29:21.269.968 [elf.cc:916] 110198 ParseKernelMetaData: kernel_name=max_Ascend910b_int64_210000000, ration[0]=0, ration[1]=0, dfxAddr=0xaaad81dbf488, dfxSize=176, funcType=0, crossCoreSync=0, kernelVfType=0, shareMemSize=0, minStackSize=0, isSupportFuncEntry=0, functionEntryFlag=128, functionEntry=0.
[INFO] RUNTIME(110198,npu_reader):2026-09-21-11:29:21.269.977 [elf.cc:1076] 110198 UpdateCachedParamInfos: Restore cached param info: kernel_name=max_Ascend910b_int64_2147483647, ordinal=0, offset=0, size=8.
[INFO] RUNTIME(110198,npu_reader):2026-09-21-11:29:21.269.979 [elf.cc:1076] 110198 UpdateCachedParamInfos: Restore cached param info: kernel_name=max_Ascend910b_int64_2147483647, ordinal=1, offset=8, size=8.
[INFO] RUNTIME(110198,npu_reader):2026-09-21-11:29:21.269.982 [elf.cc:1076] 110198 UpdateCachedParamInfos: Restore cached param info: kernel_name=max_Ascend910b_int64_2147483647, ordinal=2, offset=16, size=8.
[INFO] RUNTIME(110198,npu_reader):2026-09-21-11:29:21.269.984 [elf.cc:1076] 110198 UpdateCachedParamInfos: Restore cached param info: kernel_name=max_Ascend910b_int64_2147483647, ordinal=3, offset=24, size=8.
[INFO] RUNTIME(110198,npu_reader):2026-09-21-11:29:21.269.986 [elf.cc:1145] 110198 UpdateKernelsInfo: update meta info, kernel_name=max_Ascend910b_int64_2147483647, dfxAddr=0xaaad81dbf2e4, dfxSize=176, funcType=0, elfDataFlag=1, userArgsNum=0, crossCoreSync=0, kernelVfType=0, shareMemSize=0, minStackSize=0, funcEntryType=0, functionEntry=0, schedMode=0, taskRation_0=0, taskRation_1=0, hasParamSummary=1, paramCount=4, paramTotalSize=32.
[INFO] RUNTIME(110198,npu_reader):2026-09-21-11:29:21.269.990 [elf.cc:1076] 110198 UpdateCachedParamInfos: Restore cached param info: kernel_name=max_Ascend910b_int64_210010000, ordinal=0, offset=0, size=8.
[INFO] RUNTIME(110198,npu_reader):2026-09-21-11:29:21.269.992 [elf.cc:1076] 110198 UpdateCachedParamInfos: Restore cached param info: kernel_name=max_Ascend910b_int64_210010000, ordinal=1, offset=8, size=8.
[INFO] RUNTIME(110198,npu_reader):2026-09-21-11:29:21.269.994 [elf.cc:1076] 110198 UpdateCachedParamInfos: Restore cached param info: kernel_name=max_Ascend910b_int64_210010000, ordinal=2, offset=16, size=8.
[INFO] RUNTIME(110198,npu_reader):2026-09-21-11:29:21.269.996 [elf.cc:1076] 110198 UpdateCachedParamInfos: Restore cached param info: kernel_name=max_Ascend910b_int64_210010000, ordinal=3, offset=24, size=8.
[INFO] RUNTIME(110198,npu_reader):2026-09-21-11:29:21.269.999 [elf.cc:1145] 110198 UpdateKernelsInfo: update meta info, kernel_name=max_Ascend910b_int64_210010000, dfxAddr=0xaaad81dbf3d8, dfxSize=176, funcType=0, elfDataFlag=1, userArgsNum=0, crossCoreSync=0, kernelVfType=0, shareMemSize=0, minStackSize=0, funcEntryType=0, functionEntry=0, schedMode=0, taskRation_0=0, taskRation_1=0, hasParamSummary=1, paramCount=4, paramTotalSize=32.
[INFO] RUNTIME(110198,npu_reader):2026-09-21-11:29:21.270.002 [elf.cc:1076] 110198 UpdateCachedParamInfos: Restore cached param info: kernel_name=max_Ascend910b_int64_210000000, ordinal=0, offset=0, size=8.
[INFO] RUNTIME(110198,npu_reader):2026-09-21-11:29:21.270.005 [elf.cc:1076] 110198 UpdateCachedParamInfos: Restore cached param info: kernel_name=max_Ascend910b_int64_210000000, ordinal=1, offset=8, size=8.
[INFO] RUNTIME(110198,npu_reader):2026-09-21-11:29:21.270.007 [elf.cc:1076] 110198 UpdateCachedParamInfos: Restore cached param info: kernel_name=max_Ascend910b_int64_210000000, ordinal=2, offset=16, size=8.
[INFO] RUNTIME(110198,npu_reader):2026-09-21-11:29:21.270.009 [elf.cc:1076] 110198 UpdateCachedParamInfos: Restore cached param info: kernel_name=max_Ascend910b_int64_210000000, ordinal=3, offset=24, size=8.
[INFO] RUNTIME(110198,npu_reader):2026-09-21-11:29:21.270.012 [elf.cc:1145] 110198 UpdateKernelsInfo: update meta info, kernel_name=max_Ascend910b_int64_210000000, dfxAddr=0xaaad81dbf488, dfxSize=176, funcType=0, elfDataFlag=1, userArgsNum=0, crossCoreSync=0, kernelVfType=0, shareMemSize=0, minStackSize=0, funcEntryType=0, functionEntry=0, schedMode=0, taskRation_0=0, taskRation_1=0, hasParamSummary=1, paramCount=4, paramTotalSize=32.
[INFO] RUNTIME(110198,npu_reader):2026-09-21-11:29:21.270.015 [runtime.cc:1448] 110198 AddProgramToPool: progId=1
[INFO] RUNTIME(110198,npu_reader):2026-09-21-11:29:21.270.018 [program.cc:1649] 110198 GetKernelTypeAndMixType: Get kernel type success, kernelName=max_Ascend910b_int64_2147483647, funcType=0, kernelAttrType=2, mixType=0
[INFO] RUNTIME(110198,npu_reader):2026-09-21-11:29:21.270.022 [program.cc:1119] 110198 SetKernelAttribute: kernel_name=max_Ascend910b_int64_2147483647, kernelAttrType=2, userParamNum=0, sysParamNum=1, IsNeedSetFftsAddrInArg=0, isSupportOverFlow=1, elfDataFlag=1
[INFO] RUNTIME(110198,npu_reader):2026-09-21-11:29:21.270.025 [program.cc:1690] 110198 BuildNewKernel: new kernel success, size=1320, programId=1, original kernel_name=max_Ascend910b_int64_2147483647, register kernel_name=max_Ascend910b_int64_2147483647, tilingKey=2147483647, functionEntry=0, funcType=0, kernelAttrType=2, mixType=0, taskRation=2, offset=0, dfxAddr=187662184739556, dfxSize=176
[INFO] RUNTIME(110198,npu_reader):2026-09-21-11:29:21.270.029 [program.cc:1649] 110198 GetKernelTypeAndMixType: Get kernel type success, kernelName=max_Ascend910b_int64_210010000, funcType=0, kernelAttrType=2, mixType=0
[INFO] RUNTIME(110198,npu_reader):2026-09-21-11:29:21.270.032 [program.cc:1119] 110198 SetKernelAttribute: kernel_name=max_Ascend910b_int64_210010000, kernelAttrType=2, userParamNum=0, sysParamNum=1, IsNeedSetFftsAddrInArg=0, isSupportOverFlow=1, elfDataFlag=1
[INFO] RUNTIME(110198,npu_reader):2026-09-21-11:29:21.270.034 [program.cc:1690] 110198 BuildNewKernel: new kernel success, size=1320, programId=1, original kernel_name=max_Ascend910b_int64_210010000, register kernel_name=max_Ascend910b_int64_210010000, tilingKey=210010000, functionEntry=0, funcType=0, kernelAttrType=2, mixType=0, taskRation=2, offset=116, dfxAddr=187662184739800, dfxSize=176
[INFO] RUNTIME(110198,npu_reader):2026-09-21-11:29:21.270.038 [program.cc:1649] 110198 GetKernelTypeAndMixType: Get kernel type success, kernelName=max_Ascend910b_int64_210000000, funcType=0, kernelAttrType=2, mixType=0
[INFO] RUNTIME(110198,npu_reader):2026-09-21-11:29:21.270.041 [program.cc:1119] 110198 SetKernelAttribute: kernel_name=max_Ascend910b_int64_210000000, kernelAttrType=2, userParamNum=0, sysParamNum=1, IsNeedSetFftsAddrInArg=0, isSupportOverFlow=1, elfDataFlag=1
[INFO] RUNTIME(110198,npu_reader):2026-09-21-11:29:21.270.044 [program.cc:1690] 110198 BuildNewKernel: new kernel success, size=1320, programId=1, original kernel_name=max_Ascend910b_int64_210000000, register kernel_name=max_Ascend910b_int64_210000000, tilingKey=210000000, functionEntry=0, funcType=0, kernelAttrType=2, mixType=0, taskRation=2, offset=8136, dfxAddr=187662184739976, dfxSize=176
[INFO] RUNTIME(110198,npu_reader):2026-09-21-11:29:21.270.059 [binary_loader.cc:364] 110198 LoadFromData: New ElfProgram ok, magic=1094799942, kernelAttrType=2, Runtime_alloc_size=11072
[INFO] RUNTIME(110198,npu_reader):2026-09-21-11:29:21.270.063 [program.cc:204] 110198 SaveBinaryData: Malloc the buffer for elfData, len=15992
[INFO] RUNTIME(110198,npu_reader):2026-09-21-11:29:21.270.067 [elf.cc:884] 110198 ParseKernelMetaData: section name = .text.
[INFO] RUNTIME(110198,npu_reader):2026-09-21-11:29:21.270.069 [elf.cc:884] 110198 ParseKernelMetaData: section name = .ascend.stack.size.record.
[INFO] RUNTIME(110198,npu_reader):2026-09-21-11:29:21.270.072 [elf.cc:884] 110198 ParseKernelMetaData: section name = __CCE_KernelArgSize.
[INFO] RUNTIME(110198,npu_reader):2026-09-21-11:29:21.270.074 [elf.cc:884] 110198 ParseKernelMetaData: section name = .ascend.meta.min_Ascend910b_int64_2147483647.
[INFO] RUNTIME(110198,npu_reader):2026-09-21-11:29:21.270.076 [elf.cc:575] 110198 ElfParseParamSummary: paramCount=4, paramTotalSize=32.
[INFO] RUNTIME(110198,npu_reader):2026-09-21-11:29:21.270.078 [elf.cc:610] 110198 ElfParseParamInfo: Cache param info: ordinal=0, offset=0, size=8, align=8, paramType=2, spaceIndex=0.
[INFO] RUNTIME(110198,npu_reader):2026-09-21-11:29:21.270.081 [elf.cc:610] 110198 ElfParseParamInfo: Cache param info: ordinal=1, offset=8, size=8, align=8, paramType=2, spaceIndex=0.
[INFO] RUNTIME(110198,npu_reader):2026-09-21-11:29:21.270.083 [elf.cc:610] 110198 ElfParseParamInfo: Cache param info: ordinal=2, offset=16, size=8, align=8, paramType=2, spaceIndex=0.
[INFO] RUNTIME(110198,npu_reader):2026-09-21-11:29:21.270.086 [elf.cc:610] 110198 ElfParseParamInfo: Cache param info: ordinal=3, offset=24, size=8, align=8, paramType=2, spaceIndex=0.
[INFO] RUNTIME(110198,npu_reader):2026-09-21-11:29:21.270.088 [elf.cc:916] 110198 ParseKernelMetaData: kernel_name=min_Ascend910b_int64_2147483647, ration[0]=0, ration[1]=0, dfxAddr=0xaaad81dcbb44, dfxSize=176, funcType=0, crossCoreSync=0, kernelVfType=0, shareMemSize=0, minStackSize=0, isSupportFuncEntry=0, functionEntryFlag=128, functionEntry=0.
[INFO] RUNTIME(110198,npu_reader):2026-09-21-11:29:21.270.091 [elf.cc:884] 110198 ParseKernelMetaData: section name = .comment.
[INFO] RUNTIME(110198,npu_reader):2026-09-21-11:29:21.270.094 [elf.cc:884] 110198 ParseKernelMetaData: section name = .ascend.meta.min_Ascend910b_int64_210010000.
[INFO] RUNTIME(110198,npu_reader):2026-09-21-11:29:21.270.096 [elf.cc:575] 110198 ElfParseParamSummary: paramCount=4, paramTotalSize=32.
[INFO] RUNTIME(110198,npu_reader):2026-09-21-11:29:21.270.098 [elf.cc:610] 110198 ElfParseParamInfo: Cache param info: ordinal=0, offset=0, size=8, align=8, paramType=2, spaceIndex=0.
[INFO] RUNTIME(110198,npu_reader):2026-09-21-11:29:21.270.101 [elf.cc:610] 110198 ElfParseParamInfo: Cache param info: ordinal=1, offset=8, size=8, align=8, paramType=2, spaceIndex=0.
[INFO] RUNTIME(110198,npu_reader):2026-09-21-11:29:21.270.103 [elf.cc:610] 110198 ElfParseParamInfo: Cache param info: ordinal=2, offset=16, size=8, align=8, paramType=2, spaceIndex=0.
[INFO] RUNTIME(110198,npu_reader):2026-09-21-11:29:21.270.105 [elf.cc:610] 110198 ElfParseParamInfo: Cache param info: ordinal=3, offset=24, size=8, align=8, paramType=2, spaceIndex=0.
[INFO] RUNTIME(110198,npu_reader):2026-09-21-11:29:21.270.108 [elf.cc:916] 110198 ParseKernelMetaData: kernel_name=min_Ascend910b_int64_210010000, ration[0]=0, ration[1]=0, dfxAddr=0xaaad81dcbc38, dfxSize=176, funcType=0, crossCoreSync=0, kernelVfType=0, shareMemSize=0, minStackSize=0, isSupportFuncEntry=0, functionEntryFlag=128, functionEntry=0.
[INFO] RUNTIME(110198,npu_reader):2026-09-21-11:29:21.270.111 [elf.cc:884] 110198 ParseKernelMetaData: section name = .ascend.meta.min_Ascend910b_int64_210000000.
[INFO] RUNTIME(110198,npu_reader):2026-09-21-11:29:21.270.113 [elf.cc:575] 110198 ElfParseParamSummary: paramCount=4, paramTotalSize=32.
[INFO] RUNTIME(110198,npu_reader):2026-09-21-11:29:21.270.115 [elf.cc:610] 110198 ElfParseParamInfo: Cache param info: ordinal=0, offset=0, size=8, align=8, paramType=2, spaceIndex=0.
[INFO] RUNTIME(110198,npu_reader):2026-09-21-11:29:21.270.118 [elf.cc:610] 110198 ElfParseParamInfo: Cache param info: ordinal=1, offset=8, size=8, align=8, paramType=2, spaceIndex=0.
[INFO] RUNTIME(110198,npu_reader):2026-09-21-11:29:21.270.120 [elf.cc:610] 110198 ElfParseParamInfo: Cache param info: ordinal=2, offset=16, size=8, align=8, paramType=2, spaceIndex=0.
[INFO] RUNTIME(110198,npu_reader):2026-09-21-11:29:21.270.123 [elf.cc:610] 110198 ElfParseParamInfo: Cache param info: ordinal=3, offset=24, size=8, align=8, paramType=2, spaceIndex=0.
[INFO] RUNTIME(110198,npu_reader):2026-09-21-11:29:21.270.126 [elf.cc:916] 110198 ParseKernelMetaData: kernel_name=min_Ascend910b_int64_210000000, ration[0]=0, ration[1]=0, dfxAddr=0xaaad81dcbce8, dfxSize=176, funcType=0, crossCoreSync=0, kernelVfType=0, shareMemSize=0, minStackSize=0, isSupportFuncEntry=0, functionEntryFlag=128, functionEntry=0.
[INFO] RUNTIME(110198,npu_reader):2026-09-21-11:29:21.270.134 [elf.cc:1076] 110198 UpdateCachedParamInfos: Restore cached param info: kernel_name=min_Ascend910b_int64_2147483647, ordinal=0, offset=0, size=8.
[INFO] RUNTIME(110198,npu_reader):2026-09-21-11:29:21.270.137 [elf.cc:1076] 110198 UpdateCachedParamInfos: Restore cached param info: kernel_name=min_Ascend910b_int64_2147483647, ordinal=1, offset=8, size=8.
[INFO] RUNTIME(110198,npu_reader):2026-09-21-11:29:21.270.139 [elf.cc:1076] 110198 UpdateCachedParamInfos: Restore cached param info: kernel_name=min_Ascend910b_int64_2147483647, ordinal=2, offset=16, size=8.
[INFO] RUNTIME(110198,npu_reader):2026-09-21-11:29:21.270.141 [elf.cc:1076] 110198 UpdateCachedParamInfos: Restore cached param info: kernel_name=min_Ascend910b_int64_2147483647, ordinal=3, offset=24, size=8.
[INFO] RUNTIME(110198,npu_reader):2026-09-21-11:29:21.270.144 [elf.cc:1145] 110198 UpdateKernelsInfo: update meta info, kernel_name=min_Ascend910b_int64_2147483647, dfxAddr=0xaaad81dcbb44, dfxSize=176, funcType=0, elfDataFlag=1, userArgsNum=0, crossCoreSync=0, kernelVfType=0, shareMemSize=0, minStackSize=0, funcEntryType=0, functionEntry=0, schedMode=0, taskRation_0=0, taskRation_1=0, hasParamSummary=1, paramCount=4, paramTotalSize=32.
[INFO] RUNTIME(110198,npu_reader):2026-09-21-11:29:21.270.147 [elf.cc:1076] 110198 UpdateCachedParamInfos: Restore cached param info: kernel_name=min_Ascend910b_int64_210010000, ordinal=0, offset=0, size=8.
[INFO] RUNTIME(110198,npu_reader):2026-09-21-11:29:21.270.149 [elf.cc:1076] 110198 UpdateCachedParamInfos: Restore cached param info: kernel_name=min_Ascend910b_int64_210010000, ordinal=1, offset=8, size=8.
[INFO] RUNTIME(110198,npu_reader):2026-09-21-11:29:21.270.152 [elf.cc:1076] 110198 UpdateCachedParamInfos: Restore cached param info: kernel_name=min_Ascend910b_int64_210010000, ordinal=2, offset=16, size=8.
[INFO] RUNTIME(110198,npu_reader):2026-09-21-11:29:21.270.154 [elf.cc:1076] 110198 UpdateCachedParamInfos: Restore cached param info: kernel_name=min_Ascend910b_int64_210010000, ordinal=3, offset=24, size=8.
[INFO] RUNTIME(110198,npu_reader):2026-09-21-11:29:21.270.156 [elf.cc:1145] 110198 UpdateKernelsInfo: update meta info, kernel_name=min_Ascend910b_int64_210010000, dfxAddr=0xaaad81dcbc38, dfxSize=176, funcType=0, elfDataFlag=1, userArgsNum=0, crossCoreSync=0, kernelVfType=0, shareMemSize=0, minStackSize=0, funcEntryType=0, functionEntry=0, schedMode=0, taskRation_0=0, taskRation_1=0, hasParamSummary=1, paramCount=4, paramTotalSize=32.
[INFO] RUNTIME(110198,npu_reader):2026-09-21-11:29:21.270.160 [elf.cc:1076] 110198 UpdateCachedParamInfos: Restore cached param info: kernel_name=min_Ascend910b_int64_210000000, ordinal=0, offset=0, size=8.
[INFO] RUNTIME(110198,npu_reader):2026-09-21-11:29:21.270.162 [elf.cc:1076] 110198 UpdateCachedParamInfos: Restore cached param info: kernel_name=min_Ascend910b_int64_210000000, ordinal=1, offset=8, size=8.
[INFO] RUNTIME(110198,npu_reader):2026-09-21-11:29:21.270.164 [elf.cc:1076] 110198 UpdateCachedParamInfos: Restore cached param info: kernel_name=min_Ascend910b_int64_210000000, ordinal=2, offset=16, size=8.
[INFO] RUNTIME(110198,npu_reader):2026-09-21-11:29:21.270.166 [elf.cc:1076] 110198 UpdateCachedParamInfos: Restore cached param info: kernel_name=min_Ascend910b_int64_210000000, ordinal=3, offset=24, size=8.
[INFO] RUNTIME(110198,npu_reader):2026-09-21-11:29:21.270.168 [elf.cc:1145] 110198 UpdateKernelsInfo: update meta info, kernel_name=min_Ascend910b_int64_210000000, dfxAddr=0xaaad81dcbce8, dfxSize=176, funcType=0, elfDataFlag=1, userArgsNum=0, crossCoreSync=0, kernelVfType=0, shareMemSize=0, minStackSize=0, funcEntryType=0, functionEntry=0, schedMode=0, taskRation_0=0, taskRation_1=0, hasParamSummary=1, paramCount=4, paramTotalSize=32.
[INFO] RUNTIME(110198,npu_reader):2026-09-21-11:29:21.270.172 [runtime.cc:1448] 110198 AddProgramToPool: progId=2
[INFO] RUNTIME(110198,npu_reader):2026-09-21-11:29:21.270.175 [program.cc:1649] 110198 GetKernelTypeAndMixType: Get kernel type success, kernelName=min_Ascend910b_int64_2147483647, funcType=0, kernelAttrType=2, mixType=0
[INFO] RUNTIME(110198,npu_reader):2026-09-21-11:29:21.270.179 [program.cc:1119] 110198 SetKernelAttribute: kernel_name=min_Ascend910b_int64_2147483647, kernelAttrType=2, userParamNum=0, sysParamNum=1, IsNeedSetFftsAddrInArg=0, isSupportOverFlow=1, elfDataFlag=1
[INFO] RUNTIME(110198,npu_reader):2026-09-21-11:29:21.270.182 [program.cc:1690] 110198 BuildNewKernel: new kernel success, size=1320, programId=2, original kernel_name=min_Ascend910b_int64_2147483647, register kernel_name=min_Ascend910b_int64_2147483647, tilingKey=2147483647, functionEntry=0, funcType=0, kernelAttrType=2, mixType=0, taskRation=2, offset=0, dfxAddr=187662184790852, dfxSize=176
[INFO] RUNTIME(110198,npu_reader):2026-09-21-11:29:21.270.186 [program.cc:1649] 110198 GetKernelTypeAndMixType: Get kernel type success, kernelName=min_Ascend910b_int64_210010000, funcType=0, kernelAttrType=2, mixType=0
[INFO] RUNTIME(110198,npu_reader):2026-09-21-11:29:21.270.189 [program.cc:1119] 110198 SetKernelAttribute: kernel_name=min_Ascend910b_int64_210010000, kernelAttrType=2, userParamNum=0, sysParamNum=1, IsNeedSetFftsAddrInArg=0, isSupportOverFlow=1, elfDataFlag=1
[INFO] RUNTIME(110198,npu_reader):2026-09-21-11:29:21.270.191 [program.cc:1690] 110198 BuildNewKernel: new kernel success, size=1320, programId=2, original kernel_name=min_Ascend910b_int64_210010000, register kernel_name=min_Ascend910b_int64_210010000, tilingKey=210010000, functionEntry=0, funcType=0, kernelAttrType=2, mixType=0, taskRation=2, offset=116, dfxAddr=187662184791096, dfxSize=176
[INFO] RUNTIME(110198,npu_reader):2026-09-21-11:29:21.270.195 [program.cc:1649] 110198 GetKernelTypeAndMixType: Get kernel type success, kernelName=min_Ascend910b_int64_210000000, funcType=0, kernelAttrType=2, mixType=0
[INFO] RUNTIME(110198,npu_reader):2026-09-21-11:29:21.270.198 [program.cc:1119] 110198 SetKernelAttribute: kernel_name=min_Ascend910b_int64_210000000, kernelAttrType=2, userParamNum=0, sysParamNum=1, IsNeedSetFftsAddrInArg=0, isSupportOverFlow=1, elfDataFlag=1
[INFO] RUNTIME(110198,npu_reader):2026-09-21-11:29:21.270.201 [program.cc:1690] 110198 BuildNewKernel: new kernel success, size=1320, programId=2, original kernel_name=min_Ascend910b_int64_210000000, register kernel_name=min_Ascend910b_int64_210000000, tilingKey=210000000, functionEntry=0, funcType=0, kernelAttrType=2, mixType=0, taskRation=2, offset=8136, dfxAddr=187662184791272, dfxSize=176
[INFO] RUNTIME(110198,npu_reader):2026-09-21-11:29:21.270.215 [binary_loader.cc:364] 110198 LoadFromData: New ElfProgram ok, magic=1094799942, kernelAttrType=2, Runtime_alloc_size=11072
[INFO] RUNTIME(110198,npu_reader):2026-09-21-11:29:21.270.219 [program.cc:204] 110198 SaveBinaryData: Malloc the buffer for elfData, len=14920
[INFO] RUNTIME(110198,npu_reader):2026-09-21-11:29:21.270.222 [elf.cc:884] 110198 ParseKernelMetaData: section name = .text.
[INFO] RUNTIME(110198,npu_reader):2026-09-21-11:29:21.270.225 [elf.cc:884] 110198 ParseKernelMetaData: section name = .ascend.stack.size.record.
[INFO] RUNTIME(110198,npu_reader):2026-09-21-11:29:21.270.227 [elf.cc:884] 110198 ParseKernelMetaData: section name = __CCE_KernelArgSize.
[INFO] RUNTIME(110198,npu_reader):2026-09-21-11:29:21.270.230 [elf.cc:884] 110198 ParseKernelMetaData: section name = .ascend.meta.mul_Ascend910B1_float16_232010000.
[INFO] RUNTIME(110198,npu_reader):2026-09-21-11:29:21.270.232 [elf.cc:575] 110198 ElfParseParamSummary: paramCount=4, paramTotalSize=32.
[INFO] RUNTIME(110198,npu_reader):2026-09-21-11:29:21.270.235 [elf.cc:610] 110198 ElfParseParamInfo: Cache param info: ordinal=0, offset=0, size=8, align=8, paramType=2, spaceIndex=0.
[INFO] RUNTIME(110198,npu_reader):2026-09-21-11:29:21.270.237 [elf.cc:610] 110198 ElfParseParamInfo: Cache param info: ordinal=1, offset=8, size=8, align=8, paramType=2, spaceIndex=0.
[INFO] RUNTIME(110198,npu_reader):2026-09-21-11:29:21.270.240 [elf.cc:610] 110198 ElfParseParamInfo: Cache param info: ordinal=2, offset=16, size=8, align=8, paramType=2, spaceIndex=0.
[INFO] RUNTIME(110198,npu_reader):2026-09-21-11:29:21.270.242 [elf.cc:610] 110198 ElfParseParamInfo: Cache param info: ordinal=3, offset=24, size=8, align=8, paramType=2, spaceIndex=0.
[INFO] RUNTIME(110198,npu_reader):2026-09-21-11:29:21.270.245 [elf.cc:916] 110198 ParseKernelMetaData: kernel_name=mul_Ascend910B1_float16_232010000, ration[0]=0, ration[1]=0, dfxAddr=0xaaad81dd6e40, dfxSize=176, funcType=0, crossCoreSync=0, kernelVfType=0, shareMemSize=0, minStackSize=0, isSupportFuncEntry=0, functionEntryFlag=128, functionEntry=0.
[INFO] RUNTIME(110198,npu_reader):2026-09-21-11:29:21.270.248 [elf.cc:884] 110198 ParseKernelMetaData: section name = .comment.
[INFO] RUNTIME(110198,npu_reader):2026-09-21-11:29:21.270.250 [elf.cc:884] 110198 ParseKernelMetaData: section name = .ascend.meta.mul_Ascend910B1_float16_232000000.
[INFO] RUNTIME(110198,npu_reader):2026-09-21-11:29:21.270.252 [elf.cc:575] 110198 ElfParseParamSummary: paramCount=4, paramTotalSize=32.
[INFO] RUNTIME(110198,npu_reader):2026-09-21-11:29:21.270.255 [elf.cc:610] 110198 ElfParseParamInfo: Cache param info: ordinal=0, offset=0, size=8, align=8, paramType=2, spaceIndex=0.
[INFO] RUNTIME(110198,npu_reader):2026-09-21-11:29:21.270.257 [elf.cc:610] 110198 ElfParseParamInfo: Cache param info: ordinal=1, offset=8, size=8, align=8, paramType=2, spaceIndex=0.
[INFO] RUNTIME(110198,npu_reader):2026-09-21-11:29:21.270.260 [elf.cc:610] 110198 ElfParseParamInfo: Cache param info: ordinal=2, offset=16, size=8, align=8, paramType=2, spaceIndex=0.
[INFO] RUNTIME(110198,npu_reader):2026-09-21-11:29:21.270.262 [elf.cc:610] 110198 ElfParseParamInfo: Cache param info: ordinal=3, offset=24, size=8, align=8, paramType=2, spaceIndex=0.
[INFO] RUNTIME(110198,npu_reader):2026-09-21-11:29:21.270.265 [elf.cc:916] 110198 ParseKernelMetaData: kernel_name=mul_Ascend910B1_float16_232000000, ration[0]=0, ration[1]=0, dfxAddr=0xaaad81dd6f34, dfxSize=176, funcType=0, crossCoreSync=0, kernelVfType=0, shareMemSize=0, minStackSize=0, isSupportFuncEntry=0, functionEntryFlag=128, functionEntry=0.
[INFO] RUNTIME(110198,npu_reader):2026-09-21-11:29:21.270.268 [elf.cc:884] 110198 ParseKernelMetaData: section name = .ascend.meta.mul_Ascend910B1_float16_223010000.
[INFO] RUNTIME(110198,npu_reader):2026-09-21-11:29:21.270.270 [elf.cc:575] 110198 ElfParseParamSummary: paramCount=4, paramTotalSize=32.
[INFO] RUNTIME(110198,npu_reader):2026-09-21-11:29:21.270.272 [elf.cc:610] 110198 ElfParseParamInfo: Cache param info: ordinal=0, offset=0, size=8, align=8, paramType=2, spaceIndex=0.
[INFO] RUNTIME(110198,npu_reader):2026-09-21-11:29:21.270.274 [elf.cc:610] 110198 ElfParseParamInfo: Cache param info: ordinal=1, offset=8, size=8, align=8, paramType=2, spaceIndex=0.
[INFO] RUNTIME(110198,npu_reader):2026-09-21-11:29:21.270.277 [elf.cc:610] 110198 ElfParseParamInfo: Cache param info: ordinal=2, offset=16, size=8, align=8, paramType=2, spaceIndex=0.
[INFO] RUNTIME(110198,npu_reader):2026-09-21-11:29:21.270.279 [elf.cc:610] 110198 ElfParseParamInfo: Cache param info: ordinal=3, offset=24, size=8, align=8, paramType=2, spaceIndex=0.
[INFO] RUNTIME(110198,npu_reader):2026-09-21-11:29:21.270.282 [elf.cc:916] 110198 ParseKernelMetaData: kernel_name=mul_Ascend910B1_float16_223010000, ration[0]=0, ration[1]=0, dfxAddr=0xaaad81dd6fe4, dfxSize=176, funcType=0, crossCoreSync=0, kernelVfType=0, shareMemSize=0, minStackSize=0, isSupportFuncEntry=0, functionEntryFlag=128, functionEntry=0.
[INFO] RUNTIME(110198,npu_reader):2026-09-21-11:29:21.270.285 [elf.cc:884] 110198 ParseKernelMetaData: section name = .ascend.meta.mul_Ascend910B1_float16_223000000.
[INFO] RUNTIME(110198,npu_reader):2026-09-21-11:29:21.270.287 [elf.cc:575] 110198 ElfParseParamSummary: paramCount=4, paramTotalSize=32.
[INFO] RUNTIME(110198,npu_reader):2026-09-21-11:29:21.270.290 [elf.cc:610] 110198 ElfParseParamInfo: Cache param info: ordinal=0, offset=0, size=8, align=8, paramType=2, spaceIndex=0.
[INFO] RUNTIME(110198,npu_reader):2026-09-21-11:29:21.270.292 [elf.cc:610] 110198 ElfParseParamInfo: Cache param info: ordinal=1, offset=8, size=8, align=8, paramType=2, spaceIndex=0.
[INFO] RUNTIME(110198,npu_reader):2026-09-21-11:29:21.270.295 [elf.cc:610] 110198 ElfParseParamInfo: Cache param info: ordinal=2, offset=16, size=8, align=8, paramType=2, spaceIndex=0.
[INFO] RUNTIME(110198,npu_reader):2026-09-21-11:29:21.270.297 [elf.cc:610] 110198 ElfParseParamInfo: Cache param info: ordinal=3, offset=24, size=8, align=8, paramType=2, spaceIndex=0.
[INFO] RUNTIME(110198,npu_reader):2026-09-21-11:29:21.270.300 [elf.cc:916] 110198 ParseKernelMetaData: kernel_name=mul_Ascend910B1_float16_223000000, ration[0]=0, ration[1]=0, dfxAddr=0xaaad81dd7094, dfxSize=176, funcType=0, crossCoreSync=0, kernelVfType=0, shareMemSize=0, minStackSize=0, isSupportFuncEntry=0, functionEntryFlag=128, functionEntry=0.
[INFO] RUNTIME(110198,npu_reader):2026-09-21-11:29:21.270.302 [elf.cc:884] 110198 ParseKernelMetaData: section name = .ascend.meta.mul_Ascend910B1_float16_210010000.
[INFO] RUNTIME(110198,npu_reader):2026-09-21-11:29:21.270.305 [elf.cc:575] 110198 ElfParseParamSummary: paramCount=4, paramTotalSize=32.
[INFO] RUNTIME(110198,npu_reader):2026-09-21-11:29:21.270.307 [elf.cc:610] 110198 ElfParseParamInfo: Cache param info: ordinal=0, offset=0, size=8, align=8, paramType=2, spaceIndex=0.
[INFO] RUNTIME(110198,npu_reader):2026-09-21-11:29:21.270.309 [elf.cc:610] 110198 ElfParseParamInfo: Cache param info: ordinal=1, offset=8, size=8, align=8, paramType=2, spaceIndex=0.
[INFO] RUNTIME(110198,npu_reader):2026-09-21-11:29:21.270.312 [elf.cc:610] 110198 ElfParseParamInfo: Cache param info: ordinal=2, offset=16, size=8, align=8, paramType=2, spaceIndex=0.
[INFO] RUNTIME(110198,npu_reader):2026-09-21-11:29:21.270.314 [elf.cc:610] 110198 ElfParseParamInfo: Cache param info: ordinal=3, offset=24, size=8, align=8, paramType=2, spaceIndex=0.
[INFO] RUNTIME(110198,npu_reader):2026-09-21-11:29:21.270.317 [elf.cc:916] 110198 ParseKernelMetaData: kernel_name=mul_Ascend910B1_float16_210010000, ration[0]=0, ration[1]=0, dfxAddr=0xaaad81dd7144, dfxSize=176, funcType=0, crossCoreSync=0, kernelVfType=0, shareMemSize=0, minStackSize=0, isSupportFuncEntry=0, functionEntryFlag=128, functionEntry=0.
[INFO] RUNTIME(110198,npu_reader):2026-09-21-11:29:21.270.320 [elf.cc:884] 110198 ParseKernelMetaData: section name = .ascend.meta.mul_Ascend910B1_float16_210000000.
[INFO] RUNTIME(110198,npu_reader):2026-09-21-11:29:21.270.322 [elf.cc:575] 110198 ElfParseParamSummary: paramCount=4, paramTotalSize=32.
[INFO] RUNTIME(110198,npu_reader):2026-09-21-11:29:21.270.324 [elf.cc:610] 110198 ElfParseParamInfo: Cache param info: ordinal=0, offset=0, size=8, align=8, paramType=2, spaceIndex=0.
[INFO] RUNTIME(110198,npu_reader):2026-09-21-11:29:21.270.326 [elf.cc:610] 110198 ElfParseParamInfo: Cache param info: ordinal=1, offset=8, size=8, align=8, paramType=2, spaceIndex=0.
[INFO] RUNTIME(110198,npu_reader):2026-09-21-11:29:21.270.329 [elf.cc:610] 110198 ElfParseParamInfo: Cache param info: ordinal=2, offset=16, size=8, align=8, paramType=2, spaceIndex=0.
[INFO] RUNTIME(110198,npu_reader):2026-09-21-11:29:21.270.331 [elf.cc:610] 110198 ElfParseParamInfo: Cache param info: ordinal=3, offset=24, size=8, align=8, paramType=2, spaceIndex=0.
[INFO] RUNTIME(110198,npu_reader):2026-09-21-11:29:21.270.334 [elf.cc:916] 110198 ParseKernelMetaData: kernel_name=mul_Ascend910B1_float16_210000000, ration[0]=0, ration[1]=0, dfxAddr=0xaaad81dd71f4, dfxSize=176, funcType=0, crossCoreSync=0, kernelVfType=0, shareMemSize=0, minStackSize=0, isSupportFuncEntry=0, functionEntryFlag=128, functionEntry=0.
[INFO] RUNTIME(110198,npu_reader):2026-09-21-11:29:21.270.347 [elf.cc:1076] 110198 UpdateCachedParamInfos: Restore cached param info: kernel_name=mul_Ascend910B1_float16_232010000, ordinal=0, offset=0, size=8.
[INFO] RUNTIME(110198,npu_reader):2026-09-21-11:29:21.270.349 [elf.cc:1076] 110198 UpdateCachedParamInfos: Restore cached param info: kernel_name=mul_Ascend910B1_float16_232010000, ordinal=1, offset=8, size=8.
[INFO] RUNTIME(110198,npu_reader):2026-09-21-11:29:21.270.352 [elf.cc:1076] 110198 UpdateCachedParamInfos: Restore cached param info: kernel_name=mul_Ascend910B1_float16_232010000, ordinal=2, offset=16, size=8.
[INFO] RUNTIME(110198,npu_reader):2026-09-21-11:29:21.270.354 [elf.cc:1076] 110198 UpdateCachedParamInfos: Restore cached param info: kernel_name=mul_Ascend910B1_float16_232010000, ordinal=3, offset=24, size=8.
[INFO] RUNTIME(110198,npu_reader):2026-09-21-11:29:21.270.356 [elf.cc:1145] 110198 UpdateKernelsInfo: update meta info, kernel_name=mul_Ascend910B1_float16_232010000, dfxAddr=0xaaad81dd6e40, dfxSize=176, funcType=0, elfDataFlag=1, userArgsNum=0, crossCoreSync=0, kernelVfType=0, shareMemSize=0, minStackSize=0, funcEntryType=0, functionEntry=0, schedMode=0, taskRation_0=0, taskRation_1=0, hasParamSummary=1, paramCount=4, paramTotalSize=32.
[INFO] RUNTIME(110198,npu_reader):2026-09-21-11:29:21.270.360 [elf.cc:1076] 110198 UpdateCachedParamInfos: Restore cached param info: kernel_name=mul_Ascend910B1_float16_232000000, ordinal=0, offset=0, size=8.
[INFO] RUNTIME(110198,npu_reader):2026-09-21-11:29:21.270.362 [elf.cc:1076] 110198 UpdateCachedParamInfos: Restore cached param info: kernel_name=mul_Ascend910B1_float16_232000000, ordinal=1, offset=8, size=8.
[INFO] RUNTIME(110198,npu_reader):2026-09-21-11:29:21.270.364 [elf.cc:1076] 110198 UpdateCachedParamInfos: Restore cached param info: kernel_name=mul_Ascend910B1_float16_232000000, ordinal=2, offset=16, size=8.
[INFO] RUNTIME(110198,npu_reader):2026-09-21-11:29:21.270.367 [elf.cc:1076] 110198 UpdateCachedParamInfos: Restore cached param info: kernel_name=mul_Ascend910B1_float16_232000000, ordinal=3, offset=24, size=8.
[INFO] RUNTIME(110198,npu_reader):2026-09-21-11:29:21.270.369 [elf.cc:1145] 110198 UpdateKernelsInfo: update meta info, kernel_name=mul_Ascend910B1_float16_232000000, dfxAddr=0xaaad81dd6f34, dfxSize=176, funcType=0, elfDataFlag=1, userArgsNum=0, crossCoreSync=0, kernelVfType=0, shareMemSize=0, minStackSize=0, funcEntryType=0, functionEntry=0, schedMode=0, taskRation_0=0, taskRation_1=0, hasParamSummary=1, paramCount=4, paramTotalSize=32.
[INFO] RUNTIME(110198,npu_reader):2026-09-21-11:29:21.270.372 [elf.cc:1076] 110198 UpdateCachedParamInfos: Restore cached param info: kernel_name=mul_Ascend910B1_float16_223010000, ordinal=0, offset=0, size=8.
[INFO] RUNTIME(110198,npu_reader):2026-09-21-11:29:21.270.374 [elf.cc:1076] 110198 UpdateCachedParamInfos: Restore cached param info: kernel_name=mul_Ascend910B1_float16_223010000, ordinal=1, offset=8, size=8.
[INFO] RUNTIME(110198,npu_reader):2026-09-21-11:29:21.270.377 [elf.cc:1076] 110198 UpdateCachedParamInfos: Restore cached param info: kernel_name=mul_Ascend910B1_float16_223010000, ordinal=2, offset=16, size=8.
[INFO] RUNTIME(110198,npu_reader):2026-09-21-11:29:21.270.379 [elf.cc:1076] 110198 UpdateCachedParamInfos: Restore cached param info: kernel_name=mul_Ascend910B1_float16_223010000, ordinal=3, offset=24, size=8.
[INFO] RUNTIME(110198,npu_reader):2026-09-21-11:29:21.270.381 [elf.cc:1145] 110198 UpdateKernelsInfo: update meta info, kernel_name=mul_Ascend910B1_float16_223010000, dfxAddr=0xaaad81dd6fe4, dfxSize=176, funcType=0, elfDataFlag=1, userArgsNum=0, crossCoreSync=0, kernelVfType=0, shareMemSize=0, minStackSize=0, funcEntryType=0, functionEntry=0, schedMode=0, taskRation_0=0, taskRation_1=0, hasParamSummary=1, paramCount=4, paramTotalSize=32.
[INFO] RUNTIME(110198,npu_reader):2026-09-21-11:29:21.270.384 [elf.cc:1076] 110198 UpdateCachedParamInfos: Restore cached param info: kernel_name=mul_Ascend910B1_float16_223000000, ordinal=0, offset=0, size=8.
[INFO] RUNTIME(110198,npu_reader):2026-09-21-11:29:21.270.387 [elf.cc:1076] 110198 UpdateCachedParamInfos: Restore cached param info: kernel_name=mul_Ascend910B1_float16_223000000, ordinal=1, offset=8, size=8.
[INFO] RUNTIME(110198,npu_reader):2026-09-21-11:29:21.270.390 [elf.cc:1076] 110198 UpdateCachedParamInfos: Restore cached param info: kernel_name=mul_Ascend910B1_float16_223000000, ordinal=2, offset=16, size=8.
[INFO] RUNTIME(110198,npu_reader):2026-09-21-11:29:21.270.392 [elf.cc:1076] 110198 UpdateCachedParamInfos: Restore cached param info: kernel_name=mul_Ascend910B1_float16_223000000, ordinal=3, offset=24, size=8.
[INFO] RUNTIME(110198,npu_reader):2026-09-21-11:29:21.270.394 [elf.cc:1145] 110198 UpdateKernelsInfo: update meta info, kernel_name=mul_Ascend910B1_float16_223000000, dfxAddr=0xaaad81dd7094, dfxSize=176, funcType=0, elfDataFlag=1, userArgsNum=0, crossCoreSync=0, kernelVfType=0, shareMemSize=0, minStackSize=0, funcEntryType=0, functionEntry=0, schedMode=0, taskRation_0=0, taskRation_1=0, hasParamSummary=1, paramCount=4, paramTotalSize=32.
[INFO] RUNTIME(110198,npu_reader):2026-09-21-11:29:21.270.398 [elf.cc:1076] 110198 UpdateCachedParamInfos: Restore cached param info: kernel_name=mul_Ascend910B1_float16_210010000, ordinal=0, offset=0, size=8.
[INFO] RUNTIME(110198,npu_reader):2026-09-21-11:29:21.270.400 [elf.cc:1076] 110198 UpdateCachedParamInfos: Restore cached param info: kernel_name=mul_Ascend910B1_float16_210010000, ordinal=1, offset=8, size=8.
[INFO] RUNTIME(110198,npu_reader):2026-09-21-11:29:21.270.402 [elf.cc:1076] 110198 UpdateCachedParamInfos: Restore cached param info: kernel_name=mul_Ascend910B1_float16_210010000, ordinal=2, offset=16, size=8.
[INFO] RUNTIME(110198,npu_reader):2026-09-21-11:29:21.270.404 [elf.cc:1076] 110198 UpdateCachedParamInfos: Restore cached param info: kernel_name=mul_Ascend910B1_float16_210010000, ordinal=3, offset=24, size=8.
[INFO] RUNTIME(110198,npu_reader):2026-09-21-11:29:21.270.407 [elf.cc:1145] 110198 UpdateKernelsInfo: update meta info, kernel_name=mul_Ascend910B1_float16_210010000, dfxAddr=0xaaad81dd7144, dfxSize=176, funcType=0, elfDataFlag=1, userArgsNum=0, crossCoreSync=0, kernelVfType=0, shareMemSize=0, minStackSize=0, funcEntryType=0, functionEntry=0, schedMode=0, taskRation_0=0, taskRation_1=0, hasParamSummary=1, paramCount=4, paramTotalSize=32.
[INFO] RUNTIME(110198,npu_reader):2026-09-21-11:29:21.270.410 [elf.cc:1076] 110198 UpdateCachedParamInfos: Restore cached param info: kernel_name=mul_Ascend910B1_float16_210000000, ordinal=0, offset=0, size=8.
[INFO] RUNTIME(110198,npu_reader):2026-09-21-11:29:21.270.412 [elf.cc:1076] 110198 UpdateCachedParamInfos: Restore cached param info: kernel_name=mul_Ascend910B1_float16_210000000, ordinal=1, offset=8, size=8.
[INFO] RUNTIME(110198,npu_reader):2026-09-21-11:29:21.270.414 [elf.cc:1076] 110198 UpdateCachedParamInfos: Restore cached param info: kernel_name=mul_Ascend910B1_float16_210000000, ordinal=2, offset=16, size=8.
[INFO] RUNTIME(110198,npu_reader):2026-09-21-11:29:21.270.417 [elf.cc:1076] 110198 UpdateCachedParamInfos: Restore cached param info: kernel_name=mul_Ascend910B1_float16_210000000, ordinal=3, offset=24, size=8.
[INFO] RUNTIME(110198,npu_reader):2026-09-21-11:29:21.270.419 [elf.cc:1145] 110198 UpdateKernelsInfo: update meta info, kernel_name=mul_Ascend910B1_float16_210000000, dfxAddr=0xaaad81dd71f4, dfxSize=176, funcType=0, elfDataFlag=1, userArgsNum=0, crossCoreSync=0, kernelVfType=0, shareMemSize=0, minStackSize=0, funcEntryType=0, functionEntry=0, schedMode=0, taskRation_0=0, taskRation_1=0, hasParamSummary=1, paramCount=4, paramTotalSize=32.
[INFO] RUNTIME(110198,npu_reader):2026-09-21-11:29:21.270.423 [runtime.cc:1448] 110198 AddProgramToPool: progId=3
[INFO] RUNTIME(110198,npu_reader):2026-09-21-11:29:21.270.426 [program.cc:1649] 110198 GetKernelTypeAndMixType: Get kernel type success, kernelName=mul_Ascend910B1_float16_232010000, funcType=0, kernelAttrType=2, mixType=0
[INFO] RUNTIME(110198,npu_reader):2026-09-21-11:29:21.270.429 [program.cc:1119] 110198 SetKernelAttribute: kernel_name=mul_Ascend910B1_float16_232010000, kernelAttrType=2, userParamNum=0, sysParamNum=1, IsNeedSetFftsAddrInArg=0, isSupportOverFlow=1, elfDataFlag=1
[INFO] RUNTIME(110198,npu_reader):2026-09-21-11:29:21.270.433 [program.cc:1690] 110198 BuildNewKernel: new kernel success, size=1320, programId=3, original kernel_name=mul_Ascend910B1_float16_232010000, register kernel_name=mul_Ascend910B1_float16_232010000, tilingKey=232010000, functionEntry=0, funcType=0, kernelAttrType=2, mixType=0, taskRation=2, offset=0, dfxAddr=187662184836672, dfxSize=176
[INFO] RUNTIME(110198,npu_reader):2026-09-21-11:29:21.270.437 [program.cc:1649] 110198 GetKernelTypeAndMixType: Get kernel type success, kernelName=mul_Ascend910B1_float16_232000000, funcType=0, kernelAttrType=2, mixType=0
[INFO] RUNTIME(110198,npu_reader):2026-09-21-11:29:21.270.440 [program.cc:1119] 110198 SetKernelAttribute: kernel_name=mul_Ascend910B1_float16_232000000, kernelAttrType=2, userParamNum=0, sysParamNum=1, IsNeedSetFftsAddrInArg=0, isSupportOverFlow=1, elfDataFlag=1
[INFO] RUNTIME(110198,npu_reader):2026-09-21-11:29:21.270.443 [program.cc:1690] 110198 BuildNewKernel: new kernel success, size=1320, programId=3, original kernel_name=mul_Ascend910B1_float16_232000000, register kernel_name=mul_Ascend910B1_float16_232000000, tilingKey=232000000, functionEntry=0, funcType=0, kernelAttrType=2, mixType=0, taskRation=2, offset=1520, dfxAddr=187662184836916, dfxSize=176
[INFO] RUNTIME(110198,npu_reader):2026-09-21-11:29:21.270.447 [program.cc:1649] 110198 GetKernelTypeAndMixType: Get kernel type success, kernelName=mul_Ascend910B1_float16_223010000, funcType=0, kernelAttrType=2, mixType=0
[INFO] RUNTIME(110198,npu_reader):2026-09-21-11:29:21.270.450 [program.cc:1119] 110198 SetKernelAttribute: kernel_name=mul_Ascend910B1_float16_223010000, kernelAttrType=2, userParamNum=0, sysParamNum=1, IsNeedSetFftsAddrInArg=0, isSupportOverFlow=1, elfDataFlag=1
[INFO] RUNTIME(110198,npu_reader):2026-09-21-11:29:21.270.452 [program.cc:1690] 110198 BuildNewKernel: new kernel success, size=1320, programId=3, original kernel_name=mul_Ascend910B1_float16_223010000, register kernel_name=mul_Ascend910B1_float16_223010000, tilingKey=223010000, functionEntry=0, funcType=0, kernelAttrType=2, mixType=0, taskRation=2, offset=2448, dfxAddr=187662184837092, dfxSize=176
[INFO] RUNTIME(110198,npu_reader):2026-09-21-11:29:21.270.456 [program.cc:1649] 110198 GetKernelTypeAndMixType: Get kernel type success, kernelName=mul_Ascend910B1_float16_223000000, funcType=0, kernelAttrType=2, mixType=0
[INFO] RUNTIME(110198,npu_reader):2026-09-21-11:29:21.270.459 [program.cc:1119] 110198 SetKernelAttribute: kernel_name=mul_Ascend910B1_float16_223000000, kernelAttrType=2, userParamNum=0, sysParamNum=1, IsNeedSetFftsAddrInArg=0, isSupportOverFlow=1, elfDataFlag=1
[INFO] RUNTIME(110198,npu_reader):2026-09-21-11:29:21.270.462 [program.cc:1690] 110198 BuildNewKernel: new kernel success, size=1320, programId=3, original kernel_name=mul_Ascend910B1_float16_223000000, register kernel_name=mul_Ascend910B1_float16_223000000, tilingKey=223000000, functionEntry=0, funcType=0, kernelAttrType=2, mixType=0, taskRation=2, offset=4028, dfxAddr=187662184837268, dfxSize=176
[INFO] RUNTIME(110198,npu_reader):2026-09-21-11:29:21.270.466 [program.cc:1649] 110198 GetKernelTypeAndMixType: Get kernel type success, kernelName=mul_Ascend910B1_float16_210010000, funcType=0, kernelAttrType=2, mixType=0
[INFO] RUNTIME(110198,npu_reader):2026-09-21-11:29:21.270.468 [program.cc:1119] 110198 SetKernelAttribute: kernel_name=mul_Ascend910B1_float16_210010000, kernelAttrType=2, userParamNum=0, sysParamNum=1, IsNeedSetFftsAddrInArg=0, isSupportOverFlow=1, elfDataFlag=1
[INFO] RUNTIME(110198,npu_reader):2026-09-21-11:29:21.270.471 [program.cc:1690] 110198 BuildNewKernel: new kernel success, size=1320, programId=3, original kernel_name=mul_Ascend910B1_float16_210010000, register kernel_name=mul_Ascend910B1_float16_210010000, tilingKey=210010000, functionEntry=0, funcType=0, kernelAttrType=2, mixType=0, taskRation=2, offset=4944, dfxAddr=187662184837444, dfxSize=176
[INFO] RUNTIME(110198,npu_reader):2026-09-21-11:29:21.270.476 [program.cc:1649] 110198 GetKernelTypeAndMixType: Get kernel type success, kernelName=mul_Ascend910B1_float16_210000000, funcType=0, kernelAttrType=2, mixType=0
[INFO] RUNTIME(110198,npu_reader):2026-09-21-11:29:21.270.479 [program.cc:1119] 110198 SetKernelAttribute: kernel_name=mul_Ascend910B1_float16_210000000, kernelAttrType=2, userParamNum=0, sysParamNum=1, IsNeedSetFftsAddrInArg=0, isSupportOverFlow=1, elfDataFlag=1
[INFO] RUNTIME(110198,npu_reader):2026-09-21-11:29:21.270.481 [program.cc:1690] 110198 BuildNewKernel: new kernel success, size=1320, programId=3, original kernel_name=mul_Ascend910B1_float16_210000000, register kernel_name=mul_Ascend910B1_float16_210000000, tilingKey=210000000, functionEntry=0, funcType=0, kernelAttrType=2, mixType=0, taskRation=2, offset=6540, dfxAddr=187662184837620, dfxSize=176
[INFO] RUNTIME(110198,npu_reader):2026-09-21-11:29:21.270.499 [binary_loader.cc:364] 110198 LoadFromData: New ElfProgram ok, magic=1094799942, kernelAttrType=2, Runtime_alloc_size=11072
[INFO] RUNTIME(110198,npu_reader):2026-09-21-11:29:21.270.503 [program.cc:204] 110198 SaveBinaryData: Malloc the buffer for elfData, len=14920
[INFO] RUNTIME(110198,npu_reader):2026-09-21-11:29:21.270.506 [elf.cc:884] 110198 ParseKernelMetaData: section name = .text.
[INFO] RUNTIME(110198,npu_reader):2026-09-21-11:29:21.270.509 [elf.cc:884] 110198 ParseKernelMetaData: section name = .ascend.stack.size.record.
[INFO] RUNTIME(110198,npu_reader):2026-09-21-11:29:21.270.511 [elf.cc:884] 110198 ParseKernelMetaData: section name = __CCE_KernelArgSize.
[INFO] RUNTIME(110198,npu_reader):2026-09-21-11:29:21.270.514 [elf.cc:884] 110198 ParseKernelMetaData: section name = .ascend.meta.mul_Ascend910B2_float16_232010000.
[INFO] RUNTIME(110198,npu_reader):2026-09-21-11:29:21.270.516 [elf.cc:575] 110198 ElfParseParamSummary: paramCount=4, paramTotalSize=32.
[INFO] RUNTIME(110198,npu_reader):2026-09-21-11:29:21.270.518 [elf.cc:610] 110198 ElfParseParamInfo: Cache param info: ordinal=0, offset=0, size=8, align=8, paramType=2, spaceIndex=0.
[INFO] RUNTIME(110198,npu_reader):2026-09-21-11:29:21.270.521 [elf.cc:610] 110198 ElfParseParamInfo: Cache param info: ordinal=1, offset=8, size=8, align=8, paramType=2, spaceIndex=0.
[INFO] RUNTIME(110198,npu_reader):2026-09-21-11:29:21.270.523 [elf.cc:610] 110198 ElfParseParamInfo: Cache param info: ordinal=2, offset=16, size=8, align=8, paramType=2, spaceIndex=0.
[INFO] RUNTIME(110198,npu_reader):2026-09-21-11:29:21.270.526 [elf.cc:610] 110198 ElfParseParamInfo: Cache param info: ordinal=3, offset=24, size=8, align=8, paramType=2, spaceIndex=0.
[INFO] RUNTIME(110198,npu_reader):2026-09-21-11:29:21.270.529 [elf.cc:916] 110198 ParseKernelMetaData: kernel_name=mul_Ascend910B2_float16_232010000, ration[0]=0, ration[1]=0, dfxAddr=0xaaad81de2e40, dfxSize=176, funcType=0, crossCoreSync=0, kernelVfType=0, shareMemSize=0, minStackSize=0, isSupportFuncEntry=0, functionEntryFlag=128, functionEntry=0.
[INFO] RUNTIME(110198,npu_reader):2026-09-21-11:29:21.270.532 [elf.cc:884] 110198 ParseKernelMetaData: section name = .comment.
[INFO] RUNTIME(110198,npu_reader):2026-09-21-11:29:21.270.534 [elf.cc:884] 110198 ParseKernelMetaData: section name = .ascend.meta.mul_Ascend910B2_float16_232000000.
[INFO] RUNTIME(110198,npu_reader):2026-09-21-11:29:21.270.536 [elf.cc:575] 110198 ElfParseParamSummary: paramCount=4, paramTotalSize=32.
[INFO] RUNTIME(110198,npu_reader):2026-09-21-11:29:21.270.538 [elf.cc:610] 110198 ElfParseParamInfo: Cache param info: ordinal=0, offset=0, size=8, align=8, paramType=2, spaceIndex=0.
[INFO] RUNTIME(110198,npu_reader):2026-09-21-11:29:21.270.541 [elf.cc:610] 110198 ElfParseParamInfo: Cache param info: ordinal=1, offset=8, size=8, align=8, paramType=2, spaceIndex=0.
[INFO] RUNTIME(110198,npu_reader):2026-09-21-11:29:21.270.543 [elf.cc:610] 110198 ElfParseParamInfo: Cache param info: ordinal=2, offset=16, size=8, align=8, paramType=2, spaceIndex=0.
[INFO] RUNTIME(110198,npu_reader):2026-09-21-11:29:21.270.546 [elf.cc:610] 110198 ElfParseParamInfo: Cache param info: ordinal=3, offset=24, size=8, align=8, paramType=2, spaceIndex=0.
[INFO] RUNTIME(110198,npu_reader):2026-09-21-11:29:21.270.555 [elf.cc:916] 110198 ParseKernelMetaData: kernel_name=mul_Ascend910B2_float16_232000000, ration[0]=0, ration[1]=0, dfxAddr=0xaaad81de2f34, dfxSize=176, funcType=0, crossCoreSync=0, kernelVfType=0, shareMemSize=0, minStackSize=0, isSupportFuncEntry=0, functionEntryFlag=128, functionEntry=0.
[INFO] RUNTIME(110198,npu_reader):2026-09-21-11:29:21.270.558 [elf.cc:884] 110198 ParseKernelMetaData: section name = .ascend.meta.mul_Ascend910B2_float16_223010000.
[INFO] RUNTIME(110198,npu_reader):2026-09-21-11:29:21.270.560 [elf.cc:575] 110198 ElfParseParamSummary: paramCount=4, paramTotalSize=32.
[INFO] RUNTIME(110198,npu_reader):2026-09-21-11:29:21.270.563 [elf.cc:610] 110198 ElfParseParamInfo: Cache param info: ordinal=0, offset=0, size=8, align=8, paramType=2, spaceIndex=0.
[INFO] RUNTIME(110198,npu_reader):2026-09-21-11:29:21.270.565 [elf.cc:610] 110198 ElfParseParamInfo: Cache param info: ordinal=1, offset=8, size=8, align=8, paramType=2, spaceIndex=0.
[INFO] RUNTIME(110198,npu_reader):2026-09-21-11:29:21.270.568 [elf.cc:610] 110198 ElfParseParamInfo: Cache param info: ordinal=2, offset=16, size=8, align=8, paramType=2, spaceIndex=0.
[INFO] RUNTIME(110198,npu_reader):2026-09-21-11:29:21.270.570 [elf.cc:610] 110198 ElfParseParamInfo: Cache param info: ordinal=3, offset=24, size=8, align=8, paramType=2, spaceIndex=0.
[INFO] RUNTIME(110198,npu_reader):2026-09-21-11:29:21.270.573 [elf.cc:916] 110198 ParseKernelMetaData: kernel_name=mul_Ascend910B2_float16_223010000, ration[0]=0, ration[1]=0, dfxAddr=0xaaad81de2fe4, dfxSize=176, funcType=0, crossCoreSync=0, kernelVfType=0, shareMemSize=0, minStackSize=0, isSupportFuncEntry=0, functionEntryFlag=128, functionEntry=0.
[INFO] RUNTIME(110198,npu_reader):2026-09-21-11:29:21.270.576 [elf.cc:884] 110198 ParseKernelMetaData: section name = .ascend.meta.mul_Ascend910B2_float16_223000000.
[INFO] RUNTIME(110198,npu_reader):2026-09-21-11:29:21.270.578 [elf.cc:575] 110198 ElfParseParamSummary: paramCount=4, paramTotalSize=32.
[INFO] RUNTIME(110198,npu_reader):2026-09-21-11:29:21.270.580 [elf.cc:610] 110198 ElfParseParamInfo: Cache param info: ordinal=0, offset=0, size=8, align=8, paramType=2, spaceIndex=0.
[INFO] RUNTIME(110198,npu_reader):2026-09-21-11:29:21.270.583 [elf.cc:610] 110198 ElfParseParamInfo: Cache param info: ordinal=1, offset=8, size=8, align=8, paramType=2, spaceIndex=0.
[INFO] RUNTIME(110198,npu_reader):2026-09-21-11:29:21.270.585 [elf.cc:610] 110198 ElfParseParamInfo: Cache param info: ordinal=2, offset=16, size=8, align=8, paramType=2, spaceIndex=0.
[INFO] RUNTIME(110198,npu_reader):2026-09-21-11:29:21.270.587 [elf.cc:610] 110198 ElfParseParamInfo: Cache param info: ordinal=3, offset=24, size=8, align=8, paramType=2, spaceIndex=0.
[INFO] RUNTIME(110198,npu_reader):2026-09-21-11:29:21.270.590 [elf.cc:916] 110198 ParseKernelMetaData: kernel_name=mul_Ascend910B2_float16_223000000, ration[0]=0, ration[1]=0, dfxAddr=0xaaad81de3094, dfxSize=176, funcType=0, crossCoreSync=0, kernelVfType=0, shareMemSize=0, minStackSize=0, isSupportFuncEntry=0, functionEntryFlag=128, functionEntry=0.
[INFO] RUNTIME(110198,npu_reader):2026-09-21-11:29:21.270.593 [elf.cc:884] 110198 ParseKernelMetaData: section name = .ascend.meta.mul_Ascend910B2_float16_210010000.
[INFO] RUNTIME(110198,npu_reader):2026-09-21-11:29:21.270.595 [elf.cc:575] 110198 ElfParseParamSummary: paramCount=4, paramTotalSize=32.
[INFO] RUNTIME(110198,npu_reader):2026-09-21-11:29:21.270.597 [elf.cc:610] 110198 ElfParseParamInfo: Cache param info: ordinal=0, offset=0, size=8, align=8, paramType=2, spaceIndex=0.
[INFO] RUNTIME(110198,npu_reader):2026-09-21-11:29:21.270.600 [elf.cc:610] 110198 ElfParseParamInfo: Cache param info: ordinal=1, offset=8, size=8, align=8, paramType=2, spaceIndex=0.
[INFO] RUNTIME(110198,npu_reader):2026-09-21-11:29:21.270.602 [elf.cc:610] 110198 ElfParseParamInfo: Cache param info: ordinal=2, offset=16, size=8, align=8, paramType=2, spaceIndex=0.
[INFO] RUNTIME(110198,npu_reader):2026-09-21-11:29:21.270.605 [elf.cc:610] 110198 ElfParseParamInfo: Cache param info: ordinal=3, offset=24, size=8, align=8, paramType=2, spaceIndex=0.
[INFO] RUNTIME(110198,npu_reader):2026-09-21-11:29:21.270.607 [elf.cc:916] 110198 ParseKernelMetaData: kernel_name=mul_Ascend910B2_float16_210010000, ration[0]=0, ration[1]=0, dfxAddr=0xaaad81de3144, dfxSize=176, funcType=0, crossCoreSync=0, kernelVfType=0, shareMemSize=0, minStackSize=0, isSupportFuncEntry=0, functionEntryFlag=128, functionEntry=0.
[INFO] RUNTIME(110198,npu_reader):2026-09-21-11:29:21.270.610 [elf.cc:884] 110198 ParseKernelMetaData: section name = .ascend.meta.mul_Ascend910B2_float16_210000000.
[INFO] RUNTIME(110198,npu_reader):2026-09-21-11:29:21.270.613 [elf.cc:575] 110198 ElfParseParamSummary: paramCount=4, paramTotalSize=32.
[INFO] RUNTIME(110198,npu_reader):2026-09-21-11:29:21.270.615 [elf.cc:610] 110198 ElfParseParamInfo: Cache param info: ordinal=0, offset=0, size=8, align=8, paramType=2, spaceIndex=0.
[INFO] RUNTIME(110198,npu_reader):2026-09-21-11:29:21.270.617 [elf.cc:610] 110198 ElfParseParamInfo: Cache param info: ordinal=1, offset=8, size=8, align=8, paramType=2, spaceIndex=0.
[INFO] RUNTIME(110198,npu_reader):2026-09-21-11:29:21.270.620 [elf.cc:610] 110198 ElfParseParamInfo: Cache param info: ordinal=2, offset=16, size=8, align=8, paramType=2, spaceIndex=0.
[INFO] RUNTIME(110198,npu_reader):2026-09-21-11:29:21.270.622 [elf.cc:610] 110198 ElfParseParamInfo: Cache param info: ordinal=3, offset=24, size=8, align=8, paramType=2, spaceIndex=0.
[INFO] RUNTIME(110198,npu_reader):2026-09-21-11:29:21.270.624 [elf.cc:916] 110198 ParseKernelMetaData: kernel_name=mul_Ascend910B2_float16_210000000, ration[0]=0, ration[1]=0, dfxAddr=0xaaad81de31f4, dfxSize=176, funcType=0, crossCoreSync=0, kernelVfType=0, shareMemSize=0, minStackSize=0, isSupportFuncEntry=0, functionEntryFlag=128, functionEntry=0.
[INFO] RUNTIME(110198,npu_reader):2026-09-21-11:29:21.270.637 [elf.cc:1076] 110198 UpdateCachedParamInfos: Restore cached param info: kernel_name=mul_Ascend910B2_float16_232010000, ordinal=0, offset=0, size=8.
[INFO] RUNTIME(110198,npu_reader):2026-09-21-11:29:21.270.639 [elf.cc:1076] 110198 UpdateCachedParamInfos: Restore cached param info: kernel_name=mul_Ascend910B2_float16_232010000, ordinal=1, offset=8, size=8.
[INFO] RUNTIME(110198,npu_reader):2026-09-21-11:29:21.270.641 [elf.cc:1076] 110198 UpdateCachedParamInfos: Restore cached param info: kernel_name=mul_Ascend910B2_float16_232010000, ordinal=2, offset=16, size=8.
[INFO] RUNTIME(110198,npu_reader):2026-09-21-11:29:21.270.644 [elf.cc:1076] 110198 UpdateCachedParamInfos: Restore cached param info: kernel_name=mul_Ascend910B2_float16_232010000, ordinal=3, offset=24, size=8.
[INFO] RUNTIME(110198,npu_reader):2026-09-21-11:29:21.270.646 [elf.cc:1145] 110198 UpdateKernelsInfo: update meta info, kernel_name=mul_Ascend910B2_float16_232010000, dfxAddr=0xaaad81de2e40, dfxSize=176, funcType=0, elfDataFlag=1, userArgsNum=0, crossCoreSync=0, kernelVfType=0, shareMemSize=0, minStackSize=0, funcEntryType=0, functionEntry=0, schedMode=0, taskRation_0=0, taskRation_1=0, hasParamSummary=1, paramCount=4, paramTotalSize=32.
[INFO] RUNTIME(110198,npu_reader):2026-09-21-11:29:21.270.649 [elf.cc:1076] 110198 UpdateCachedParamInfos: Restore cached param info: kernel_name=mul_Ascend910B2_float16_232000000, ordinal=0, offset=0, size=8.
[INFO] RUNTIME(110198,npu_reader):2026-09-21-11:29:21.270.652 [elf.cc:1076] 110198 UpdateCachedParamInfos: Restore cached param info: kernel_name=mul_Ascend910B2_float16_232000000, ordinal=1, offset=8, size=8.
[INFO] RUNTIME(110198,npu_reader):2026-09-21-11:29:21.270.654 [elf.cc:1076] 110198 UpdateCachedParamInfos: Restore cached param info: kernel_name=mul_Ascend910B2_float16_232000000, ordinal=2, offset=16, size=8.
[INFO] RUNTIME(110198,npu_reader):2026-09-21-11:29:21.270.656 [elf.cc:1076] 110198 UpdateCachedParamInfos: Restore cached param info: kernel_name=mul_Ascend910B2_float16_232000000, ordinal=3, offset=24, size=8.
[INFO] RUNTIME(110198,npu_reader):2026-09-21-11:29:21.270.658 [elf.cc:1145] 110198 UpdateKernelsInfo: update meta info, kernel_name=mul_Ascend910B2_float16_232000000, dfxAddr=0xaaad81de2f34, dfxSize=176, funcType=0, elfDataFlag=1, userArgsNum=0, crossCoreSync=0, kernelVfType=0, shareMemSize=0, minStackSize=0, funcEntryType=0, functionEntry=0, schedMode=0, taskRation_0=0, taskRation_1=0, hasParamSummary=1, paramCount=4, paramTotalSize=32.
[INFO] RUNTIME(110198,npu_reader):2026-09-21-11:29:21.270.662 [elf.cc:1076] 110198 UpdateCachedParamInfos: Restore cached param info: kernel_name=mul_Ascend910B2_float16_223010000, ordinal=0, offset=0, size=8.
[INFO] RUNTIME(110198,npu_reader):2026-09-21-11:29:21.270.665 [elf.cc:1076] 110198 UpdateCachedParamInfos: Restore cached param info: kernel_name=mul_Ascend910B2_float16_223010000, ordinal=1, offset=8, size=8.
[INFO] RUNTIME(110198,npu_reader):2026-09-21-11:29:21.270.667 [elf.cc:1076] 110198 UpdateCachedParamInfos: Restore cached param info: kernel_name=mul_Ascend910B2_float16_223010000, ordinal=2, offset=16, size=8.
[INFO] RUNTIME(110198,npu_reader):2026-09-21-11:29:21.270.669 [elf.cc:1076] 110198 UpdateCachedParamInfos: Restore cached param info: kernel_name=mul_Ascend910B2_float16_223010000, ordinal=3, offset=24, size=8.
[INFO] RUNTIME(110198,npu_reader):2026-09-21-11:29:21.270.671 [elf.cc:1145] 110198 UpdateKernelsInfo: update meta info, kernel_name=mul_Ascend910B2_float16_223010000, dfxAddr=0xaaad81de2fe4, dfxSize=176, funcType=0, elfDataFlag=1, userArgsNum=0, crossCoreSync=0, kernelVfType=0, shareMemSize=0, minStackSize=0, funcEntryType=0, functionEntry=0, schedMode=0, taskRation_0=0, taskRation_1=0, hasParamSummary=1, paramCount=4, paramTotalSize=32.
[INFO] RUNTIME(110198,npu_reader):2026-09-21-11:29:21.270.675 [elf.cc:1076] 110198 UpdateCachedParamInfos: Restore cached param info: kernel_name=mul_Ascend910B2_float16_223000000, ordinal=0, offset=0, size=8.
[INFO] RUNTIME(110198,npu_reader):2026-09-21-11:29:21.270.677 [elf.cc:1076] 110198 UpdateCachedParamInfos: Restore cached param info: kernel_name=mul_Ascend910B2_float16_223000000, ordinal=1, offset=8, size=8.
[INFO] RUNTIME(110198,npu_reader):2026-09-21-11:29:21.270.679 [elf.cc:1076] 110198 UpdateCachedParamInfos: Restore cached param info: kernel_name=mul_Ascend910B2_float16_223000000, ordinal=2, offset=16, size=8.
[INFO] RUNTIME(110198,npu_reader):2026-09-21-11:29:21.270.681 [elf.cc:1076] 110198 UpdateCachedParamInfos: Restore cached param info: kernel_name=mul_Ascend910B2_float16_223000000, ordinal=3, offset=24, size=8.
[INFO] RUNTIME(110198,npu_reader):2026-09-21-11:29:21.270.683 [elf.cc:1145] 110198 UpdateKernelsInfo: update meta info, kernel_name=mul_Ascend910B2_float16_223000000, dfxAddr=0xaaad81de3094, dfxSize=176, funcType=0, elfDataFlag=1, userArgsNum=0, crossCoreSync=0, kernelVfType=0, shareMemSize=0, minStackSize=0, funcEntryType=0, functionEntry=0, schedMode=0, taskRation_0=0, taskRation_1=0, hasParamSummary=1, paramCount=4, paramTotalSize=32.
[INFO] RUNTIME(110198,npu_reader):2026-09-21-11:29:21.270.687 [elf.cc:1076] 110198 UpdateCachedParamInfos: Restore cached param info: kernel_name=mul_Ascend910B2_float16_210010000, ordinal=0, offset=0, size=8.
[INFO] RUNTIME(110198,npu_reader):2026-09-21-11:29:21.270.689 [elf.cc:1076] 110198 UpdateCachedParamInfos: Restore cached param info: kernel_name=mul_Ascend910B2_float16_210010000, ordinal=1, offset=8, size=8.
[INFO] RUNTIME(110198,npu_reader):2026-09-21-11:29:21.270.691 [elf.cc:1076] 110198 UpdateCachedParamInfos: Restore cached param info: kernel_name=mul_Ascend910B2_float16_210010000, ordinal=2, offset=16, size=8.
[INFO] RUNTIME(110198,npu_reader):2026-09-21-11:29:21.270.694 [elf.cc:1076] 110198 UpdateCachedParamInfos: Restore cached param info: kernel_name=mul_Ascend910B2_float16_210010000, ordinal=3, offset=24, size=8.
[INFO] RUNTIME(110198,npu_reader):2026-09-21-11:29:21.270.696 [elf.cc:1145] 110198 UpdateKernelsInfo: update meta info, kernel_name=mul_Ascend910B2_float16_210010000, dfxAddr=0xaaad81de3144, dfxSize=176, funcType=0, elfDataFlag=1, userArgsNum=0, crossCoreSync=0, kernelVfType=0, shareMemSize=0, minStackSize=0, funcEntryType=0, functionEntry=0, schedMode=0, taskRation_0=0, taskRation_1=0, hasParamSummary=1, paramCount=4, paramTotalSize=32.
[INFO] RUNTIME(110198,npu_reader):2026-09-21-11:29:21.270.700 [elf.cc:1076] 110198 UpdateCachedParamInfos: Restore cached param info: kernel_name=mul_Ascend910B2_float16_210000000, ordinal=0, offset=0, size=8.
[INFO] RUNTIME(110198,npu_reader):2026-09-21-11:29:21.270.702 [elf.cc:1076] 110198 UpdateCachedParamInfos: Restore cached param info: kernel_name=mul_Ascend910B2_float16_210000000, ordinal=1, offset=8, size=8.
[INFO] RUNTIME(110198,npu_reader):2026-09-21-11:29:21.270.704 [elf.cc:1076] 110198 UpdateCachedParamInfos: Restore cached param info: kernel_name=mul_Ascend910B2_float16_210000000, ordinal=2, offset=16, size=8.
[INFO] RUNTIME(110198,npu_reader):2026-09-21-11:29:21.270.707 [elf.cc:1076] 110198 UpdateCachedParamInfos: Restore cached param info: kernel_name=mul_Ascend910B2_float16_210000000, ordinal=3, offset=24, size=8.
[INFO] RUNTIME(110198,npu_reader):2026-09-21-11:29:21.270.709 [elf.cc:1145] 110198 UpdateKernelsInfo: update meta info, kernel_name=mul_Ascend910B2_float16_210000000, dfxAddr=0xaaad81de31f4, dfxSize=176, funcType=0, elfDataFlag=1, userArgsNum=0, crossCoreSync=0, kernelVfType=0, shareMemSize=0, minStackSize=0, funcEntryType=0, functionEntry=0, schedMode=0, taskRation_0=0, taskRation_1=0, hasParamSummary=1, paramCount=4, paramTotalSize=32.
[INFO] RUNTIME(110198,npu_reader):2026-09-21-11:29:21.270.713 [runtime.cc:1448] 110198 AddProgramToPool: progId=4
[INFO] RUNTIME(110198,npu_reader):2026-09-21-11:29:21.270.716 [program.cc:1649] 110198 GetKernelTypeAndMixType: Get kernel type success, kernelName=mul_Ascend910B2_float16_232010000, funcType=0, kernelAttrType=2, mixType=0
[INFO] RUNTIME(110198,npu_reader):2026-09-21-11:29:21.270.719 [program.cc:1119] 110198 SetKernelAttribute: kernel_name=mul_Ascend910B2_float16_232010000, kernelAttrType=2, userParamNum=0, sysParamNum=1, IsNeedSetFftsAddrInArg=0, isSupportOverFlow=1, elfDataFlag=1
[INFO] RUNTIME(110198,npu_reader):2026-09-21-11:29:21.270.722 [program.cc:1690] 110198 BuildNewKernel: new kernel success, size=1320, programId=4, original kernel_name=mul_Ascend910B2_float16_232010000, register kernel_name=mul_Ascend910B2_float16_232010000, tilingKey=232010000, functionEntry=0, funcType=0, kernelAttrType=2, mixType=0, taskRation=2, offset=0, dfxAddr=187662184885824, dfxSize=176
[INFO] RUNTIME(110198,npu_reader):2026-09-21-11:29:21.270.726 [program.cc:1649] 110198 GetKernelTypeAndMixType: Get kernel type success, kernelName=mul_Ascend910B2_float16_232000000, funcType=0, kernelAttrType=2, mixType=0
[INFO] RUNTIME(110198,npu_reader):2026-09-21-11:29:21.270.729 [program.cc:1119] 110198 SetKernelAttribute: kernel_name=mul_Ascend910B2_float16_232000000, kernelAttrType=2, userParamNum=0, sysParamNum=1, IsNeedSetFftsAddrInArg=0, isSupportOverFlow=1, elfDataFlag=1
[INFO] RUNTIME(110198,npu_reader):2026-09-21-11:29:21.270.731 [program.cc:1690] 110198 BuildNewKernel: new kernel success, size=1320, programId=4, original kernel_name=mul_Ascend910B2_float16_232000000, register kernel_name=mul_Ascend910B2_float16_232000000, tilingKey=232000000, functionEntry=0, funcType=0, kernelAttrType=2, mixType=0, taskRation=2, offset=1520, dfxAddr=187662184886068, dfxSize=176
[INFO] RUNTIME(110198,npu_reader):2026-09-21-11:29:21.270.735 [program.cc:1649] 110198 GetKernelTypeAndMixType: Get kernel type success, kernelName=mul_Ascend910B2_float16_223010000, funcType=0, kernelAttrType=2, mixType=0
[INFO] RUNTIME(110198,npu_reader):2026-09-21-11:29:21.270.738 [program.cc:1119] 110198 SetKernelAttribute: kernel_name=mul_Ascend910B2_float16_223010000, kernelAttrType=2, userParamNum=0, sysParamNum=1, IsNeedSetFftsAddrInArg=0, isSupportOverFlow=1, elfDataFlag=1
[INFO] RUNTIME(110198,npu_reader):2026-09-21-11:29:21.270.741 [program.cc:1690] 110198 BuildNewKernel: new kernel success, size=1320, programId=4, original kernel_name=mul_Ascend910B2_float16_223010000, register kernel_name=mul_Ascend910B2_float16_223010000, tilingKey=223010000, functionEntry=0, funcType=0, kernelAttrType=2, mixType=0, taskRation=2, offset=2448, dfxAddr=187662184886244, dfxSize=176
[INFO] RUNTIME(110198,npu_reader):2026-09-21-11:29:21.270.745 [program.cc:1649] 110198 GetKernelTypeAndMixType: Get kernel type success, kernelName=mul_Ascend910B2_float16_223000000, funcType=0, kernelAttrType=2, mixType=0
[INFO] RUNTIME(110198,npu_reader):2026-09-21-11:29:21.270.748 [program.cc:1119] 110198 SetKernelAttribute: kernel_name=mul_Ascend910B2_float16_223000000, kernelAttrType=2, userParamNum=0, sysParamNum=1, IsNeedSetFftsAddrInArg=0, isSupportOverFlow=1, elfDataFlag=1
[INFO] RUNTIME(110198,npu_reader):2026-09-21-11:29:21.270.751 [program.cc:1690] 110198 BuildNewKernel: new kernel success, size=1320, programId=4, original kernel_name=mul_Ascend910B2_float16_223000000, register kernel_name=mul_Ascend910B2_float16_223000000, tilingKey=223000000, functionEntry=0, funcType=0, kernelAttrType=2, mixType=0, taskRation=2, offset=4028, dfxAddr=187662184886420, dfxSize=176
[INFO] RUNTIME(110198,npu_reader):2026-09-21-11:29:21.270.755 [program.cc:1649] 110198 GetKernelTypeAndMixType: Get kernel type success, kernelName=mul_Ascend910B2_float16_210010000, funcType=0, kernelAttrType=2, mixType=0
[INFO] RUNTIME(110198,npu_reader):2026-09-21-11:29:21.270.758 [program.cc:1119] 110198 SetKernelAttribute: kernel_name=mul_Ascend910B2_float16_210010000, kernelAttrType=2, userParamNum=0, sysParamNum=1, IsNeedSetFftsAddrInArg=0, isSupportOverFlow=1, elfDataFlag=1
[INFO] RUNTIME(110198,npu_reader):2026-09-21-11:29:21.270.760 [program.cc:1690] 110198 BuildNewKernel: new kernel success, size=1320, programId=4, original kernel_name=mul_Ascend910B2_float16_210010000, register kernel_name=mul_Ascend910B2_float16_210010000, tilingKey=210010000, functionEntry=0, funcType=0, kernelAttrType=2, mixType=0, taskRation=2, offset=4944, dfxAddr=187662184886596, dfxSize=176
[INFO] RUNTIME(110198,npu_reader):2026-09-21-11:29:21.270.764 [program.cc:1649] 110198 GetKernelTypeAndMixType: Get kernel type success, kernelName=mul_Ascend910B2_float16_210000000, funcType=0, kernelAttrType=2, mixType=0
[INFO] RUNTIME(110198,npu_reader):2026-09-21-11:29:21.270.767 [program.cc:1119] 110198 SetKernelAttribute: kernel_name=mul_Ascend910B2_float16_210000000, kernelAttrType=2, userParamNum=0, sysParamNum=1, IsNeedSetFftsAddrInArg=0, isSupportOverFlow=1, elfDataFlag=1
[INFO] RUNTIME(110198,npu_reader):2026-09-21-11:29:21.270.770 [program.cc:1690] 110198 BuildNewKernel: new kernel success, size=1320, programId=4, original kernel_name=mul_Ascend910B2_float16_210000000, register kernel_name=mul_Ascend910B2_float16_210000000, tilingKey=210000000, functionEntry=0, funcType=0, kernelAttrType=2, mixType=0, taskRation=2, offset=6540, dfxAddr=187662184886772, dfxSize=176
[INFO] RUNTIME(110198,npu_reader):2026-09-21-11:29:21.270.784 [binary_loader.cc:364] 110198 LoadFromData: New ElfProgram ok, magic=1094799942, kernelAttrType=2, Runtime_alloc_size=11072
[INFO] RUNTIME(110198,npu_reader):2026-09-21-11:29:21.270.792 [program.cc:204] 110198 SaveBinaryData: Malloc the buffer for elfData, len=14920
[INFO] RUNTIME(110198,npu_reader):2026-09-21-11:29:21.270.796 [elf.cc:884] 110198 ParseKernelMetaData: section name = .text.
[INFO] RUNTIME(110198,npu_reader):2026-09-21-11:29:21.270.798 [elf.cc:884] 110198 ParseKernelMetaData: section name = .ascend.stack.size.record.
[INFO] RUNTIME(110198,npu_reader):2026-09-21-11:29:21.270.801 [elf.cc:884] 110198 ParseKernelMetaData: section name = __CCE_KernelArgSize.
[INFO] RUNTIME(110198,npu_reader):2026-09-21-11:29:21.270.803 [elf.cc:884] 110198 ParseKernelMetaData: section name = .ascend.meta.mul_Ascend910B3_float16_232010000.
[INFO] RUNTIME(110198,npu_reader):2026-09-21-11:29:21.270.805 [elf.cc:575] 110198 ElfParseParamSummary: paramCount=4, paramTotalSize=32.
[INFO] RUNTIME(110198,npu_reader):2026-09-21-11:29:21.270.807 [elf.cc:610] 110198 ElfParseParamInfo: Cache param info: ordinal=0, offset=0, size=8, align=8, paramType=2, spaceIndex=0.
[INFO] RUNTIME(110198,npu_reader):2026-09-21-11:29:21.270.810 [elf.cc:610] 110198 ElfParseParamInfo: Cache param info: ordinal=1, offset=8, size=8, align=8, paramType=2, spaceIndex=0.
[INFO] RUNTIME(110198,npu_reader):2026-09-21-11:29:21.270.813 [elf.cc:610] 110198 ElfParseParamInfo: Cache param info: ordinal=2, offset=16, size=8, align=8, paramType=2, spaceIndex=0.
[INFO] RUNTIME(110198,npu_reader):2026-09-21-11:29:21.270.815 [elf.cc:610] 110198 ElfParseParamInfo: Cache param info: ordinal=3, offset=24, size=8, align=8, paramType=2, spaceIndex=0.
[INFO] RUNTIME(110198,npu_reader):2026-09-21-11:29:21.270.818 [elf.cc:916] 110198 ParseKernelMetaData: kernel_name=mul_Ascend910B3_float16_232010000, ration[0]=0, ration[1]=0, dfxAddr=0xaaad81def8a0, dfxSize=176, funcType=0, crossCoreSync=0, kernelVfType=0, shareMemSize=0, minStackSize=0, isSupportFuncEntry=0, functionEntryFlag=128, functionEntry=0.
[INFO] RUNTIME(110198,npu_reader):2026-09-21-11:29:21.270.821 [elf.cc:884] 110198 ParseKernelMetaData: section name = .comment.
[INFO] RUNTIME(110198,npu_reader):2026-09-21-11:29:21.270.823 [elf.cc:884] 110198 ParseKernelMetaData: section name = .ascend.meta.mul_Ascend910B3_float16_232000000.
[INFO] RUNTIME(110198,npu_reader):2026-09-21-11:29:21.270.826 [elf.cc:575] 110198 ElfParseParamSummary: paramCount=4, paramTotalSize=32.
[INFO] RUNTIME(110198,npu_reader):2026-09-21-11:29:21.270.828 [elf.cc:610] 110198 ElfParseParamInfo: Cache param info: ordinal=0, offset=0, size=8, align=8, paramType=2, spaceIndex=0.
[INFO] RUNTIME(110198,npu_reader):2026-09-21-11:29:21.270.830 [elf.cc:610] 110198 ElfParseParamInfo: Cache param info: ordinal=1, offset=8, size=8, align=8, paramType=2, spaceIndex=0.
[INFO] RUNTIME(110198,npu_reader):2026-09-21-11:29:21.270.833 [elf.cc:610] 110198 ElfParseParamInfo: Cache param info: ordinal=2, offset=16, size=8, align=8, paramType=2, spaceIndex=0.
[INFO] RUNTIME(110198,npu_reader):2026-09-21-11:29:21.270.835 [elf.cc:610] 110198 ElfParseParamInfo: Cache param info: ordinal=3, offset=24, size=8, align=8, paramType=2, spaceIndex=0.
[INFO] RUNTIME(110198,npu_reader):2026-09-21-11:29:21.270.837 [elf.cc:916] 110198 ParseKernelMetaData: kernel_name=mul_Ascend910B3_float16_232000000, ration[0]=0, ration[1]=0, dfxAddr=0xaaad81def994, dfxSize=176, funcType=0, crossCoreSync=0, kernelVfType=0, shareMemSize=0, minStackSize=0, isSupportFuncEntry=0, functionEntryFlag=128, functionEntry=0.
[INFO] RUNTIME(110198,npu_reader):2026-09-21-11:29:21.270.840 [elf.cc:884] 110198 ParseKernelMetaData: section name = .ascend.meta.mul_Ascend910B3_float16_223010000.
[INFO] RUNTIME(110198,npu_reader):2026-09-21-11:29:21.270.843 [elf.cc:575] 110198 ElfParseParamSummary: paramCount=4, paramTotalSize=32.
[INFO] RUNTIME(110198,npu_reader):2026-09-21-11:29:21.270.845 [elf.cc:610] 110198 ElfParseParamInfo: Cache param info: ordinal=0, offset=0, size=8, align=8, paramType=2, spaceIndex=0.
[INFO] RUNTIME(110198,npu_reader):2026-09-21-11:29:21.270.847 [elf.cc:610] 110198 ElfParseParamInfo: Cache param info: ordinal=1, offset=8, size=8, align=8, paramType=2, spaceIndex=0.
[INFO] RUNTIME(110198,npu_reader):2026-09-21-11:29:21.270.850 [elf.cc:610] 110198 ElfParseParamInfo: Cache param info: ordinal=2, offset=16, size=8, align=8, paramType=2, spaceIndex=0.
[INFO] RUNTIME(110198,npu_reader):2026-09-21-11:29:21.270.852 [elf.cc:610] 110198 ElfParseParamInfo: Cache param info: ordinal=3, offset=24, size=8, align=8, paramType=2, spaceIndex=0.
[INFO] RUNTIME(110198,npu_reader):2026-09-21-11:29:21.270.855 [elf.cc:916] 110198 ParseKernelMetaData: kernel_name=mul_Ascend910B3_float16_223010000, ration[0]=0, ration[1]=0, dfxAddr=0xaaad81defa44, dfxSize=176, funcType=0, crossCoreSync=0, kernelVfType=0, shareMemSize=0, minStackSize=0, isSupportFuncEntry=0, functionEntryFlag=128, functionEntry=0.
[INFO] RUNTIME(110198,npu_reader):2026-09-21-11:29:21.270.858 [elf.cc:884] 110198 ParseKernelMetaData: section name = .ascend.meta.mul_Ascend910B3_float16_223000000.
[INFO] RUNTIME(110198,npu_reader):2026-09-21-11:29:21.270.860 [elf.cc:575] 110198 ElfParseParamSummary: paramCount=4, paramTotalSize=32.
[INFO] RUNTIME(110198,npu_reader):2026-09-21-11:29:21.270.862 [elf.cc:610] 110198 ElfParseParamInfo: Cache param info: ordinal=0, offset=0, size=8, align=8, paramType=2, spaceIndex=0.
[INFO] RUNTIME(110198,npu_reader):2026-09-21-11:29:21.270.865 [elf.cc:610] 110198 ElfParseParamInfo: Cache param info: ordinal=1, offset=8, size=8, align=8, paramType=2, spaceIndex=0.
[INFO] RUNTIME(110198,npu_reader):2026-09-21-11:29:21.270.867 [elf.cc:610] 110198 ElfParseParamInfo: Cache param info: ordinal=2, offset=16, size=8, align=8, paramType=2, spaceIndex=0.
[INFO] RUNTIME(110198,npu_reader):2026-09-21-11:29:21.270.870 [elf.cc:610] 110198 ElfParseParamInfo: Cache param info: ordinal=3, offset=24, size=8, align=8, paramType=2, spaceIndex=0.
[INFO] RUNTIME(110198,npu_reader):2026-09-21-11:29:21.270.872 [elf.cc:916] 110198 ParseKernelMetaData: kernel_name=mul_Ascend910B3_float16_223000000, ration[0]=0, ration[1]=0, dfxAddr=0xaaad81defaf4, dfxSize=176, funcType=0, crossCoreSync=0, kernelVfType=0, shareMemSize=0, minStackSize=0, isSupportFuncEntry=0, functionEntryFlag=128, functionEntry=0.
[INFO] RUNTIME(110198,npu_reader):2026-09-21-11:29:21.270.875 [elf.cc:884] 110198 ParseKernelMetaData: section name = .ascend.meta.mul_Ascend910B3_float16_210010000.
[INFO] RUNTIME(110198,npu_reader):2026-09-21-11:29:21.270.878 [elf.cc:575] 110198 ElfParseParamSummary: paramCount=4, paramTotalSize=32.
[INFO] RUNTIME(110198,npu_reader):2026-09-21-11:29:21.270.880 [elf.cc:610] 110198 ElfParseParamInfo: Cache param info: ordinal=0, offset=0, size=8, align=8, paramType=2, spaceIndex=0.
[INFO] RUNTIME(110198,npu_reader):2026-09-21-11:29:21.270.882 [elf.cc:610] 110198 ElfParseParamInfo: Cache param info: ordinal=1, offset=8, size=8, align=8, paramType=2, spaceIndex=0.
[INFO] RUNTIME(110198,npu_reader):2026-09-21-11:29:21.270.885 [elf.cc:610] 110198 ElfParseParamInfo: Cache param info: ordinal=2, offset=16, size=8, align=8, paramType=2, spaceIndex=0.
[INFO] RUNTIME(110198,npu_reader):2026-09-21-11:29:21.270.887 [elf.cc:610] 110198 ElfParseParamInfo: Cache param info: ordinal=3, offset=24, size=8, align=8, paramType=2, spaceIndex=0.
[INFO] RUNTIME(110198,npu_reader):2026-09-21-11:29:21.270.889 [elf.cc:916] 110198 ParseKernelMetaData: kernel_name=mul_Ascend910B3_float16_210010000, ration[0]=0, ration[1]=0, dfxAddr=0xaaad81defba4, dfxSize=176, funcType=0, crossCoreSync=0, kernelVfType=0, shareMemSize=0, minStackSize=0, isSupportFuncEntry=0, functionEntryFlag=128, functionEntry=0.
[INFO] RUNTIME(110198,npu_reader):2026-09-21-11:29:21.270.892 [elf.cc:884] 110198 ParseKernelMetaData: section name = .ascend.meta.mul_Ascend910B3_float16_210000000.
[INFO] RUNTIME(110198,npu_reader):2026-09-21-11:29:21.270.894 [elf.cc:575] 110198 ElfParseParamSummary: paramCount=4, paramTotalSize=32.
[INFO] RUNTIME(110198,npu_reader):2026-09-21-11:29:21.270.897 [elf.cc:610] 110198 ElfParseParamInfo: Cache param info: ordinal=0, offset=0, size=8, align=8, paramType=2, spaceIndex=0.
[INFO] RUNTIME(110198,npu_reader):2026-09-21-11:29:21.270.899 [elf.cc:610] 110198 ElfParseParamInfo: Cache param info: ordinal=1, offset=8, size=8, align=8, paramType=2, spaceIndex=0.
[INFO] RUNTIME(110198,npu_reader):2026-09-21-11:29:21.270.901 [elf.cc:610] 110198 ElfParseParamInfo: Cache param info: ordinal=2, offset=16, size=8, align=8, paramType=2, spaceIndex=0.
[INFO] RUNTIME(110198,npu_reader):2026-09-21-11:29:21.270.904 [elf.cc:610] 110198 ElfParseParamInfo: Cache param info: ordinal=3, offset=24, size=8, align=8, paramType=2, spaceIndex=0.
[INFO] RUNTIME(110198,npu_reader):2026-09-21-11:29:21.270.906 [elf.cc:916] 110198 ParseKernelMetaData: kernel_name=mul_Ascend910B3_float16_210000000, ration[0]=0, ration[1]=0, dfxAddr=0xaaad81defc54, dfxSize=176, funcType=0, crossCoreSync=0, kernelVfType=0, shareMemSize=0, minStackSize=0, isSupportFuncEntry=0, functionEntryFlag=128, functionEntry=0.
[INFO] RUNTIME(110198,npu_reader):2026-09-21-11:29:21.270.919 [elf.cc:1076] 110198 UpdateCachedParamInfos: Restore cached param info: kernel_name=mul_Ascend910B3_float16_232010000, ordinal=0, offset=0, size=8.
[INFO] RUNTIME(110198,npu_reader):2026-09-21-11:29:21.270.921 [elf.cc:1076] 110198 UpdateCachedParamInfos: Restore cached param info: kernel_name=mul_Ascend910B3_float16_232010000, ordinal=1, offset=8, size=8.
[INFO] RUNTIME(110198,npu_reader):2026-09-21-11:29:21.270.924 [elf.cc:1076] 110198 UpdateCachedParamInfos: Restore cached param info: kernel_name=mul_Ascend910B3_float16_232010000, ordinal=2, offset=16, size=8.
[INFO] RUNTIME(110198,npu_reader):2026-09-21-11:29:21.270.926 [elf.cc:1076] 110198 UpdateCachedParamInfos: Restore cached param info: kernel_name=mul_Ascend910B3_float16_232010000, ordinal=3, offset=24, size=8.
[INFO] RUNTIME(110198,npu_reader):2026-09-21-11:29:21.270.928 [elf.cc:1145] 110198 UpdateKernelsInfo: update meta info, kernel_name=mul_Ascend910B3_float16_232010000, dfxAddr=0xaaad81def8a0, dfxSize=176, funcType=0, elfDataFlag=1, userArgsNum=0, crossCoreSync=0, kernelVfType=0, shareMemSize=0, minStackSize=0, funcEntryType=0, functionEntry=0, schedMode=0, taskRation_0=0, taskRation_1=0, hasParamSummary=1, paramCount=4, paramTotalSize=32.
[INFO] RUNTIME(110198,npu_reader):2026-09-21-11:29:21.270.932 [elf.cc:1076] 110198 UpdateCachedParamInfos: Restore cached param info: kernel_name=mul_Ascend910B3_float16_232000000, ordinal=0, offset=0, size=8.
[INFO] RUNTIME(110198,npu_reader):2026-09-21-11:29:21.270.934 [elf.cc:1076] 110198 UpdateCachedParamInfos: Restore cached param info: kernel_name=mul_Ascend910B3_float16_232000000, ordinal=1, offset=8, size=8.
[INFO] RUNTIME(110198,npu_reader):2026-09-21-11:29:21.270.937 [elf.cc:1076] 110198 UpdateCachedParamInfos: Restore cached param info: kernel_name=mul_Ascend910B3_float16_232000000, ordinal=2, offset=16, size=8.
[INFO] RUNTIME(110198,npu_reader):2026-09-21-11:29:21.270.939 [elf.cc:1076] 110198 UpdateCachedParamInfos: Restore cached param info: kernel_name=mul_Ascend910B3_float16_232000000, ordinal=3, offset=24, size=8.
[INFO] RUNTIME(110198,npu_reader):2026-09-21-11:29:21.270.941 [elf.cc:1145] 110198 UpdateKernelsInfo: update meta info, kernel_name=mul_Ascend910B3_float16_232000000, dfxAddr=0xaaad81def994, dfxSize=176, funcType=0, elfDataFlag=1, userArgsNum=0, crossCoreSync=0, kernelVfType=0, shareMemSize=0, minStackSize=0, funcEntryType=0, functionEntry=0, schedMode=0, taskRation_0=0, taskRation_1=0, hasParamSummary=1, paramCount=4, paramTotalSize=32.
[INFO] RUNTIME(110198,npu_reader):2026-09-21-11:29:21.270.944 [elf.cc:1076] 110198 UpdateCachedParamInfos: Restore cached param info: kernel_name=mul_Ascend910B3_float16_223010000, ordinal=0, offset=0, size=8.
[INFO] RUNTIME(110198,npu_reader):2026-09-21-11:29:21.270.947 [elf.cc:1076] 110198 UpdateCachedParamInfos: Restore cached param info: kernel_name=mul_Ascend910B3_float16_223010000, ordinal=1, offset=8, size=8.
[INFO] RUNTIME(110198,npu_reader):2026-09-21-11:29:21.270.949 [elf.cc:1076] 110198 UpdateCachedParamInfos: Restore cached param info: kernel_name=mul_Ascend910B3_float16_223010000, ordinal=2, offset=16, size=8.
[INFO] RUNTIME(110198,npu_reader):2026-09-21-11:29:21.270.951 [elf.cc:1076] 110198 UpdateCachedParamInfos: Restore cached param info: kernel_name=mul_Ascend910B3_float16_223010000, ordinal=3, offset=24, size=8.
[INFO] RUNTIME(110198,npu_reader):2026-09-21-11:29:21.270.953 [elf.cc:1145] 110198 UpdateKernelsInfo: update meta info, kernel_name=mul_Ascend910B3_float16_223010000, dfxAddr=0xaaad81defa44, dfxSize=176, funcType=0, elfDataFlag=1, userArgsNum=0, crossCoreSync=0, kernelVfType=0, shareMemSize=0, minStackSize=0, funcEntryType=0, functionEntry=0, schedMode=0, taskRation_0=0, taskRation_1=0, hasParamSummary=1, paramCount=4, paramTotalSize=32.
[INFO] RUNTIME(110198,npu_reader):2026-09-21-11:29:21.270.956 [elf.cc:1076] 110198 UpdateCachedParamInfos: Restore cached param info: kernel_name=mul_Ascend910B3_float16_223000000, ordinal=0, offset=0, size=8.
[INFO] RUNTIME(110198,npu_reader):2026-09-21-11:29:21.270.959 [elf.cc:1076] 110198 UpdateCachedParamInfos: Restore cached param info: kernel_name=mul_Ascend910B3_float16_223000000, ordinal=1, offset=8, size=8.
[INFO] RUNTIME(110198,npu_reader):2026-09-21-11:29:21.270.961 [elf.cc:1076] 110198 UpdateCachedParamInfos: Restore cached param info: kernel_name=mul_Ascend910B3_float16_223000000, ordinal=2, offset=16, size=8.
[INFO] RUNTIME(110198,npu_reader):2026-09-21-11:29:21.270.963 [elf.cc:1076] 110198 UpdateCachedParamInfos: Restore cached param info: kernel_name=mul_Ascend910B3_float16_223000000, ordinal=3, offset=24, size=8.
[INFO] RUNTIME(110198,npu_reader):2026-09-21-11:29:21.270.966 [elf.cc:1145] 110198 UpdateKernelsInfo: update meta info, kernel_name=mul_Ascend910B3_float16_223000000, dfxAddr=0xaaad81defaf4, dfxSize=176, funcType=0, elfDataFlag=1, userArgsNum=0, crossCoreSync=0, kernelVfType=0, shareMemSize=0, minStackSize=0, funcEntryType=0, functionEntry=0, schedMode=0, taskRation_0=0, taskRation_1=0, hasParamSummary=1, paramCount=4, paramTotalSize=32.
[INFO] RUNTIME(110198,npu_reader):2026-09-21-11:29:21.270.969 [elf.cc:1076] 110198 UpdateCachedParamInfos: Restore cached param info: kernel_name=mul_Ascend910B3_float16_210010000, ordinal=0, offset=0, size=8.
[INFO] RUNTIME(110198,npu_reader):2026-09-21-11:29:21.270.971 [elf.cc:1076] 110198 UpdateCachedParamInfos: Restore cached param info: kernel_name=mul_Ascend910B3_float16_210010000, ordinal=1, offset=8, size=8.
[INFO] RUNTIME(110198,npu_reader):2026-09-21-11:29:21.270.973 [elf.cc:1076] 110198 UpdateCachedParamInfos: Restore cached param info: kernel_name=mul_Ascend910B3_float16_210010000, ordinal=2, offset=16, size=8.
[INFO] RUNTIME(110198,npu_reader):2026-09-21-11:29:21.270.976 [elf.cc:1076] 110198 UpdateCachedParamInfos: Restore cached param info: kernel_name=mul_Ascend910B3_float16_210010000, ordinal=3, offset=24, size=8.
[INFO] RUNTIME(110198,npu_reader):2026-09-21-11:29:21.270.978 [elf.cc:1145] 110198 UpdateKernelsInfo: update meta info, kernel_name=mul_Ascend910B3_float16_210010000, dfxAddr=0xaaad81defba4, dfxSize=176, funcType=0, elfDataFlag=1, userArgsNum=0, crossCoreSync=0, kernelVfType=0, shareMemSize=0, minStackSize=0, funcEntryType=0, functionEntry=0, schedMode=0, taskRation_0=0, taskRation_1=0, hasParamSummary=1, paramCount=4, paramTotalSize=32.
[INFO] RUNTIME(110198,npu_reader):2026-09-21-11:29:21.270.981 [elf.cc:1076] 110198 UpdateCachedParamInfos: Restore cached param info: kernel_name=mul_Ascend910B3_float16_210000000, ordinal=0, offset=0, size=8.
[INFO] RUNTIME(110198,npu_reader):2026-09-21-11:29:21.270.984 [elf.cc:1076] 110198 UpdateCachedParamInfos: Restore cached param info: kernel_name=mul_Ascend910B3_float16_210000000, ordinal=1, offset=8, size=8.
[INFO] RUNTIME(110198,npu_reader):2026-09-21-11:29:21.270.986 [elf.cc:1076] 110198 UpdateCachedParamInfos: Restore cached param info: kernel_name=mul_Ascend910B3_float16_210000000, ordinal=2, offset=16, size=8.
[INFO] RUNTIME(110198,npu_reader):2026-09-21-11:29:21.270.988 [elf.cc:1076] 110198 UpdateCachedParamInfos: Restore cached param info: kernel_name=mul_Ascend910B3_float16_210000000, ordinal=3, offset=24, size=8.
[INFO] RUNTIME(110198,npu_reader):2026-09-21-11:29:21.270.990 [elf.cc:1145] 110198 UpdateKernelsInfo: update meta info, kernel_name=mul_Ascend910B3_float16_210000000, dfxAddr=0xaaad81defc54, dfxSize=176, funcType=0, elfDataFlag=1, userArgsNum=0, crossCoreSync=0, kernelVfType=0, shareMemSize=0, minStackSize=0, funcEntryType=0, functionEntry=0, schedMode=0, taskRation_0=0, taskRation_1=0, hasParamSummary=1, paramCount=4, paramTotalSize=32.
[INFO] RUNTIME(110198,npu_reader):2026-09-21-11:29:21.270.994 [runtime.cc:1448] 110198 AddProgramToPool: progId=5
[INFO] RUNTIME(110198,npu_reader):2026-09-21-11:29:21.270.997 [program.cc:1649] 110198 GetKernelTypeAndMixType: Get kernel type success, kernelName=mul_Ascend910B3_float16_232010000, funcType=0, kernelAttrType=2, mixType=0
[INFO] RUNTIME(110198,npu_reader):2026-09-21-11:29:21.271.001 [program.cc:1119] 110198 SetKernelAttribute: kernel_name=mul_Ascend910B3_float16_232010000, kernelAttrType=2, userParamNum=0, sysParamNum=1, IsNeedSetFftsAddrInArg=0, isSupportOverFlow=1, elfDataFlag=1
[INFO] RUNTIME(110198,npu_reader):2026-09-21-11:29:21.271.003 [program.cc:1690] 110198 BuildNewKernel: new kernel success, size=1320, programId=5, original kernel_name=mul_Ascend910B3_float16_232010000, register kernel_name=mul_Ascend910B3_float16_232010000, tilingKey=232010000, functionEntry=0, funcType=0, kernelAttrType=2, mixType=0, taskRation=2, offset=0, dfxAddr=187662184937632, dfxSize=176
[INFO] RUNTIME(110198,npu_reader):2026-09-21-11:29:21.271.008 [program.cc:1649] 110198 GetKernelTypeAndMixType: Get kernel type success, kernelName=mul_Ascend910B3_float16_232000000, funcType=0, kernelAttrType=2, mixType=0
[INFO] RUNTIME(110198,npu_reader):2026-09-21-11:29:21.271.011 [program.cc:1119] 110198 SetKernelAttribute: kernel_name=mul_Ascend910B3_float16_232000000, kernelAttrType=2, userParamNum=0, sysParamNum=1, IsNeedSetFftsAddrInArg=0, isSupportOverFlow=1, elfDataFlag=1
[INFO] RUNTIME(110198,npu_reader):2026-09-21-11:29:21.271.013 [program.cc:1690] 110198 BuildNewKernel: new kernel success, size=1320, programId=5, original kernel_name=mul_Ascend910B3_float16_232000000, register kernel_name=mul_Ascend910B3_float16_232000000, tilingKey=232000000, functionEntry=0, funcType=0, kernelAttrType=2, mixType=0, taskRation=2, offset=1520, dfxAddr=187662184937876, dfxSize=176
[INFO] RUNTIME(110198,npu_reader):2026-09-21-11:29:21.271.017 [program.cc:1649] 110198 GetKernelTypeAndMixType: Get kernel type success, kernelName=mul_Ascend910B3_float16_223010000, funcType=0, kernelAttrType=2, mixType=0
[INFO] RUNTIME(110198,npu_reader):2026-09-21-11:29:21.271.020 [program.cc:1119] 110198 SetKernelAttribute: kernel_name=mul_Ascend910B3_float16_223010000, kernelAttrType=2, userParamNum=0, sysParamNum=1, IsNeedSetFftsAddrInArg=0, isSupportOverFlow=1, elfDataFlag=1
[INFO] RUNTIME(110198,npu_reader):2026-09-21-11:29:21.271.023 [program.cc:1690] 110198 BuildNewKernel: new kernel success, size=1320, programId=5, original kernel_name=mul_Ascend910B3_float16_223010000, register kernel_name=mul_Ascend910B3_float16_223010000, tilingKey=223010000, functionEntry=0, funcType=0, kernelAttrType=2, mixType=0, taskRation=2, offset=2448, dfxAddr=187662184938052, dfxSize=176
[INFO] RUNTIME(110198,npu_reader):2026-09-21-11:29:21.271.026 [program.cc:1649] 110198 GetKernelTypeAndMixType: Get kernel type success, kernelName=mul_Ascend910B3_float16_223000000, funcType=0, kernelAttrType=2, mixType=0
[INFO] RUNTIME(110198,npu_reader):2026-09-21-11:29:21.271.029 [program.cc:1119] 110198 SetKernelAttribute: kernel_name=mul_Ascend910B3_float16_223000000, kernelAttrType=2, userParamNum=0, sysParamNum=1, IsNeedSetFftsAddrInArg=0, isSupportOverFlow=1, elfDataFlag=1
[INFO] RUNTIME(110198,npu_reader):2026-09-21-11:29:21.271.032 [program.cc:1690] 110198 BuildNewKernel: new kernel success, size=1320, programId=5, original kernel_name=mul_Ascend910B3_float16_223000000, register kernel_name=mul_Ascend910B3_float16_223000000, tilingKey=223000000, functionEntry=0, funcType=0, kernelAttrType=2, mixType=0, taskRation=2, offset=4028, dfxAddr=187662184938228, dfxSize=176
[INFO] RUNTIME(110198,npu_reader):2026-09-21-11:29:21.271.036 [program.cc:1649] 110198 GetKernelTypeAndMixType: Get kernel type success, kernelName=mul_Ascend910B3_float16_210010000, funcType=0, kernelAttrType=2, mixType=0
[INFO] RUNTIME(110198,npu_reader):2026-09-21-11:29:21.271.039 [program.cc:1119] 110198 SetKernelAttribute: kernel_name=mul_Ascend910B3_float16_210010000, kernelAttrType=2, userParamNum=0, sysParamNum=1, IsNeedSetFftsAddrInArg=0, isSupportOverFlow=1, elfDataFlag=1
[INFO] RUNTIME(110198,npu_reader):2026-09-21-11:29:21.271.041 [program.cc:1690] 110198 BuildNewKernel: new kernel success, size=1320, programId=5, original kernel_name=mul_Ascend910B3_float16_210010000, register kernel_name=mul_Ascend910B3_float16_210010000, tilingKey=210010000, functionEntry=0, funcType=0, kernelAttrType=2, mixType=0, taskRation=2, offset=4944, dfxAddr=187662184938404, dfxSize=176
[INFO] RUNTIME(110198,npu_reader):2026-09-21-11:29:21.271.045 [program.cc:1649] 110198 GetKernelTypeAndMixType: Get kernel type success, kernelName=mul_Ascend910B3_float16_210000000, funcType=0, kernelAttrType=2, mixType=0
[INFO] RUNTIME(110198,npu_reader):2026-09-21-11:29:21.271.048 [program.cc:1119] 110198 SetKernelAttribute: kernel_name=mul_Ascend910B3_float16_210000000, kernelAttrType=2, userParamNum=0, sysParamNum=1, IsNeedSetFftsAddrInArg=0, isSupportOverFlow=1, elfDataFlag=1
[INFO] RUNTIME(110198,npu_reader):2026-09-21-11:29:21.271.051 [program.cc:1690] 110198 BuildNewKernel: new kernel success, size=1320, programId=5, original kernel_name=mul_Ascend910B3_float16_210000000, register kernel_name=mul_Ascend910B3_float16_210000000, tilingKey=210000000, functionEntry=0, funcType=0, kernelAttrType=2, mixType=0, taskRation=2, offset=6540, dfxAddr=187662184938580, dfxSize=176
[INFO] RUNTIME(110198,npu_reader):2026-09-21-11:29:21.271.065 [binary_loader.cc:364] 110198 LoadFromData: New ElfProgram ok, magic=1094799942, kernelAttrType=2, Runtime_alloc_size=11072
[INFO] RUNTIME(110198,npu_reader):2026-09-21-11:29:21.271.069 [program.cc:204] 110198 SaveBinaryData: Malloc the buffer for elfData, len=14920
[INFO] RUNTIME(110198,npu_reader):2026-09-21-11:29:21.271.072 [elf.cc:884] 110198 ParseKernelMetaData: section name = .text.
[INFO] RUNTIME(110198,npu_reader):2026-09-21-11:29:21.271.074 [elf.cc:884] 110198 ParseKernelMetaData: section name = .ascend.stack.size.record.
[INFO] RUNTIME(110198,npu_reader):2026-09-21-11:29:21.271.077 [elf.cc:884] 110198 ParseKernelMetaData: section name = __CCE_KernelArgSize.
[INFO] RUNTIME(110198,npu_reader):2026-09-21-11:29:21.271.079 [elf.cc:884] 110198 ParseKernelMetaData: section name = .ascend.meta.mul_Ascend910B4_float16_232010000.
[INFO] RUNTIME(110198,npu_reader):2026-09-21-11:29:21.271.081 [elf.cc:575] 110198 ElfParseParamSummary: paramCount=4, paramTotalSize=32.
[INFO] RUNTIME(110198,npu_reader):2026-09-21-11:29:21.271.084 [elf.cc:610] 110198 ElfParseParamInfo: Cache param info: ordinal=0, offset=0, size=8, align=8, paramType=2, spaceIndex=0.
[INFO] RUNTIME(110198,npu_reader):2026-09-21-11:29:21.271.086 [elf.cc:610] 110198 ElfParseParamInfo: Cache param info: ordinal=1, offset=8, size=8, align=8, paramType=2, spaceIndex=0.
[INFO] RUNTIME(110198,npu_reader):2026-09-21-11:29:21.271.088 [elf.cc:610] 110198 ElfParseParamInfo: Cache param info: ordinal=2, offset=16, size=8, align=8, paramType=2, spaceIndex=0.
[INFO] RUNTIME(110198,npu_reader):2026-09-21-11:29:21.271.091 [elf.cc:610] 110198 ElfParseParamInfo: Cache param info: ordinal=3, offset=24, size=8, align=8, paramType=2, spaceIndex=0.
[INFO] RUNTIME(110198,npu_reader):2026-09-21-11:29:21.271.093 [elf.cc:916] 110198 ParseKernelMetaData: kernel_name=mul_Ascend910B4_float16_232010000, ration[0]=0, ration[1]=0, dfxAddr=0xaaad81dfc300, dfxSize=176, funcType=0, crossCoreSync=0, kernelVfType=0, shareMemSize=0, minStackSize=0, isSupportFuncEntry=0, functionEntryFlag=128, functionEntry=0.
[INFO] RUNTIME(110198,npu_reader):2026-09-21-11:29:21.271.097 [elf.cc:884] 110198 ParseKernelMetaData: section name = .comment.
[INFO] RUNTIME(110198,npu_reader):2026-09-21-11:29:21.271.099 [elf.cc:884] 110198 ParseKernelMetaData: section name = .ascend.meta.mul_Ascend910B4_float16_232000000.
[INFO] RUNTIME(110198,npu_reader):2026-09-21-11:29:21.271.101 [elf.cc:575] 110198 ElfParseParamSummary: paramCount=4, paramTotalSize=32.
[INFO] RUNTIME(110198,npu_reader):2026-09-21-11:29:21.271.103 [elf.cc:610] 110198 ElfParseParamInfo: Cache param info: ordinal=0, offset=0, size=8, align=8, paramType=2, spaceIndex=0.
[INFO] RUNTIME(110198,npu_reader):2026-09-21-11:29:21.271.106 [elf.cc:610] 110198 ElfParseParamInfo: Cache param info: ordinal=1, offset=8, size=8, align=8, paramType=2, spaceIndex=0.
[INFO] RUNTIME(110198,npu_reader):2026-09-21-11:29:21.271.108 [elf.cc:610] 110198 ElfParseParamInfo: Cache param info: ordinal=2, offset=16, size=8, align=8, paramType=2, spaceIndex=0.
[INFO] RUNTIME(110198,npu_reader):2026-09-21-11:29:21.271.110 [elf.cc:610] 110198 ElfParseParamInfo: Cache param info: ordinal=3, offset=24, size=8, align=8, paramType=2, spaceIndex=0.
[INFO] RUNTIME(110198,npu_reader):2026-09-21-11:29:21.271.113 [elf.cc:916] 110198 ParseKernelMetaData: kernel_name=mul_Ascend910B4_float16_232000000, ration[0]=0, ration[1]=0, dfxAddr=0xaaad81dfc3f4, dfxSize=176, funcType=0, crossCoreSync=0, kernelVfType=0, shareMemSize=0, minStackSize=0, isSupportFuncEntry=0, functionEntryFlag=128, functionEntry=0.
[INFO] RUNTIME(110198,npu_reader):2026-09-21-11:29:21.271.117 [elf.cc:884] 110198 ParseKernelMetaData: section name = .ascend.meta.mul_Ascend910B4_float16_223010000.
[INFO] RUNTIME(110198,npu_reader):2026-09-21-11:29:21.271.119 [elf.cc:575] 110198 ElfParseParamSummary: paramCount=4, paramTotalSize=32.
[INFO] RUNTIME(110198,npu_reader):2026-09-21-11:29:21.271.121 [elf.cc:610] 110198 ElfParseParamInfo: Cache param info: ordinal=0, offset=0, size=8, align=8, paramType=2, spaceIndex=0.
[INFO] RUNTIME(110198,npu_reader):2026-09-21-11:29:21.271.124 [elf.cc:610] 110198 ElfParseParamInfo: Cache param info: ordinal=1, offset=8, size=8, align=8, paramType=2, spaceIndex=0.
[INFO] RUNTIME(110198,npu_reader):2026-09-21-11:29:21.271.126 [elf.cc:610] 110198 ElfParseParamInfo: Cache param info: ordinal=2, offset=16, size=8, align=8, paramType=2, spaceIndex=0.
[INFO] RUNTIME(110198,npu_reader):2026-09-21-11:29:21.271.128 [elf.cc:610] 110198 ElfParseParamInfo: Cache param info: ordinal=3, offset=24, size=8, align=8, paramType=2, spaceIndex=0.
[INFO] RUNTIME(110198,npu_reader):2026-09-21-11:29:21.271.131 [elf.cc:916] 110198 ParseKernelMetaData: kernel_name=mul_Ascend910B4_float16_223010000, ration[0]=0, ration[1]=0, dfxAddr=0xaaad81dfc4a4, dfxSize=176, funcType=0, crossCoreSync=0, kernelVfType=0, shareMemSize=0, minStackSize=0, isSupportFuncEntry=0, functionEntryFlag=128, functionEntry=0.
[INFO] RUNTIME(110198,npu_reader):2026-09-21-11:29:21.271.134 [elf.cc:884] 110198 ParseKernelMetaData: section name = .ascend.meta.mul_Ascend910B4_float16_223000000.
[INFO] RUNTIME(110198,npu_reader):2026-09-21-11:29:21.271.136 [elf.cc:575] 110198 ElfParseParamSummary: paramCount=4, paramTotalSize=32.
[INFO] RUNTIME(110198,npu_reader):2026-09-21-11:29:21.271.139 [elf.cc:610] 110198 ElfParseParamInfo: Cache param info: ordinal=0, offset=0, size=8, align=8, paramType=2, spaceIndex=0.
[INFO] RUNTIME(110198,npu_reader):2026-09-21-11:29:21.271.141 [elf.cc:610] 110198 ElfParseParamInfo: Cache param info: ordinal=1, offset=8, size=8, align=8, paramType=2, spaceIndex=0.
[INFO] RUNTIME(110198,npu_reader):2026-09-21-11:29:21.271.143 [elf.cc:610] 110198 ElfParseParamInfo: Cache param info: ordinal=2, offset=16, size=8, align=8, paramType=2, spaceIndex=0.
[INFO] RUNTIME(110198,npu_reader):2026-09-21-11:29:21.271.146 [elf.cc:610] 110198 ElfParseParamInfo: Cache param info: ordinal=3, offset=24, size=8, align=8, paramType=2, spaceIndex=0.
[INFO] RUNTIME(110198,npu_reader):2026-09-21-11:29:21.271.148 [elf.cc:916] 110198 ParseKernelMetaData: kernel_name=mul_Ascend910B4_float16_223000000, ration[0]=0, ration[1]=0, dfxAddr=0xaaad81dfc554, dfxSize=176, funcType=0, crossCoreSync=0, kernelVfType=0, shareMemSize=0, minStackSize=0, isSupportFuncEntry=0, functionEntryFlag=128, functionEntry=0.
[INFO] RUNTIME(110198,npu_reader):2026-09-21-11:29:21.271.151 [elf.cc:884] 110198 ParseKernelMetaData: section name = .ascend.meta.mul_Ascend910B4_float16_210010000.
[INFO] RUNTIME(110198,npu_reader):2026-09-21-11:29:21.271.154 [elf.cc:575] 110198 ElfParseParamSummary: paramCount=4, paramTotalSize=32.
[INFO] RUNTIME(110198,npu_reader):2026-09-21-11:29:21.271.156 [elf.cc:610] 110198 ElfParseParamInfo: Cache param info: ordinal=0, offset=0, size=8, align=8, paramType=2, spaceIndex=0.
[INFO] RUNTIME(110198,npu_reader):2026-09-21-11:29:21.271.158 [elf.cc:610] 110198 ElfParseParamInfo: Cache param info: ordinal=1, offset=8, size=8, align=8, paramType=2, spaceIndex=0.
[INFO] RUNTIME(110198,npu_reader):2026-09-21-11:29:21.271.161 [elf.cc:610] 110198 ElfParseParamInfo: Cache param info: ordinal=2, offset=16, size=8, align=8, paramType=2, spaceIndex=0.
[INFO] RUNTIME(110198,npu_reader):2026-09-21-11:29:21.271.163 [elf.cc:610] 110198 ElfParseParamInfo: Cache param info: ordinal=3, offset=24, size=8, align=8, paramType=2, spaceIndex=0.
[INFO] RUNTIME(110198,npu_reader):2026-09-21-11:29:21.271.165 [elf.cc:916] 110198 ParseKernelMetaData: kernel_name=mul_Ascend910B4_float16_210010000, ration[0]=0, ration[1]=0, dfxAddr=0xaaad81dfc604, dfxSize=176, funcType=0, crossCoreSync=0, kernelVfType=0, shareMemSize=0, minStackSize=0, isSupportFuncEntry=0, functionEntryFlag=128, functionEntry=0.
[INFO] RUNTIME(110198,npu_reader):2026-09-21-11:29:21.271.169 [elf.cc:884] 110198 ParseKernelMetaData: section name = .ascend.meta.mul_Ascend910B4_float16_210000000.
[INFO] RUNTIME(110198,npu_reader):2026-09-21-11:29:21.271.171 [elf.cc:575] 110198 ElfParseParamSummary: paramCount=4, paramTotalSize=32.
[INFO] RUNTIME(110198,npu_reader):2026-09-21-11:29:21.271.173 [elf.cc:610] 110198 ElfParseParamInfo: Cache param info: ordinal=0, offset=0, size=8, align=8, paramType=2, spaceIndex=0.
[INFO] RUNTIME(110198,npu_reader):2026-09-21-11:29:21.271.176 [elf.cc:610] 110198 ElfParseParamInfo: Cache param info: ordinal=1, offset=8, size=8, align=8, paramType=2, spaceIndex=0.
[INFO] RUNTIME(110198,npu_reader):2026-09-21-11:29:21.271.178 [elf.cc:610] 110198 ElfParseParamInfo: Cache param info: ordinal=2, offset=16, size=8, align=8, paramType=2, spaceIndex=0.
[INFO] RUNTIME(110198,npu_reader):2026-09-21-11:29:21.271.180 [elf.cc:610] 110198 ElfParseParamInfo: Cache param info: ordinal=3, offset=24, size=8, align=8, paramType=2, spaceIndex=0.
[INFO] RUNTIME(110198,npu_reader):2026-09-21-11:29:21.271.183 [elf.cc:916] 110198 ParseKernelMetaData: kernel_name=mul_Ascend910B4_float16_210000000, ration[0]=0, ration[1]=0, dfxAddr=0xaaad81dfc6b4, dfxSize=176, funcType=0, crossCoreSync=0, kernelVfType=0, shareMemSize=0, minStackSize=0, isSupportFuncEntry=0, functionEntryFlag=128, functionEntry=0.
[INFO] RUNTIME(110198,npu_reader):2026-09-21-11:29:21.271.195 [elf.cc:1076] 110198 UpdateCachedParamInfos: Restore cached param info: kernel_name=mul_Ascend910B4_float16_232010000, ordinal=0, offset=0, size=8.
[INFO] RUNTIME(110198,npu_reader):2026-09-21-11:29:21.271.198 [elf.cc:1076] 110198 UpdateCachedParamInfos: Restore cached param info: kernel_name=mul_Ascend910B4_float16_232010000, ordinal=1, offset=8, size=8.
[INFO] RUNTIME(110198,npu_reader):2026-09-21-11:29:21.271.200 [elf.cc:1076] 110198 UpdateCachedParamInfos: Restore cached param info: kernel_name=mul_Ascend910B4_float16_232010000, ordinal=2, offset=16, size=8.
[INFO] RUNTIME(110198,npu_reader):2026-09-21-11:29:21.271.202 [elf.cc:1076] 110198 UpdateCachedParamInfos: Restore cached param info: kernel_name=mul_Ascend910B4_float16_232010000, ordinal=3, offset=24, size=8.
[INFO] RUNTIME(110198,npu_reader):2026-09-21-11:29:21.271.204 [elf.cc:1145] 110198 UpdateKernelsInfo: update meta info, kernel_name=mul_Ascend910B4_float16_232010000, dfxAddr=0xaaad81dfc300, dfxSize=176, funcType=0, elfDataFlag=1, userArgsNum=0, crossCoreSync=0, kernelVfType=0, shareMemSize=0, minStackSize=0, funcEntryType=0, functionEntry=0, schedMode=0, taskRation_0=0, taskRation_1=0, hasParamSummary=1, paramCount=4, paramTotalSize=32.
[INFO] RUNTIME(110198,npu_reader):2026-09-21-11:29:21.271.208 [elf.cc:1076] 110198 UpdateCachedParamInfos: Restore cached param info: kernel_name=mul_Ascend910B4_float16_232000000, ordinal=0, offset=0, size=8.
[INFO] RUNTIME(110198,npu_reader):2026-09-21-11:29:21.271.210 [elf.cc:1076] 110198 UpdateCachedParamInfos: Restore cached param info: kernel_name=mul_Ascend910B4_float16_232000000, ordinal=1, offset=8, size=8.
[INFO] RUNTIME(110198,npu_reader):2026-09-21-11:29:21.271.213 [elf.cc:1076] 110198 UpdateCachedParamInfos: Restore cached param info: kernel_name=mul_Ascend910B4_float16_232000000, ordinal=2, offset=16, size=8.
[INFO] RUNTIME(110198,npu_reader):2026-09-21-11:29:21.271.215 [elf.cc:1076] 110198 UpdateCachedParamInfos: Restore cached param info: kernel_name=mul_Ascend910B4_float16_232000000, ordinal=3, offset=24, size=8.
[INFO] RUNTIME(110198,npu_reader):2026-09-21-11:29:21.271.217 [elf.cc:1145] 110198 UpdateKernelsInfo: update meta info, kernel_name=mul_Ascend910B4_float16_232000000, dfxAddr=0xaaad81dfc3f4, dfxSize=176, funcType=0, elfDataFlag=1, userArgsNum=0, crossCoreSync=0, kernelVfType=0, shareMemSize=0, minStackSize=0, funcEntryType=0, functionEntry=0, schedMode=0, taskRation_0=0, taskRation_1=0, hasParamSummary=1, paramCount=4, paramTotalSize=32.
[INFO] RUNTIME(110198,npu_reader):2026-09-21-11:29:21.271.221 [elf.cc:1076] 110198 UpdateCachedParamInfos: Restore cached param info: kernel_name=mul_Ascend910B4_float16_223010000, ordinal=0, offset=0, size=8.
[INFO] RUNTIME(110198,npu_reader):2026-09-21-11:29:21.271.223 [elf.cc:1076] 110198 UpdateCachedParamInfos: Restore cached param info: kernel_name=mul_Ascend910B4_float16_223010000, ordinal=1, offset=8, size=8.
[INFO] RUNTIME(110198,npu_reader):2026-09-21-11:29:21.271.225 [elf.cc:1076] 110198 UpdateCachedParamInfos: Restore cached param info: kernel_name=mul_Ascend910B4_float16_223010000, ordinal=2, offset=16, size=8.
[INFO] RUNTIME(110198,npu_reader):2026-09-21-11:29:21.271.227 [elf.cc:1076] 110198 UpdateCachedParamInfos: Restore cached param info: kernel_name=mul_Ascend910B4_float16_223010000, ordinal=3, offset=24, size=8.
[INFO] RUNTIME(110198,npu_reader):2026-09-21-11:29:21.271.230 [elf.cc:1145] 110198 UpdateKernelsInfo: update meta info, kernel_name=mul_Ascend910B4_float16_223010000, dfxAddr=0xaaad81dfc4a4, dfxSize=176, funcType=0, elfDataFlag=1, userArgsNum=0, crossCoreSync=0, kernelVfType=0, shareMemSize=0, minStackSize=0, funcEntryType=0, functionEntry=0, schedMode=0, taskRation_0=0, taskRation_1=0, hasParamSummary=1, paramCount=4, paramTotalSize=32.
[INFO] RUNTIME(110198,npu_reader):2026-09-21-11:29:21.271.233 [elf.cc:1076] 110198 UpdateCachedParamInfos: Restore cached param info: kernel_name=mul_Ascend910B4_float16_223000000, ordinal=0, offset=0, size=8.
[INFO] RUNTIME(110198,npu_reader):2026-09-21-11:29:21.271.235 [elf.cc:1076] 110198 UpdateCachedParamInfos: Restore cached param info: kernel_name=mul_Ascend910B4_float16_223000000, ordinal=1, offset=8, size=8.
[INFO] RUNTIME(110198,npu_reader):2026-09-21-11:29:21.271.238 [elf.cc:1076] 110198 UpdateCachedParamInfos: Restore cached param info: kernel_name=mul_Ascend910B4_float16_223000000, ordinal=2, offset=16, size=8.
[INFO] RUNTIME(110198,npu_reader):2026-09-21-11:29:21.271.240 [elf.cc:1076] 110198 UpdateCachedParamInfos: Restore cached param info: kernel_name=mul_Ascend910B4_float16_223000000, ordinal=3, offset=24, size=8.
[INFO] RUNTIME(110198,npu_reader):2026-09-21-11:29:21.271.242 [elf.cc:1145] 110198 UpdateKernelsInfo: update meta info, kernel_name=mul_Ascend910B4_float16_223000000, dfxAddr=0xaaad81dfc554, dfxSize=176, funcType=0, elfDataFlag=1, userArgsNum=0, crossCoreSync=0, kernelVfType=0, shareMemSize=0, minStackSize=0, funcEntryType=0, functionEntry=0, schedMode=0, taskRation_0=0, taskRation_1=0, hasParamSummary=1, paramCount=4, paramTotalSize=32.
[INFO] RUNTIME(110198,npu_reader):2026-09-21-11:29:21.271.245 [elf.cc:1076] 110198 UpdateCachedParamInfos: Restore cached param info: kernel_name=mul_Ascend910B4_float16_210010000, ordinal=0, offset=0, size=8.
[INFO] RUNTIME(110198,npu_reader):2026-09-21-11:29:21.271.247 [elf.cc:1076] 110198 UpdateCachedParamInfos: Restore cached param info: kernel_name=mul_Ascend910B4_float16_210010000, ordinal=1, offset=8, size=8.
[INFO] RUNTIME(110198,npu_reader):2026-09-21-11:29:21.271.250 [elf.cc:1076] 110198 UpdateCachedParamInfos: Restore cached param info: kernel_name=mul_Ascend910B4_float16_210010000, ordinal=2, offset=16, size=8.
[INFO] RUNTIME(110198,npu_reader):2026-09-21-11:29:21.271.252 [elf.cc:1076] 110198 UpdateCachedParamInfos: Restore cached param info: kernel_name=mul_Ascend910B4_float16_210010000, ordinal=3, offset=24, size=8.
[INFO] RUNTIME(110198,npu_reader):2026-09-21-11:29:21.271.254 [elf.cc:1145] 110198 UpdateKernelsInfo: update meta info, kernel_name=mul_Ascend910B4_float16_210010000, dfxAddr=0xaaad81dfc604, dfxSize=176, funcType=0, elfDataFlag=1, userArgsNum=0, crossCoreSync=0, kernelVfType=0, shareMemSize=0, minStackSize=0, funcEntryType=0, functionEntry=0, schedMode=0, taskRation_0=0, taskRation_1=0, hasParamSummary=1, paramCount=4, paramTotalSize=32.
[INFO] RUNTIME(110198,npu_reader):2026-09-21-11:29:21.271.258 [elf.cc:1076] 110198 UpdateCachedParamInfos: Restore cached param info: kernel_name=mul_Ascend910B4_float16_210000000, ordinal=0, offset=0, size=8.
[INFO] RUNTIME(110198,npu_reader):2026-09-21-11:29:21.271.260 [elf.cc:1076] 110198 UpdateCachedParamInfos: Restore cached param info: kernel_name=mul_Ascend910B4_float16_210000000, ordinal=1, offset=8, size=8.
[INFO] RUNTIME(110198,npu_reader):2026-09-21-11:29:21.271.262 [elf.cc:1076] 110198 UpdateCachedParamInfos: Restore cached param info: kernel_name=mul_Ascend910B4_float16_210000000, ordinal=2, offset=16, size=8.
[INFO] RUNTIME(110198,npu_reader):2026-09-21-11:29:21.271.265 [elf.cc:1076] 110198 UpdateCachedParamInfos: Restore cached param info: kernel_name=mul_Ascend910B4_float16_210000000, ordinal=3, offset=24, size=8.
[INFO] RUNTIME(110198,npu_reader):2026-09-21-11:29:21.271.267 [elf.cc:1145] 110198 UpdateKernelsInfo: update meta info, kernel_name=mul_Ascend910B4_float16_210000000, dfxAddr=0xaaad81dfc6b4, dfxSize=176, funcType=0, elfDataFlag=1, userArgsNum=0, crossCoreSync=0, kernelVfType=0, shareMemSize=0, minStackSize=0, funcEntryType=0, functionEntry=0, schedMode=0, taskRation_0=0, taskRation_1=0, hasParamSummary=1, paramCount=4, paramTotalSize=32.
[INFO] RUNTIME(110198,npu_reader):2026-09-21-11:29:21.271.271 [runtime.cc:1448] 110198 AddProgramToPool: progId=6
[INFO] RUNTIME(110198,npu_reader):2026-09-21-11:29:21.271.274 [program.cc:1649] 110198 GetKernelTypeAndMixType: Get kernel type success, kernelName=mul_Ascend910B4_float16_232010000, funcType=0, kernelAttrType=2, mixType=0
[INFO] RUNTIME(110198,npu_reader):2026-09-21-11:29:21.271.277 [program.cc:1119] 110198 SetKernelAttribute: kernel_name=mul_Ascend910B4_float16_232010000, kernelAttrType=2, userParamNum=0, sysParamNum=1, IsNeedSetFftsAddrInArg=0, isSupportOverFlow=1, elfDataFlag=1
[INFO] RUNTIME(110198,npu_reader):2026-09-21-11:29:21.271.280 [program.cc:1690] 110198 BuildNewKernel: new kernel success, size=1320, programId=6, original kernel_name=mul_Ascend910B4_float16_232010000, register kernel_name=mul_Ascend910B4_float16_232010000, tilingKey=232010000, functionEntry=0, funcType=0, kernelAttrType=2, mixType=0, taskRation=2, offset=0, dfxAddr=187662184989440, dfxSize=176
[INFO] RUNTIME(110198,npu_reader):2026-09-21-11:29:21.271.284 [program.cc:1649] 110198 GetKernelTypeAndMixType: Get kernel type success, kernelName=mul_Ascend910B4_float16_232000000, funcType=0, kernelAttrType=2, mixType=0
[INFO] RUNTIME(110198,npu_reader):2026-09-21-11:29:21.271.287 [program.cc:1119] 110198 SetKernelAttribute: kernel_name=mul_Ascend910B4_float16_232000000, kernelAttrType=2, userParamNum=0, sysParamNum=1, IsNeedSetFftsAddrInArg=0, isSupportOverFlow=1, elfDataFlag=1
[INFO] RUNTIME(110198,npu_reader):2026-09-21-11:29:21.271.289 [program.cc:1690] 110198 BuildNewKernel: new kernel success, size=1320, programId=6, original kernel_name=mul_Ascend910B4_float16_232000000, register kernel_name=mul_Ascend910B4_float16_232000000, tilingKey=232000000, functionEntry=0, funcType=0, kernelAttrType=2, mixType=0, taskRation=2, offset=1520, dfxAddr=187662184989684, dfxSize=176
[INFO] RUNTIME(110198,npu_reader):2026-09-21-11:29:21.271.293 [program.cc:1649] 110198 GetKernelTypeAndMixType: Get kernel type success, kernelName=mul_Ascend910B4_float16_223010000, funcType=0, kernelAttrType=2, mixType=0
[INFO] RUNTIME(110198,npu_reader):2026-09-21-11:29:21.271.296 [program.cc:1119] 110198 SetKernelAttribute: kernel_name=mul_Ascend910B4_float16_223010000, kernelAttrType=2, userParamNum=0, sysParamNum=1, IsNeedSetFftsAddrInArg=0, isSupportOverFlow=1, elfDataFlag=1
[INFO] RUNTIME(110198,npu_reader):2026-09-21-11:29:21.271.299 [program.cc:1690] 110198 BuildNewKernel: new kernel success, size=1320, programId=6, original kernel_name=mul_Ascend910B4_float16_223010000, register kernel_name=mul_Ascend910B4_float16_223010000, tilingKey=223010000, functionEntry=0, funcType=0, kernelAttrType=2, mixType=0, taskRation=2, offset=2448, dfxAddr=187662184989860, dfxSize=176
[INFO] RUNTIME(110198,npu_reader):2026-09-21-11:29:21.271.303 [program.cc:1649] 110198 GetKernelTypeAndMixType: Get kernel type success, kernelName=mul_Ascend910B4_float16_223000000, funcType=0, kernelAttrType=2, mixType=0
[INFO] RUNTIME(110198,npu_reader):2026-09-21-11:29:21.271.306 [program.cc:1119] 110198 SetKernelAttribute: kernel_name=mul_Ascend910B4_float16_223000000, kernelAttrType=2, userParamNum=0, sysParamNum=1, IsNeedSetFftsAddrInArg=0, isSupportOverFlow=1, elfDataFlag=1
[INFO] RUNTIME(110198,npu_reader):2026-09-21-11:29:21.271.309 [program.cc:1690] 110198 BuildNewKernel: new kernel success, size=1320, programId=6, original kernel_name=mul_Ascend910B4_float16_223000000, register kernel_name=mul_Ascend910B4_float16_223000000, tilingKey=223000000, functionEntry=0, funcType=0, kernelAttrType=2, mixType=0, taskRation=2, offset=4028, dfxAddr=187662184990036, dfxSize=176
[INFO] RUNTIME(110198,npu_reader):2026-09-21-11:29:21.271.313 [program.cc:1649] 110198 GetKernelTypeAndMixType: Get kernel type success, kernelName=mul_Ascend910B4_float16_210010000, funcType=0, kernelAttrType=2, mixType=0
[INFO] RUNTIME(110198,npu_reader):2026-09-21-11:29:21.271.316 [program.cc:1119] 110198 SetKernelAttribute: kernel_name=mul_Ascend910B4_float16_210010000, kernelAttrType=2, userParamNum=0, sysParamNum=1, IsNeedSetFftsAddrInArg=0, isSupportOverFlow=1, elfDataFlag=1
[INFO] RUNTIME(110198,npu_reader):2026-09-21-11:29:21.271.319 [program.cc:1690] 110198 BuildNewKernel: new kernel success, size=1320, programId=6, original kernel_name=mul_Ascend910B4_float16_210010000, register kernel_name=mul_Ascend910B4_float16_210010000, tilingKey=210010000, functionEntry=0, funcType=0, kernelAttrType=2, mixType=0, taskRation=2, offset=4944, dfxAddr=187662184990212, dfxSize=176
[INFO] RUNTIME(110198,npu_reader):2026-09-21-11:29:21.271.322 [program.cc:1649] 110198 GetKernelTypeAndMixType: Get kernel type success, kernelName=mul_Ascend910B4_float16_210000000, funcType=0, kernelAttrType=2, mixType=0
[INFO] RUNTIME(110198,npu_reader):2026-09-21-11:29:21.271.325 [program.cc:1119] 110198 SetKernelAttribute: kernel_name=mul_Ascend910B4_float16_210000000, kernelAttrType=2, userParamNum=0, sysParamNum=1, IsNeedSetFftsAddrInArg=0, isSupportOverFlow=1, elfDataFlag=1
[INFO] RUNTIME(110198,npu_reader):2026-09-21-11:29:21.271.328 [program.cc:1690] 110198 BuildNewKernel: new kernel success, size=1320, programId=6, original kernel_name=mul_Ascend910B4_float16_210000000, register kernel_name=mul_Ascend910B4_float16_210000000, tilingKey=210000000, functionEntry=0, funcType=0, kernelAttrType=2, mixType=0, taskRation=2, offset=6540, dfxAddr=187662184990388, dfxSize=176
[INFO] RUNTIME(110198,npu_reader):2026-09-21-11:29:21.271.344 [binary_loader.cc:364] 110198 LoadFromData: New ElfProgram ok, magic=1094799942, kernelAttrType=2, Runtime_alloc_size=11072
[INFO] RUNTIME(110198,npu_reader):2026-09-21-11:29:21.271.348 [program.cc:204] 110198 SaveBinaryData: Malloc the buffer for elfData, len=14976
[INFO] RUNTIME(110198,npu_reader):2026-09-21-11:29:21.271.351 [elf.cc:884] 110198 ParseKernelMetaData: section name = .text.
[INFO] RUNTIME(110198,npu_reader):2026-09-21-11:29:21.271.353 [elf.cc:884] 110198 ParseKernelMetaData: section name = .ascend.stack.size.record.
[INFO] RUNTIME(110198,npu_reader):2026-09-21-11:29:21.271.356 [elf.cc:884] 110198 ParseKernelMetaData: section name = __CCE_KernelArgSize.
[INFO] RUNTIME(110198,npu_reader):2026-09-21-11:29:21.271.358 [elf.cc:884] 110198 ParseKernelMetaData: section name = .ascend.meta.mul_Ascend910B1_float32_232010000.
[INFO] RUNTIME(110198,npu_reader):2026-09-21-11:29:21.271.360 [elf.cc:575] 110198 ElfParseParamSummary: paramCount=4, paramTotalSize=32.
[INFO] RUNTIME(110198,npu_reader):2026-09-21-11:29:21.271.363 [elf.cc:610] 110198 ElfParseParamInfo: Cache param info: ordinal=0, offset=0, size=8, align=8, paramType=2, spaceIndex=0.
[INFO] RUNTIME(110198,npu_reader):2026-09-21-11:29:21.271.365 [elf.cc:610] 110198 ElfParseParamInfo: Cache param info: ordinal=1, offset=8, size=8, align=8, paramType=2, spaceIndex=0.
[INFO] RUNTIME(110198,npu_reader):2026-09-21-11:29:21.271.368 [elf.cc:610] 110198 ElfParseParamInfo: Cache param info: ordinal=2, offset=16, size=8, align=8, paramType=2, spaceIndex=0.
[INFO] RUNTIME(110198,npu_reader):2026-09-21-11:29:21.271.370 [elf.cc:610] 110198 ElfParseParamInfo: Cache param info: ordinal=3, offset=24, size=8, align=8, paramType=2, spaceIndex=0.
[INFO] RUNTIME(110198,npu_reader):2026-09-21-11:29:21.271.377 [elf.cc:916] 110198 ParseKernelMetaData: kernel_name=mul_Ascend910B1_float32_232010000, ration[0]=0, ration[1]=0, dfxAddr=0xaaad81e095e8, dfxSize=176, funcType=0, crossCoreSync=0, kernelVfType=0, shareMemSize=0, minStackSize=0, isSupportFuncEntry=0, functionEntryFlag=128, functionEntry=0.
[INFO] RUNTIME(110198,npu_reader):2026-09-21-11:29:21.271.380 [elf.cc:884] 110198 ParseKernelMetaData: section name = .comment.
[INFO] RUNTIME(110198,npu_reader):2026-09-21-11:29:21.271.383 [elf.cc:884] 110198 ParseKernelMetaData: section name = .ascend.meta.mul_Ascend910B1_float32_232000000.
[INFO] RUNTIME(110198,npu_reader):2026-09-21-11:29:21.271.385 [elf.cc:575] 110198 ElfParseParamSummary: paramCount=4, paramTotalSize=32.
[INFO] RUNTIME(110198,npu_reader):2026-09-21-11:29:21.271.387 [elf.cc:610] 110198 ElfParseParamInfo: Cache param info: ordinal=0, offset=0, size=8, align=8, paramType=2, spaceIndex=0.
[INFO] RUNTIME(110198,npu_reader):2026-09-21-11:29:21.271.390 [elf.cc:610] 110198 ElfParseParamInfo: Cache param info: ordinal=1, offset=8, size=8, align=8, paramType=2, spaceIndex=0.
[INFO] RUNTIME(110198,npu_reader):2026-09-21-11:29:21.271.392 [elf.cc:610] 110198 ElfParseParamInfo: Cache param info: ordinal=2, offset=16, size=8, align=8, paramType=2, spaceIndex=0.
[INFO] RUNTIME(110198,npu_reader):2026-09-21-11:29:21.271.394 [elf.cc:610] 110198 ElfParseParamInfo: Cache param info: ordinal=3, offset=24, size=8, align=8, paramType=2, spaceIndex=0.
[INFO] RUNTIME(110198,npu_reader):2026-09-21-11:29:21.271.397 [elf.cc:916] 110198 ParseKernelMetaData: kernel_name=mul_Ascend910B1_float32_232000000, ration[0]=0, ration[1]=0, dfxAddr=0xaaad81e096dc, dfxSize=176, funcType=0, crossCoreSync=0, kernelVfType=0, shareMemSize=0, minStackSize=0, isSupportFuncEntry=0, functionEntryFlag=128, functionEntry=0.
[INFO] RUNTIME(110198,npu_reader):2026-09-21-11:29:21.271.400 [elf.cc:884] 110198 ParseKernelMetaData: section name = .ascend.meta.mul_Ascend910B1_float32_223010000.
[INFO] RUNTIME(110198,npu_reader):2026-09-21-11:29:21.271.402 [elf.cc:575] 110198 ElfParseParamSummary: paramCount=4, paramTotalSize=32.
[INFO] RUNTIME(110198,npu_reader):2026-09-21-11:29:21.271.404 [elf.cc:610] 110198 ElfParseParamInfo: Cache param info: ordinal=0, offset=0, size=8, align=8, paramType=2, spaceIndex=0.
[INFO] RUNTIME(110198,npu_reader):2026-09-21-11:29:21.271.407 [elf.cc:610] 110198 ElfParseParamInfo: Cache param info: ordinal=1, offset=8, size=8, align=8, paramType=2, spaceIndex=0.
[INFO] RUNTIME(110198,npu_reader):2026-09-21-11:29:21.271.409 [elf.cc:610] 110198 ElfParseParamInfo: Cache param info: ordinal=2, offset=16, size=8, align=8, paramType=2, spaceIndex=0.
[INFO] RUNTIME(110198,npu_reader):2026-09-21-11:29:21.271.412 [elf.cc:610] 110198 ElfParseParamInfo: Cache param info: ordinal=3, offset=24, size=8, align=8, paramType=2, spaceIndex=0.
[INFO] RUNTIME(110198,npu_reader):2026-09-21-11:29:21.271.414 [elf.cc:916] 110198 ParseKernelMetaData: kernel_name=mul_Ascend910B1_float32_223010000, ration[0]=0, ration[1]=0, dfxAddr=0xaaad81e0978c, dfxSize=176, funcType=0, crossCoreSync=0, kernelVfType=0, shareMemSize=0, minStackSize=0, isSupportFuncEntry=0, functionEntryFlag=128, functionEntry=0.
[INFO] RUNTIME(110198,npu_reader):2026-09-21-11:29:21.271.417 [elf.cc:884] 110198 ParseKernelMetaData: section name = .ascend.meta.mul_Ascend910B1_float32_223000000.
[INFO] RUNTIME(110198,npu_reader):2026-09-21-11:29:21.271.419 [elf.cc:575] 110198 ElfParseParamSummary: paramCount=4, paramTotalSize=32.
[INFO] RUNTIME(110198,npu_reader):2026-09-21-11:29:21.271.421 [elf.cc:610] 110198 ElfParseParamInfo: Cache param info: ordinal=0, offset=0, size=8, align=8, paramType=2, spaceIndex=0.
[INFO] RUNTIME(110198,npu_reader):2026-09-21-11:29:21.271.424 [elf.cc:610] 110198 ElfParseParamInfo: Cache param info: ordinal=1, offset=8, size=8, align=8, paramType=2, spaceIndex=0.
[INFO] RUNTIME(110198,npu_reader):2026-09-21-11:29:21.271.427 [elf.cc:610] 110198 ElfParseParamInfo: Cache param info: ordinal=2, offset=16, size=8, align=8, paramType=2, spaceIndex=0.
[INFO] RUNTIME(110198,npu_reader):2026-09-21-11:29:21.271.429 [elf.cc:610] 110198 ElfParseParamInfo: Cache param info: ordinal=3, offset=24, size=8, align=8, paramType=2, spaceIndex=0.
[INFO] RUNTIME(110198,npu_reader):2026-09-21-11:29:21.271.432 [elf.cc:916] 110198 ParseKernelMetaData: kernel_name=mul_Ascend910B1_float32_223000000, ration[0]=0, ration[1]=0, dfxAddr=0xaaad81e0983c, dfxSize=176, funcType=0, crossCoreSync=0, kernelVfType=0, shareMemSize=0, minStackSize=0, isSupportFuncEntry=0, functionEntryFlag=128, functionEntry=0.
[INFO] RUNTIME(110198,npu_reader):2026-09-21-11:29:21.271.435 [elf.cc:884] 110198 ParseKernelMetaData: section name = .ascend.meta.mul_Ascend910B1_float32_210010000.
[INFO] RUNTIME(110198,npu_reader):2026-09-21-11:29:21.271.437 [elf.cc:575] 110198 ElfParseParamSummary: paramCount=4, paramTotalSize=32.
[INFO] RUNTIME(110198,npu_reader):2026-09-21-11:29:21.271.439 [elf.cc:610] 110198 ElfParseParamInfo: Cache param info: ordinal=0, offset=0, size=8, align=8, paramType=2, spaceIndex=0.
[INFO] RUNTIME(110198,npu_reader):2026-09-21-11:29:21.271.442 [elf.cc:610] 110198 ElfParseParamInfo: Cache param info: ordinal=1, offset=8, size=8, align=8, paramType=2, spaceIndex=0.
[INFO] RUNTIME(110198,npu_reader):2026-09-21-11:29:21.271.444 [elf.cc:610] 110198 ElfParseParamInfo: Cache param info: ordinal=2, offset=16, size=8, align=8, paramType=2, spaceIndex=0.
[INFO] RUNTIME(110198,npu_reader):2026-09-21-11:29:21.271.447 [elf.cc:610] 110198 ElfParseParamInfo: Cache param info: ordinal=3, offset=24, size=8, align=8, paramType=2, spaceIndex=0.
[INFO] RUNTIME(110198,npu_reader):2026-09-21-11:29:21.271.449 [elf.cc:916] 110198 ParseKernelMetaData: kernel_name=mul_Ascend910B1_float32_210010000, ration[0]=0, ration[1]=0, dfxAddr=0xaaad81e098ec, dfxSize=176, funcType=0, crossCoreSync=0, kernelVfType=0, shareMemSize=0, minStackSize=0, isSupportFuncEntry=0, functionEntryFlag=128, functionEntry=0.
[INFO] RUNTIME(110198,npu_reader):2026-09-21-11:29:21.271.452 [elf.cc:884] 110198 ParseKernelMetaData: section name = .ascend.meta.mul_Ascend910B1_float32_210000000.
[INFO] RUNTIME(110198,npu_reader):2026-09-21-11:29:21.271.454 [elf.cc:575] 110198 ElfParseParamSummary: paramCount=4, paramTotalSize=32.
[INFO] RUNTIME(110198,npu_reader):2026-09-21-11:29:21.271.457 [elf.cc:610] 110198 ElfParseParamInfo: Cache param info: ordinal=0, offset=0, size=8, align=8, paramType=2, spaceIndex=0.
[INFO] RUNTIME(110198,npu_reader):2026-09-21-11:29:21.271.459 [elf.cc:610] 110198 ElfParseParamInfo: Cache param info: ordinal=1, offset=8, size=8, align=8, paramType=2, spaceIndex=0.
[INFO] RUNTIME(110198,npu_reader):2026-09-21-11:29:21.271.461 [elf.cc:610] 110198 ElfParseParamInfo: Cache param info: ordinal=2, offset=16, size=8, align=8, paramType=2, spaceIndex=0.
[INFO] RUNTIME(110198,npu_reader):2026-09-21-11:29:21.271.464 [elf.cc:610] 110198 ElfParseParamInfo: Cache param info: ordinal=3, offset=24, size=8, align=8, paramType=2, spaceIndex=0.
[INFO] RUNTIME(110198,npu_reader):2026-09-21-11:29:21.271.466 [elf.cc:916] 110198 ParseKernelMetaData: kernel_name=mul_Ascend910B1_float32_210000000, ration[0]=0, ration[1]=0, dfxAddr=0xaaad81e0999c, dfxSize=176, funcType=0, crossCoreSync=0, kernelVfType=0, shareMemSize=0, minStackSize=0, isSupportFuncEntry=0, functionEntryFlag=128, functionEntry=0.
[INFO] RUNTIME(110198,npu_reader):2026-09-21-11:29:21.271.478 [elf.cc:1076] 110198 UpdateCachedParamInfos: Restore cached param info: kernel_name=mul_Ascend910B1_float32_232010000, ordinal=0, offset=0, size=8.
[INFO] RUNTIME(110198,npu_reader):2026-09-21-11:29:21.271.481 [elf.cc:1076] 110198 UpdateCachedParamInfos: Restore cached param info: kernel_name=mul_Ascend910B1_float32_232010000, ordinal=1, offset=8, size=8.
[INFO] RUNTIME(110198,npu_reader):2026-09-21-11:29:21.271.483 [elf.cc:1076] 110198 UpdateCachedParamInfos: Restore cached param info: kernel_name=mul_Ascend910B1_float32_232010000, ordinal=2, offset=16, size=8.
[INFO] RUNTIME(110198,npu_reader):2026-09-21-11:29:21.271.486 [elf.cc:1076] 110198 UpdateCachedParamInfos: Restore cached param info: kernel_name=mul_Ascend910B1_float32_232010000, ordinal=3, offset=24, size=8.
[INFO] RUNTIME(110198,npu_reader):2026-09-21-11:29:21.271.488 [elf.cc:1145] 110198 UpdateKernelsInfo: update meta info, kernel_name=mul_Ascend910B1_float32_232010000, dfxAddr=0xaaad81e095e8, dfxSize=176, funcType=0, elfDataFlag=1, userArgsNum=0, crossCoreSync=0, kernelVfType=0, shareMemSize=0, minStackSize=0, funcEntryType=0, functionEntry=0, schedMode=0, taskRation_0=0, taskRation_1=0, hasParamSummary=1, paramCount=4, paramTotalSize=32.
[INFO] RUNTIME(110198,npu_reader):2026-09-21-11:29:21.271.492 [elf.cc:1076] 110198 UpdateCachedParamInfos: Restore cached param info: kernel_name=mul_Ascend910B1_float32_232000000, ordinal=0, offset=0, size=8.
[INFO] RUNTIME(110198,npu_reader):2026-09-21-11:29:21.271.494 [elf.cc:1076] 110198 UpdateCachedParamInfos: Restore cached param info: kernel_name=mul_Ascend910B1_float32_232000000, ordinal=1, offset=8, size=8.
[INFO] RUNTIME(110198,npu_reader):2026-09-21-11:29:21.271.496 [elf.cc:1076] 110198 UpdateCachedParamInfos: Restore cached param info: kernel_name=mul_Ascend910B1_float32_232000000, ordinal=2, offset=16, size=8.
[INFO] RUNTIME(110198,npu_reader):2026-09-21-11:29:21.271.499 [elf.cc:1076] 110198 UpdateCachedParamInfos: Restore cached param info: kernel_name=mul_Ascend910B1_float32_232000000, ordinal=3, offset=24, size=8.
[INFO] RUNTIME(110198,npu_reader):2026-09-21-11:29:21.271.501 [elf.cc:1145] 110198 UpdateKernelsInfo: update meta info, kernel_name=mul_Ascend910B1_float32_232000000, dfxAddr=0xaaad81e096dc, dfxSize=176, funcType=0, elfDataFlag=1, userArgsNum=0, crossCoreSync=0, kernelVfType=0, shareMemSize=0, minStackSize=0, funcEntryType=0, functionEntry=0, schedMode=0, taskRation_0=0, taskRation_1=0, hasParamSummary=1, paramCount=4, paramTotalSize=32.
[INFO] RUNTIME(110198,npu_reader):2026-09-21-11:29:21.271.504 [elf.cc:1076] 110198 UpdateCachedParamInfos: Restore cached param info: kernel_name=mul_Ascend910B1_float32_223010000, ordinal=0, offset=0, size=8.
[INFO] RUNTIME(110198,npu_reader):2026-09-21-11:29:21.271.506 [elf.cc:1076] 110198 UpdateCachedParamInfos: Restore cached param info: kernel_name=mul_Ascend910B1_float32_223010000, ordinal=1, offset=8, size=8.
[INFO] RUNTIME(110198,npu_reader):2026-09-21-11:29:21.271.509 [elf.cc:1076] 110198 UpdateCachedParamInfos: Restore cached param info: kernel_name=mul_Ascend910B1_float32_223010000, ordinal=2, offset=16, size=8.
[INFO] RUNTIME(110198,npu_reader):2026-09-21-11:29:21.271.511 [elf.cc:1076] 110198 UpdateCachedParamInfos: Restore cached param info: kernel_name=mul_Ascend910B1_float32_223010000, ordinal=3, offset=24, size=8.
[INFO] RUNTIME(110198,npu_reader):2026-09-21-11:29:21.271.513 [elf.cc:1145] 110198 UpdateKernelsInfo: update meta info, kernel_name=mul_Ascend910B1_float32_223010000, dfxAddr=0xaaad81e0978c, dfxSize=176, funcType=0, elfDataFlag=1, userArgsNum=0, crossCoreSync=0, kernelVfType=0, shareMemSize=0, minStackSize=0, funcEntryType=0, functionEntry=0, schedMode=0, taskRation_0=0, taskRation_1=0, hasParamSummary=1, paramCount=4, paramTotalSize=32.
[INFO] RUNTIME(110198,npu_reader):2026-09-21-11:29:21.271.516 [elf.cc:1076] 110198 UpdateCachedParamInfos: Restore cached param info: kernel_name=mul_Ascend910B1_float32_223000000, ordinal=0, offset=0, size=8.
[INFO] RUNTIME(110198,npu_reader):2026-09-21-11:29:21.271.519 [elf.cc:1076] 110198 UpdateCachedParamInfos: Restore cached param info: kernel_name=mul_Ascend910B1_float32_223000000, ordinal=1, offset=8, size=8.
[INFO] RUNTIME(110198,npu_reader):2026-09-21-11:29:21.271.521 [elf.cc:1076] 110198 UpdateCachedParamInfos: Restore cached param info: kernel_name=mul_Ascend910B1_float32_223000000, ordinal=2, offset=16, size=8.
[INFO] RUNTIME(110198,npu_reader):2026-09-21-11:29:21.271.523 [elf.cc:1076] 110198 UpdateCachedParamInfos: Restore cached param info: kernel_name=mul_Ascend910B1_float32_223000000, ordinal=3, offset=24, size=8.
[INFO] RUNTIME(110198,npu_reader):2026-09-21-11:29:21.271.526 [elf.cc:1145] 110198 UpdateKernelsInfo: update meta info, kernel_name=mul_Ascend910B1_float32_223000000, dfxAddr=0xaaad81e0983c, dfxSize=176, funcType=0, elfDataFlag=1, userArgsNum=0, crossCoreSync=0, kernelVfType=0, shareMemSize=0, minStackSize=0, funcEntryType=0, functionEntry=0, schedMode=0, taskRation_0=0, taskRation_1=0, hasParamSummary=1, paramCount=4, paramTotalSize=32.
[INFO] RUNTIME(110198,npu_reader):2026-09-21-11:29:21.271.529 [elf.cc:1076] 110198 UpdateCachedParamInfos: Restore cached param info: kernel_name=mul_Ascend910B1_float32_210010000, ordinal=0, offset=0, size=8.
[INFO] RUNTIME(110198,npu_reader):2026-09-21-11:29:21.271.532 [elf.cc:1076] 110198 UpdateCachedParamInfos: Restore cached param info: kernel_name=mul_Ascend910B1_float32_210010000, ordinal=1, offset=8, size=8.
[INFO] RUNTIME(110198,npu_reader):2026-09-21-11:29:21.271.534 [elf.cc:1076] 110198 UpdateCachedParamInfos: Restore cached param info: kernel_name=mul_Ascend910B1_float32_210010000, ordinal=2, offset=16, size=8.
[INFO] RUNTIME(110198,npu_reader):2026-09-21-11:29:21.271.536 [elf.cc:1076] 110198 UpdateCachedParamInfos: Restore cached param info: kernel_name=mul_Ascend910B1_float32_210010000, ordinal=3, offset=24, size=8.
[INFO] RUNTIME(110198,npu_reader):2026-09-21-11:29:21.271.539 [elf.cc:1145] 110198 UpdateKernelsInfo: update meta info, kernel_name=mul_Ascend910B1_float32_210010000, dfxAddr=0xaaad81e098ec, dfxSize=176, funcType=0, elfDataFlag=1, userArgsNum=0, crossCoreSync=0, kernelVfType=0, shareMemSize=0, minStackSize=0, funcEntryType=0, functionEntry=0, schedMode=0, taskRation_0=0, taskRation_1=0, hasParamSummary=1, paramCount=4, paramTotalSize=32.
[INFO] RUNTIME(110198,npu_reader):2026-09-21-11:29:21.271.542 [elf.cc:1076] 110198 UpdateCachedParamInfos: Restore cached param info: kernel_name=mul_Ascend910B1_float32_210000000, ordinal=0, offset=0, size=8.
[INFO] RUNTIME(110198,npu_reader):2026-09-21-11:29:21.271.544 [elf.cc:1076] 110198 UpdateCachedParamInfos: Restore cached param info: kernel_name=mul_Ascend910B1_float32_210000000, ordinal=1, offset=8, size=8.
[INFO] RUNTIME(110198,npu_reader):2026-09-21-11:29:21.271.546 [elf.cc:1076] 110198 UpdateCachedParamInfos: Restore cached param info: kernel_name=mul_Ascend910B1_float32_210000000, ordinal=2, offset=16, size=8.
[INFO] RUNTIME(110198,npu_reader):2026-09-21-11:29:21.271.548 [elf.cc:1076] 110198 UpdateCachedParamInfos: Restore cached param info: kernel_name=mul_Ascend910B1_float32_210000000, ordinal=3, offset=24, size=8.
[INFO] RUNTIME(110198,npu_reader):2026-09-21-11:29:21.271.551 [elf.cc:1145] 110198 UpdateKernelsInfo: update meta info, kernel_name=mul_Ascend910B1_float32_210000000, dfxAddr=0xaaad81e0999c, dfxSize=176, funcType=0, elfDataFlag=1, userArgsNum=0, crossCoreSync=0, kernelVfType=0, shareMemSize=0, minStackSize=0, funcEntryType=0, functionEntry=0, schedMode=0, taskRation_0=0, taskRation_1=0, hasParamSummary=1, paramCount=4, paramTotalSize=32.
[INFO] RUNTIME(110198,npu_reader):2026-09-21-11:29:21.271.554 [runtime.cc:1448] 110198 AddProgramToPool: progId=7
[INFO] RUNTIME(110198,npu_reader):2026-09-21-11:29:21.271.557 [program.cc:1649] 110198 GetKernelTypeAndMixType: Get kernel type success, kernelName=mul_Ascend910B1_float32_232010000, funcType=0, kernelAttrType=2, mixType=0
[INFO] RUNTIME(110198,npu_reader):2026-09-21-11:29:21.271.561 [program.cc:1119] 110198 SetKernelAttribute: kernel_name=mul_Ascend910B1_float32_232010000, kernelAttrType=2, userParamNum=0, sysParamNum=1, IsNeedSetFftsAddrInArg=0, isSupportOverFlow=1, elfDataFlag=1
[INFO] RUNTIME(110198,npu_reader):2026-09-21-11:29:21.271.563 [program.cc:1690] 110198 BuildNewKernel: new kernel success, size=1320, programId=7, original kernel_name=mul_Ascend910B1_float32_232010000, register kernel_name=mul_Ascend910B1_float32_232010000, tilingKey=232010000, functionEntry=0, funcType=0, kernelAttrType=2, mixType=0, taskRation=2, offset=0, dfxAddr=187662185043432, dfxSize=176
[INFO] RUNTIME(110198,npu_reader):2026-09-21-11:29:21.271.567 [program.cc:1649] 110198 GetKernelTypeAndMixType: Get kernel type success, kernelName=mul_Ascend910B1_float32_232000000, funcType=0, kernelAttrType=2, mixType=0
[INFO] RUNTIME(110198,npu_reader):2026-09-21-11:29:21.271.571 [program.cc:1119] 110198 SetKernelAttribute: kernel_name=mul_Ascend910B1_float32_232000000, kernelAttrType=2, userParamNum=0, sysParamNum=1, IsNeedSetFftsAddrInArg=0, isSupportOverFlow=1, elfDataFlag=1
[INFO] RUNTIME(110198,npu_reader):2026-09-21-11:29:21.271.574 [program.cc:1690] 110198 BuildNewKernel: new kernel success, size=1320, programId=7, original kernel_name=mul_Ascend910B1_float32_232000000, register kernel_name=mul_Ascend910B1_float32_232000000, tilingKey=232000000, functionEntry=0, funcType=0, kernelAttrType=2, mixType=0, taskRation=2, offset=1536, dfxAddr=187662185043676, dfxSize=176
[INFO] RUNTIME(110198,npu_reader):2026-09-21-11:29:21.271.578 [program.cc:1649] 110198 GetKernelTypeAndMixType: Get kernel type success, kernelName=mul_Ascend910B1_float32_223010000, funcType=0, kernelAttrType=2, mixType=0
[INFO] RUNTIME(110198,npu_reader):2026-09-21-11:29:21.271.581 [program.cc:1119] 110198 SetKernelAttribute: kernel_name=mul_Ascend910B1_float32_223010000, kernelAttrType=2, userParamNum=0, sysParamNum=1, IsNeedSetFftsAddrInArg=0, isSupportOverFlow=1, elfDataFlag=1
[INFO] RUNTIME(110198,npu_reader):2026-09-21-11:29:21.271.583 [program.cc:1690] 110198 BuildNewKernel: new kernel success, size=1320, programId=7, original kernel_name=mul_Ascend910B1_float32_223010000, register kernel_name=mul_Ascend910B1_float32_223010000, tilingKey=223010000, functionEntry=0, funcType=0, kernelAttrType=2, mixType=0, taskRation=2, offset=2472, dfxAddr=187662185043852, dfxSize=176
[INFO] RUNTIME(110198,npu_reader):2026-09-21-11:29:21.271.587 [program.cc:1649] 110198 GetKernelTypeAndMixType: Get kernel type success, kernelName=mul_Ascend910B1_float32_223000000, funcType=0, kernelAttrType=2, mixType=0
[INFO] RUNTIME(110198,npu_reader):2026-09-21-11:29:21.271.590 [program.cc:1119] 110198 SetKernelAttribute: kernel_name=mul_Ascend910B1_float32_223000000, kernelAttrType=2, userParamNum=0, sysParamNum=1, IsNeedSetFftsAddrInArg=0, isSupportOverFlow=1, elfDataFlag=1
[INFO] RUNTIME(110198,npu_reader):2026-09-21-11:29:21.271.593 [program.cc:1690] 110198 BuildNewKernel: new kernel success, size=1320, programId=7, original kernel_name=mul_Ascend910B1_float32_223000000, register kernel_name=mul_Ascend910B1_float32_223000000, tilingKey=223000000, functionEntry=0, funcType=0, kernelAttrType=2, mixType=0, taskRation=2, offset=4068, dfxAddr=187662185044028, dfxSize=176
[INFO] RUNTIME(110198,npu_reader):2026-09-21-11:29:21.271.597 [program.cc:1649] 110198 GetKernelTypeAndMixType: Get kernel type success, kernelName=mul_Ascend910B1_float32_210010000, funcType=0, kernelAttrType=2, mixType=0
[INFO] RUNTIME(110198,npu_reader):2026-09-21-11:29:21.271.599 [program.cc:1119] 110198 SetKernelAttribute: kernel_name=mul_Ascend910B1_float32_210010000, kernelAttrType=2, userParamNum=0, sysParamNum=1, IsNeedSetFftsAddrInArg=0, isSupportOverFlow=1, elfDataFlag=1
[INFO] RUNTIME(110198,npu_reader):2026-09-21-11:29:21.271.602 [program.cc:1690] 110198 BuildNewKernel: new kernel success, size=1320, programId=7, original kernel_name=mul_Ascend910B1_float32_210010000, register kernel_name=mul_Ascend910B1_float32_210010000, tilingKey=210010000, functionEntry=0, funcType=0, kernelAttrType=2, mixType=0, taskRation=2, offset=4992, dfxAddr=187662185044204, dfxSize=176
[INFO] RUNTIME(110198,npu_reader):2026-09-21-11:29:21.271.606 [program.cc:1649] 110198 GetKernelTypeAndMixType: Get kernel type success, kernelName=mul_Ascend910B1_float32_210000000, funcType=0, kernelAttrType=2, mixType=0
[INFO] RUNTIME(110198,npu_reader):2026-09-21-11:29:21.271.609 [program.cc:1119] 110198 SetKernelAttribute: kernel_name=mul_Ascend910B1_float32_210000000, kernelAttrType=2, userParamNum=0, sysParamNum=1, IsNeedSetFftsAddrInArg=0, isSupportOverFlow=1, elfDataFlag=1
[INFO] RUNTIME(110198,npu_reader):2026-09-21-11:29:21.271.611 [program.cc:1690] 110198 BuildNewKernel: new kernel success, size=1320, programId=7, original kernel_name=mul_Ascend910B1_float32_210000000, register kernel_name=mul_Ascend910B1_float32_210000000, tilingKey=210000000, functionEntry=0, funcType=0, kernelAttrType=2, mixType=0, taskRation=2, offset=6596, dfxAddr=187662185044380, dfxSize=176
[INFO] RUNTIME(110198,npu_reader):2026-09-21-11:29:21.271.628 [binary_loader.cc:364] 110198 LoadFromData: New ElfProgram ok, magic=1094799942, kernelAttrType=2, Runtime_alloc_size=11072
[INFO] RUNTIME(110198,npu_reader):2026-09-21-11:29:21.271.632 [program.cc:204] 110198 SaveBinaryData: Malloc the buffer for elfData, len=14976
[INFO] RUNTIME(110198,npu_reader):2026-09-21-11:29:21.271.635 [elf.cc:884] 110198 ParseKernelMetaData: section name = .text.
[INFO] RUNTIME(110198,npu_reader):2026-09-21-11:29:21.271.638 [elf.cc:884] 110198 ParseKernelMetaData: section name = .ascend.stack.size.record.
[INFO] RUNTIME(110198,npu_reader):2026-09-21-11:29:21.271.640 [elf.cc:884] 110198 ParseKernelMetaData: section name = __CCE_KernelArgSize.
[INFO] RUNTIME(110198,npu_reader):2026-09-21-11:29:21.271.642 [elf.cc:884] 110198 ParseKernelMetaData: section name = .ascend.meta.mul_Ascend910B2_float32_232010000.
[INFO] RUNTIME(110198,npu_reader):2026-09-21-11:29:21.271.645 [elf.cc:575] 110198 ElfParseParamSummary: paramCount=4, paramTotalSize=32.
[INFO] RUNTIME(110198,npu_reader):2026-09-21-11:29:21.271.647 [elf.cc:610] 110198 ElfParseParamInfo: Cache param info: ordinal=0, offset=0, size=8, align=8, paramType=2, spaceIndex=0.
[INFO] RUNTIME(110198,npu_reader):2026-09-21-11:29:21.271.649 [elf.cc:610] 110198 ElfParseParamInfo: Cache param info: ordinal=1, offset=8, size=8, align=8, paramType=2, spaceIndex=0.
[INFO] RUNTIME(110198,npu_reader):2026-09-21-11:29:21.271.652 [elf.cc:610] 110198 ElfParseParamInfo: Cache param info: ordinal=2, offset=16, size=8, align=8, paramType=2, spaceIndex=0.
[INFO] RUNTIME(110198,npu_reader):2026-09-21-11:29:21.271.654 [elf.cc:610] 110198 ElfParseParamInfo: Cache param info: ordinal=3, offset=24, size=8, align=8, paramType=2, spaceIndex=0.
[INFO] RUNTIME(110198,npu_reader):2026-09-21-11:29:21.271.657 [elf.cc:916] 110198 ParseKernelMetaData: kernel_name=mul_Ascend910B2_float32_232010000, ration[0]=0, ration[1]=0, dfxAddr=0xaaad81e165f8, dfxSize=176, funcType=0, crossCoreSync=0, kernelVfType=0, shareMemSize=0, minStackSize=0, isSupportFuncEntry=0, functionEntryFlag=128, functionEntry=0.
[INFO] RUNTIME(110198,npu_reader):2026-09-21-11:29:21.271.660 [elf.cc:884] 110198 ParseKernelMetaData: section name = .comment.
[INFO] RUNTIME(110198,npu_reader):2026-09-21-11:29:21.271.662 [elf.cc:884] 110198 ParseKernelMetaData: section name = .ascend.meta.mul_Ascend910B2_float32_232000000.
[INFO] RUNTIME(110198,npu_reader):2026-09-21-11:29:21.271.664 [elf.cc:575] 110198 ElfParseParamSummary: paramCount=4, paramTotalSize=32.
[INFO] RUNTIME(110198,npu_reader):2026-09-21-11:29:21.271.666 [elf.cc:610] 110198 ElfParseParamInfo: Cache param info: ordinal=0, offset=0, size=8, align=8, paramType=2, spaceIndex=0.
[INFO] RUNTIME(110198,npu_reader):2026-09-21-11:29:21.271.669 [elf.cc:610] 110198 ElfParseParamInfo: Cache param info: ordinal=1, offset=8, size=8, align=8, paramType=2, spaceIndex=0.
[INFO] RUNTIME(110198,npu_reader):2026-09-21-11:29:21.271.671 [elf.cc:610] 110198 ElfParseParamInfo: Cache param info: ordinal=2, offset=16, size=8, align=8, paramType=2, spaceIndex=0.
[INFO] RUNTIME(110198,npu_reader):2026-09-21-11:29:21.271.674 [elf.cc:610] 110198 ElfParseParamInfo: Cache param info: ordinal=3, offset=24, size=8, align=8, paramType=2, spaceIndex=0.
[INFO] RUNTIME(110198,npu_reader):2026-09-21-11:29:21.271.676 [elf.cc:916] 110198 ParseKernelMetaData: kernel_name=mul_Ascend910B2_float32_232000000, ration[0]=0, ration[1]=0, dfxAddr=0xaaad81e166ec, dfxSize=176, funcType=0, crossCoreSync=0, kernelVfType=0, shareMemSize=0, minStackSize=0, isSupportFuncEntry=0, functionEntryFlag=128, functionEntry=0.
[INFO] RUNTIME(110198,npu_reader):2026-09-21-11:29:21.271.679 [elf.cc:884] 110198 ParseKernelMetaData: section name = .ascend.meta.mul_Ascend910B2_float32_223010000.
[INFO] RUNTIME(110198,npu_reader):2026-09-21-11:29:21.271.682 [elf.cc:575] 110198 ElfParseParamSummary: paramCount=4, paramTotalSize=32.
[INFO] RUNTIME(110198,npu_reader):2026-09-21-11:29:21.271.684 [elf.cc:610] 110198 ElfParseParamInfo: Cache param info: ordinal=0, offset=0, size=8, align=8, paramType=2, spaceIndex=0.
[INFO] RUNTIME(110198,npu_reader):2026-09-21-11:29:21.271.687 [elf.cc:610] 110198 ElfParseParamInfo: Cache param info: ordinal=1, offset=8, size=8, align=8, paramType=2, spaceIndex=0.
[INFO] RUNTIME(110198,npu_reader):2026-09-21-11:29:21.271.689 [elf.cc:610] 110198 ElfParseParamInfo: Cache param info: ordinal=2, offset=16, size=8, align=8, paramType=2, spaceIndex=0.
[INFO] RUNTIME(110198,npu_reader):2026-09-21-11:29:21.271.692 [elf.cc:610] 110198 ElfParseParamInfo: Cache param info: ordinal=3, offset=24, size=8, align=8, paramType=2, spaceIndex=0.
[INFO] RUNTIME(110198,npu_reader):2026-09-21-11:29:21.271.694 [elf.cc:916] 110198 ParseKernelMetaData: kernel_name=mul_Ascend910B2_float32_223010000, ration[0]=0, ration[1]=0, dfxAddr=0xaaad81e1679c, dfxSize=176, funcType=0, crossCoreSync=0, kernelVfType=0, shareMemSize=0, minStackSize=0, isSupportFuncEntry=0, functionEntryFlag=128, functionEntry=0.
[INFO] RUNTIME(110198,npu_reader):2026-09-21-11:29:21.271.697 [elf.cc:884] 110198 ParseKernelMetaData: section name = .ascend.meta.mul_Ascend910B2_float32_223000000.
[INFO] RUNTIME(110198,npu_reader):2026-09-21-11:29:21.271.699 [elf.cc:575] 110198 ElfParseParamSummary: paramCount=4, paramTotalSize=32.
[INFO] RUNTIME(110198,npu_reader):2026-09-21-11:29:21.271.702 [elf.cc:610] 110198 ElfParseParamInfo: Cache param info: ordinal=0, offset=0, size=8, align=8, paramType=2, spaceIndex=0.
[INFO] RUNTIME(110198,npu_reader):2026-09-21-11:29:21.271.704 [elf.cc:610] 110198 ElfParseParamInfo: Cache param info: ordinal=1, offset=8, size=8, align=8, paramType=2, spaceIndex=0.
[INFO] RUNTIME(110198,npu_reader):2026-09-21-11:29:21.271.706 [elf.cc:610] 110198 ElfParseParamInfo: Cache param info: ordinal=2, offset=16, size=8, align=8, paramType=2, spaceIndex=0.
[INFO] RUNTIME(110198,npu_reader):2026-09-21-11:29:21.271.709 [elf.cc:610] 110198 ElfParseParamInfo: Cache param info: ordinal=3, offset=24, size=8, align=8, paramType=2, spaceIndex=0.
[INFO] RUNTIME(110198,npu_reader):2026-09-21-11:29:21.271.711 [elf.cc:916] 110198 ParseKernelMetaData: kernel_name=mul_Ascend910B2_float32_223000000, ration[0]=0, ration[1]=0, dfxAddr=0xaaad81e1684c, dfxSize=176, funcType=0, crossCoreSync=0, kernelVfType=0, shareMemSize=0, minStackSize=0, isSupportFuncEntry=0, functionEntryFlag=128, functionEntry=0.
[INFO] RUNTIME(110198,npu_reader):2026-09-21-11:29:21.271.714 [elf.cc:884] 110198 ParseKernelMetaData: section name = .ascend.meta.mul_Ascend910B2_float32_210010000.
[INFO] RUNTIME(110198,npu_reader):2026-09-21-11:29:21.271.716 [elf.cc:575] 110198 ElfParseParamSummary: paramCount=4, paramTotalSize=32.
[INFO] RUNTIME(110198,npu_reader):2026-09-21-11:29:21.271.719 [elf.cc:610] 110198 ElfParseParamInfo: Cache param info: ordinal=0, offset=0, size=8, align=8, paramType=2, spaceIndex=0.
[INFO] RUNTIME(110198,npu_reader):2026-09-21-11:29:21.271.721 [elf.cc:610] 110198 ElfParseParamInfo: Cache param info: ordinal=1, offset=8, size=8, align=8, paramType=2, spaceIndex=0.
[INFO] RUNTIME(110198,npu_reader):2026-09-21-11:29:21.271.724 [elf.cc:610] 110198 ElfParseParamInfo: Cache param info: ordinal=2, offset=16, size=8, align=8, paramType=2, spaceIndex=0.
[INFO] RUNTIME(110198,npu_reader):2026-09-21-11:29:21.271.726 [elf.cc:610] 110198 ElfParseParamInfo: Cache param info: ordinal=3, offset=24, size=8, align=8, paramType=2, spaceIndex=0.
[INFO] RUNTIME(110198,npu_reader):2026-09-21-11:29:21.271.729 [elf.cc:916] 110198 ParseKernelMetaData: kernel_name=mul_Ascend910B2_float32_210010000, ration[0]=0, ration[1]=0, dfxAddr=0xaaad81e168fc, dfxSize=176, funcType=0, crossCoreSync=0, kernelVfType=0, shareMemSize=0, minStackSize=0, isSupportFuncEntry=0, functionEntryFlag=128, functionEntry=0.
[INFO] RUNTIME(110198,npu_reader):2026-09-21-11:29:21.271.732 [elf.cc:884] 110198 ParseKernelMetaData: section name = .ascend.meta.mul_Ascend910B2_float32_210000000.
[INFO] RUNTIME(110198,npu_reader):2026-09-21-11:29:21.271.734 [elf.cc:575] 110198 ElfParseParamSummary: paramCount=4, paramTotalSize=32.
[INFO] RUNTIME(110198,npu_reader):2026-09-21-11:29:21.271.737 [elf.cc:610] 110198 ElfParseParamInfo: Cache param info: ordinal=0, offset=0, size=8, align=8, paramType=2, spaceIndex=0.
[INFO] RUNTIME(110198,npu_reader):2026-09-21-11:29:21.271.739 [elf.cc:610] 110198 ElfParseParamInfo: Cache param info: ordinal=1, offset=8, size=8, align=8, paramType=2, spaceIndex=0.
[INFO] RUNTIME(110198,npu_reader):2026-09-21-11:29:21.271.742 [elf.cc:610] 110198 ElfParseParamInfo: Cache param info: ordinal=2, offset=16, size=8, align=8, paramType=2, spaceIndex=0.
[INFO] RUNTIME(110198,npu_reader):2026-09-21-11:29:21.271.744 [elf.cc:610] 110198 ElfParseParamInfo: Cache param info: ordinal=3, offset=24, size=8, align=8, paramType=2, spaceIndex=0.
[INFO] RUNTIME(110198,npu_reader):2026-09-21-11:29:21.271.746 [elf.cc:916] 110198 ParseKernelMetaData: kernel_name=mul_Ascend910B2_float32_210000000, ration[0]=0, ration[1]=0, dfxAddr=0xaaad81e169ac, dfxSize=176, funcType=0, crossCoreSync=0, kernelVfType=0, shareMemSize=0, minStackSize=0, isSupportFuncEntry=0, functionEntryFlag=128, functionEntry=0.
[INFO] RUNTIME(110198,npu_reader):2026-09-21-11:29:21.271.759 [elf.cc:1076] 110198 UpdateCachedParamInfos: Restore cached param info: kernel_name=mul_Ascend910B2_float32_232010000, ordinal=0, offset=0, size=8.
[INFO] RUNTIME(110198,npu_reader):2026-09-21-11:29:21.271.761 [elf.cc:1076] 110198 UpdateCachedParamInfos: Restore cached param info: kernel_name=mul_Ascend910B2_float32_232010000, ordinal=1, offset=8, size=8.
[INFO] RUNTIME(110198,npu_reader):2026-09-21-11:29:21.271.763 [elf.cc:1076] 110198 UpdateCachedParamInfos: Restore cached param info: kernel_name=mul_Ascend910B2_float32_232010000, ordinal=2, offset=16, size=8.
[INFO] RUNTIME(110198,npu_reader):2026-09-21-11:29:21.271.766 [elf.cc:1076] 110198 UpdateCachedParamInfos: Restore cached param info: kernel_name=mul_Ascend910B2_float32_232010000, ordinal=3, offset=24, size=8.
[INFO] RUNTIME(110198,npu_reader):2026-09-21-11:29:21.271.768 [elf.cc:1145] 110198 UpdateKernelsInfo: update meta info, kernel_name=mul_Ascend910B2_float32_232010000, dfxAddr=0xaaad81e165f8, dfxSize=176, funcType=0, elfDataFlag=1, userArgsNum=0, crossCoreSync=0, kernelVfType=0, shareMemSize=0, minStackSize=0, funcEntryType=0, functionEntry=0, schedMode=0, taskRation_0=0, taskRation_1=0, hasParamSummary=1, paramCount=4, paramTotalSize=32.
[INFO] RUNTIME(110198,npu_reader):2026-09-21-11:29:21.271.771 [elf.cc:1076] 110198 UpdateCachedParamInfos: Restore cached param info: kernel_name=mul_Ascend910B2_float32_232000000, ordinal=0, offset=0, size=8.
[INFO] RUNTIME(110198,npu_reader):2026-09-21-11:29:21.271.774 [elf.cc:1076] 110198 UpdateCachedParamInfos: Restore cached param info: kernel_name=mul_Ascend910B2_float32_232000000, ordinal=1, offset=8, size=8.
[INFO] RUNTIME(110198,npu_reader):2026-09-21-11:29:21.271.776 [elf.cc:1076] 110198 UpdateCachedParamInfos: Restore cached param info: kernel_name=mul_Ascend910B2_float32_232000000, ordinal=2, offset=16, size=8.
[INFO] RUNTIME(110198,npu_reader):2026-09-21-11:29:21.271.778 [elf.cc:1076] 110198 UpdateCachedParamInfos: Restore cached param info: kernel_name=mul_Ascend910B2_float32_232000000, ordinal=3, offset=24, size=8.
[INFO] RUNTIME(110198,npu_reader):2026-09-21-11:29:21.271.780 [elf.cc:1145] 110198 UpdateKernelsInfo: update meta info, kernel_name=mul_Ascend910B2_float32_232000000, dfxAddr=0xaaad81e166ec, dfxSize=176, funcType=0, elfDataFlag=1, userArgsNum=0, crossCoreSync=0, kernelVfType=0, shareMemSize=0, minStackSize=0, funcEntryType=0, functionEntry=0, schedMode=0, taskRation_0=0, taskRation_1=0, hasParamSummary=1, paramCount=4, paramTotalSize=32.
[INFO] RUNTIME(110198,npu_reader):2026-09-21-11:29:21.271.784 [elf.cc:1076] 110198 UpdateCachedParamInfos: Restore cached param info: kernel_name=mul_Ascend910B2_float32_223010000, ordinal=0, offset=0, size=8.
[INFO] RUNTIME(110198,npu_reader):2026-09-21-11:29:21.271.786 [elf.cc:1076] 110198 UpdateCachedParamInfos: Restore cached param info: kernel_name=mul_Ascend910B2_float32_223010000, ordinal=1, offset=8, size=8.
[INFO] RUNTIME(110198,npu_reader):2026-09-21-11:29:21.271.789 [elf.cc:1076] 110198 UpdateCachedParamInfos: Restore cached param info: kernel_name=mul_Ascend910B2_float32_223010000, ordinal=2, offset=16, size=8.
[INFO] RUNTIME(110198,npu_reader):2026-09-21-11:29:21.271.791 [elf.cc:1076] 110198 UpdateCachedParamInfos: Restore cached param info: kernel_name=mul_Ascend910B2_float32_223010000, ordinal=3, offset=24, size=8.
[INFO] RUNTIME(110198,npu_reader):2026-09-21-11:29:21.271.793 [elf.cc:1145] 110198 UpdateKernelsInfo: update meta info, kernel_name=mul_Ascend910B2_float32_223010000, dfxAddr=0xaaad81e1679c, dfxSize=176, funcType=0, elfDataFlag=1, userArgsNum=0, crossCoreSync=0, kernelVfType=0, shareMemSize=0, minStackSize=0, funcEntryType=0, functionEntry=0, schedMode=0, taskRation_0=0, taskRation_1=0, hasParamSummary=1, paramCount=4, paramTotalSize=32.
[INFO] RUNTIME(110198,npu_reader):2026-09-21-11:29:21.271.797 [elf.cc:1076] 110198 UpdateCachedParamInfos: Restore cached param info: kernel_name=mul_Ascend910B2_float32_223000000, ordinal=0, offset=0, size=8.
[INFO] RUNTIME(110198,npu_reader):2026-09-21-11:29:21.271.799 [elf.cc:1076] 110198 UpdateCachedParamInfos: Restore cached param info: kernel_name=mul_Ascend910B2_float32_223000000, ordinal=1, offset=8, size=8.
[INFO] RUNTIME(110198,npu_reader):2026-09-21-11:29:21.271.801 [elf.cc:1076] 110198 UpdateCachedParamInfos: Restore cached param info: kernel_name=mul_Ascend910B2_float32_223000000, ordinal=2, offset=16, size=8.
[INFO] RUNTIME(110198,npu_reader):2026-09-21-11:29:21.271.803 [elf.cc:1076] 110198 UpdateCachedParamInfos: Restore cached param info: kernel_name=mul_Ascend910B2_float32_223000000, ordinal=3, offset=24, size=8.
[INFO] RUNTIME(110198,npu_reader):2026-09-21-11:29:21.271.805 [elf.cc:1145] 110198 UpdateKernelsInfo: update meta info, kernel_name=mul_Ascend910B2_float32_223000000, dfxAddr=0xaaad81e1684c, dfxSize=176, funcType=0, elfDataFlag=1, userArgsNum=0, crossCoreSync=0, kernelVfType=0, shareMemSize=0, minStackSize=0, funcEntryType=0, functionEntry=0, schedMode=0, taskRation_0=0, taskRation_1=0, hasParamSummary=1, paramCount=4, paramTotalSize=32.
[INFO] RUNTIME(110198,npu_reader):2026-09-21-11:29:21.271.809 [elf.cc:1076] 110198 UpdateCachedParamInfos: Restore cached param info: kernel_name=mul_Ascend910B2_float32_210010000, ordinal=0, offset=0, size=8.
[INFO] RUNTIME(110198,npu_reader):2026-09-21-11:29:21.271.811 [elf.cc:1076] 110198 UpdateCachedParamInfos: Restore cached param info: kernel_name=mul_Ascend910B2_float32_210010000, ordinal=1, offset=8, size=8.
[INFO] RUNTIME(110198,npu_reader):2026-09-21-11:29:21.271.813 [elf.cc:1076] 110198 UpdateCachedParamInfos: Restore cached param info: kernel_name=mul_Ascend910B2_float32_210010000, ordinal=2, offset=16, size=8.
[INFO] RUNTIME(110198,npu_reader):2026-09-21-11:29:21.271.815 [elf.cc:1076] 110198 UpdateCachedParamInfos: Restore cached param info: kernel_name=mul_Ascend910B2_float32_210010000, ordinal=3, offset=24, size=8.
[INFO] RUNTIME(110198,npu_reader):2026-09-21-11:29:21.271.818 [elf.cc:1145] 110198 UpdateKernelsInfo: update meta info, kernel_name=mul_Ascend910B2_float32_210010000, dfxAddr=0xaaad81e168fc, dfxSize=176, funcType=0, elfDataFlag=1, userArgsNum=0, crossCoreSync=0, kernelVfType=0, shareMemSize=0, minStackSize=0, funcEntryType=0, functionEntry=0, schedMode=0, taskRation_0=0, taskRation_1=0, hasParamSummary=1, paramCount=4, paramTotalSize=32.
[INFO] RUNTIME(110198,npu_reader):2026-09-21-11:29:21.271.821 [elf.cc:1076] 110198 UpdateCachedParamInfos: Restore cached param info: kernel_name=mul_Ascend910B2_float32_210000000, ordinal=0, offset=0, size=8.
[INFO] RUNTIME(110198,npu_reader):2026-09-21-11:29:21.271.823 [elf.cc:1076] 110198 UpdateCachedParamInfos: Restore cached param info: kernel_name=mul_Ascend910B2_float32_210000000, ordinal=1, offset=8, size=8.
[INFO] RUNTIME(110198,npu_reader):2026-09-21-11:29:21.271.825 [elf.cc:1076] 110198 UpdateCachedParamInfos: Restore cached param info: kernel_name=mul_Ascend910B2_float32_210000000, ordinal=2, offset=16, size=8.
[INFO] RUNTIME(110198,npu_reader):2026-09-21-11:29:21.271.828 [elf.cc:1076] 110198 UpdateCachedParamInfos: Restore cached param info: kernel_name=mul_Ascend910B2_float32_210000000, ordinal=3, offset=24, size=8.
[INFO] RUNTIME(110198,npu_reader):2026-09-21-11:29:21.271.830 [elf.cc:1145] 110198 UpdateKernelsInfo: update meta info, kernel_name=mul_Ascend910B2_float32_210000000, dfxAddr=0xaaad81e169ac, dfxSize=176, funcType=0, elfDataFlag=1, userArgsNum=0, crossCoreSync=0, kernelVfType=0, shareMemSize=0, minStackSize=0, funcEntryType=0, functionEntry=0, schedMode=0, taskRation_0=0, taskRation_1=0, hasParamSummary=1, paramCount=4, paramTotalSize=32.
[INFO] RUNTIME(110198,npu_reader):2026-09-21-11:29:21.271.834 [runtime.cc:1448] 110198 AddProgramToPool: progId=8
[INFO] RUNTIME(110198,npu_reader):2026-09-21-11:29:21.271.837 [program.cc:1649] 110198 GetKernelTypeAndMixType: Get kernel type success, kernelName=mul_Ascend910B2_float32_232010000, funcType=0, kernelAttrType=2, mixType=0
[INFO] RUNTIME(110198,npu_reader):2026-09-21-11:29:21.271.841 [program.cc:1119] 110198 SetKernelAttribute: kernel_name=mul_Ascend910B2_float32_232010000, kernelAttrType=2, userParamNum=0, sysParamNum=1, IsNeedSetFftsAddrInArg=0, isSupportOverFlow=1, elfDataFlag=1
[INFO] RUNTIME(110198,npu_reader):2026-09-21-11:29:21.271.843 [program.cc:1690] 110198 BuildNewKernel: new kernel success, size=1320, programId=8, original kernel_name=mul_Ascend910B2_float32_232010000, register kernel_name=mul_Ascend910B2_float32_232010000, tilingKey=232010000, functionEntry=0, funcType=0, kernelAttrType=2, mixType=0, taskRation=2, offset=0, dfxAddr=187662185096696, dfxSize=176
[INFO] RUNTIME(110198,npu_reader):2026-09-21-11:29:21.271.847 [program.cc:1649] 110198 GetKernelTypeAndMixType: Get kernel type success, kernelName=mul_Ascend910B2_float32_232000000, funcType=0, kernelAttrType=2, mixType=0
[INFO] RUNTIME(110198,npu_reader):2026-09-21-11:29:21.271.850 [program.cc:1119] 110198 SetKernelAttribute: kernel_name=mul_Ascend910B2_float32_232000000, kernelAttrType=2, userParamNum=0, sysParamNum=1, IsNeedSetFftsAddrInArg=0, isSupportOverFlow=1, elfDataFlag=1
[INFO] RUNTIME(110198,npu_reader):2026-09-21-11:29:21.271.853 [program.cc:1690] 110198 BuildNewKernel: new kernel success, size=1320, programId=8, original kernel_name=mul_Ascend910B2_float32_232000000, register kernel_name=mul_Ascend910B2_float32_232000000, tilingKey=232000000, functionEntry=0, funcType=0, kernelAttrType=2, mixType=0, taskRation=2, offset=1536, dfxAddr=187662185096940, dfxSize=176
[INFO] RUNTIME(110198,npu_reader):2026-09-21-11:29:21.271.857 [program.cc:1649] 110198 GetKernelTypeAndMixType: Get kernel type success, kernelName=mul_Ascend910B2_float32_223010000, funcType=0, kernelAttrType=2, mixType=0
[INFO] RUNTIME(110198,npu_reader):2026-09-21-11:29:21.271.860 [program.cc:1119] 110198 SetKernelAttribute: kernel_name=mul_Ascend910B2_float32_223010000, kernelAttrType=2, userParamNum=0, sysParamNum=1, IsNeedSetFftsAddrInArg=0, isSupportOverFlow=1, elfDataFlag=1
[INFO] RUNTIME(110198,npu_reader):2026-09-21-11:29:21.271.862 [program.cc:1690] 110198 BuildNewKernel: new kernel success, size=1320, programId=8, original kernel_name=mul_Ascend910B2_float32_223010000, register kernel_name=mul_Ascend910B2_float32_223010000, tilingKey=223010000, functionEntry=0, funcType=0, kernelAttrType=2, mixType=0, taskRation=2, offset=2472, dfxAddr=187662185097116, dfxSize=176
[INFO] RUNTIME(110198,npu_reader):2026-09-21-11:29:21.271.866 [program.cc:1649] 110198 GetKernelTypeAndMixType: Get kernel type success, kernelName=mul_Ascend910B2_float32_223000000, funcType=0, kernelAttrType=2, mixType=0
[INFO] RUNTIME(110198,npu_reader):2026-09-21-11:29:21.271.869 [program.cc:1119] 110198 SetKernelAttribute: kernel_name=mul_Ascend910B2_float32_223000000, kernelAttrType=2, userParamNum=0, sysParamNum=1, IsNeedSetFftsAddrInArg=0, isSupportOverFlow=1, elfDataFlag=1
[INFO] RUNTIME(110198,npu_reader):2026-09-21-11:29:21.271.872 [program.cc:1690] 110198 BuildNewKernel: new kernel success, size=1320, programId=8, original kernel_name=mul_Ascend910B2_float32_223000000, register kernel_name=mul_Ascend910B2_float32_223000000, tilingKey=223000000, functionEntry=0, funcType=0, kernelAttrType=2, mixType=0, taskRation=2, offset=4068, dfxAddr=187662185097292, dfxSize=176
[INFO] RUNTIME(110198,npu_reader):2026-09-21-11:29:21.271.876 [program.cc:1649] 110198 GetKernelTypeAndMixType: Get kernel type success, kernelName=mul_Ascend910B2_float32_210010000, funcType=0, kernelAttrType=2, mixType=0
[INFO] RUNTIME(110198,npu_reader):2026-09-21-11:29:21.271.879 [program.cc:1119] 110198 SetKernelAttribute: kernel_name=mul_Ascend910B2_float32_210010000, kernelAttrType=2, userParamNum=0, sysParamNum=1, IsNeedSetFftsAddrInArg=0, isSupportOverFlow=1, elfDataFlag=1
[INFO] RUNTIME(110198,npu_reader):2026-09-21-11:29:21.271.882 [program.cc:1690] 110198 BuildNewKernel: new kernel success, size=1320, programId=8, original kernel_name=mul_Ascend910B2_float32_210010000, register kernel_name=mul_Ascend910B2_float32_210010000, tilingKey=210010000, functionEntry=0, funcType=0, kernelAttrType=2, mixType=0, taskRation=2, offset=4992, dfxAddr=187662185097468, dfxSize=176
[INFO] RUNTIME(110198,npu_reader):2026-09-21-11:29:21.271.886 [program.cc:1649] 110198 GetKernelTypeAndMixType: Get kernel type success, kernelName=mul_Ascend910B2_float32_210000000, funcType=0, kernelAttrType=2, mixType=0
[INFO] RUNTIME(110198,npu_reader):2026-09-21-11:29:21.271.889 [program.cc:1119] 110198 SetKernelAttribute: kernel_name=mul_Ascend910B2_float32_210000000, kernelAttrType=2, userParamNum=0, sysParamNum=1, IsNeedSetFftsAddrInArg=0, isSupportOverFlow=1, elfDataFlag=1
[INFO] RUNTIME(110198,npu_reader):2026-09-21-11:29:21.271.891 [program.cc:1690] 110198 BuildNewKernel: new kernel success, size=1320, programId=8, original kernel_name=mul_Ascend910B2_float32_210000000, register kernel_name=mul_Ascend910B2_float32_210000000, tilingKey=210000000, functionEntry=0, funcType=0, kernelAttrType=2, mixType=0, taskRation=2, offset=6596, dfxAddr=187662185097644, dfxSize=176
[INFO] RUNTIME(110198,npu_reader):2026-09-21-11:29:21.271.909 [binary_loader.cc:364] 110198 LoadFromData: New ElfProgram ok, magic=1094799942, kernelAttrType=2, Runtime_alloc_size=11072
[INFO] RUNTIME(110198,npu_reader):2026-09-21-11:29:21.271.912 [program.cc:204] 110198 SaveBinaryData: Malloc the buffer for elfData, len=14976
[INFO] RUNTIME(110198,npu_reader):2026-09-21-11:29:21.271.916 [elf.cc:884] 110198 ParseKernelMetaData: section name = .text.
[INFO] RUNTIME(110198,npu_reader):2026-09-21-11:29:21.271.918 [elf.cc:884] 110198 ParseKernelMetaData: section name = .ascend.stack.size.record.
[INFO] RUNTIME(110198,npu_reader):2026-09-21-11:29:21.271.920 [elf.cc:884] 110198 ParseKernelMetaData: section name = __CCE_KernelArgSize.
[INFO] RUNTIME(110198,npu_reader):2026-09-21-11:29:21.271.923 [elf.cc:884] 110198 ParseKernelMetaData: section name = .ascend.meta.mul_Ascend910B3_float32_232010000.
[INFO] RUNTIME(110198,npu_reader):2026-09-21-11:29:21.271.925 [elf.cc:575] 110198 ElfParseParamSummary: paramCount=4, paramTotalSize=32.
[INFO] RUNTIME(110198,npu_reader):2026-09-21-11:29:21.271.927 [elf.cc:610] 110198 ElfParseParamInfo: Cache param info: ordinal=0, offset=0, size=8, align=8, paramType=2, spaceIndex=0.
[INFO] RUNTIME(110198,npu_reader):2026-09-21-11:29:21.271.930 [elf.cc:610] 110198 ElfParseParamInfo: Cache param info: ordinal=1, offset=8, size=8, align=8, paramType=2, spaceIndex=0.
[INFO] RUNTIME(110198,npu_reader):2026-09-21-11:29:21.271.932 [elf.cc:610] 110198 ElfParseParamInfo: Cache param info: ordinal=2, offset=16, size=8, align=8, paramType=2, spaceIndex=0.
[INFO] RUNTIME(110198,npu_reader):2026-09-21-11:29:21.271.935 [elf.cc:610] 110198 ElfParseParamInfo: Cache param info: ordinal=3, offset=24, size=8, align=8, paramType=2, spaceIndex=0.
[INFO] RUNTIME(110198,npu_reader):2026-09-21-11:29:21.271.937 [elf.cc:916] 110198 ParseKernelMetaData: kernel_name=mul_Ascend910B3_float32_232010000, ration[0]=0, ration[1]=0, dfxAddr=0xaaad81e23738, dfxSize=176, funcType=0, crossCoreSync=0, kernelVfType=0, shareMemSize=0, minStackSize=0, isSupportFuncEntry=0, functionEntryFlag=128, functionEntry=0.
[INFO] RUNTIME(110198,npu_reader):2026-09-21-11:29:21.271.941 [elf.cc:884] 110198 ParseKernelMetaData: section name = .comment.
[INFO] RUNTIME(110198,npu_reader):2026-09-21-11:29:21.271.943 [elf.cc:884] 110198 ParseKernelMetaData: section name = .ascend.meta.mul_Ascend910B3_float32_232000000.
[INFO] RUNTIME(110198,npu_reader):2026-09-21-11:29:21.271.946 [elf.cc:575] 110198 ElfParseParamSummary: paramCount=4, paramTotalSize=32.
[INFO] RUNTIME(110198,npu_reader):2026-09-21-11:29:21.271.948 [elf.cc:610] 110198 ElfParseParamInfo: Cache param info: ordinal=0, offset=0, size=8, align=8, paramType=2, spaceIndex=0.
[INFO] RUNTIME(110198,npu_reader):2026-09-21-11:29:21.271.950 [elf.cc:610] 110198 ElfParseParamInfo: Cache param info: ordinal=1, offset=8, size=8, align=8, paramType=2, spaceIndex=0.
[INFO] RUNTIME(110198,npu_reader):2026-09-21-11:29:21.271.953 [elf.cc:610] 110198 ElfParseParamInfo: Cache param info: ordinal=2, offset=16, size=8, align=8, paramType=2, spaceIndex=0.
[INFO] RUNTIME(110198,npu_reader):2026-09-21-11:29:21.271.955 [elf.cc:610] 110198 ElfParseParamInfo: Cache param info: ordinal=3, offset=24, size=8, align=8, paramType=2, spaceIndex=0.
[INFO] RUNTIME(110198,npu_reader):2026-09-21-11:29:21.271.958 [elf.cc:916] 110198 ParseKernelMetaData: kernel_name=mul_Ascend910B3_float32_232000000, ration[0]=0, ration[1]=0, dfxAddr=0xaaad81e2382c, dfxSize=176, funcType=0, crossCoreSync=0, kernelVfType=0, shareMemSize=0, minStackSize=0, isSupportFuncEntry=0, functionEntryFlag=128, functionEntry=0.
[INFO] RUNTIME(110198,npu_reader):2026-09-21-11:29:21.271.961 [elf.cc:884] 110198 ParseKernelMetaData: section name = .ascend.meta.mul_Ascend910B3_float32_223010000.
[INFO] RUNTIME(110198,npu_reader):2026-09-21-11:29:21.271.963 [elf.cc:575] 110198 ElfParseParamSummary: paramCount=4, paramTotalSize=32.
[INFO] RUNTIME(110198,npu_reader):2026-09-21-11:29:21.271.965 [elf.cc:610] 110198 ElfParseParamInfo: Cache param info: ordinal=0, offset=0, size=8, align=8, paramType=2, spaceIndex=0.
[INFO] RUNTIME(110198,npu_reader):2026-09-21-11:29:21.271.967 [elf.cc:610] 110198 ElfParseParamInfo: Cache param info: ordinal=1, offset=8, size=8, align=8, paramType=2, spaceIndex=0.
[INFO] RUNTIME(110198,npu_reader):2026-09-21-11:29:21.271.970 [elf.cc:610] 110198 ElfParseParamInfo: Cache param info: ordinal=2, offset=16, size=8, align=8, paramType=2, spaceIndex=0.
[INFO] RUNTIME(110198,npu_reader):2026-09-21-11:29:21.271.972 [elf.cc:610] 110198 ElfParseParamInfo: Cache param info: ordinal=3, offset=24, size=8, align=8, paramType=2, spaceIndex=0.
[INFO] RUNTIME(110198,npu_reader):2026-09-21-11:29:21.271.975 [elf.cc:916] 110198 ParseKernelMetaData: kernel_name=mul_Ascend910B3_float32_223010000, ration[0]=0, ration[1]=0, dfxAddr=0xaaad81e238dc, dfxSize=176, funcType=0, crossCoreSync=0, kernelVfType=0, shareMemSize=0, minStackSize=0, isSupportFuncEntry=0, functionEntryFlag=128, functionEntry=0.
[INFO] RUNTIME(110198,npu_reader):2026-09-21-11:29:21.271.978 [elf.cc:884] 110198 ParseKernelMetaData: section name = .ascend.meta.mul_Ascend910B3_float32_223000000.
[INFO] RUNTIME(110198,npu_reader):2026-09-21-11:29:21.271.980 [elf.cc:575] 110198 ElfParseParamSummary: paramCount=4, paramTotalSize=32.
[INFO] RUNTIME(110198,npu_reader):2026-09-21-11:29:21.271.982 [elf.cc:610] 110198 ElfParseParamInfo: Cache param info: ordinal=0, offset=0, size=8, align=8, paramType=2, spaceIndex=0.
[INFO] RUNTIME(110198,npu_reader):2026-09-21-11:29:21.271.985 [elf.cc:610] 110198 ElfParseParamInfo: Cache param info: ordinal=1, offset=8, size=8, align=8, paramType=2, spaceIndex=0.
[INFO] RUNTIME(110198,npu_reader):2026-09-21-11:29:21.271.987 [elf.cc:610] 110198 ElfParseParamInfo: Cache param info: ordinal=2, offset=16, size=8, align=8, paramType=2, spaceIndex=0.
[INFO] RUNTIME(110198,npu_reader):2026-09-21-11:29:21.271.989 [elf.cc:610] 110198 ElfParseParamInfo: Cache param info: ordinal=3, offset=24, size=8, align=8, paramType=2, spaceIndex=0.
[INFO] RUNTIME(110198,npu_reader):2026-09-21-11:29:21.271.992 [elf.cc:916] 110198 ParseKernelMetaData: kernel_name=mul_Ascend910B3_float32_223000000, ration[0]=0, ration[1]=0, dfxAddr=0xaaad81e2398c, dfxSize=176, funcType=0, crossCoreSync=0, kernelVfType=0, shareMemSize=0, minStackSize=0, isSupportFuncEntry=0, functionEntryFlag=128, functionEntry=0.
[INFO] RUNTIME(110198,npu_reader):2026-09-21-11:29:21.271.995 [elf.cc:884] 110198 ParseKernelMetaData: section name = .ascend.meta.mul_Ascend910B3_float32_210010000.
[INFO] RUNTIME(110198,npu_reader):2026-09-21-11:29:21.271.997 [elf.cc:575] 110198 ElfParseParamSummary: paramCount=4, paramTotalSize=32.
[INFO] RUNTIME(110198,npu_reader):2026-09-21-11:29:21.272.000 [elf.cc:610] 110198 ElfParseParamInfo: Cache param info: ordinal=0, offset=0, size=8, align=8, paramType=2, spaceIndex=0.
[INFO] RUNTIME(110198,npu_reader):2026-09-21-11:29:21.272.002 [elf.cc:610] 110198 ElfParseParamInfo: Cache param info: ordinal=1, offset=8, size=8, align=8, paramType=2, spaceIndex=0.
[INFO] RUNTIME(110198,npu_reader):2026-09-21-11:29:21.272.005 [elf.cc:610] 110198 ElfParseParamInfo: Cache param info: ordinal=2, offset=16, size=8, align=8, paramType=2, spaceIndex=0.
[INFO] RUNTIME(110198,npu_reader):2026-09-21-11:29:21.272.007 [elf.cc:610] 110198 ElfParseParamInfo: Cache param info: ordinal=3, offset=24, size=8, align=8, paramType=2, spaceIndex=0.
[INFO] RUNTIME(110198,npu_reader):2026-09-21-11:29:21.272.010 [elf.cc:916] 110198 ParseKernelMetaData: kernel_name=mul_Ascend910B3_float32_210010000, ration[0]=0, ration[1]=0, dfxAddr=0xaaad81e23a3c, dfxSize=176, funcType=0, crossCoreSync=0, kernelVfType=0, shareMemSize=0, minStackSize=0, isSupportFuncEntry=0, functionEntryFlag=128, functionEntry=0.
[INFO] RUNTIME(110198,npu_reader):2026-09-21-11:29:21.272.013 [elf.cc:884] 110198 ParseKernelMetaData: section name = .ascend.meta.mul_Ascend910B3_float32_210000000.
[INFO] RUNTIME(110198,npu_reader):2026-09-21-11:29:21.272.015 [elf.cc:575] 110198 ElfParseParamSummary: paramCount=4, paramTotalSize=32.
[INFO] RUNTIME(110198,npu_reader):2026-09-21-11:29:21.272.017 [elf.cc:610] 110198 ElfParseParamInfo: Cache param info: ordinal=0, offset=0, size=8, align=8, paramType=2, spaceIndex=0.
[INFO] RUNTIME(110198,npu_reader):2026-09-21-11:29:21.272.020 [elf.cc:610] 110198 ElfParseParamInfo: Cache param info: ordinal=1, offset=8, size=8, align=8, paramType=2, spaceIndex=0.
[INFO] RUNTIME(110198,npu_reader):2026-09-21-11:29:21.272.022 [elf.cc:610] 110198 ElfParseParamInfo: Cache param info: ordinal=2, offset=16, size=8, align=8, paramType=2, spaceIndex=0.
[INFO] RUNTIME(110198,npu_reader):2026-09-21-11:29:21.272.025 [elf.cc:610] 110198 ElfParseParamInfo: Cache param info: ordinal=3, offset=24, size=8, align=8, paramType=2, spaceIndex=0.
[INFO] RUNTIME(110198,npu_reader):2026-09-21-11:29:21.272.027 [elf.cc:916] 110198 ParseKernelMetaData: kernel_name=mul_Ascend910B3_float32_210000000, ration[0]=0, ration[1]=0, dfxAddr=0xaaad81e23aec, dfxSize=176, funcType=0, crossCoreSync=0, kernelVfType=0, shareMemSize=0, minStackSize=0, isSupportFuncEntry=0, functionEntryFlag=128, functionEntry=0.
[INFO] RUNTIME(110198,npu_reader):2026-09-21-11:29:21.272.039 [elf.cc:1076] 110198 UpdateCachedParamInfos: Restore cached param info: kernel_name=mul_Ascend910B3_float32_232010000, ordinal=0, offset=0, size=8.
[INFO] RUNTIME(110198,npu_reader):2026-09-21-11:29:21.272.042 [elf.cc:1076] 110198 UpdateCachedParamInfos: Restore cached param info: kernel_name=mul_Ascend910B3_float32_232010000, ordinal=1, offset=8, size=8.
[INFO] RUNTIME(110198,npu_reader):2026-09-21-11:29:21.272.044 [elf.cc:1076] 110198 UpdateCachedParamInfos: Restore cached param info: kernel_name=mul_Ascend910B3_float32_232010000, ordinal=2, offset=16, size=8.
[INFO] RUNTIME(110198,npu_reader):2026-09-21-11:29:21.272.046 [elf.cc:1076] 110198 UpdateCachedParamInfos: Restore cached param info: kernel_name=mul_Ascend910B3_float32_232010000, ordinal=3, offset=24, size=8.
[INFO] RUNTIME(110198,npu_reader):2026-09-21-11:29:21.272.049 [elf.cc:1145] 110198 UpdateKernelsInfo: update meta info, kernel_name=mul_Ascend910B3_float32_232010000, dfxAddr=0xaaad81e23738, dfxSize=176, funcType=0, elfDataFlag=1, userArgsNum=0, crossCoreSync=0, kernelVfType=0, shareMemSize=0, minStackSize=0, funcEntryType=0, functionEntry=0, schedMode=0, taskRation_0=0, taskRation_1=0, hasParamSummary=1, paramCount=4, paramTotalSize=32.
[INFO] RUNTIME(110198,npu_reader):2026-09-21-11:29:21.272.053 [elf.cc:1076] 110198 UpdateCachedParamInfos: Restore cached param info: kernel_name=mul_Ascend910B3_float32_232000000, ordinal=0, offset=0, size=8.
[INFO] RUNTIME(110198,npu_reader):2026-09-21-11:29:21.272.055 [elf.cc:1076] 110198 UpdateCachedParamInfos: Restore cached param info: kernel_name=mul_Ascend910B3_float32_232000000, ordinal=1, offset=8, size=8.
[INFO] RUNTIME(110198,npu_reader):2026-09-21-11:29:21.272.057 [elf.cc:1076] 110198 UpdateCachedParamInfos: Restore cached param info: kernel_name=mul_Ascend910B3_float32_232000000, ordinal=2, offset=16, size=8.
[INFO] RUNTIME(110198,npu_reader):2026-09-21-11:29:21.272.059 [elf.cc:1076] 110198 UpdateCachedParamInfos: Restore cached param info: kernel_name=mul_Ascend910B3_float32_232000000, ordinal=3, offset=24, size=8.
[INFO] RUNTIME(110198,npu_reader):2026-09-21-11:29:21.272.062 [elf.cc:1145] 110198 UpdateKernelsInfo: update meta info, kernel_name=mul_Ascend910B3_float32_232000000, dfxAddr=0xaaad81e2382c, dfxSize=176, funcType=0, elfDataFlag=1, userArgsNum=0, crossCoreSync=0, kernelVfType=0, shareMemSize=0, minStackSize=0, funcEntryType=0, functionEntry=0, schedMode=0, taskRation_0=0, taskRation_1=0, hasParamSummary=1, paramCount=4, paramTotalSize=32.
[INFO] RUNTIME(110198,npu_reader):2026-09-21-11:29:21.272.065 [elf.cc:1076] 110198 UpdateCachedParamInfos: Restore cached param info: kernel_name=mul_Ascend910B3_float32_223010000, ordinal=0, offset=0, size=8.
[INFO] RUNTIME(110198,npu_reader):2026-09-21-11:29:21.272.068 [elf.cc:1076] 110198 UpdateCachedParamInfos: Restore cached param info: kernel_name=mul_Ascend910B3_float32_223010000, ordinal=1, offset=8, size=8.
[INFO] RUNTIME(110198,npu_reader):2026-09-21-11:29:21.272.070 [elf.cc:1076] 110198 UpdateCachedParamInfos: Restore cached param info: kernel_name=mul_Ascend910B3_float32_223010000, ordinal=2, offset=16, size=8.
[INFO] RUNTIME(110198,npu_reader):2026-09-21-11:29:21.272.072 [elf.cc:1076] 110198 UpdateCachedParamInfos: Restore cached param info: kernel_name=mul_Ascend910B3_float32_223010000, ordinal=3, offset=24, size=8.
[INFO] RUNTIME(110198,npu_reader):2026-09-21-11:29:21.272.074 [elf.cc:1145] 110198 UpdateKernelsInfo: update meta info, kernel_name=mul_Ascend910B3_float32_223010000, dfxAddr=0xaaad81e238dc, dfxSize=176, funcType=0, elfDataFlag=1, userArgsNum=0, crossCoreSync=0, kernelVfType=0, shareMemSize=0, minStackSize=0, funcEntryType=0, functionEntry=0, schedMode=0, taskRation_0=0, taskRation_1=0, hasParamSummary=1, paramCount=4, paramTotalSize=32.
[INFO] RUNTIME(110198,npu_reader):2026-09-21-11:29:21.272.078 [elf.cc:1076] 110198 UpdateCachedParamInfos: Restore cached param info: kernel_name=mul_Ascend910B3_float32_223000000, ordinal=0, offset=0, size=8.
[INFO] RUNTIME(110198,npu_reader):2026-09-21-11:29:21.272.080 [elf.cc:1076] 110198 UpdateCachedParamInfos: Restore cached param info: kernel_name=mul_Ascend910B3_float32_223000000, ordinal=1, offset=8, size=8.
[INFO] RUNTIME(110198,npu_reader):2026-09-21-11:29:21.272.082 [elf.cc:1076] 110198 UpdateCachedParamInfos: Restore cached param info: kernel_name=mul_Ascend910B3_float32_223000000, ordinal=2, offset=16, size=8.
[INFO] RUNTIME(110198,npu_reader):2026-09-21-11:29:21.272.084 [elf.cc:1076] 110198 UpdateCachedParamInfos: Restore cached param info: kernel_name=mul_Ascend910B3_float32_223000000, ordinal=3, offset=24, size=8.
[INFO] RUNTIME(110198,npu_reader):2026-09-21-11:29:21.272.087 [elf.cc:1145] 110198 UpdateKernelsInfo: update meta info, kernel_name=mul_Ascend910B3_float32_223000000, dfxAddr=0xaaad81e2398c, dfxSize=176, funcType=0, elfDataFlag=1, userArgsNum=0, crossCoreSync=0, kernelVfType=0, shareMemSize=0, minStackSize=0, funcEntryType=0, functionEntry=0, schedMode=0, taskRation_0=0, taskRation_1=0, hasParamSummary=1, paramCount=4, paramTotalSize=32.
[INFO] RUNTIME(110198,npu_reader):2026-09-21-11:29:21.272.090 [elf.cc:1076] 110198 UpdateCachedParamInfos: Restore cached param info: kernel_name=mul_Ascend910B3_float32_210010000, ordinal=0, offset=0, size=8.
[INFO] RUNTIME(110198,npu_reader):2026-09-21-11:29:21.272.093 [elf.cc:1076] 110198 UpdateCachedParamInfos: Restore cached param info: kernel_name=mul_Ascend910B3_float32_210010000, ordinal=1, offset=8, size=8.
[INFO] RUNTIME(110198,npu_reader):2026-09-21-11:29:21.272.095 [elf.cc:1076] 110198 UpdateCachedParamInfos: Restore cached param info: kernel_name=mul_Ascend910B3_float32_210010000, ordinal=2, offset=16, size=8.
[INFO] RUNTIME(110198,npu_reader):2026-09-21-11:29:21.272.097 [elf.cc:1076] 110198 UpdateCachedParamInfos: Restore cached param info: kernel_name=mul_Ascend910B3_float32_210010000, ordinal=3, offset=24, size=8.
[INFO] RUNTIME(110198,npu_reader):2026-09-21-11:29:21.272.099 [elf.cc:1145] 110198 UpdateKernelsInfo: update meta info, kernel_name=mul_Ascend910B3_float32_210010000, dfxAddr=0xaaad81e23a3c, dfxSize=176, funcType=0, elfDataFlag=1, userArgsNum=0, crossCoreSync=0, kernelVfType=0, shareMemSize=0, minStackSize=0, funcEntryType=0, functionEntry=0, schedMode=0, taskRation_0=0, taskRation_1=0, hasParamSummary=1, paramCount=4, paramTotalSize=32.
[INFO] RUNTIME(110198,npu_reader):2026-09-21-11:29:21.272.103 [elf.cc:1076] 110198 UpdateCachedParamInfos: Restore cached param info: kernel_name=mul_Ascend910B3_float32_210000000, ordinal=0, offset=0, size=8.
[INFO] RUNTIME(110198,npu_reader):2026-09-21-11:29:21.272.105 [elf.cc:1076] 110198 UpdateCachedParamInfos: Restore cached param info: kernel_name=mul_Ascend910B3_float32_210000000, ordinal=1, offset=8, size=8.
[INFO] RUNTIME(110198,npu_reader):2026-09-21-11:29:21.272.107 [elf.cc:1076] 110198 UpdateCachedParamInfos: Restore cached param info: kernel_name=mul_Ascend910B3_float32_210000000, ordinal=2, offset=16, size=8.
[INFO] RUNTIME(110198,npu_reader):2026-09-21-11:29:21.272.110 [elf.cc:1076] 110198 UpdateCachedParamInfos: Restore cached param info: kernel_name=mul_Ascend910B3_float32_210000000, ordinal=3, offset=24, size=8.
[INFO] RUNTIME(110198,npu_reader):2026-09-21-11:29:21.272.112 [elf.cc:1145] 110198 UpdateKernelsInfo: update meta info, kernel_name=mul_Ascend910B3_float32_210000000, dfxAddr=0xaaad81e23aec, dfxSize=176, funcType=0, elfDataFlag=1, userArgsNum=0, crossCoreSync=0, kernelVfType=0, shareMemSize=0, minStackSize=0, funcEntryType=0, functionEntry=0, schedMode=0, taskRation_0=0, taskRation_1=0, hasParamSummary=1, paramCount=4, paramTotalSize=32.
[INFO] RUNTIME(110198,npu_reader):2026-09-21-11:29:21.272.116 [runtime.cc:1448] 110198 AddProgramToPool: progId=9
[INFO] RUNTIME(110198,npu_reader):2026-09-21-11:29:21.272.119 [program.cc:1649] 110198 GetKernelTypeAndMixType: Get kernel type success, kernelName=mul_Ascend910B3_float32_232010000, funcType=0, kernelAttrType=2, mixType=0
[INFO] RUNTIME(110198,npu_reader):2026-09-21-11:29:21.272.122 [program.cc:1119] 110198 SetKernelAttribute: kernel_name=mul_Ascend910B3_float32_232010000, kernelAttrType=2, userParamNum=0, sysParamNum=1, IsNeedSetFftsAddrInArg=0, isSupportOverFlow=1, elfDataFlag=1
[INFO] RUNTIME(110198,npu_reader):2026-09-21-11:29:21.272.125 [program.cc:1690] 110198 BuildNewKernel: new kernel success, size=1320, programId=9, original kernel_name=mul_Ascend910B3_float32_232010000, register kernel_name=mul_Ascend910B3_float32_232010000, tilingKey=232010000, functionEntry=0, funcType=0, kernelAttrType=2, mixType=0, taskRation=2, offset=0, dfxAddr=187662185150264, dfxSize=176
[INFO] RUNTIME(110198,npu_reader):2026-09-21-11:29:21.272.129 [program.cc:1649] 110198 GetKernelTypeAndMixType: Get kernel type success, kernelName=mul_Ascend910B3_float32_232000000, funcType=0, kernelAttrType=2, mixType=0
[INFO] RUNTIME(110198,npu_reader):2026-09-21-11:29:21.272.132 [program.cc:1119] 110198 SetKernelAttribute: kernel_name=mul_Ascend910B3_float32_232000000, kernelAttrType=2, userParamNum=0, sysParamNum=1, IsNeedSetFftsAddrInArg=0, isSupportOverFlow=1, elfDataFlag=1
[INFO] RUNTIME(110198,npu_reader):2026-09-21-11:29:21.272.135 [program.cc:1690] 110198 BuildNewKernel: new kernel success, size=1320, programId=9, original kernel_name=mul_Ascend910B3_float32_232000000, register kernel_name=mul_Ascend910B3_float32_232000000, tilingKey=232000000, functionEntry=0, funcType=0, kernelAttrType=2, mixType=0, taskRation=2, offset=1536, dfxAddr=187662185150508, dfxSize=176
[INFO] RUNTIME(110198,npu_reader):2026-09-21-11:29:21.272.139 [program.cc:1649] 110198 GetKernelTypeAndMixType: Get kernel type success, kernelName=mul_Ascend910B3_float32_223010000, funcType=0, kernelAttrType=2, mixType=0
[INFO] RUNTIME(110198,npu_reader):2026-09-21-11:29:21.272.142 [program.cc:1119] 110198 SetKernelAttribute: kernel_name=mul_Ascend910B3_float32_223010000, kernelAttrType=2, userParamNum=0, sysParamNum=1, IsNeedSetFftsAddrInArg=0, isSupportOverFlow=1, elfDataFlag=1
[INFO] RUNTIME(110198,npu_reader):2026-09-21-11:29:21.272.144 [program.cc:1690] 110198 BuildNewKernel: new kernel success, size=1320, programId=9, original kernel_name=mul_Ascend910B3_float32_223010000, register kernel_name=mul_Ascend910B3_float32_223010000, tilingKey=223010000, functionEntry=0, funcType=0, kernelAttrType=2, mixType=0, taskRation=2, offset=2472, dfxAddr=187662185150684, dfxSize=176
[INFO] RUNTIME(110198,npu_reader):2026-09-21-11:29:21.272.148 [program.cc:1649] 110198 GetKernelTypeAndMixType: Get kernel type success, kernelName=mul_Ascend910B3_float32_223000000, funcType=0, kernelAttrType=2, mixType=0
[INFO] RUNTIME(110198,npu_reader):2026-09-21-11:29:21.272.151 [program.cc:1119] 110198 SetKernelAttribute: kernel_name=mul_Ascend910B3_float32_223000000, kernelAttrType=2, userParamNum=0, sysParamNum=1, IsNeedSetFftsAddrInArg=0, isSupportOverFlow=1, elfDataFlag=1
[INFO] RUNTIME(110198,npu_reader):2026-09-21-11:29:21.272.154 [program.cc:1690] 110198 BuildNewKernel: new kernel success, size=1320, programId=9, original kernel_name=mul_Ascend910B3_float32_223000000, register kernel_name=mul_Ascend910B3_float32_223000000, tilingKey=223000000, functionEntry=0, funcType=0, kernelAttrType=2, mixType=0, taskRation=2, offset=4068, dfxAddr=187662185150860, dfxSize=176
[INFO] RUNTIME(110198,npu_reader):2026-09-21-11:29:21.272.158 [program.cc:1649] 110198 GetKernelTypeAndMixType: Get kernel type success, kernelName=mul_Ascend910B3_float32_210010000, funcType=0, kernelAttrType=2, mixType=0
[INFO] RUNTIME(110198,npu_reader):2026-09-21-11:29:21.272.161 [program.cc:1119] 110198 SetKernelAttribute: kernel_name=mul_Ascend910B3_float32_210010000, kernelAttrType=2, userParamNum=0, sysParamNum=1, IsNeedSetFftsAddrInArg=0, isSupportOverFlow=1, elfDataFlag=1
[INFO] RUNTIME(110198,npu_reader):2026-09-21-11:29:21.272.163 [program.cc:1690] 110198 BuildNewKernel: new kernel success, size=1320, programId=9, original kernel_name=mul_Ascend910B3_float32_210010000, register kernel_name=mul_Ascend910B3_float32_210010000, tilingKey=210010000, functionEntry=0, funcType=0, kernelAttrType=2, mixType=0, taskRation=2, offset=4992, dfxAddr=187662185151036, dfxSize=176
[INFO] RUNTIME(110198,npu_reader):2026-09-21-11:29:21.272.167 [program.cc:1649] 110198 GetKernelTypeAndMixType: Get kernel type success, kernelName=mul_Ascend910B3_float32_210000000, funcType=0, kernelAttrType=2, mixType=0
[INFO] RUNTIME(110198,npu_reader):2026-09-21-11:29:21.272.170 [program.cc:1119] 110198 SetKernelAttribute: kernel_name=mul_Ascend910B3_float32_210000000, kernelAttrType=2, userParamNum=0, sysParamNum=1, IsNeedSetFftsAddrInArg=0, isSupportOverFlow=1, elfDataFlag=1
[INFO] RUNTIME(110198,npu_reader):2026-09-21-11:29:21.272.173 [program.cc:1690] 110198 BuildNewKernel: new kernel success, size=1320, programId=9, original kernel_name=mul_Ascend910B3_float32_210000000, register kernel_name=mul_Ascend910B3_float32_210000000, tilingKey=210000000, functionEntry=0, funcType=0, kernelAttrType=2, mixType=0, taskRation=2, offset=6596, dfxAddr=187662185151212, dfxSize=176
[INFO] RUNTIME(110198,npu_reader):2026-09-21-11:29:21.272.187 [binary_loader.cc:364] 110198 LoadFromData: New ElfProgram ok, magic=1094799942, kernelAttrType=2, Runtime_alloc_size=11072
[INFO] RUNTIME(110198,npu_reader):2026-09-21-11:29:21.272.197 [program.cc:204] 110198 SaveBinaryData: Malloc the buffer for elfData, len=14976
[INFO] RUNTIME(110198,npu_reader):2026-09-21-11:29:21.272.201 [elf.cc:884] 110198 ParseKernelMetaData: section name = .text.
[INFO] RUNTIME(110198,npu_reader):2026-09-21-11:29:21.272.203 [elf.cc:884] 110198 ParseKernelMetaData: section name = .ascend.stack.size.record.
[INFO] RUNTIME(110198,npu_reader):2026-09-21-11:29:21.272.206 [elf.cc:884] 110198 ParseKernelMetaData: section name = __CCE_KernelArgSize.
[INFO] RUNTIME(110198,npu_reader):2026-09-21-11:29:21.272.208 [elf.cc:884] 110198 ParseKernelMetaData: section name = .ascend.meta.mul_Ascend910B4_float32_232010000.
[INFO] RUNTIME(110198,npu_reader):2026-09-21-11:29:21.272.210 [elf.cc:575] 110198 ElfParseParamSummary: paramCount=4, paramTotalSize=32.
[INFO] RUNTIME(110198,npu_reader):2026-09-21-11:29:21.272.212 [elf.cc:610] 110198 ElfParseParamInfo: Cache param info: ordinal=0, offset=0, size=8, align=8, paramType=2, spaceIndex=0.
[INFO] RUNTIME(110198,npu_reader):2026-09-21-11:29:21.272.215 [elf.cc:610] 110198 ElfParseParamInfo: Cache param info: ordinal=1, offset=8, size=8, align=8, paramType=2, spaceIndex=0.
[INFO] RUNTIME(110198,npu_reader):2026-09-21-11:29:21.272.217 [elf.cc:610] 110198 ElfParseParamInfo: Cache param info: ordinal=2, offset=16, size=8, align=8, paramType=2, spaceIndex=0.
[INFO] RUNTIME(110198,npu_reader):2026-09-21-11:29:21.272.220 [elf.cc:610] 110198 ElfParseParamInfo: Cache param info: ordinal=3, offset=24, size=8, align=8, paramType=2, spaceIndex=0.
[INFO] RUNTIME(110198,npu_reader):2026-09-21-11:29:21.272.222 [elf.cc:916] 110198 ParseKernelMetaData: kernel_name=mul_Ascend910B4_float32_232010000, ration[0]=0, ration[1]=0, dfxAddr=0xaaad81e30938, dfxSize=176, funcType=0, crossCoreSync=0, kernelVfType=0, shareMemSize=0, minStackSize=0, isSupportFuncEntry=0, functionEntryFlag=128, functionEntry=0.
[INFO] RUNTIME(110198,npu_reader):2026-09-21-11:29:21.272.226 [elf.cc:884] 110198 ParseKernelMetaData: section name = .comment.
[INFO] RUNTIME(110198,npu_reader):2026-09-21-11:29:21.272.228 [elf.cc:884] 110198 ParseKernelMetaData: section name = .ascend.meta.mul_Ascend910B4_float32_232000000.
[INFO] RUNTIME(110198,npu_reader):2026-09-21-11:29:21.272.230 [elf.cc:575] 110198 ElfParseParamSummary: paramCount=4, paramTotalSize=32.
[INFO] RUNTIME(110198,npu_reader):2026-09-21-11:29:21.272.232 [elf.cc:610] 110198 ElfParseParamInfo: Cache param info: ordinal=0, offset=0, size=8, align=8, paramType=2, spaceIndex=0.
[INFO] RUNTIME(110198,npu_reader):2026-09-21-11:29:21.272.234 [elf.cc:610] 110198 ElfParseParamInfo: Cache param info: ordinal=1, offset=8, size=8, align=8, paramType=2, spaceIndex=0.
[INFO] RUNTIME(110198,npu_reader):2026-09-21-11:29:21.272.237 [elf.cc:610] 110198 ElfParseParamInfo: Cache param info: ordinal=2, offset=16, size=8, align=8, paramType=2, spaceIndex=0.
[INFO] RUNTIME(110198,npu_reader):2026-09-21-11:29:21.272.239 [elf.cc:610] 110198 ElfParseParamInfo: Cache param info: ordinal=3, offset=24, size=8, align=8, paramType=2, spaceIndex=0.
[INFO] RUNTIME(110198,npu_reader):2026-09-21-11:29:21.272.242 [elf.cc:916] 110198 ParseKernelMetaData: kernel_name=mul_Ascend910B4_float32_232000000, ration[0]=0, ration[1]=0, dfxAddr=0xaaad81e30a2c, dfxSize=176, funcType=0, crossCoreSync=0, kernelVfType=0, shareMemSize=0, minStackSize=0, isSupportFuncEntry=0, functionEntryFlag=128, functionEntry=0.
[INFO] RUNTIME(110198,npu_reader):2026-09-21-11:29:21.272.245 [elf.cc:884] 110198 ParseKernelMetaData: section name = .ascend.meta.mul_Ascend910B4_float32_223010000.
[INFO] RUNTIME(110198,npu_reader):2026-09-21-11:29:21.272.247 [elf.cc:575] 110198 ElfParseParamSummary: paramCount=4, paramTotalSize=32.
[INFO] RUNTIME(110198,npu_reader):2026-09-21-11:29:21.272.249 [elf.cc:610] 110198 ElfParseParamInfo: Cache param info: ordinal=0, offset=0, size=8, align=8, paramType=2, spaceIndex=0.
[INFO] RUNTIME(110198,npu_reader):2026-09-21-11:29:21.272.252 [elf.cc:610] 110198 ElfParseParamInfo: Cache param info: ordinal=1, offset=8, size=8, align=8, paramType=2, spaceIndex=0.
[INFO] RUNTIME(110198,npu_reader):2026-09-21-11:29:21.272.254 [elf.cc:610] 110198 ElfParseParamInfo: Cache param info: ordinal=2, offset=16, size=8, align=8, paramType=2, spaceIndex=0.
[INFO] RUNTIME(110198,npu_reader):2026-09-21-11:29:21.272.257 [elf.cc:610] 110198 ElfParseParamInfo: Cache param info: ordinal=3, offset=24, size=8, align=8, paramType=2, spaceIndex=0.
[INFO] RUNTIME(110198,npu_reader):2026-09-21-11:29:21.272.259 [elf.cc:916] 110198 ParseKernelMetaData: kernel_name=mul_Ascend910B4_float32_223010000, ration[0]=0, ration[1]=0, dfxAddr=0xaaad81e30adc, dfxSize=176, funcType=0, crossCoreSync=0, kernelVfType=0, shareMemSize=0, minStackSize=0, isSupportFuncEntry=0, functionEntryFlag=128, functionEntry=0.
[INFO] RUNTIME(110198,npu_reader):2026-09-21-11:29:21.272.262 [elf.cc:884] 110198 ParseKernelMetaData: section name = .ascend.meta.mul_Ascend910B4_float32_223000000.
[INFO] RUNTIME(110198,npu_reader):2026-09-21-11:29:21.272.265 [elf.cc:575] 110198 ElfParseParamSummary: paramCount=4, paramTotalSize=32.
[INFO] RUNTIME(110198,npu_reader):2026-09-21-11:29:21.272.267 [elf.cc:610] 110198 ElfParseParamInfo: Cache param info: ordinal=0, offset=0, size=8, align=8, paramType=2, spaceIndex=0.
[INFO] RUNTIME(110198,npu_reader):2026-09-21-11:29:21.272.269 [elf.cc:610] 110198 ElfParseParamInfo: Cache param info: ordinal=1, offset=8, size=8, align=8, paramType=2, spaceIndex=0.
[INFO] RUNTIME(110198,npu_reader):2026-09-21-11:29:21.272.272 [elf.cc:610] 110198 ElfParseParamInfo: Cache param info: ordinal=2, offset=16, size=8, align=8, paramType=2, spaceIndex=0.
[INFO] RUNTIME(110198,npu_reader):2026-09-21-11:29:21.272.274 [elf.cc:610] 110198 ElfParseParamInfo: Cache param info: ordinal=3, offset=24, size=8, align=8, paramType=2, spaceIndex=0.
[INFO] RUNTIME(110198,npu_reader):2026-09-21-11:29:21.272.276 [elf.cc:916] 110198 ParseKernelMetaData: kernel_name=mul_Ascend910B4_float32_223000000, ration[0]=0, ration[1]=0, dfxAddr=0xaaad81e30b8c, dfxSize=176, funcType=0, crossCoreSync=0, kernelVfType=0, shareMemSize=0, minStackSize=0, isSupportFuncEntry=0, functionEntryFlag=128, functionEntry=0.
[INFO] RUNTIME(110198,npu_reader):2026-09-21-11:29:21.272.279 [elf.cc:884] 110198 ParseKernelMetaData: section name = .ascend.meta.mul_Ascend910B4_float32_210010000.
[INFO] RUNTIME(110198,npu_reader):2026-09-21-11:29:21.272.282 [elf.cc:575] 110198 ElfParseParamSummary: paramCount=4, paramTotalSize=32.
[INFO] RUNTIME(110198,npu_reader):2026-09-21-11:29:21.272.284 [elf.cc:610] 110198 ElfParseParamInfo: Cache param info: ordinal=0, offset=0, size=8, align=8, paramType=2, spaceIndex=0.
[INFO] RUNTIME(110198,npu_reader):2026-09-21-11:29:21.272.286 [elf.cc:610] 110198 ElfParseParamInfo: Cache param info: ordinal=1, offset=8, size=8, align=8, paramType=2, spaceIndex=0.
[INFO] RUNTIME(110198,npu_reader):2026-09-21-11:29:21.272.289 [elf.cc:610] 110198 ElfParseParamInfo: Cache param info: ordinal=2, offset=16, size=8, align=8, paramType=2, spaceIndex=0.
[INFO] RUNTIME(110198,npu_reader):2026-09-21-11:29:21.272.291 [elf.cc:610] 110198 ElfParseParamInfo: Cache param info: ordinal=3, offset=24, size=8, align=8, paramType=2, spaceIndex=0.
[INFO] RUNTIME(110198,npu_reader):2026-09-21-11:29:21.272.293 [elf.cc:916] 110198 ParseKernelMetaData: kernel_name=mul_Ascend910B4_float32_210010000, ration[0]=0, ration[1]=0, dfxAddr=0xaaad81e30c3c, dfxSize=176, funcType=0, crossCoreSync=0, kernelVfType=0, shareMemSize=0, minStackSize=0, isSupportFuncEntry=0, functionEntryFlag=128, functionEntry=0.
[INFO] RUNTIME(110198,npu_reader):2026-09-21-11:29:21.272.296 [elf.cc:884] 110198 ParseKernelMetaData: section name = .ascend.meta.mul_Ascend910B4_float32_210000000.
[INFO] RUNTIME(110198,npu_reader):2026-09-21-11:29:21.272.299 [elf.cc:575] 110198 ElfParseParamSummary: paramCount=4, paramTotalSize=32.
[INFO] RUNTIME(110198,npu_reader):2026-09-21-11:29:21.272.301 [elf.cc:610] 110198 ElfParseParamInfo: Cache param info: ordinal=0, offset=0, size=8, align=8, paramType=2, spaceIndex=0.
[INFO] RUNTIME(110198,npu_reader):2026-09-21-11:29:21.272.304 [elf.cc:610] 110198 ElfParseParamInfo: Cache param info: ordinal=1, offset=8, size=8, align=8, paramType=2, spaceIndex=0.
[INFO] RUNTIME(110198,npu_reader):2026-09-21-11:29:21.272.306 [elf.cc:610] 110198 ElfParseParamInfo: Cache param info: ordinal=2, offset=16, size=8, align=8, paramType=2, spaceIndex=0.
[INFO] RUNTIME(110198,npu_reader):2026-09-21-11:29:21.272.309 [elf.cc:610] 110198 ElfParseParamInfo: Cache param info: ordinal=3, offset=24, size=8, align=8, paramType=2, spaceIndex=0.
[INFO] RUNTIME(110198,npu_reader):2026-09-21-11:29:21.272.311 [elf.cc:916] 110198 ParseKernelMetaData: kernel_name=mul_Ascend910B4_float32_210000000, ration[0]=0, ration[1]=0, dfxAddr=0xaaad81e30cec, dfxSize=176, funcType=0, crossCoreSync=0, kernelVfType=0, shareMemSize=0, minStackSize=0, isSupportFuncEntry=0, functionEntryFlag=128, functionEntry=0.
[INFO] RUNTIME(110198,npu_reader):2026-09-21-11:29:21.272.323 [elf.cc:1076] 110198 UpdateCachedParamInfos: Restore cached param info: kernel_name=mul_Ascend910B4_float32_232010000, ordinal=0, offset=0, size=8.
[INFO] RUNTIME(110198,npu_reader):2026-09-21-11:29:21.272.326 [elf.cc:1076] 110198 UpdateCachedParamInfos: Restore cached param info: kernel_name=mul_Ascend910B4_float32_232010000, ordinal=1, offset=8, size=8.
[INFO] RUNTIME(110198,npu_reader):2026-09-21-11:29:21.272.328 [elf.cc:1076] 110198 UpdateCachedParamInfos: Restore cached param info: kernel_name=mul_Ascend910B4_float32_232010000, ordinal=2, offset=16, size=8.
[INFO] RUNTIME(110198,npu_reader):2026-09-21-11:29:21.272.331 [elf.cc:1076] 110198 UpdateCachedParamInfos: Restore cached param info: kernel_name=mul_Ascend910B4_float32_232010000, ordinal=3, offset=24, size=8.
[INFO] RUNTIME(110198,npu_reader):2026-09-21-11:29:21.272.333 [elf.cc:1145] 110198 UpdateKernelsInfo: update meta info, kernel_name=mul_Ascend910B4_float32_232010000, dfxAddr=0xaaad81e30938, dfxSize=176, funcType=0, elfDataFlag=1, userArgsNum=0, crossCoreSync=0, kernelVfType=0, shareMemSize=0, minStackSize=0, funcEntryType=0, functionEntry=0, schedMode=0, taskRation_0=0, taskRation_1=0, hasParamSummary=1, paramCount=4, paramTotalSize=32.
[INFO] RUNTIME(110198,npu_reader):2026-09-21-11:29:21.272.336 [elf.cc:1076] 110198 UpdateCachedParamInfos: Restore cached param info: kernel_name=mul_Ascend910B4_float32_232000000, ordinal=0, offset=0, size=8.
[INFO] RUNTIME(110198,npu_reader):2026-09-21-11:29:21.272.339 [elf.cc:1076] 110198 UpdateCachedParamInfos: Restore cached param info: kernel_name=mul_Ascend910B4_float32_232000000, ordinal=1, offset=8, size=8.
[INFO] RUNTIME(110198,npu_reader):2026-09-21-11:29:21.272.341 [elf.cc:1076] 110198 UpdateCachedParamInfos: Restore cached param info: kernel_name=mul_Ascend910B4_float32_232000000, ordinal=2, offset=16, size=8.
[INFO] RUNTIME(110198,npu_reader):2026-09-21-11:29:21.272.343 [elf.cc:1076] 110198 UpdateCachedParamInfos: Restore cached param info: kernel_name=mul_Ascend910B4_float32_232000000, ordinal=3, offset=24, size=8.
[INFO] RUNTIME(110198,npu_reader):2026-09-21-11:29:21.272.345 [elf.cc:1145] 110198 UpdateKernelsInfo: update meta info, kernel_name=mul_Ascend910B4_float32_232000000, dfxAddr=0xaaad81e30a2c, dfxSize=176, funcType=0, elfDataFlag=1, userArgsNum=0, crossCoreSync=0, kernelVfType=0, shareMemSize=0, minStackSize=0, funcEntryType=0, functionEntry=0, schedMode=0, taskRation_0=0, taskRation_1=0, hasParamSummary=1, paramCount=4, paramTotalSize=32.
[INFO] RUNTIME(110198,npu_reader):2026-09-21-11:29:21.272.349 [elf.cc:1076] 110198 UpdateCachedParamInfos: Restore cached param info: kernel_name=mul_Ascend910B4_float32_223010000, ordinal=0, offset=0, size=8.
[INFO] RUNTIME(110198,npu_reader):2026-09-21-11:29:21.272.351 [elf.cc:1076] 110198 UpdateCachedParamInfos: Restore cached param info: kernel_name=mul_Ascend910B4_float32_223010000, ordinal=1, offset=8, size=8.
[INFO] RUNTIME(110198,npu_reader):2026-09-21-11:29:21.272.353 [elf.cc:1076] 110198 UpdateCachedParamInfos: Restore cached param info: kernel_name=mul_Ascend910B4_float32_223010000, ordinal=2, offset=16, size=8.
[INFO] RUNTIME(110198,npu_reader):2026-09-21-11:29:21.272.356 [elf.cc:1076] 110198 UpdateCachedParamInfos: Restore cached param info: kernel_name=mul_Ascend910B4_float32_223010000, ordinal=3, offset=24, size=8.
[INFO] RUNTIME(110198,npu_reader):2026-09-21-11:29:21.272.358 [elf.cc:1145] 110198 UpdateKernelsInfo: update meta info, kernel_name=mul_Ascend910B4_float32_223010000, dfxAddr=0xaaad81e30adc, dfxSize=176, funcType=0, elfDataFlag=1, userArgsNum=0, crossCoreSync=0, kernelVfType=0, shareMemSize=0, minStackSize=0, funcEntryType=0, functionEntry=0, schedMode=0, taskRation_0=0, taskRation_1=0, hasParamSummary=1, paramCount=4, paramTotalSize=32.
[INFO] RUNTIME(110198,npu_reader):2026-09-21-11:29:21.272.362 [elf.cc:1076] 110198 UpdateCachedParamInfos: Restore cached param info: kernel_name=mul_Ascend910B4_float32_223000000, ordinal=0, offset=0, size=8.
[INFO] RUNTIME(110198,npu_reader):2026-09-21-11:29:21.272.364 [elf.cc:1076] 110198 UpdateCachedParamInfos: Restore cached param info: kernel_name=mul_Ascend910B4_float32_223000000, ordinal=1, offset=8, size=8.
[INFO] RUNTIME(110198,npu_reader):2026-09-21-11:29:21.272.366 [elf.cc:1076] 110198 UpdateCachedParamInfos: Restore cached param info: kernel_name=mul_Ascend910B4_float32_223000000, ordinal=2, offset=16, size=8.
[INFO] RUNTIME(110198,npu_reader):2026-09-21-11:29:21.272.368 [elf.cc:1076] 110198 UpdateCachedParamInfos: Restore cached param info: kernel_name=mul_Ascend910B4_float32_223000000, ordinal=3, offset=24, size=8.
[INFO] RUNTIME(110198,npu_reader):2026-09-21-11:29:21.272.371 [elf.cc:1145] 110198 UpdateKernelsInfo: update meta info, kernel_name=mul_Ascend910B4_float32_223000000, dfxAddr=0xaaad81e30b8c, dfxSize=176, funcType=0, elfDataFlag=1, userArgsNum=0, crossCoreSync=0, kernelVfType=0, shareMemSize=0, minStackSize=0, funcEntryType=0, functionEntry=0, schedMode=0, taskRation_0=0, taskRation_1=0, hasParamSummary=1, paramCount=4, paramTotalSize=32.
[INFO] RUNTIME(110198,npu_reader):2026-09-21-11:29:21.272.374 [elf.cc:1076] 110198 UpdateCachedParamInfos: Restore cached param info: kernel_name=mul_Ascend910B4_float32_210010000, ordinal=0, offset=0, size=8.
[INFO] RUNTIME(110198,npu_reader):2026-09-21-11:29:21.272.376 [elf.cc:1076] 110198 UpdateCachedParamInfos: Restore cached param info: kernel_name=mul_Ascend910B4_float32_210010000, ordinal=1, offset=8, size=8.
[INFO] RUNTIME(110198,npu_reader):2026-09-21-11:29:21.272.379 [elf.cc:1076] 110198 UpdateCachedParamInfos: Restore cached param info: kernel_name=mul_Ascend910B4_float32_210010000, ordinal=2, offset=16, size=8.
[INFO] RUNTIME(110198,npu_reader):2026-09-21-11:29:21.272.381 [elf.cc:1076] 110198 UpdateCachedParamInfos: Restore cached param info: kernel_name=mul_Ascend910B4_float32_210010000, ordinal=3, offset=24, size=8.
[INFO] RUNTIME(110198,npu_reader):2026-09-21-11:29:21.272.383 [elf.cc:1145] 110198 UpdateKernelsInfo: update meta info, kernel_name=mul_Ascend910B4_float32_210010000, dfxAddr=0xaaad81e30c3c, dfxSize=176, funcType=0, elfDataFlag=1, userArgsNum=0, crossCoreSync=0, kernelVfType=0, shareMemSize=0, minStackSize=0, funcEntryType=0, functionEntry=0, schedMode=0, taskRation_0=0, taskRation_1=0, hasParamSummary=1, paramCount=4, paramTotalSize=32.
[INFO] RUNTIME(110198,npu_reader):2026-09-21-11:29:21.272.386 [elf.cc:1076] 110198 UpdateCachedParamInfos: Restore cached param info: kernel_name=mul_Ascend910B4_float32_210000000, ordinal=0, offset=0, size=8.
[INFO] RUNTIME(110198,npu_reader):2026-09-21-11:29:21.272.389 [elf.cc:1076] 110198 UpdateCachedParamInfos: Restore cached param info: kernel_name=mul_Ascend910B4_float32_210000000, ordinal=1, offset=8, size=8.
[INFO] RUNTIME(110198,npu_reader):2026-09-21-11:29:21.272.391 [elf.cc:1076] 110198 UpdateCachedParamInfos: Restore cached param info: kernel_name=mul_Ascend910B4_float32_210000000, ordinal=2, offset=16, size=8.
[INFO] RUNTIME(110198,npu_reader):2026-09-21-11:29:21.272.393 [elf.cc:1076] 110198 UpdateCachedParamInfos: Restore cached param info: kernel_name=mul_Ascend910B4_float32_210000000, ordinal=3, offset=24, size=8.
[INFO] RUNTIME(110198,npu_reader):2026-09-21-11:29:21.272.396 [elf.cc:1145] 110198 UpdateKernelsInfo: update meta info, kernel_name=mul_Ascend910B4_float32_210000000, dfxAddr=0xaaad81e30cec, dfxSize=176, funcType=0, elfDataFlag=1, userArgsNum=0, crossCoreSync=0, kernelVfType=0, shareMemSize=0, minStackSize=0, funcEntryType=0, functionEntry=0, schedMode=0, taskRation_0=0, taskRation_1=0, hasParamSummary=1, paramCount=4, paramTotalSize=32.
[INFO] RUNTIME(110198,npu_reader):2026-09-21-11:29:21.272.399 [runtime.cc:1448] 110198 AddProgramToPool: progId=10
[INFO] RUNTIME(110198,npu_reader):2026-09-21-11:29:21.272.402 [program.cc:1649] 110198 GetKernelTypeAndMixType: Get kernel type success, kernelName=mul_Ascend910B4_float32_232010000, funcType=0, kernelAttrType=2, mixType=0
[INFO] RUNTIME(110198,npu_reader):2026-09-21-11:29:21.272.406 [program.cc:1119] 110198 SetKernelAttribute: kernel_name=mul_Ascend910B4_float32_232010000, kernelAttrType=2, userParamNum=0, sysParamNum=1, IsNeedSetFftsAddrInArg=0, isSupportOverFlow=1, elfDataFlag=1
[INFO] RUNTIME(110198,npu_reader):2026-09-21-11:29:21.272.409 [program.cc:1690] 110198 BuildNewKernel: new kernel success, size=1320, programId=10, original kernel_name=mul_Ascend910B4_float32_232010000, register kernel_name=mul_Ascend910B4_float32_232010000, tilingKey=232010000, functionEntry=0, funcType=0, kernelAttrType=2, mixType=0, taskRation=2, offset=0, dfxAddr=187662185204024, dfxSize=176
[INFO] RUNTIME(110198,npu_reader):2026-09-21-11:29:21.272.412 [program.cc:1649] 110198 GetKernelTypeAndMixType: Get kernel type success, kernelName=mul_Ascend910B4_float32_232000000, funcType=0, kernelAttrType=2, mixType=0
[INFO] RUNTIME(110198,npu_reader):2026-09-21-11:29:21.272.415 [program.cc:1119] 110198 SetKernelAttribute: kernel_name=mul_Ascend910B4_float32_232000000, kernelAttrType=2, userParamNum=0, sysParamNum=1, IsNeedSetFftsAddrInArg=0, isSupportOverFlow=1, elfDataFlag=1
[INFO] RUNTIME(110198,npu_reader):2026-09-21-11:29:21.272.418 [program.cc:1690] 110198 BuildNewKernel: new kernel success, size=1320, programId=10, original kernel_name=mul_Ascend910B4_float32_232000000, register kernel_name=mul_Ascend910B4_float32_232000000, tilingKey=232000000, functionEntry=0, funcType=0, kernelAttrType=2, mixType=0, taskRation=2, offset=1536, dfxAddr=187662185204268, dfxSize=176
[INFO] RUNTIME(110198,npu_reader):2026-09-21-11:29:21.272.422 [program.cc:1649] 110198 GetKernelTypeAndMixType: Get kernel type success, kernelName=mul_Ascend910B4_float32_223010000, funcType=0, kernelAttrType=2, mixType=0
[INFO] RUNTIME(110198,npu_reader):2026-09-21-11:29:21.272.425 [program.cc:1119] 110198 SetKernelAttribute: kernel_name=mul_Ascend910B4_float32_223010000, kernelAttrType=2, userParamNum=0, sysParamNum=1, IsNeedSetFftsAddrInArg=0, isSupportOverFlow=1, elfDataFlag=1
[INFO] RUNTIME(110198,npu_reader):2026-09-21-11:29:21.272.427 [program.cc:1690] 110198 BuildNewKernel: new kernel success, size=1320, programId=10, original kernel_name=mul_Ascend910B4_float32_223010000, register kernel_name=mul_Ascend910B4_float32_223010000, tilingKey=223010000, functionEntry=0, funcType=0, kernelAttrType=2, mixType=0, taskRation=2, offset=2472, dfxAddr=187662185204444, dfxSize=176
[INFO] RUNTIME(110198,npu_reader):2026-09-21-11:29:21.272.431 [program.cc:1649] 110198 GetKernelTypeAndMixType: Get kernel type success, kernelName=mul_Ascend910B4_float32_223000000, funcType=0, kernelAttrType=2, mixType=0
[INFO] RUNTIME(110198,npu_reader):2026-09-21-11:29:21.272.434 [program.cc:1119] 110198 SetKernelAttribute: kernel_name=mul_Ascend910B4_float32_223000000, kernelAttrType=2, userParamNum=0, sysParamNum=1, IsNeedSetFftsAddrInArg=0, isSupportOverFlow=1, elfDataFlag=1
[INFO] RUNTIME(110198,npu_reader):2026-09-21-11:29:21.272.436 [program.cc:1690] 110198 BuildNewKernel: new kernel success, size=1320, programId=10, original kernel_name=mul_Ascend910B4_float32_223000000, register kernel_name=mul_Ascend910B4_float32_223000000, tilingKey=223000000, functionEntry=0, funcType=0, kernelAttrType=2, mixType=0, taskRation=2, offset=4068, dfxAddr=187662185204620, dfxSize=176
[INFO] RUNTIME(110198,npu_reader):2026-09-21-11:29:21.272.441 [program.cc:1649] 110198 GetKernelTypeAndMixType: Get kernel type success, kernelName=mul_Ascend910B4_float32_210010000, funcType=0, kernelAttrType=2, mixType=0
[INFO] RUNTIME(110198,npu_reader):2026-09-21-11:29:21.272.444 [program.cc:1119] 110198 SetKernelAttribute: kernel_name=mul_Ascend910B4_float32_210010000, kernelAttrType=2, userParamNum=0, sysParamNum=1, IsNeedSetFftsAddrInArg=0, isSupportOverFlow=1, elfDataFlag=1
[INFO] RUNTIME(110198,npu_reader):2026-09-21-11:29:21.272.446 [program.cc:1690] 110198 BuildNewKernel: new kernel success, size=1320, programId=10, original kernel_name=mul_Ascend910B4_float32_210010000, register kernel_name=mul_Ascend910B4_float32_210010000, tilingKey=210010000, functionEntry=0, funcType=0, kernelAttrType=2, mixType=0, taskRation=2, offset=4992, dfxAddr=187662185204796, dfxSize=176
[INFO] RUNTIME(110198,npu_reader):2026-09-21-11:29:21.272.450 [program.cc:1649] 110198 GetKernelTypeAndMixType: Get kernel type success, kernelName=mul_Ascend910B4_float32_210000000, funcType=0, kernelAttrType=2, mixType=0
[INFO] RUNTIME(110198,npu_reader):2026-09-21-11:29:21.272.453 [program.cc:1119] 110198 SetKernelAttribute: kernel_name=mul_Ascend910B4_float32_210000000, kernelAttrType=2, userParamNum=0, sysParamNum=1, IsNeedSetFftsAddrInArg=0, isSupportOverFlow=1, elfDataFlag=1
[INFO] RUNTIME(110198,npu_reader):2026-09-21-11:29:21.272.456 [program.cc:1690] 110198 BuildNewKernel: new kernel success, size=1320, programId=10, original kernel_name=mul_Ascend910B4_float32_210000000, register kernel_name=mul_Ascend910B4_float32_210000000, tilingKey=210000000, functionEntry=0, funcType=0, kernelAttrType=2, mixType=0, taskRation=2, offset=6596, dfxAddr=187662185204972, dfxSize=176
[INFO] RUNTIME(110198,npu_reader):2026-09-21-11:29:21.272.470 [binary_loader.cc:364] 110198 LoadFromData: New ElfProgram ok, magic=1094799942, kernelAttrType=2, Runtime_alloc_size=11072
[INFO] RUNTIME(110198,npu_reader):2026-09-21-11:29:21.272.473 [program.cc:204] 110198 SaveBinaryData: Malloc the buffer for elfData, len=15288
[INFO] RUNTIME(110198,npu_reader):2026-09-21-11:29:21.272.477 [elf.cc:884] 110198 ParseKernelMetaData: section name = .text.
[INFO] RUNTIME(110198,npu_reader):2026-09-21-11:29:21.272.479 [elf.cc:884] 110198 ParseKernelMetaData: section name = .ascend.stack.size.record.
[INFO] RUNTIME(110198,npu_reader):2026-09-21-11:29:21.272.481 [elf.cc:884] 110198 ParseKernelMetaData: section name = __CCE_KernelArgSize.
[INFO] RUNTIME(110198,npu_reader):2026-09-21-11:29:21.272.484 [elf.cc:884] 110198 ParseKernelMetaData: section name = .ascend.meta.mul_Ascend910B1_int32_232010000.
[INFO] RUNTIME(110198,npu_reader):2026-09-21-11:29:21.272.486 [elf.cc:575] 110198 ElfParseParamSummary: paramCount=4, paramTotalSize=32.
[INFO] RUNTIME(110198,npu_reader):2026-09-21-11:29:21.272.488 [elf.cc:610] 110198 ElfParseParamInfo: Cache param info: ordinal=0, offset=0, size=8, align=8, paramType=2, spaceIndex=0.
[INFO] RUNTIME(110198,npu_reader):2026-09-21-11:29:21.272.491 [elf.cc:610] 110198 ElfParseParamInfo: Cache param info: ordinal=1, offset=8, size=8, align=8, paramType=2, spaceIndex=0.
[INFO] RUNTIME(110198,npu_reader):2026-09-21-11:29:21.272.493 [elf.cc:610] 110198 ElfParseParamInfo: Cache param info: ordinal=2, offset=16, size=8, align=8, paramType=2, spaceIndex=0.
[INFO] RUNTIME(110198,npu_reader):2026-09-21-11:29:21.272.496 [elf.cc:610] 110198 ElfParseParamInfo: Cache param info: ordinal=3, offset=24, size=8, align=8, paramType=2, spaceIndex=0.
[INFO] RUNTIME(110198,npu_reader):2026-09-21-11:29:21.272.498 [elf.cc:916] 110198 ParseKernelMetaData: kernel_name=mul_Ascend910B1_int32_232010000, ration[0]=0, ration[1]=0, dfxAddr=0xaaad81e3de14, dfxSize=176, funcType=0, crossCoreSync=0, kernelVfType=0, shareMemSize=0, minStackSize=0, isSupportFuncEntry=0, functionEntryFlag=128, functionEntry=0.
[INFO] RUNTIME(110198,npu_reader):2026-09-21-11:29:21.272.501 [elf.cc:884] 110198 ParseKernelMetaData: section name = .comment.
[INFO] RUNTIME(110198,npu_reader):2026-09-21-11:29:21.272.504 [elf.cc:884] 110198 ParseKernelMetaData: section name = .ascend.meta.mul_Ascend910B1_int32_232000000.
[INFO] RUNTIME(110198,npu_reader):2026-09-21-11:29:21.272.507 [elf.cc:575] 110198 ElfParseParamSummary: paramCount=4, paramTotalSize=32.
[INFO] RUNTIME(110198,npu_reader):2026-09-21-11:29:21.272.509 [elf.cc:610] 110198 ElfParseParamInfo: Cache param info: ordinal=0, offset=0, size=8, align=8, paramType=2, spaceIndex=0.
[INFO] RUNTIME(110198,npu_reader):2026-09-21-11:29:21.272.511 [elf.cc:610] 110198 ElfParseParamInfo: Cache param info: ordinal=1, offset=8, size=8, align=8, paramType=2, spaceIndex=0.
[INFO] RUNTIME(110198,npu_reader):2026-09-21-11:29:21.272.514 [elf.cc:610] 110198 ElfParseParamInfo: Cache param info: ordinal=2, offset=16, size=8, align=8, paramType=2, spaceIndex=0.
[INFO] RUNTIME(110198,npu_reader):2026-09-21-11:29:21.272.516 [elf.cc:610] 110198 ElfParseParamInfo: Cache param info: ordinal=3, offset=24, size=8, align=8, paramType=2, spaceIndex=0.
[INFO] RUNTIME(110198,npu_reader):2026-09-21-11:29:21.272.519 [elf.cc:916] 110198 ParseKernelMetaData: kernel_name=mul_Ascend910B1_int32_232000000, ration[0]=0, ration[1]=0, dfxAddr=0xaaad81e3df08, dfxSize=176, funcType=0, crossCoreSync=0, kernelVfType=0, shareMemSize=0, minStackSize=0, isSupportFuncEntry=0, functionEntryFlag=128, functionEntry=0.
[INFO] RUNTIME(110198,npu_reader):2026-09-21-11:29:21.272.522 [elf.cc:884] 110198 ParseKernelMetaData: section name = .ascend.meta.mul_Ascend910B1_int32_223010000.
[INFO] RUNTIME(110198,npu_reader):2026-09-21-11:29:21.272.524 [elf.cc:575] 110198 ElfParseParamSummary: paramCount=4, paramTotalSize=32.
[INFO] RUNTIME(110198,npu_reader):2026-09-21-11:29:21.272.526 [elf.cc:610] 110198 ElfParseParamInfo: Cache param info: ordinal=0, offset=0, size=8, align=8, paramType=2, spaceIndex=0.
[INFO] RUNTIME(110198,npu_reader):2026-09-21-11:29:21.272.528 [elf.cc:610] 110198 ElfParseParamInfo: Cache param info: ordinal=1, offset=8, size=8, align=8, paramType=2, spaceIndex=0.
[INFO] RUNTIME(110198,npu_reader):2026-09-21-11:29:21.272.531 [elf.cc:610] 110198 ElfParseParamInfo: Cache param info: ordinal=2, offset=16, size=8, align=8, paramType=2, spaceIndex=0.
[INFO] RUNTIME(110198,npu_reader):2026-09-21-11:29:21.272.533 [elf.cc:610] 110198 ElfParseParamInfo: Cache param info: ordinal=3, offset=24, size=8, align=8, paramType=2, spaceIndex=0.
[INFO] RUNTIME(110198,npu_reader):2026-09-21-11:29:21.272.536 [elf.cc:916] 110198 ParseKernelMetaData: kernel_name=mul_Ascend910B1_int32_223010000, ration[0]=0, ration[1]=0, dfxAddr=0xaaad81e3dfb8, dfxSize=176, funcType=0, crossCoreSync=0, kernelVfType=0, shareMemSize=0, minStackSize=0, isSupportFuncEntry=0, functionEntryFlag=128, functionEntry=0.
[INFO] RUNTIME(110198,npu_reader):2026-09-21-11:29:21.272.539 [elf.cc:884] 110198 ParseKernelMetaData: section name = .ascend.meta.mul_Ascend910B1_int32_223000000.
[INFO] RUNTIME(110198,npu_reader):2026-09-21-11:29:21.272.541 [elf.cc:575] 110198 ElfParseParamSummary: paramCount=4, paramTotalSize=32.
[INFO] RUNTIME(110198,npu_reader):2026-09-21-11:29:21.272.543 [elf.cc:610] 110198 ElfParseParamInfo: Cache param info: ordinal=0, offset=0, size=8, align=8, paramType=2, spaceIndex=0.
[INFO] RUNTIME(110198,npu_reader):2026-09-21-11:29:21.272.545 [elf.cc:610] 110198 ElfParseParamInfo: Cache param info: ordinal=1, offset=8, size=8, align=8, paramType=2, spaceIndex=0.
[INFO] RUNTIME(110198,npu_reader):2026-09-21-11:29:21.272.548 [elf.cc:610] 110198 ElfParseParamInfo: Cache param info: ordinal=2, offset=16, size=8, align=8, paramType=2, spaceIndex=0.
[INFO] RUNTIME(110198,npu_reader):2026-09-21-11:29:21.272.550 [elf.cc:610] 110198 ElfParseParamInfo: Cache param info: ordinal=3, offset=24, size=8, align=8, paramType=2, spaceIndex=0.
[INFO] RUNTIME(110198,npu_reader):2026-09-21-11:29:21.272.552 [elf.cc:916] 110198 ParseKernelMetaData: kernel_name=mul_Ascend910B1_int32_223000000, ration[0]=0, ration[1]=0, dfxAddr=0xaaad81e3e068, dfxSize=176, funcType=0, crossCoreSync=0, kernelVfType=0, shareMemSize=0, minStackSize=0, isSupportFuncEntry=0, functionEntryFlag=128, functionEntry=0.
[INFO] RUNTIME(110198,npu_reader):2026-09-21-11:29:21.272.556 [elf.cc:884] 110198 ParseKernelMetaData: section name = .ascend.meta.mul_Ascend910B1_int32_210010000.
[INFO] RUNTIME(110198,npu_reader):2026-09-21-11:29:21.272.558 [elf.cc:575] 110198 ElfParseParamSummary: paramCount=4, paramTotalSize=32.
[INFO] RUNTIME(110198,npu_reader):2026-09-21-11:29:21.272.560 [elf.cc:610] 110198 ElfParseParamInfo: Cache param info: ordinal=0, offset=0, size=8, align=8, paramType=2, spaceIndex=0.
[INFO] RUNTIME(110198,npu_reader):2026-09-21-11:29:21.272.563 [elf.cc:610] 110198 ElfParseParamInfo: Cache param info: ordinal=1, offset=8, size=8, align=8, paramType=2, spaceIndex=0.
[INFO] RUNTIME(110198,npu_reader):2026-09-21-11:29:21.272.565 [elf.cc:610] 110198 ElfParseParamInfo: Cache param info: ordinal=2, offset=16, size=8, align=8, paramType=2, spaceIndex=0.
[INFO] RUNTIME(110198,npu_reader):2026-09-21-11:29:21.272.568 [elf.cc:610] 110198 ElfParseParamInfo: Cache param info: ordinal=3, offset=24, size=8, align=8, paramType=2, spaceIndex=0.
[INFO] RUNTIME(110198,npu_reader):2026-09-21-11:29:21.272.570 [elf.cc:916] 110198 ParseKernelMetaData: kernel_name=mul_Ascend910B1_int32_210010000, ration[0]=0, ration[1]=0, dfxAddr=0xaaad81e3e118, dfxSize=176, funcType=0, crossCoreSync=0, kernelVfType=0, shareMemSize=0, minStackSize=0, isSupportFuncEntry=0, functionEntryFlag=128, functionEntry=0.
[INFO] RUNTIME(110198,npu_reader):2026-09-21-11:29:21.272.573 [elf.cc:884] 110198 ParseKernelMetaData: section name = .ascend.meta.mul_Ascend910B1_int32_210000000.
[INFO] RUNTIME(110198,npu_reader):2026-09-21-11:29:21.272.575 [elf.cc:575] 110198 ElfParseParamSummary: paramCount=4, paramTotalSize=32.
[INFO] RUNTIME(110198,npu_reader):2026-09-21-11:29:21.272.577 [elf.cc:610] 110198 ElfParseParamInfo: Cache param info: ordinal=0, offset=0, size=8, align=8, paramType=2, spaceIndex=0.
[INFO] RUNTIME(110198,npu_reader):2026-09-21-11:29:21.272.580 [elf.cc:610] 110198 ElfParseParamInfo: Cache param info: ordinal=1, offset=8, size=8, align=8, paramType=2, spaceIndex=0.
[INFO] RUNTIME(110198,npu_reader):2026-09-21-11:29:21.272.582 [elf.cc:610] 110198 ElfParseParamInfo: Cache param info: ordinal=2, offset=16, size=8, align=8, paramType=2, spaceIndex=0.
[INFO] RUNTIME(110198,npu_reader):2026-09-21-11:29:21.272.585 [elf.cc:610] 110198 ElfParseParamInfo: Cache param info: ordinal=3, offset=24, size=8, align=8, paramType=2, spaceIndex=0.
[INFO] RUNTIME(110198,npu_reader):2026-09-21-11:29:21.272.587 [elf.cc:916] 110198 ParseKernelMetaData: kernel_name=mul_Ascend910B1_int32_210000000, ration[0]=0, ration[1]=0, dfxAddr=0xaaad81e3e1c8, dfxSize=176, funcType=0, crossCoreSync=0, kernelVfType=0, shareMemSize=0, minStackSize=0, isSupportFuncEntry=0, functionEntryFlag=128, functionEntry=0.
[INFO] RUNTIME(110198,npu_reader):2026-09-21-11:29:21.272.599 [elf.cc:1076] 110198 UpdateCachedParamInfos: Restore cached param info: kernel_name=mul_Ascend910B1_int32_232010000, ordinal=0, offset=0, size=8.
[INFO] RUNTIME(110198,npu_reader):2026-09-21-11:29:21.272.602 [elf.cc:1076] 110198 UpdateCachedParamInfos: Restore cached param info: kernel_name=mul_Ascend910B1_int32_232010000, ordinal=1, offset=8, size=8.
[INFO] RUNTIME(110198,npu_reader):2026-09-21-11:29:21.272.604 [elf.cc:1076] 110198 UpdateCachedParamInfos: Restore cached param info: kernel_name=mul_Ascend910B1_int32_232010000, ordinal=2, offset=16, size=8.
[INFO] RUNTIME(110198,npu_reader):2026-09-21-11:29:21.272.607 [elf.cc:1076] 110198 UpdateCachedParamInfos: Restore cached param info: kernel_name=mul_Ascend910B1_int32_232010000, ordinal=3, offset=24, size=8.
[INFO] RUNTIME(110198,npu_reader):2026-09-21-11:29:21.272.609 [elf.cc:1145] 110198 UpdateKernelsInfo: update meta info, kernel_name=mul_Ascend910B1_int32_232010000, dfxAddr=0xaaad81e3de14, dfxSize=176, funcType=0, elfDataFlag=1, userArgsNum=0, crossCoreSync=0, kernelVfType=0, shareMemSize=0, minStackSize=0, funcEntryType=0, functionEntry=0, schedMode=0, taskRation_0=0, taskRation_1=0, hasParamSummary=1, paramCount=4, paramTotalSize=32.
[INFO] RUNTIME(110198,npu_reader):2026-09-21-11:29:21.272.613 [elf.cc:1076] 110198 UpdateCachedParamInfos: Restore cached param info: kernel_name=mul_Ascend910B1_int32_232000000, ordinal=0, offset=0, size=8.
[INFO] RUNTIME(110198,npu_reader):2026-09-21-11:29:21.272.615 [elf.cc:1076] 110198 UpdateCachedParamInfos: Restore cached param info: kernel_name=mul_Ascend910B1_int32_232000000, ordinal=1, offset=8, size=8.
[INFO] RUNTIME(110198,npu_reader):2026-09-21-11:29:21.272.618 [elf.cc:1076] 110198 UpdateCachedParamInfos: Restore cached param info: kernel_name=mul_Ascend910B1_int32_232000000, ordinal=2, offset=16, size=8.
[INFO] RUNTIME(110198,npu_reader):2026-09-21-11:29:21.272.620 [elf.cc:1076] 110198 UpdateCachedParamInfos: Restore cached param info: kernel_name=mul_Ascend910B1_int32_232000000, ordinal=3, offset=24, size=8.
[INFO] RUNTIME(110198,npu_reader):2026-09-21-11:29:21.272.622 [elf.cc:1145] 110198 UpdateKernelsInfo: update meta info, kernel_name=mul_Ascend910B1_int32_232000000, dfxAddr=0xaaad81e3df08, dfxSize=176, funcType=0, elfDataFlag=1, userArgsNum=0, crossCoreSync=0, kernelVfType=0, shareMemSize=0, minStackSize=0, funcEntryType=0, functionEntry=0, schedMode=0, taskRation_0=0, taskRation_1=0, hasParamSummary=1, paramCount=4, paramTotalSize=32.
[INFO] RUNTIME(110198,npu_reader):2026-09-21-11:29:21.272.625 [elf.cc:1076] 110198 UpdateCachedParamInfos: Restore cached param info: kernel_name=mul_Ascend910B1_int32_223010000, ordinal=0, offset=0, size=8.
[INFO] RUNTIME(110198,npu_reader):2026-09-21-11:29:21.272.628 [elf.cc:1076] 110198 UpdateCachedParamInfos: Restore cached param info: kernel_name=mul_Ascend910B1_int32_223010000, ordinal=1, offset=8, size=8.
[INFO] RUNTIME(110198,npu_reader):2026-09-21-11:29:21.272.630 [elf.cc:1076] 110198 UpdateCachedParamInfos: Restore cached param info: kernel_name=mul_Ascend910B1_int32_223010000, ordinal=2, offset=16, size=8.
[INFO] RUNTIME(110198,npu_reader):2026-09-21-11:29:21.272.632 [elf.cc:1076] 110198 UpdateCachedParamInfos: Restore cached param info: kernel_name=mul_Ascend910B1_int32_223010000, ordinal=3, offset=24, size=8.
[INFO] RUNTIME(110198,npu_reader):2026-09-21-11:29:21.272.634 [elf.cc:1145] 110198 UpdateKernelsInfo: update meta info, kernel_name=mul_Ascend910B1_int32_223010000, dfxAddr=0xaaad81e3dfb8, dfxSize=176, funcType=0, elfDataFlag=1, userArgsNum=0, crossCoreSync=0, kernelVfType=0, shareMemSize=0, minStackSize=0, funcEntryType=0, functionEntry=0, schedMode=0, taskRation_0=0, taskRation_1=0, hasParamSummary=1, paramCount=4, paramTotalSize=32.
[INFO] RUNTIME(110198,npu_reader):2026-09-21-11:29:21.272.638 [elf.cc:1076] 110198 UpdateCachedParamInfos: Restore cached param info: kernel_name=mul_Ascend910B1_int32_223000000, ordinal=0, offset=0, size=8.
[INFO] RUNTIME(110198,npu_reader):2026-09-21-11:29:21.272.640 [elf.cc:1076] 110198 UpdateCachedParamInfos: Restore cached param info: kernel_name=mul_Ascend910B1_int32_223000000, ordinal=1, offset=8, size=8.
[INFO] RUNTIME(110198,npu_reader):2026-09-21-11:29:21.272.642 [elf.cc:1076] 110198 UpdateCachedParamInfos: Restore cached param info: kernel_name=mul_Ascend910B1_int32_223000000, ordinal=2, offset=16, size=8.
[INFO] RUNTIME(110198,npu_reader):2026-09-21-11:29:21.272.644 [elf.cc:1076] 110198 UpdateCachedParamInfos: Restore cached param info: kernel_name=mul_Ascend910B1_int32_223000000, ordinal=3, offset=24, size=8.
[INFO] RUNTIME(110198,npu_reader):2026-09-21-11:29:21.272.647 [elf.cc:1145] 110198 UpdateKernelsInfo: update meta info, kernel_name=mul_Ascend910B1_int32_223000000, dfxAddr=0xaaad81e3e068, dfxSize=176, funcType=0, elfDataFlag=1, userArgsNum=0, crossCoreSync=0, kernelVfType=0, shareMemSize=0, minStackSize=0, funcEntryType=0, functionEntry=0, schedMode=0, taskRation_0=0, taskRation_1=0, hasParamSummary=1, paramCount=4, paramTotalSize=32.
[INFO] RUNTIME(110198,npu_reader):2026-09-21-11:29:21.272.650 [elf.cc:1076] 110198 UpdateCachedParamInfos: Restore cached param info: kernel_name=mul_Ascend910B1_int32_210010000, ordinal=0, offset=0, size=8.
[INFO] RUNTIME(110198,npu_reader):2026-09-21-11:29:21.272.652 [elf.cc:1076] 110198 UpdateCachedParamInfos: Restore cached param info: kernel_name=mul_Ascend910B1_int32_210010000, ordinal=1, offset=8, size=8.
[INFO] RUNTIME(110198,npu_reader):2026-09-21-11:29:21.272.655 [elf.cc:1076] 110198 UpdateCachedParamInfos: Restore cached param info: kernel_name=mul_Ascend910B1_int32_210010000, ordinal=2, offset=16, size=8.
[INFO] RUNTIME(110198,npu_reader):2026-09-21-11:29:21.272.657 [elf.cc:1076] 110198 UpdateCachedParamInfos: Restore cached param info: kernel_name=mul_Ascend910B1_int32_210010000, ordinal=3, offset=24, size=8.
[INFO] RUNTIME(110198,npu_reader):2026-09-21-11:29:21.272.659 [elf.cc:1145] 110198 UpdateKernelsInfo: update meta info, kernel_name=mul_Ascend910B1_int32_210010000, dfxAddr=0xaaad81e3e118, dfxSize=176, funcType=0, elfDataFlag=1, userArgsNum=0, crossCoreSync=0, kernelVfType=0, shareMemSize=0, minStackSize=0, funcEntryType=0, functionEntry=0, schedMode=0, taskRation_0=0, taskRation_1=0, hasParamSummary=1, paramCount=4, paramTotalSize=32.
[INFO] RUNTIME(110198,npu_reader):2026-09-21-11:29:21.272.663 [elf.cc:1076] 110198 UpdateCachedParamInfos: Restore cached param info: kernel_name=mul_Ascend910B1_int32_210000000, ordinal=0, offset=0, size=8.
[INFO] RUNTIME(110198,npu_reader):2026-09-21-11:29:21.272.665 [elf.cc:1076] 110198 UpdateCachedParamInfos: Restore cached param info: kernel_name=mul_Ascend910B1_int32_210000000, ordinal=1, offset=8, size=8.
[INFO] RUNTIME(110198,npu_reader):2026-09-21-11:29:21.272.667 [elf.cc:1076] 110198 UpdateCachedParamInfos: Restore cached param info: kernel_name=mul_Ascend910B1_int32_210000000, ordinal=2, offset=16, size=8.
[INFO] RUNTIME(110198,npu_reader):2026-09-21-11:29:21.272.669 [elf.cc:1076] 110198 UpdateCachedParamInfos: Restore cached param info: kernel_name=mul_Ascend910B1_int32_210000000, ordinal=3, offset=24, size=8.
[INFO] RUNTIME(110198,npu_reader):2026-09-21-11:29:21.272.672 [elf.cc:1145] 110198 UpdateKernelsInfo: update meta info, kernel_name=mul_Ascend910B1_int32_210000000, dfxAddr=0xaaad81e3e1c8, dfxSize=176, funcType=0, elfDataFlag=1, userArgsNum=0, crossCoreSync=0, kernelVfType=0, shareMemSize=0, minStackSize=0, funcEntryType=0, functionEntry=0, schedMode=0, taskRation_0=0, taskRation_1=0, hasParamSummary=1, paramCount=4, paramTotalSize=32.
[INFO] RUNTIME(110198,npu_reader):2026-09-21-11:29:21.272.675 [runtime.cc:1448] 110198 AddProgramToPool: progId=11
[INFO] RUNTIME(110198,npu_reader):2026-09-21-11:29:21.272.678 [program.cc:1649] 110198 GetKernelTypeAndMixType: Get kernel type success, kernelName=mul_Ascend910B1_int32_232010000, funcType=0, kernelAttrType=2, mixType=0
[INFO] RUNTIME(110198,npu_reader):2026-09-21-11:29:21.272.682 [program.cc:1119] 110198 SetKernelAttribute: kernel_name=mul_Ascend910B1_int32_232010000, kernelAttrType=2, userParamNum=0, sysParamNum=1, IsNeedSetFftsAddrInArg=0, isSupportOverFlow=1, elfDataFlag=1
[INFO] RUNTIME(110198,npu_reader):2026-09-21-11:29:21.272.685 [program.cc:1690] 110198 BuildNewKernel: new kernel success, size=1320, programId=11, original kernel_name=mul_Ascend910B1_int32_232010000, register kernel_name=mul_Ascend910B1_int32_232010000, tilingKey=232010000, functionEntry=0, funcType=0, kernelAttrType=2, mixType=0, taskRation=2, offset=0, dfxAddr=187662185258516, dfxSize=176
[INFO] RUNTIME(110198,npu_reader):2026-09-21-11:29:21.272.688 [program.cc:1649] 110198 GetKernelTypeAndMixType: Get kernel type success, kernelName=mul_Ascend910B1_int32_232000000, funcType=0, kernelAttrType=2, mixType=0
[INFO] RUNTIME(110198,npu_reader):2026-09-21-11:29:21.272.691 [program.cc:1119] 110198 SetKernelAttribute: kernel_name=mul_Ascend910B1_int32_232000000, kernelAttrType=2, userParamNum=0, sysParamNum=1, IsNeedSetFftsAddrInArg=0, isSupportOverFlow=1, elfDataFlag=1
[INFO] RUNTIME(110198,npu_reader):2026-09-21-11:29:21.272.694 [program.cc:1690] 110198 BuildNewKernel: new kernel success, size=1320, programId=11, original kernel_name=mul_Ascend910B1_int32_232000000, register kernel_name=mul_Ascend910B1_int32_232000000, tilingKey=232000000, functionEntry=0, funcType=0, kernelAttrType=2, mixType=0, taskRation=2, offset=1760, dfxAddr=187662185258760, dfxSize=176
[INFO] RUNTIME(110198,npu_reader):2026-09-21-11:29:21.272.698 [program.cc:1649] 110198 GetKernelTypeAndMixType: Get kernel type success, kernelName=mul_Ascend910B1_int32_223010000, funcType=0, kernelAttrType=2, mixType=0
[INFO] RUNTIME(110198,npu_reader):2026-09-21-11:29:21.272.701 [program.cc:1119] 110198 SetKernelAttribute: kernel_name=mul_Ascend910B1_int32_223010000, kernelAttrType=2, userParamNum=0, sysParamNum=1, IsNeedSetFftsAddrInArg=0, isSupportOverFlow=1, elfDataFlag=1
[INFO] RUNTIME(110198,npu_reader):2026-09-21-11:29:21.272.704 [program.cc:1690] 110198 BuildNewKernel: new kernel success, size=1320, programId=11, original kernel_name=mul_Ascend910B1_int32_223010000, register kernel_name=mul_Ascend910B1_int32_223010000, tilingKey=223010000, functionEntry=0, funcType=0, kernelAttrType=2, mixType=0, taskRation=2, offset=2740, dfxAddr=187662185258936, dfxSize=176
[INFO] RUNTIME(110198,npu_reader):2026-09-21-11:29:21.272.708 [program.cc:1649] 110198 GetKernelTypeAndMixType: Get kernel type success, kernelName=mul_Ascend910B1_int32_223000000, funcType=0, kernelAttrType=2, mixType=0
[INFO] RUNTIME(110198,npu_reader):2026-09-21-11:29:21.272.713 [program.cc:1119] 110198 SetKernelAttribute: kernel_name=mul_Ascend910B1_int32_223000000, kernelAttrType=2, userParamNum=0, sysParamNum=1, IsNeedSetFftsAddrInArg=0, isSupportOverFlow=1, elfDataFlag=1
[INFO] RUNTIME(110198,npu_reader):2026-09-21-11:29:21.272.716 [program.cc:1690] 110198 BuildNewKernel: new kernel success, size=1320, programId=11, original kernel_name=mul_Ascend910B1_int32_223000000, register kernel_name=mul_Ascend910B1_int32_223000000, tilingKey=223000000, functionEntry=0, funcType=0, kernelAttrType=2, mixType=0, taskRation=2, offset=4452, dfxAddr=187662185259112, dfxSize=176
[INFO] RUNTIME(110198,npu_reader):2026-09-21-11:29:21.272.720 [program.cc:1649] 110198 GetKernelTypeAndMixType: Get kernel type success, kernelName=mul_Ascend910B1_int32_210010000, funcType=0, kernelAttrType=2, mixType=0
[INFO] RUNTIME(110198,npu_reader):2026-09-21-11:29:21.272.723 [program.cc:1119] 110198 SetKernelAttribute: kernel_name=mul_Ascend910B1_int32_210010000, kernelAttrType=2, userParamNum=0, sysParamNum=1, IsNeedSetFftsAddrInArg=0, isSupportOverFlow=1, elfDataFlag=1
[INFO] RUNTIME(110198,npu_reader):2026-09-21-11:29:21.272.726 [program.cc:1690] 110198 BuildNewKernel: new kernel success, size=1320, programId=11, original kernel_name=mul_Ascend910B1_int32_210010000, register kernel_name=mul_Ascend910B1_int32_210010000, tilingKey=210010000, functionEntry=0, funcType=0, kernelAttrType=2, mixType=0, taskRation=2, offset=5420, dfxAddr=187662185259288, dfxSize=176
[INFO] RUNTIME(110198,npu_reader):2026-09-21-11:29:21.272.730 [program.cc:1649] 110198 GetKernelTypeAndMixType: Get kernel type success, kernelName=mul_Ascend910B1_int32_210000000, funcType=0, kernelAttrType=2, mixType=0
[INFO] RUNTIME(110198,npu_reader):2026-09-21-11:29:21.272.733 [program.cc:1119] 110198 SetKernelAttribute: kernel_name=mul_Ascend910B1_int32_210000000, kernelAttrType=2, userParamNum=0, sysParamNum=1, IsNeedSetFftsAddrInArg=0, isSupportOverFlow=1, elfDataFlag=1
[INFO] RUNTIME(110198,npu_reader):2026-09-21-11:29:21.272.735 [program.cc:1690] 110198 BuildNewKernel: new kernel success, size=1320, programId=11, original kernel_name=mul_Ascend910B1_int32_210000000, register kernel_name=mul_Ascend910B1_int32_210000000, tilingKey=210000000, functionEntry=0, funcType=0, kernelAttrType=2, mixType=0, taskRation=2, offset=7024, dfxAddr=187662185259464, dfxSize=176
[INFO] RUNTIME(110198,npu_reader):2026-09-21-11:29:21.272.750 [binary_loader.cc:364] 110198 LoadFromData: New ElfProgram ok, magic=1094799942, kernelAttrType=2, Runtime_alloc_size=11072
[INFO] RUNTIME(110198,npu_reader):2026-09-21-11:29:21.272.753 [program.cc:204] 110198 SaveBinaryData: Malloc the buffer for elfData, len=15288
[INFO] RUNTIME(110198,npu_reader):2026-09-21-11:29:21.272.756 [elf.cc:884] 110198 ParseKernelMetaData: section name = .text.
[INFO] RUNTIME(110198,npu_reader):2026-09-21-11:29:21.272.759 [elf.cc:884] 110198 ParseKernelMetaData: section name = .ascend.stack.size.record.
[INFO] RUNTIME(110198,npu_reader):2026-09-21-11:29:21.272.762 [elf.cc:884] 110198 ParseKernelMetaData: section name = __CCE_KernelArgSize.
[INFO] RUNTIME(110198,npu_reader):2026-09-21-11:29:21.272.764 [elf.cc:884] 110198 ParseKernelMetaData: section name = .ascend.meta.mul_Ascend910B2_int32_232010000.
[INFO] RUNTIME(110198,npu_reader):2026-09-21-11:29:21.272.766 [elf.cc:575] 110198 ElfParseParamSummary: paramCount=4, paramTotalSize=32.
[INFO] RUNTIME(110198,npu_reader):2026-09-21-11:29:21.272.768 [elf.cc:610] 110198 ElfParseParamInfo: Cache param info: ordinal=0, offset=0, size=8, align=8, paramType=2, spaceIndex=0.
[INFO] RUNTIME(110198,npu_reader):2026-09-21-11:29:21.272.771 [elf.cc:610] 110198 ElfParseParamInfo: Cache param info: ordinal=1, offset=8, size=8, align=8, paramType=2, spaceIndex=0.
[INFO] RUNTIME(110198,npu_reader):2026-09-21-11:29:21.272.774 [elf.cc:610] 110198 ElfParseParamInfo: Cache param info: ordinal=2, offset=16, size=8, align=8, paramType=2, spaceIndex=0.
[INFO] RUNTIME(110198,npu_reader):2026-09-21-11:29:21.272.776 [elf.cc:610] 110198 ElfParseParamInfo: Cache param info: ordinal=3, offset=24, size=8, align=8, paramType=2, spaceIndex=0.
[INFO] RUNTIME(110198,npu_reader):2026-09-21-11:29:21.272.778 [elf.cc:916] 110198 ParseKernelMetaData: kernel_name=mul_Ascend910B2_int32_232010000, ration[0]=0, ration[1]=0, dfxAddr=0xaaad81e4b364, dfxSize=176, funcType=0, crossCoreSync=0, kernelVfType=0, shareMemSize=0, minStackSize=0, isSupportFuncEntry=0, functionEntryFlag=128, functionEntry=0.
[INFO] RUNTIME(110198,npu_reader):2026-09-21-11:29:21.272.782 [elf.cc:884] 110198 ParseKernelMetaData: section name = .comment.
[INFO] RUNTIME(110198,npu_reader):2026-09-21-11:29:21.272.784 [elf.cc:884] 110198 ParseKernelMetaData: section name = .ascend.meta.mul_Ascend910B2_int32_232000000.
[INFO] RUNTIME(110198,npu_reader):2026-09-21-11:29:21.272.786 [elf.cc:575] 110198 ElfParseParamSummary: paramCount=4, paramTotalSize=32.
[INFO] RUNTIME(110198,npu_reader):2026-09-21-11:29:21.272.788 [elf.cc:610] 110198 ElfParseParamInfo: Cache param info: ordinal=0, offset=0, size=8, align=8, paramType=2, spaceIndex=0.
[INFO] RUNTIME(110198,npu_reader):2026-09-21-11:29:21.272.791 [elf.cc:610] 110198 ElfParseParamInfo: Cache param info: ordinal=1, offset=8, size=8, align=8, paramType=2, spaceIndex=0.
[INFO] RUNTIME(110198,npu_reader):2026-09-21-11:29:21.272.793 [elf.cc:610] 110198 ElfParseParamInfo: Cache param info: ordinal=2, offset=16, size=8, align=8, paramType=2, spaceIndex=0.
[INFO] RUNTIME(110198,npu_reader):2026-09-21-11:29:21.272.795 [elf.cc:610] 110198 ElfParseParamInfo: Cache param info: ordinal=3, offset=24, size=8, align=8, paramType=2, spaceIndex=0.
[INFO] RUNTIME(110198,npu_reader):2026-09-21-11:29:21.272.798 [elf.cc:916] 110198 ParseKernelMetaData: kernel_name=mul_Ascend910B2_int32_232000000, ration[0]=0, ration[1]=0, dfxAddr=0xaaad81e4b458, dfxSize=176, funcType=0, crossCoreSync=0, kernelVfType=0, shareMemSize=0, minStackSize=0, isSupportFuncEntry=0, functionEntryFlag=128, functionEntry=0.
[INFO] RUNTIME(110198,npu_reader):2026-09-21-11:29:21.272.801 [elf.cc:884] 110198 ParseKernelMetaData: section name = .ascend.meta.mul_Ascend910B2_int32_223010000.
[INFO] RUNTIME(110198,npu_reader):2026-09-21-11:29:21.272.803 [elf.cc:575] 110198 ElfParseParamSummary: paramCount=4, paramTotalSize=32.
[INFO] RUNTIME(110198,npu_reader):2026-09-21-11:29:21.272.805 [elf.cc:610] 110198 ElfParseParamInfo: Cache param info: ordinal=0, offset=0, size=8, align=8, paramType=2, spaceIndex=0.
[INFO] RUNTIME(110198,npu_reader):2026-09-21-11:29:21.272.808 [elf.cc:610] 110198 ElfParseParamInfo: Cache param info: ordinal=1, offset=8, size=8, align=8, paramType=2, spaceIndex=0.
[INFO] RUNTIME(110198,npu_reader):2026-09-21-11:29:21.272.810 [elf.cc:610] 110198 ElfParseParamInfo: Cache param info: ordinal=2, offset=16, size=8, align=8, paramType=2, spaceIndex=0.
[INFO] RUNTIME(110198,npu_reader):2026-09-21-11:29:21.272.813 [elf.cc:610] 110198 ElfParseParamInfo: Cache param info: ordinal=3, offset=24, size=8, align=8, paramType=2, spaceIndex=0.
[INFO] RUNTIME(110198,npu_reader):2026-09-21-11:29:21.272.816 [elf.cc:916] 110198 ParseKernelMetaData: kernel_name=mul_Ascend910B2_int32_223010000, ration[0]=0, ration[1]=0, dfxAddr=0xaaad81e4b508, dfxSize=176, funcType=0, crossCoreSync=0, kernelVfType=0, shareMemSize=0, minStackSize=0, isSupportFuncEntry=0, functionEntryFlag=128, functionEntry=0.
[INFO] RUNTIME(110198,npu_reader):2026-09-21-11:29:21.272.819 [elf.cc:884] 110198 ParseKernelMetaData: section name = .ascend.meta.mul_Ascend910B2_int32_223000000.
[INFO] RUNTIME(110198,npu_reader):2026-09-21-11:29:21.272.821 [elf.cc:575] 110198 ElfParseParamSummary: paramCount=4, paramTotalSize=32.
[INFO] RUNTIME(110198,npu_reader):2026-09-21-11:29:21.272.823 [elf.cc:610] 110198 ElfParseParamInfo: Cache param info: ordinal=0, offset=0, size=8, align=8, paramType=2, spaceIndex=0.
[INFO] RUNTIME(110198,npu_reader):2026-09-21-11:29:21.272.826 [elf.cc:610] 110198 ElfParseParamInfo: Cache param info: ordinal=1, offset=8, size=8, align=8, paramType=2, spaceIndex=0.
[INFO] RUNTIME(110198,npu_reader):2026-09-21-11:29:21.272.828 [elf.cc:610] 110198 ElfParseParamInfo: Cache param info: ordinal=2, offset=16, size=8, align=8, paramType=2, spaceIndex=0.
[INFO] RUNTIME(110198,npu_reader):2026-09-21-11:29:21.272.830 [elf.cc:610] 110198 ElfParseParamInfo: Cache param info: ordinal=3, offset=24, size=8, align=8, paramType=2, spaceIndex=0.
[INFO] RUNTIME(110198,npu_reader):2026-09-21-11:29:21.272.833 [elf.cc:916] 110198 ParseKernelMetaData: kernel_name=mul_Ascend910B2_int32_223000000, ration[0]=0, ration[1]=0, dfxAddr=0xaaad81e4b5b8, dfxSize=176, funcType=0, crossCoreSync=0, kernelVfType=0, shareMemSize=0, minStackSize=0, isSupportFuncEntry=0, functionEntryFlag=128, functionEntry=0.
[INFO] RUNTIME(110198,npu_reader):2026-09-21-11:29:21.272.836 [elf.cc:884] 110198 ParseKernelMetaData: section name = .ascend.meta.mul_Ascend910B2_int32_210010000.
[INFO] RUNTIME(110198,npu_reader):2026-09-21-11:29:21.272.838 [elf.cc:575] 110198 ElfParseParamSummary: paramCount=4, paramTotalSize=32.
[INFO] RUNTIME(110198,npu_reader):2026-09-21-11:29:21.272.840 [elf.cc:610] 110198 ElfParseParamInfo: Cache param info: ordinal=0, offset=0, size=8, align=8, paramType=2, spaceIndex=0.
[INFO] RUNTIME(110198,npu_reader):2026-09-21-11:29:21.272.843 [elf.cc:610] 110198 ElfParseParamInfo: Cache param info: ordinal=1, offset=8, size=8, align=8, paramType=2, spaceIndex=0.
[INFO] RUNTIME(110198,npu_reader):2026-09-21-11:29:21.272.845 [elf.cc:610] 110198 ElfParseParamInfo: Cache param info: ordinal=2, offset=16, size=8, align=8, paramType=2, spaceIndex=0.
[INFO] RUNTIME(110198,npu_reader):2026-09-21-11:29:21.272.847 [elf.cc:610] 110198 ElfParseParamInfo: Cache param info: ordinal=3, offset=24, size=8, align=8, paramType=2, spaceIndex=0.
[INFO] RUNTIME(110198,npu_reader):2026-09-21-11:29:21.272.850 [elf.cc:916] 110198 ParseKernelMetaData: kernel_name=mul_Ascend910B2_int32_210010000, ration[0]=0, ration[1]=0, dfxAddr=0xaaad81e4b668, dfxSize=176, funcType=0, crossCoreSync=0, kernelVfType=0, shareMemSize=0, minStackSize=0, isSupportFuncEntry=0, functionEntryFlag=128, functionEntry=0.
[INFO] RUNTIME(110198,npu_reader):2026-09-21-11:29:21.272.853 [elf.cc:884] 110198 ParseKernelMetaData: section name = .ascend.meta.mul_Ascend910B2_int32_210000000.
[INFO] RUNTIME(110198,npu_reader):2026-09-21-11:29:21.272.855 [elf.cc:575] 110198 ElfParseParamSummary: paramCount=4, paramTotalSize=32.
[INFO] RUNTIME(110198,npu_reader):2026-09-21-11:29:21.272.857 [elf.cc:610] 110198 ElfParseParamInfo: Cache param info: ordinal=0, offset=0, size=8, align=8, paramType=2, spaceIndex=0.
[INFO] RUNTIME(110198,npu_reader):2026-09-21-11:29:21.272.859 [elf.cc:610] 110198 ElfParseParamInfo: Cache param info: ordinal=1, offset=8, size=8, align=8, paramType=2, spaceIndex=0.
[INFO] RUNTIME(110198,npu_reader):2026-09-21-11:29:21.272.862 [elf.cc:610] 110198 ElfParseParamInfo: Cache param info: ordinal=2, offset=16, size=8, align=8, paramType=2, spaceIndex=0.
[INFO] RUNTIME(110198,npu_reader):2026-09-21-11:29:21.272.865 [elf.cc:610] 110198 ElfParseParamInfo: Cache param info: ordinal=3, offset=24, size=8, align=8, paramType=2, spaceIndex=0.
[INFO] RUNTIME(110198,npu_reader):2026-09-21-11:29:21.272.867 [elf.cc:916] 110198 ParseKernelMetaData: kernel_name=mul_Ascend910B2_int32_210000000, ration[0]=0, ration[1]=0, dfxAddr=0xaaad81e4b718, dfxSize=176, funcType=0, crossCoreSync=0, kernelVfType=0, shareMemSize=0, minStackSize=0, isSupportFuncEntry=0, functionEntryFlag=128, functionEntry=0.
[INFO] RUNTIME(110198,npu_reader):2026-09-21-11:29:21.272.879 [elf.cc:1076] 110198 UpdateCachedParamInfos: Restore cached param info: kernel_name=mul_Ascend910B2_int32_232010000, ordinal=0, offset=0, size=8.
[INFO] RUNTIME(110198,npu_reader):2026-09-21-11:29:21.272.882 [elf.cc:1076] 110198 UpdateCachedParamInfos: Restore cached param info: kernel_name=mul_Ascend910B2_int32_232010000, ordinal=1, offset=8, size=8.
[INFO] RUNTIME(110198,npu_reader):2026-09-21-11:29:21.272.884 [elf.cc:1076] 110198 UpdateCachedParamInfos: Restore cached param info: kernel_name=mul_Ascend910B2_int32_232010000, ordinal=2, offset=16, size=8.
[INFO] RUNTIME(110198,npu_reader):2026-09-21-11:29:21.272.887 [elf.cc:1076] 110198 UpdateCachedParamInfos: Restore cached param info: kernel_name=mul_Ascend910B2_int32_232010000, ordinal=3, offset=24, size=8.
[INFO] RUNTIME(110198,npu_reader):2026-09-21-11:29:21.272.889 [elf.cc:1145] 110198 UpdateKernelsInfo: update meta info, kernel_name=mul_Ascend910B2_int32_232010000, dfxAddr=0xaaad81e4b364, dfxSize=176, funcType=0, elfDataFlag=1, userArgsNum=0, crossCoreSync=0, kernelVfType=0, shareMemSize=0, minStackSize=0, funcEntryType=0, functionEntry=0, schedMode=0, taskRation_0=0, taskRation_1=0, hasParamSummary=1, paramCount=4, paramTotalSize=32.
[INFO] RUNTIME(110198,npu_reader):2026-09-21-11:29:21.272.892 [elf.cc:1076] 110198 UpdateCachedParamInfos: Restore cached param info: kernel_name=mul_Ascend910B2_int32_232000000, ordinal=0, offset=0, size=8.
[INFO] RUNTIME(110198,npu_reader):2026-09-21-11:29:21.272.895 [elf.cc:1076] 110198 UpdateCachedParamInfos: Restore cached param info: kernel_name=mul_Ascend910B2_int32_232000000, ordinal=1, offset=8, size=8.
[INFO] RUNTIME(110198,npu_reader):2026-09-21-11:29:21.272.897 [elf.cc:1076] 110198 UpdateCachedParamInfos: Restore cached param info: kernel_name=mul_Ascend910B2_int32_232000000, ordinal=2, offset=16, size=8.
[INFO] RUNTIME(110198,npu_reader):2026-09-21-11:29:21.272.899 [elf.cc:1076] 110198 UpdateCachedParamInfos: Restore cached param info: kernel_name=mul_Ascend910B2_int32_232000000, ordinal=3, offset=24, size=8.
[INFO] RUNTIME(110198,npu_reader):2026-09-21-11:29:21.272.902 [elf.cc:1145] 110198 UpdateKernelsInfo: update meta info, kernel_name=mul_Ascend910B2_int32_232000000, dfxAddr=0xaaad81e4b458, dfxSize=176, funcType=0, elfDataFlag=1, userArgsNum=0, crossCoreSync=0, kernelVfType=0, shareMemSize=0, minStackSize=0, funcEntryType=0, functionEntry=0, schedMode=0, taskRation_0=0, taskRation_1=0, hasParamSummary=1, paramCount=4, paramTotalSize=32.
[INFO] RUNTIME(110198,npu_reader):2026-09-21-11:29:21.272.905 [elf.cc:1076] 110198 UpdateCachedParamInfos: Restore cached param info: kernel_name=mul_Ascend910B2_int32_223010000, ordinal=0, offset=0, size=8.
[INFO] RUNTIME(110198,npu_reader):2026-09-21-11:29:21.272.907 [elf.cc:1076] 110198 UpdateCachedParamInfos: Restore cached param info: kernel_name=mul_Ascend910B2_int32_223010000, ordinal=1, offset=8, size=8.
[INFO] RUNTIME(110198,npu_reader):2026-09-21-11:29:21.272.909 [elf.cc:1076] 110198 UpdateCachedParamInfos: Restore cached param info: kernel_name=mul_Ascend910B2_int32_223010000, ordinal=2, offset=16, size=8.
[INFO] RUNTIME(110198,npu_reader):2026-09-21-11:29:21.272.912 [elf.cc:1076] 110198 UpdateCachedParamInfos: Restore cached param info: kernel_name=mul_Ascend910B2_int32_223010000, ordinal=3, offset=24, size=8.
[INFO] RUNTIME(110198,npu_reader):2026-09-21-11:29:21.272.914 [elf.cc:1145] 110198 UpdateKernelsInfo: update meta info, kernel_name=mul_Ascend910B2_int32_223010000, dfxAddr=0xaaad81e4b508, dfxSize=176, funcType=0, elfDataFlag=1, userArgsNum=0, crossCoreSync=0, kernelVfType=0, shareMemSize=0, minStackSize=0, funcEntryType=0, functionEntry=0, schedMode=0, taskRation_0=0, taskRation_1=0, hasParamSummary=1, paramCount=4, paramTotalSize=32.
[INFO] RUNTIME(110198,npu_reader):2026-09-21-11:29:21.272.918 [elf.cc:1076] 110198 UpdateCachedParamInfos: Restore cached param info: kernel_name=mul_Ascend910B2_int32_223000000, ordinal=0, offset=0, size=8.
[INFO] RUNTIME(110198,npu_reader):2026-09-21-11:29:21.272.920 [elf.cc:1076] 110198 UpdateCachedParamInfos: Restore cached param info: kernel_name=mul_Ascend910B2_int32_223000000, ordinal=1, offset=8, size=8.
[INFO] RUNTIME(110198,npu_reader):2026-09-21-11:29:21.272.922 [elf.cc:1076] 110198 UpdateCachedParamInfos: Restore cached param info: kernel_name=mul_Ascend910B2_int32_223000000, ordinal=2, offset=16, size=8.
[INFO] RUNTIME(110198,npu_reader):2026-09-21-11:29:21.272.924 [elf.cc:1076] 110198 UpdateCachedParamInfos: Restore cached param info: kernel_name=mul_Ascend910B2_int32_223000000, ordinal=3, offset=24, size=8.
[INFO] RUNTIME(110198,npu_reader):2026-09-21-11:29:21.272.927 [elf.cc:1145] 110198 UpdateKernelsInfo: update meta info, kernel_name=mul_Ascend910B2_int32_223000000, dfxAddr=0xaaad81e4b5b8, dfxSize=176, funcType=0, elfDataFlag=1, userArgsNum=0, crossCoreSync=0, kernelVfType=0, shareMemSize=0, minStackSize=0, funcEntryType=0, functionEntry=0, schedMode=0, taskRation_0=0, taskRation_1=0, hasParamSummary=1, paramCount=4, paramTotalSize=32.
[INFO] RUNTIME(110198,npu_reader):2026-09-21-11:29:21.272.930 [elf.cc:1076] 110198 UpdateCachedParamInfos: Restore cached param info: kernel_name=mul_Ascend910B2_int32_210010000, ordinal=0, offset=0, size=8.
[INFO] RUNTIME(110198,npu_reader):2026-09-21-11:29:21.272.932 [elf.cc:1076] 110198 UpdateCachedParamInfos: Restore cached param info: kernel_name=mul_Ascend910B2_int32_210010000, ordinal=1, offset=8, size=8.
[INFO] RUNTIME(110198,npu_reader):2026-09-21-11:29:21.272.935 [elf.cc:1076] 110198 UpdateCachedParamInfos: Restore cached param info: kernel_name=mul_Ascend910B2_int32_210010000, ordinal=2, offset=16, size=8.
[INFO] RUNTIME(110198,npu_reader):2026-09-21-11:29:21.272.937 [elf.cc:1076] 110198 UpdateCachedParamInfos: Restore cached param info: kernel_name=mul_Ascend910B2_int32_210010000, ordinal=3, offset=24, size=8.
[INFO] RUNTIME(110198,npu_reader):2026-09-21-11:29:21.272.939 [elf.cc:1145] 110198 UpdateKernelsInfo: update meta info, kernel_name=mul_Ascend910B2_int32_210010000, dfxAddr=0xaaad81e4b668, dfxSize=176, funcType=0, elfDataFlag=1, userArgsNum=0, crossCoreSync=0, kernelVfType=0, shareMemSize=0, minStackSize=0, funcEntryType=0, functionEntry=0, schedMode=0, taskRation_0=0, taskRation_1=0, hasParamSummary=1, paramCount=4, paramTotalSize=32.
[INFO] RUNTIME(110198,npu_reader):2026-09-21-11:29:21.272.942 [elf.cc:1076] 110198 UpdateCachedParamInfos: Restore cached param info: kernel_name=mul_Ascend910B2_int32_210000000, ordinal=0, offset=0, size=8.
[INFO] RUNTIME(110198,npu_reader):2026-09-21-11:29:21.272.944 [elf.cc:1076] 110198 UpdateCachedParamInfos: Restore cached param info: kernel_name=mul_Ascend910B2_int32_210000000, ordinal=1, offset=8, size=8.
[INFO] RUNTIME(110198,npu_reader):2026-09-21-11:29:21.272.947 [elf.cc:1076] 110198 UpdateCachedParamInfos: Restore cached param info: kernel_name=mul_Ascend910B2_int32_210000000, ordinal=2, offset=16, size=8.
[INFO] RUNTIME(110198,npu_reader):2026-09-21-11:29:21.272.949 [elf.cc:1076] 110198 UpdateCachedParamInfos: Restore cached param info: kernel_name=mul_Ascend910B2_int32_210000000, ordinal=3, offset=24, size=8.
[INFO] RUNTIME(110198,npu_reader):2026-09-21-11:29:21.272.951 [elf.cc:1145] 110198 UpdateKernelsInfo: update meta info, kernel_name=mul_Ascend910B2_int32_210000000, dfxAddr=0xaaad81e4b718, dfxSize=176, funcType=0, elfDataFlag=1, userArgsNum=0, crossCoreSync=0, kernelVfType=0, shareMemSize=0, minStackSize=0, funcEntryType=0, functionEntry=0, schedMode=0, taskRation_0=0, taskRation_1=0, hasParamSummary=1, paramCount=4, paramTotalSize=32.
[INFO] RUNTIME(110198,npu_reader):2026-09-21-11:29:21.272.955 [runtime.cc:1448] 110198 AddProgramToPool: progId=12
[INFO] RUNTIME(110198,npu_reader):2026-09-21-11:29:21.272.958 [program.cc:1649] 110198 GetKernelTypeAndMixType: Get kernel type success, kernelName=mul_Ascend910B2_int32_232010000, funcType=0, kernelAttrType=2, mixType=0
[INFO] RUNTIME(110198,npu_reader):2026-09-21-11:29:21.272.962 [program.cc:1119] 110198 SetKernelAttribute: kernel_name=mul_Ascend910B2_int32_232010000, kernelAttrType=2, userParamNum=0, sysParamNum=1, IsNeedSetFftsAddrInArg=0, isSupportOverFlow=1, elfDataFlag=1
[INFO] RUNTIME(110198,npu_reader):2026-09-21-11:29:21.272.965 [program.cc:1690] 110198 BuildNewKernel: new kernel success, size=1320, programId=12, original kernel_name=mul_Ascend910B2_int32_232010000, register kernel_name=mul_Ascend910B2_int32_232010000, tilingKey=232010000, functionEntry=0, funcType=0, kernelAttrType=2, mixType=0, taskRation=2, offset=0, dfxAddr=187662185313124, dfxSize=176
[INFO] RUNTIME(110198,npu_reader):2026-09-21-11:29:21.272.969 [program.cc:1649] 110198 GetKernelTypeAndMixType: Get kernel type success, kernelName=mul_Ascend910B2_int32_232000000, funcType=0, kernelAttrType=2, mixType=0
[INFO] RUNTIME(110198,npu_reader):2026-09-21-11:29:21.272.972 [program.cc:1119] 110198 SetKernelAttribute: kernel_name=mul_Ascend910B2_int32_232000000, kernelAttrType=2, userParamNum=0, sysParamNum=1, IsNeedSetFftsAddrInArg=0, isSupportOverFlow=1, elfDataFlag=1
[INFO] RUNTIME(110198,npu_reader):2026-09-21-11:29:21.272.974 [program.cc:1690] 110198 BuildNewKernel: new kernel success, size=1320, programId=12, original kernel_name=mul_Ascend910B2_int32_232000000, register kernel_name=mul_Ascend910B2_int32_232000000, tilingKey=232000000, functionEntry=0, funcType=0, kernelAttrType=2, mixType=0, taskRation=2, offset=1760, dfxAddr=187662185313368, dfxSize=176
[INFO] RUNTIME(110198,npu_reader):2026-09-21-11:29:21.272.978 [program.cc:1649] 110198 GetKernelTypeAndMixType: Get kernel type success, kernelName=mul_Ascend910B2_int32_223010000, funcType=0, kernelAttrType=2, mixType=0
[INFO] RUNTIME(110198,npu_reader):2026-09-21-11:29:21.272.981 [program.cc:1119] 110198 SetKernelAttribute: kernel_name=mul_Ascend910B2_int32_223010000, kernelAttrType=2, userParamNum=0, sysParamNum=1, IsNeedSetFftsAddrInArg=0, isSupportOverFlow=1, elfDataFlag=1
[INFO] RUNTIME(110198,npu_reader):2026-09-21-11:29:21.272.984 [program.cc:1690] 110198 BuildNewKernel: new kernel success, size=1320, programId=12, original kernel_name=mul_Ascend910B2_int32_223010000, register kernel_name=mul_Ascend910B2_int32_223010000, tilingKey=223010000, functionEntry=0, funcType=0, kernelAttrType=2, mixType=0, taskRation=2, offset=2740, dfxAddr=187662185313544, dfxSize=176
[INFO] RUNTIME(110198,npu_reader):2026-09-21-11:29:21.272.988 [program.cc:1649] 110198 GetKernelTypeAndMixType: Get kernel type success, kernelName=mul_Ascend910B2_int32_223000000, funcType=0, kernelAttrType=2, mixType=0
[INFO] RUNTIME(110198,npu_reader):2026-09-21-11:29:21.272.991 [program.cc:1119] 110198 SetKernelAttribute: kernel_name=mul_Ascend910B2_int32_223000000, kernelAttrType=2, userParamNum=0, sysParamNum=1, IsNeedSetFftsAddrInArg=0, isSupportOverFlow=1, elfDataFlag=1
[INFO] RUNTIME(110198,npu_reader):2026-09-21-11:29:21.272.993 [program.cc:1690] 110198 BuildNewKernel: new kernel success, size=1320, programId=12, original kernel_name=mul_Ascend910B2_int32_223000000, register kernel_name=mul_Ascend910B2_int32_223000000, tilingKey=223000000, functionEntry=0, funcType=0, kernelAttrType=2, mixType=0, taskRation=2, offset=4452, dfxAddr=187662185313720, dfxSize=176
[INFO] RUNTIME(110198,npu_reader):2026-09-21-11:29:21.272.997 [program.cc:1649] 110198 GetKernelTypeAndMixType: Get kernel type success, kernelName=mul_Ascend910B2_int32_210010000, funcType=0, kernelAttrType=2, mixType=0
[INFO] RUNTIME(110198,npu_reader):2026-09-21-11:29:21.273.000 [program.cc:1119] 110198 SetKernelAttribute: kernel_name=mul_Ascend910B2_int32_210010000, kernelAttrType=2, userParamNum=0, sysParamNum=1, IsNeedSetFftsAddrInArg=0, isSupportOverFlow=1, elfDataFlag=1
[INFO] RUNTIME(110198,npu_reader):2026-09-21-11:29:21.273.007 [program.cc:1690] 110198 BuildNewKernel: new kernel success, size=1320, programId=12, original kernel_name=mul_Ascend910B2_int32_210010000, register kernel_name=mul_Ascend910B2_int32_210010000, tilingKey=210010000, functionEntry=0, funcType=0, kernelAttrType=2, mixType=0, taskRation=2, offset=5420, dfxAddr=187662185313896, dfxSize=176
[INFO] RUNTIME(110198,npu_reader):2026-09-21-11:29:21.273.011 [program.cc:1649] 110198 GetKernelTypeAndMixType: Get kernel type success, kernelName=mul_Ascend910B2_int32_210000000, funcType=0, kernelAttrType=2, mixType=0
[INFO] RUNTIME(110198,npu_reader):2026-09-21-11:29:21.273.014 [program.cc:1119] 110198 SetKernelAttribute: kernel_name=mul_Ascend910B2_int32_210000000, kernelAttrType=2, userParamNum=0, sysParamNum=1, IsNeedSetFftsAddrInArg=0, isSupportOverFlow=1, elfDataFlag=1
[INFO] RUNTIME(110198,npu_reader):2026-09-21-11:29:21.273.017 [program.cc:1690] 110198 BuildNewKernel: new kernel success, size=1320, programId=12, original kernel_name=mul_Ascend910B2_int32_210000000, register kernel_name=mul_Ascend910B2_int32_210000000, tilingKey=210000000, functionEntry=0, funcType=0, kernelAttrType=2, mixType=0, taskRation=2, offset=7024, dfxAddr=187662185314072, dfxSize=176
[INFO] RUNTIME(110198,npu_reader):2026-09-21-11:29:21.273.034 [binary_loader.cc:364] 110198 LoadFromData: New ElfProgram ok, magic=1094799942, kernelAttrType=2, Runtime_alloc_size=11072
[INFO] RUNTIME(110198,npu_reader):2026-09-21-11:29:21.273.038 [program.cc:204] 110198 SaveBinaryData: Malloc the buffer for elfData, len=15288
[INFO] RUNTIME(110198,npu_reader):2026-09-21-11:29:21.273.041 [elf.cc:884] 110198 ParseKernelMetaData: section name = .text.
[INFO] RUNTIME(110198,npu_reader):2026-09-21-11:29:21.273.043 [elf.cc:884] 110198 ParseKernelMetaData: section name = .ascend.stack.size.record.
[INFO] RUNTIME(110198,npu_reader):2026-09-21-11:29:21.273.046 [elf.cc:884] 110198 ParseKernelMetaData: section name = __CCE_KernelArgSize.
[INFO] RUNTIME(110198,npu_reader):2026-09-21-11:29:21.273.048 [elf.cc:884] 110198 ParseKernelMetaData: section name = .ascend.meta.mul_Ascend910B3_int32_232010000.
[INFO] RUNTIME(110198,npu_reader):2026-09-21-11:29:21.273.050 [elf.cc:575] 110198 ElfParseParamSummary: paramCount=4, paramTotalSize=32.
[INFO] RUNTIME(110198,npu_reader):2026-09-21-11:29:21.273.053 [elf.cc:610] 110198 ElfParseParamInfo: Cache param info: ordinal=0, offset=0, size=8, align=8, paramType=2, spaceIndex=0.
[INFO] RUNTIME(110198,npu_reader):2026-09-21-11:29:21.273.055 [elf.cc:610] 110198 ElfParseParamInfo: Cache param info: ordinal=1, offset=8, size=8, align=8, paramType=2, spaceIndex=0.
[INFO] RUNTIME(110198,npu_reader):2026-09-21-11:29:21.273.058 [elf.cc:610] 110198 ElfParseParamInfo: Cache param info: ordinal=2, offset=16, size=8, align=8, paramType=2, spaceIndex=0.
[INFO] RUNTIME(110198,npu_reader):2026-09-21-11:29:21.273.060 [elf.cc:610] 110198 ElfParseParamInfo: Cache param info: ordinal=3, offset=24, size=8, align=8, paramType=2, spaceIndex=0.
[INFO] RUNTIME(110198,npu_reader):2026-09-21-11:29:21.273.063 [elf.cc:916] 110198 ParseKernelMetaData: kernel_name=mul_Ascend910B3_int32_232010000, ration[0]=0, ration[1]=0, dfxAddr=0xaaad81e58734, dfxSize=176, funcType=0, crossCoreSync=0, kernelVfType=0, shareMemSize=0, minStackSize=0, isSupportFuncEntry=0, functionEntryFlag=128, functionEntry=0.
[INFO] RUNTIME(110198,npu_reader):2026-09-21-11:29:21.273.066 [elf.cc:884] 110198 ParseKernelMetaData: section name = .comment.
[INFO] RUNTIME(110198,npu_reader):2026-09-21-11:29:21.273.068 [elf.cc:884] 110198 ParseKernelMetaData: section name = .ascend.meta.mul_Ascend910B3_int32_232000000.
[INFO] RUNTIME(110198,npu_reader):2026-09-21-11:29:21.273.070 [elf.cc:575] 110198 ElfParseParamSummary: paramCount=4, paramTotalSize=32.
[INFO] RUNTIME(110198,npu_reader):2026-09-21-11:29:21.273.072 [elf.cc:610] 110198 ElfParseParamInfo: Cache param info: ordinal=0, offset=0, size=8, align=8, paramType=2, spaceIndex=0.
[INFO] RUNTIME(110198,npu_reader):2026-09-21-11:29:21.273.075 [elf.cc:610] 110198 ElfParseParamInfo: Cache param info: ordinal=1, offset=8, size=8, align=8, paramType=2, spaceIndex=0.
[INFO] RUNTIME(110198,npu_reader):2026-09-21-11:29:21.273.078 [elf.cc:610] 110198 ElfParseParamInfo: Cache param info: ordinal=2, offset=16, size=8, align=8, paramType=2, spaceIndex=0.
[INFO] RUNTIME(110198,npu_reader):2026-09-21-11:29:21.273.080 [elf.cc:610] 110198 ElfParseParamInfo: Cache param info: ordinal=3, offset=24, size=8, align=8, paramType=2, spaceIndex=0.
[INFO] RUNTIME(110198,npu_reader):2026-09-21-11:29:21.273.083 [elf.cc:916] 110198 ParseKernelMetaData: kernel_name=mul_Ascend910B3_int32_232000000, ration[0]=0, ration[1]=0, dfxAddr=0xaaad81e58828, dfxSize=176, funcType=0, crossCoreSync=0, kernelVfType=0, shareMemSize=0, minStackSize=0, isSupportFuncEntry=0, functionEntryFlag=128, functionEntry=0.
[INFO] RUNTIME(110198,npu_reader):2026-09-21-11:29:21.273.086 [elf.cc:884] 110198 ParseKernelMetaData: section name = .ascend.meta.mul_Ascend910B3_int32_223010000.
[INFO] RUNTIME(110198,npu_reader):2026-09-21-11:29:21.273.088 [elf.cc:575] 110198 ElfParseParamSummary: paramCount=4, paramTotalSize=32.
[INFO] RUNTIME(110198,npu_reader):2026-09-21-11:29:21.273.090 [elf.cc:610] 110198 ElfParseParamInfo: Cache param info: ordinal=0, offset=0, size=8, align=8, paramType=2, spaceIndex=0.
[INFO] RUNTIME(110198,npu_reader):2026-09-21-11:29:21.273.093 [elf.cc:610] 110198 ElfParseParamInfo: Cache param info: ordinal=1, offset=8, size=8, align=8, paramType=2, spaceIndex=0.
[INFO] RUNTIME(110198,npu_reader):2026-09-21-11:29:21.273.095 [elf.cc:610] 110198 ElfParseParamInfo: Cache param info: ordinal=2, offset=16, size=8, align=8, paramType=2, spaceIndex=0.
[INFO] RUNTIME(110198,npu_reader):2026-09-21-11:29:21.273.098 [elf.cc:610] 110198 ElfParseParamInfo: Cache param info: ordinal=3, offset=24, size=8, align=8, paramType=2, spaceIndex=0.
[INFO] RUNTIME(110198,npu_reader):2026-09-21-11:29:21.273.100 [elf.cc:916] 110198 ParseKernelMetaData: kernel_name=mul_Ascend910B3_int32_223010000, ration[0]=0, ration[1]=0, dfxAddr=0xaaad81e588d8, dfxSize=176, funcType=0, crossCoreSync=0, kernelVfType=0, shareMemSize=0, minStackSize=0, isSupportFuncEntry=0, functionEntryFlag=128, functionEntry=0.
[INFO] RUNTIME(110198,npu_reader):2026-09-21-11:29:21.273.103 [elf.cc:884] 110198 ParseKernelMetaData: section name = .ascend.meta.mul_Ascend910B3_int32_223000000.
[INFO] RUNTIME(110198,npu_reader):2026-09-21-11:29:21.273.105 [elf.cc:575] 110198 ElfParseParamSummary: paramCount=4, paramTotalSize=32.
[INFO] RUNTIME(110198,npu_reader):2026-09-21-11:29:21.273.108 [elf.cc:610] 110198 ElfParseParamInfo: Cache param info: ordinal=0, offset=0, size=8, align=8, paramType=2, spaceIndex=0.
[INFO] RUNTIME(110198,npu_reader):2026-09-21-11:29:21.273.110 [elf.cc:610] 110198 ElfParseParamInfo: Cache param info: ordinal=1, offset=8, size=8, align=8, paramType=2, spaceIndex=0.
[INFO] RUNTIME(110198,npu_reader):2026-09-21-11:29:21.273.112 [elf.cc:610] 110198 ElfParseParamInfo: Cache param info: ordinal=2, offset=16, size=8, align=8, paramType=2, spaceIndex=0.
[INFO] RUNTIME(110198,npu_reader):2026-09-21-11:29:21.273.115 [elf.cc:610] 110198 ElfParseParamInfo: Cache param info: ordinal=3, offset=24, size=8, align=8, paramType=2, spaceIndex=0.
[INFO] RUNTIME(110198,npu_reader):2026-09-21-11:29:21.273.117 [elf.cc:916] 110198 ParseKernelMetaData: kernel_name=mul_Ascend910B3_int32_223000000, ration[0]=0, ration[1]=0, dfxAddr=0xaaad81e58988, dfxSize=176, funcType=0, crossCoreSync=0, kernelVfType=0, shareMemSize=0, minStackSize=0, isSupportFuncEntry=0, functionEntryFlag=128, functionEntry=0.
[INFO] RUNTIME(110198,npu_reader):2026-09-21-11:29:21.273.120 [elf.cc:884] 110198 ParseKernelMetaData: section name = .ascend.meta.mul_Ascend910B3_int32_210010000.
[INFO] RUNTIME(110198,npu_reader):2026-09-21-11:29:21.273.122 [elf.cc:575] 110198 ElfParseParamSummary: paramCount=4, paramTotalSize=32.
[INFO] RUNTIME(110198,npu_reader):2026-09-21-11:29:21.273.124 [elf.cc:610] 110198 ElfParseParamInfo: Cache param info: ordinal=0, offset=0, size=8, align=8, paramType=2, spaceIndex=0.
[INFO] RUNTIME(110198,npu_reader):2026-09-21-11:29:21.273.127 [elf.cc:610] 110198 ElfParseParamInfo: Cache param info: ordinal=1, offset=8, size=8, align=8, paramType=2, spaceIndex=0.
[INFO] RUNTIME(110198,npu_reader):2026-09-21-11:29:21.273.130 [elf.cc:610] 110198 ElfParseParamInfo: Cache param info: ordinal=2, offset=16, size=8, align=8, paramType=2, spaceIndex=0.
[INFO] RUNTIME(110198,npu_reader):2026-09-21-11:29:21.273.132 [elf.cc:610] 110198 ElfParseParamInfo: Cache param info: ordinal=3, offset=24, size=8, align=8, paramType=2, spaceIndex=0.
[INFO] RUNTIME(110198,npu_reader):2026-09-21-11:29:21.273.135 [elf.cc:916] 110198 ParseKernelMetaData: kernel_name=mul_Ascend910B3_int32_210010000, ration[0]=0, ration[1]=0, dfxAddr=0xaaad81e58a38, dfxSize=176, funcType=0, crossCoreSync=0, kernelVfType=0, shareMemSize=0, minStackSize=0, isSupportFuncEntry=0, functionEntryFlag=128, functionEntry=0.
[INFO] RUNTIME(110198,npu_reader):2026-09-21-11:29:21.273.138 [elf.cc:884] 110198 ParseKernelMetaData: section name = .ascend.meta.mul_Ascend910B3_int32_210000000.
[INFO] RUNTIME(110198,npu_reader):2026-09-21-11:29:21.273.140 [elf.cc:575] 110198 ElfParseParamSummary: paramCount=4, paramTotalSize=32.
[INFO] RUNTIME(110198,npu_reader):2026-09-21-11:29:21.273.142 [elf.cc:610] 110198 ElfParseParamInfo: Cache param info: ordinal=0, offset=0, size=8, align=8, paramType=2, spaceIndex=0.
[INFO] RUNTIME(110198,npu_reader):2026-09-21-11:29:21.273.144 [elf.cc:610] 110198 ElfParseParamInfo: Cache param info: ordinal=1, offset=8, size=8, align=8, paramType=2, spaceIndex=0.
[INFO] RUNTIME(110198,npu_reader):2026-09-21-11:29:21.273.147 [elf.cc:610] 110198 ElfParseParamInfo: Cache param info: ordinal=2, offset=16, size=8, align=8, paramType=2, spaceIndex=0.
[INFO] RUNTIME(110198,npu_reader):2026-09-21-11:29:21.273.149 [elf.cc:610] 110198 ElfParseParamInfo: Cache param info: ordinal=3, offset=24, size=8, align=8, paramType=2, spaceIndex=0.
[INFO] RUNTIME(110198,npu_reader):2026-09-21-11:29:21.273.152 [elf.cc:916] 110198 ParseKernelMetaData: kernel_name=mul_Ascend910B3_int32_210000000, ration[0]=0, ration[1]=0, dfxAddr=0xaaad81e58ae8, dfxSize=176, funcType=0, crossCoreSync=0, kernelVfType=0, shareMemSize=0, minStackSize=0, isSupportFuncEntry=0, functionEntryFlag=128, functionEntry=0.
[INFO] RUNTIME(110198,npu_reader):2026-09-21-11:29:21.273.164 [elf.cc:1076] 110198 UpdateCachedParamInfos: Restore cached param info: kernel_name=mul_Ascend910B3_int32_232010000, ordinal=0, offset=0, size=8.
[INFO] RUNTIME(110198,npu_reader):2026-09-21-11:29:21.273.166 [elf.cc:1076] 110198 UpdateCachedParamInfos: Restore cached param info: kernel_name=mul_Ascend910B3_int32_232010000, ordinal=1, offset=8, size=8.
[INFO] RUNTIME(110198,npu_reader):2026-09-21-11:29:21.273.168 [elf.cc:1076] 110198 UpdateCachedParamInfos: Restore cached param info: kernel_name=mul_Ascend910B3_int32_232010000, ordinal=2, offset=16, size=8.
[INFO] RUNTIME(110198,npu_reader):2026-09-21-11:29:21.273.171 [elf.cc:1076] 110198 UpdateCachedParamInfos: Restore cached param info: kernel_name=mul_Ascend910B3_int32_232010000, ordinal=3, offset=24, size=8.
[INFO] RUNTIME(110198,npu_reader):2026-09-21-11:29:21.273.173 [elf.cc:1145] 110198 UpdateKernelsInfo: update meta info, kernel_name=mul_Ascend910B3_int32_232010000, dfxAddr=0xaaad81e58734, dfxSize=176, funcType=0, elfDataFlag=1, userArgsNum=0, crossCoreSync=0, kernelVfType=0, shareMemSize=0, minStackSize=0, funcEntryType=0, functionEntry=0, schedMode=0, taskRation_0=0, taskRation_1=0, hasParamSummary=1, paramCount=4, paramTotalSize=32.
[INFO] RUNTIME(110198,npu_reader):2026-09-21-11:29:21.273.176 [elf.cc:1076] 110198 UpdateCachedParamInfos: Restore cached param info: kernel_name=mul_Ascend910B3_int32_232000000, ordinal=0, offset=0, size=8.
[INFO] RUNTIME(110198,npu_reader):2026-09-21-11:29:21.273.179 [elf.cc:1076] 110198 UpdateCachedParamInfos: Restore cached param info: kernel_name=mul_Ascend910B3_int32_232000000, ordinal=1, offset=8, size=8.
[INFO] RUNTIME(110198,npu_reader):2026-09-21-11:29:21.273.181 [elf.cc:1076] 110198 UpdateCachedParamInfos: Restore cached param info: kernel_name=mul_Ascend910B3_int32_232000000, ordinal=2, offset=16, size=8.
[INFO] RUNTIME(110198,npu_reader):2026-09-21-11:29:21.273.184 [elf.cc:1076] 110198 UpdateCachedParamInfos: Restore cached param info: kernel_name=mul_Ascend910B3_int32_232000000, ordinal=3, offset=24, size=8.
[INFO] RUNTIME(110198,npu_reader):2026-09-21-11:29:21.273.186 [elf.cc:1145] 110198 UpdateKernelsInfo: update meta info, kernel_name=mul_Ascend910B3_int32_232000000, dfxAddr=0xaaad81e58828, dfxSize=176, funcType=0, elfDataFlag=1, userArgsNum=0, crossCoreSync=0, kernelVfType=0, shareMemSize=0, minStackSize=0, funcEntryType=0, functionEntry=0, schedMode=0, taskRation_0=0, taskRation_1=0, hasParamSummary=1, paramCount=4, paramTotalSize=32.
[INFO] RUNTIME(110198,npu_reader):2026-09-21-11:29:21.273.190 [elf.cc:1076] 110198 UpdateCachedParamInfos: Restore cached param info: kernel_name=mul_Ascend910B3_int32_223010000, ordinal=0, offset=0, size=8.
[INFO] RUNTIME(110198,npu_reader):2026-09-21-11:29:21.273.192 [elf.cc:1076] 110198 UpdateCachedParamInfos: Restore cached param info: kernel_name=mul_Ascend910B3_int32_223010000, ordinal=1, offset=8, size=8.
[INFO] RUNTIME(110198,npu_reader):2026-09-21-11:29:21.273.194 [elf.cc:1076] 110198 UpdateCachedParamInfos: Restore cached param info: kernel_name=mul_Ascend910B3_int32_223010000, ordinal=2, offset=16, size=8.
[INFO] RUNTIME(110198,npu_reader):2026-09-21-11:29:21.273.196 [elf.cc:1076] 110198 UpdateCachedParamInfos: Restore cached param info: kernel_name=mul_Ascend910B3_int32_223010000, ordinal=3, offset=24, size=8.
[INFO] RUNTIME(110198,npu_reader):2026-09-21-11:29:21.273.199 [elf.cc:1145] 110198 UpdateKernelsInfo: update meta info, kernel_name=mul_Ascend910B3_int32_223010000, dfxAddr=0xaaad81e588d8, dfxSize=176, funcType=0, elfDataFlag=1, userArgsNum=0, crossCoreSync=0, kernelVfType=0, shareMemSize=0, minStackSize=0, funcEntryType=0, functionEntry=0, schedMode=0, taskRation_0=0, taskRation_1=0, hasParamSummary=1, paramCount=4, paramTotalSize=32.
[INFO] RUNTIME(110198,npu_reader):2026-09-21-11:29:21.273.202 [elf.cc:1076] 110198 UpdateCachedParamInfos: Restore cached param info: kernel_name=mul_Ascend910B3_int32_223000000, ordinal=0, offset=0, size=8.
[INFO] RUNTIME(110198,npu_reader):2026-09-21-11:29:21.273.204 [elf.cc:1076] 110198 UpdateCachedParamInfos: Restore cached param info: kernel_name=mul_Ascend910B3_int32_223000000, ordinal=1, offset=8, size=8.
[INFO] RUNTIME(110198,npu_reader):2026-09-21-11:29:21.273.206 [elf.cc:1076] 110198 UpdateCachedParamInfos: Restore cached param info: kernel_name=mul_Ascend910B3_int32_223000000, ordinal=2, offset=16, size=8.
[INFO] RUNTIME(110198,npu_reader):2026-09-21-11:29:21.273.209 [elf.cc:1076] 110198 UpdateCachedParamInfos: Restore cached param info: kernel_name=mul_Ascend910B3_int32_223000000, ordinal=3, offset=24, size=8.
[INFO] RUNTIME(110198,npu_reader):2026-09-21-11:29:21.273.211 [elf.cc:1145] 110198 UpdateKernelsInfo: update meta info, kernel_name=mul_Ascend910B3_int32_223000000, dfxAddr=0xaaad81e58988, dfxSize=176, funcType=0, elfDataFlag=1, userArgsNum=0, crossCoreSync=0, kernelVfType=0, shareMemSize=0, minStackSize=0, funcEntryType=0, functionEntry=0, schedMode=0, taskRation_0=0, taskRation_1=0, hasParamSummary=1, paramCount=4, paramTotalSize=32.
[INFO] RUNTIME(110198,npu_reader):2026-09-21-11:29:21.273.214 [elf.cc:1076] 110198 UpdateCachedParamInfos: Restore cached param info: kernel_name=mul_Ascend910B3_int32_210010000, ordinal=0, offset=0, size=8.
[INFO] RUNTIME(110198,npu_reader):2026-09-21-11:29:21.273.217 [elf.cc:1076] 110198 UpdateCachedParamInfos: Restore cached param info: kernel_name=mul_Ascend910B3_int32_210010000, ordinal=1, offset=8, size=8.
[INFO] RUNTIME(110198,npu_reader):2026-09-21-11:29:21.273.219 [elf.cc:1076] 110198 UpdateCachedParamInfos: Restore cached param info: kernel_name=mul_Ascend910B3_int32_210010000, ordinal=2, offset=16, size=8.
[INFO] RUNTIME(110198,npu_reader):2026-09-21-11:29:21.273.221 [elf.cc:1076] 110198 UpdateCachedParamInfos: Restore cached param info: kernel_name=mul_Ascend910B3_int32_210010000, ordinal=3, offset=24, size=8.
[INFO] RUNTIME(110198,npu_reader):2026-09-21-11:29:21.273.223 [elf.cc:1145] 110198 UpdateKernelsInfo: update meta info, kernel_name=mul_Ascend910B3_int32_210010000, dfxAddr=0xaaad81e58a38, dfxSize=176, funcType=0, elfDataFlag=1, userArgsNum=0, crossCoreSync=0, kernelVfType=0, shareMemSize=0, minStackSize=0, funcEntryType=0, functionEntry=0, schedMode=0, taskRation_0=0, taskRation_1=0, hasParamSummary=1, paramCount=4, paramTotalSize=32.
[INFO] RUNTIME(110198,npu_reader):2026-09-21-11:29:21.273.227 [elf.cc:1076] 110198 UpdateCachedParamInfos: Restore cached param info: kernel_name=mul_Ascend910B3_int32_210000000, ordinal=0, offset=0, size=8.
[INFO] RUNTIME(110198,npu_reader):2026-09-21-11:29:21.273.229 [elf.cc:1076] 110198 UpdateCachedParamInfos: Restore cached param info: kernel_name=mul_Ascend910B3_int32_210000000, ordinal=1, offset=8, size=8.
[INFO] RUNTIME(110198,npu_reader):2026-09-21-11:29:21.273.231 [elf.cc:1076] 110198 UpdateCachedParamInfos: Restore cached param info: kernel_name=mul_Ascend910B3_int32_210000000, ordinal=2, offset=16, size=8.
[INFO] RUNTIME(110198,npu_reader):2026-09-21-11:29:21.273.234 [elf.cc:1076] 110198 UpdateCachedParamInfos: Restore cached param info: kernel_name=mul_Ascend910B3_int32_210000000, ordinal=3, offset=24, size=8.
[INFO] RUNTIME(110198,npu_reader):2026-09-21-11:29:21.273.236 [elf.cc:1145] 110198 UpdateKernelsInfo: update meta info, kernel_name=mul_Ascend910B3_int32_210000000, dfxAddr=0xaaad81e58ae8, dfxSize=176, funcType=0, elfDataFlag=1, userArgsNum=0, crossCoreSync=0, kernelVfType=0, shareMemSize=0, minStackSize=0, funcEntryType=0, functionEntry=0, schedMode=0, taskRation_0=0, taskRation_1=0, hasParamSummary=1, paramCount=4, paramTotalSize=32.
[INFO] RUNTIME(110198,npu_reader):2026-09-21-11:29:21.273.239 [runtime.cc:1448] 110198 AddProgramToPool: progId=13
[INFO] RUNTIME(110198,npu_reader):2026-09-21-11:29:21.273.242 [program.cc:1649] 110198 GetKernelTypeAndMixType: Get kernel type success, kernelName=mul_Ascend910B3_int32_232010000, funcType=0, kernelAttrType=2, mixType=0
[INFO] RUNTIME(110198,npu_reader):2026-09-21-11:29:21.273.246 [program.cc:1119] 110198 SetKernelAttribute: kernel_name=mul_Ascend910B3_int32_232010000, kernelAttrType=2, userParamNum=0, sysParamNum=1, IsNeedSetFftsAddrInArg=0, isSupportOverFlow=1, elfDataFlag=1
[INFO] RUNTIME(110198,npu_reader):2026-09-21-11:29:21.273.249 [program.cc:1690] 110198 BuildNewKernel: new kernel success, size=1320, programId=13, original kernel_name=mul_Ascend910B3_int32_232010000, register kernel_name=mul_Ascend910B3_int32_232010000, tilingKey=232010000, functionEntry=0, funcType=0, kernelAttrType=2, mixType=0, taskRation=2, offset=0, dfxAddr=187662185367348, dfxSize=176
[INFO] RUNTIME(110198,npu_reader):2026-09-21-11:29:21.273.253 [program.cc:1649] 110198 GetKernelTypeAndMixType: Get kernel type success, kernelName=mul_Ascend910B3_int32_232000000, funcType=0, kernelAttrType=2, mixType=0
[INFO] RUNTIME(110198,npu_reader):2026-09-21-11:29:21.273.255 [program.cc:1119] 110198 SetKernelAttribute: kernel_name=mul_Ascend910B3_int32_232000000, kernelAttrType=2, userParamNum=0, sysParamNum=1, IsNeedSetFftsAddrInArg=0, isSupportOverFlow=1, elfDataFlag=1
[INFO] RUNTIME(110198,npu_reader):2026-09-21-11:29:21.273.258 [program.cc:1690] 110198 BuildNewKernel: new kernel success, size=1320, programId=13, original kernel_name=mul_Ascend910B3_int32_232000000, register kernel_name=mul_Ascend910B3_int32_232000000, tilingKey=232000000, functionEntry=0, funcType=0, kernelAttrType=2, mixType=0, taskRation=2, offset=1760, dfxAddr=187662185367592, dfxSize=176
[INFO] RUNTIME(110198,npu_reader):2026-09-21-11:29:21.273.262 [program.cc:1649] 110198 GetKernelTypeAndMixType: Get kernel type success, kernelName=mul_Ascend910B3_int32_223010000, funcType=0, kernelAttrType=2, mixType=0
[INFO] RUNTIME(110198,npu_reader):2026-09-21-11:29:21.273.265 [program.cc:1119] 110198 SetKernelAttribute: kernel_name=mul_Ascend910B3_int32_223010000, kernelAttrType=2, userParamNum=0, sysParamNum=1, IsNeedSetFftsAddrInArg=0, isSupportOverFlow=1, elfDataFlag=1
[INFO] RUNTIME(110198,npu_reader):2026-09-21-11:29:21.273.268 [program.cc:1690] 110198 BuildNewKernel: new kernel success, size=1320, programId=13, original kernel_name=mul_Ascend910B3_int32_223010000, register kernel_name=mul_Ascend910B3_int32_223010000, tilingKey=223010000, functionEntry=0, funcType=0, kernelAttrType=2, mixType=0, taskRation=2, offset=2740, dfxAddr=187662185367768, dfxSize=176
[INFO] RUNTIME(110198,npu_reader):2026-09-21-11:29:21.273.272 [program.cc:1649] 110198 GetKernelTypeAndMixType: Get kernel type success, kernelName=mul_Ascend910B3_int32_223000000, funcType=0, kernelAttrType=2, mixType=0
[INFO] RUNTIME(110198,npu_reader):2026-09-21-11:29:21.273.275 [program.cc:1119] 110198 SetKernelAttribute: kernel_name=mul_Ascend910B3_int32_223000000, kernelAttrType=2, userParamNum=0, sysParamNum=1, IsNeedSetFftsAddrInArg=0, isSupportOverFlow=1, elfDataFlag=1
[INFO] RUNTIME(110198,npu_reader):2026-09-21-11:29:21.273.277 [program.cc:1690] 110198 BuildNewKernel: new kernel success, size=1320, programId=13, original kernel_name=mul_Ascend910B3_int32_223000000, register kernel_name=mul_Ascend910B3_int32_223000000, tilingKey=223000000, functionEntry=0, funcType=0, kernelAttrType=2, mixType=0, taskRation=2, offset=4452, dfxAddr=187662185367944, dfxSize=176
[INFO] RUNTIME(110198,npu_reader):2026-09-21-11:29:21.273.281 [program.cc:1649] 110198 GetKernelTypeAndMixType: Get kernel type success, kernelName=mul_Ascend910B3_int32_210010000, funcType=0, kernelAttrType=2, mixType=0
[INFO] RUNTIME(110198,npu_reader):2026-09-21-11:29:21.273.284 [program.cc:1119] 110198 SetKernelAttribute: kernel_name=mul_Ascend910B3_int32_210010000, kernelAttrType=2, userParamNum=0, sysParamNum=1, IsNeedSetFftsAddrInArg=0, isSupportOverFlow=1, elfDataFlag=1
[INFO] RUNTIME(110198,npu_reader):2026-09-21-11:29:21.273.287 [program.cc:1690] 110198 BuildNewKernel: new kernel success, size=1320, programId=13, original kernel_name=mul_Ascend910B3_int32_210010000, register kernel_name=mul_Ascend910B3_int32_210010000, tilingKey=210010000, functionEntry=0, funcType=0, kernelAttrType=2, mixType=0, taskRation=2, offset=5420, dfxAddr=187662185368120, dfxSize=176
[INFO] RUNTIME(110198,npu_reader):2026-09-21-11:29:21.273.291 [program.cc:1649] 110198 GetKernelTypeAndMixType: Get kernel type success, kernelName=mul_Ascend910B3_int32_210000000, funcType=0, kernelAttrType=2, mixType=0
[INFO] RUNTIME(110198,npu_reader):2026-09-21-11:29:21.273.293 [program.cc:1119] 110198 SetKernelAttribute: kernel_name=mul_Ascend910B3_int32_210000000, kernelAttrType=2, userParamNum=0, sysParamNum=1, IsNeedSetFftsAddrInArg=0, isSupportOverFlow=1, elfDataFlag=1
[INFO] RUNTIME(110198,npu_reader):2026-09-21-11:29:21.273.296 [program.cc:1690] 110198 BuildNewKernel: new kernel success, size=1320, programId=13, original kernel_name=mul_Ascend910B3_int32_210000000, register kernel_name=mul_Ascend910B3_int32_210000000, tilingKey=210000000, functionEntry=0, funcType=0, kernelAttrType=2, mixType=0, taskRation=2, offset=7024, dfxAddr=187662185368296, dfxSize=176
[INFO] RUNTIME(110198,npu_reader):2026-09-21-11:29:21.273.313 [binary_loader.cc:364] 110198 LoadFromData: New ElfProgram ok, magic=1094799942, kernelAttrType=2, Runtime_alloc_size=11072
[INFO] RUNTIME(110198,npu_reader):2026-09-21-11:29:21.273.316 [program.cc:204] 110198 SaveBinaryData: Malloc the buffer for elfData, len=15288
[INFO] RUNTIME(110198,npu_reader):2026-09-21-11:29:21.273.319 [elf.cc:884] 110198 ParseKernelMetaData: section name = .text.
[INFO] RUNTIME(110198,npu_reader):2026-09-21-11:29:21.273.322 [elf.cc:884] 110198 ParseKernelMetaData: section name = .ascend.stack.size.record.
[INFO] RUNTIME(110198,npu_reader):2026-09-21-11:29:21.273.324 [elf.cc:884] 110198 ParseKernelMetaData: section name = __CCE_KernelArgSize.
[INFO] RUNTIME(110198,npu_reader):2026-09-21-11:29:21.273.326 [elf.cc:884] 110198 ParseKernelMetaData: section name = .ascend.meta.mul_Ascend910B4_int32_232010000.
[INFO] RUNTIME(110198,npu_reader):2026-09-21-11:29:21.273.329 [elf.cc:575] 110198 ElfParseParamSummary: paramCount=4, paramTotalSize=32.
[INFO] RUNTIME(110198,npu_reader):2026-09-21-11:29:21.273.332 [elf.cc:610] 110198 ElfParseParamInfo: Cache param info: ordinal=0, offset=0, size=8, align=8, paramType=2, spaceIndex=0.
[INFO] RUNTIME(110198,npu_reader):2026-09-21-11:29:21.273.334 [elf.cc:610] 110198 ElfParseParamInfo: Cache param info: ordinal=1, offset=8, size=8, align=8, paramType=2, spaceIndex=0.
[INFO] RUNTIME(110198,npu_reader):2026-09-21-11:29:21.273.337 [elf.cc:610] 110198 ElfParseParamInfo: Cache param info: ordinal=2, offset=16, size=8, align=8, paramType=2, spaceIndex=0.
[INFO] RUNTIME(110198,npu_reader):2026-09-21-11:29:21.273.339 [elf.cc:610] 110198 ElfParseParamInfo: Cache param info: ordinal=3, offset=24, size=8, align=8, paramType=2, spaceIndex=0.
[INFO] RUNTIME(110198,npu_reader):2026-09-21-11:29:21.273.342 [elf.cc:916] 110198 ParseKernelMetaData: kernel_name=mul_Ascend910B4_int32_232010000, ration[0]=0, ration[1]=0, dfxAddr=0xaaad81e65b64, dfxSize=176, funcType=0, crossCoreSync=0, kernelVfType=0, shareMemSize=0, minStackSize=0, isSupportFuncEntry=0, functionEntryFlag=128, functionEntry=0.
[INFO] RUNTIME(110198,npu_reader):2026-09-21-11:29:21.273.345 [elf.cc:884] 110198 ParseKernelMetaData: section name = .comment.
[INFO] RUNTIME(110198,npu_reader):2026-09-21-11:29:21.273.347 [elf.cc:884] 110198 ParseKernelMetaData: section name = .ascend.meta.mul_Ascend910B4_int32_232000000.
[INFO] RUNTIME(110198,npu_reader):2026-09-21-11:29:21.273.349 [elf.cc:575] 110198 ElfParseParamSummary: paramCount=4, paramTotalSize=32.
[INFO] RUNTIME(110198,npu_reader):2026-09-21-11:29:21.273.351 [elf.cc:610] 110198 ElfParseParamInfo: Cache param info: ordinal=0, offset=0, size=8, align=8, paramType=2, spaceIndex=0.
[INFO] RUNTIME(110198,npu_reader):2026-09-21-11:29:21.273.354 [elf.cc:610] 110198 ElfParseParamInfo: Cache param info: ordinal=1, offset=8, size=8, align=8, paramType=2, spaceIndex=0.
[INFO] RUNTIME(110198,npu_reader):2026-09-21-11:29:21.273.356 [elf.cc:610] 110198 ElfParseParamInfo: Cache param info: ordinal=2, offset=16, size=8, align=8, paramType=2, spaceIndex=0.
[INFO] RUNTIME(110198,npu_reader):2026-09-21-11:29:21.273.358 [elf.cc:610] 110198 ElfParseParamInfo: Cache param info: ordinal=3, offset=24, size=8, align=8, paramType=2, spaceIndex=0.
[INFO] RUNTIME(110198,npu_reader):2026-09-21-11:29:21.273.361 [elf.cc:916] 110198 ParseKernelMetaData: kernel_name=mul_Ascend910B4_int32_232000000, ration[0]=0, ration[1]=0, dfxAddr=0xaaad81e65c58, dfxSize=176, funcType=0, crossCoreSync=0, kernelVfType=0, shareMemSize=0, minStackSize=0, isSupportFuncEntry=0, functionEntryFlag=128, functionEntry=0.
[INFO] RUNTIME(110198,npu_reader):2026-09-21-11:29:21.273.364 [elf.cc:884] 110198 ParseKernelMetaData: section name = .ascend.meta.mul_Ascend910B4_int32_223010000.
[INFO] RUNTIME(110198,npu_reader):2026-09-21-11:29:21.273.366 [elf.cc:575] 110198 ElfParseParamSummary: paramCount=4, paramTotalSize=32.
[INFO] RUNTIME(110198,npu_reader):2026-09-21-11:29:21.273.368 [elf.cc:610] 110198 ElfParseParamInfo: Cache param info: ordinal=0, offset=0, size=8, align=8, paramType=2, spaceIndex=0.
[INFO] RUNTIME(110198,npu_reader):2026-09-21-11:29:21.273.371 [elf.cc:610] 110198 ElfParseParamInfo: Cache param info: ordinal=1, offset=8, size=8, align=8, paramType=2, spaceIndex=0.
[INFO] RUNTIME(110198,npu_reader):2026-09-21-11:29:21.273.373 [elf.cc:610] 110198 ElfParseParamInfo: Cache param info: ordinal=2, offset=16, size=8, align=8, paramType=2, spaceIndex=0.
[INFO] RUNTIME(110198,npu_reader):2026-09-21-11:29:21.273.375 [elf.cc:610] 110198 ElfParseParamInfo: Cache param info: ordinal=3, offset=24, size=8, align=8, paramType=2, spaceIndex=0.
[INFO] RUNTIME(110198,npu_reader):2026-09-21-11:29:21.273.378 [elf.cc:916] 110198 ParseKernelMetaData: kernel_name=mul_Ascend910B4_int32_223010000, ration[0]=0, ration[1]=0, dfxAddr=0xaaad81e65d08, dfxSize=176, funcType=0, crossCoreSync=0, kernelVfType=0, shareMemSize=0, minStackSize=0, isSupportFuncEntry=0, functionEntryFlag=128, functionEntry=0.
[INFO] RUNTIME(110198,npu_reader):2026-09-21-11:29:21.273.381 [elf.cc:884] 110198 ParseKernelMetaData: section name = .ascend.meta.mul_Ascend910B4_int32_223000000.
[INFO] RUNTIME(110198,npu_reader):2026-09-21-11:29:21.273.383 [elf.cc:575] 110198 ElfParseParamSummary: paramCount=4, paramTotalSize=32.
[INFO] RUNTIME(110198,npu_reader):2026-09-21-11:29:21.273.386 [elf.cc:610] 110198 ElfParseParamInfo: Cache param info: ordinal=0, offset=0, size=8, align=8, paramType=2, spaceIndex=0.
[INFO] RUNTIME(110198,npu_reader):2026-09-21-11:29:21.273.388 [elf.cc:610] 110198 ElfParseParamInfo: Cache param info: ordinal=1, offset=8, size=8, align=8, paramType=2, spaceIndex=0.
[INFO] RUNTIME(110198,npu_reader):2026-09-21-11:29:21.273.390 [elf.cc:610] 110198 ElfParseParamInfo: Cache param info: ordinal=2, offset=16, size=8, align=8, paramType=2, spaceIndex=0.
[INFO] RUNTIME(110198,npu_reader):2026-09-21-11:29:21.273.393 [elf.cc:610] 110198 ElfParseParamInfo: Cache param info: ordinal=3, offset=24, size=8, align=8, paramType=2, spaceIndex=0.
[INFO] RUNTIME(110198,npu_reader):2026-09-21-11:29:21.273.395 [elf.cc:916] 110198 ParseKernelMetaData: kernel_name=mul_Ascend910B4_int32_223000000, ration[0]=0, ration[1]=0, dfxAddr=0xaaad81e65db8, dfxSize=176, funcType=0, crossCoreSync=0, kernelVfType=0, shareMemSize=0, minStackSize=0, isSupportFuncEntry=0, functionEntryFlag=128, functionEntry=0.
[INFO] RUNTIME(110198,npu_reader):2026-09-21-11:29:21.273.398 [elf.cc:884] 110198 ParseKernelMetaData: section name = .ascend.meta.mul_Ascend910B4_int32_210010000.
[INFO] RUNTIME(110198,npu_reader):2026-09-21-11:29:21.273.400 [elf.cc:575] 110198 ElfParseParamSummary: paramCount=4, paramTotalSize=32.
[INFO] RUNTIME(110198,npu_reader):2026-09-21-11:29:21.273.403 [elf.cc:610] 110198 ElfParseParamInfo: Cache param info: ordinal=0, offset=0, size=8, align=8, paramType=2, spaceIndex=0.
[INFO] RUNTIME(110198,npu_reader):2026-09-21-11:29:21.273.405 [elf.cc:610] 110198 ElfParseParamInfo: Cache param info: ordinal=1, offset=8, size=8, align=8, paramType=2, spaceIndex=0.
[INFO] RUNTIME(110198,npu_reader):2026-09-21-11:29:21.273.407 [elf.cc:610] 110198 ElfParseParamInfo: Cache param info: ordinal=2, offset=16, size=8, align=8, paramType=2, spaceIndex=0.
[INFO] RUNTIME(110198,npu_reader):2026-09-21-11:29:21.273.410 [elf.cc:610] 110198 ElfParseParamInfo: Cache param info: ordinal=3, offset=24, size=8, align=8, paramType=2, spaceIndex=0.
[INFO] RUNTIME(110198,npu_reader):2026-09-21-11:29:21.273.412 [elf.cc:916] 110198 ParseKernelMetaData: kernel_name=mul_Ascend910B4_int32_210010000, ration[0]=0, ration[1]=0, dfxAddr=0xaaad81e65e68, dfxSize=176, funcType=0, crossCoreSync=0, kernelVfType=0, shareMemSize=0, minStackSize=0, isSupportFuncEntry=0, functionEntryFlag=128, functionEntry=0.
[INFO] RUNTIME(110198,npu_reader):2026-09-21-11:29:21.273.415 [elf.cc:884] 110198 ParseKernelMetaData: section name = .ascend.meta.mul_Ascend910B4_int32_210000000.
[INFO] RUNTIME(110198,npu_reader):2026-09-21-11:29:21.273.417 [elf.cc:575] 110198 ElfParseParamSummary: paramCount=4, paramTotalSize=32.
[INFO] RUNTIME(110198,npu_reader):2026-09-21-11:29:21.273.420 [elf.cc:610] 110198 ElfParseParamInfo: Cache param info: ordinal=0, offset=0, size=8, align=8, paramType=2, spaceIndex=0.
[INFO] RUNTIME(110198,npu_reader):2026-09-21-11:29:21.273.422 [elf.cc:610] 110198 ElfParseParamInfo: Cache param info: ordinal=1, offset=8, size=8, align=8, paramType=2, spaceIndex=0.
[INFO] RUNTIME(110198,npu_reader):2026-09-21-11:29:21.273.424 [elf.cc:610] 110198 ElfParseParamInfo: Cache param info: ordinal=2, offset=16, size=8, align=8, paramType=2, spaceIndex=0.
[INFO] RUNTIME(110198,npu_reader):2026-09-21-11:29:21.273.427 [elf.cc:610] 110198 ElfParseParamInfo: Cache param info: ordinal=3, offset=24, size=8, align=8, paramType=2, spaceIndex=0.
[INFO] RUNTIME(110198,npu_reader):2026-09-21-11:29:21.273.429 [elf.cc:916] 110198 ParseKernelMetaData: kernel_name=mul_Ascend910B4_int32_210000000, ration[0]=0, ration[1]=0, dfxAddr=0xaaad81e65f18, dfxSize=176, funcType=0, crossCoreSync=0, kernelVfType=0, shareMemSize=0, minStackSize=0, isSupportFuncEntry=0, functionEntryFlag=128, functionEntry=0.
[INFO] RUNTIME(110198,npu_reader):2026-09-21-11:29:21.273.441 [elf.cc:1076] 110198 UpdateCachedParamInfos: Restore cached param info: kernel_name=mul_Ascend910B4_int32_232010000, ordinal=0, offset=0, size=8.
[INFO] RUNTIME(110198,npu_reader):2026-09-21-11:29:21.273.444 [elf.cc:1076] 110198 UpdateCachedParamInfos: Restore cached param info: kernel_name=mul_Ascend910B4_int32_232010000, ordinal=1, offset=8, size=8.
[INFO] RUNTIME(110198,npu_reader):2026-09-21-11:29:21.273.446 [elf.cc:1076] 110198 UpdateCachedParamInfos: Restore cached param info: kernel_name=mul_Ascend910B4_int32_232010000, ordinal=2, offset=16, size=8.
[INFO] RUNTIME(110198,npu_reader):2026-09-21-11:29:21.273.448 [elf.cc:1076] 110198 UpdateCachedParamInfos: Restore cached param info: kernel_name=mul_Ascend910B4_int32_232010000, ordinal=3, offset=24, size=8.
[INFO] RUNTIME(110198,npu_reader):2026-09-21-11:29:21.273.451 [elf.cc:1145] 110198 UpdateKernelsInfo: update meta info, kernel_name=mul_Ascend910B4_int32_232010000, dfxAddr=0xaaad81e65b64, dfxSize=176, funcType=0, elfDataFlag=1, userArgsNum=0, crossCoreSync=0, kernelVfType=0, shareMemSize=0, minStackSize=0, funcEntryType=0, functionEntry=0, schedMode=0, taskRation_0=0, taskRation_1=0, hasParamSummary=1, paramCount=4, paramTotalSize=32.
[INFO] RUNTIME(110198,npu_reader):2026-09-21-11:29:21.273.454 [elf.cc:1076] 110198 UpdateCachedParamInfos: Restore cached param info: kernel_name=mul_Ascend910B4_int32_232000000, ordinal=0, offset=0, size=8.
[INFO] RUNTIME(110198,npu_reader):2026-09-21-11:29:21.273.457 [elf.cc:1076] 110198 UpdateCachedParamInfos: Restore cached param info: kernel_name=mul_Ascend910B4_int32_232000000, ordinal=1, offset=8, size=8.
[INFO] RUNTIME(110198,npu_reader):2026-09-21-11:29:21.273.459 [elf.cc:1076] 110198 UpdateCachedParamInfos: Restore cached param info: kernel_name=mul_Ascend910B4_int32_232000000, ordinal=2, offset=16, size=8.
[INFO] RUNTIME(110198,npu_reader):2026-09-21-11:29:21.273.461 [elf.cc:1076] 110198 UpdateCachedParamInfos: Restore cached param info: kernel_name=mul_Ascend910B4_int32_232000000, ordinal=3, offset=24, size=8.
[INFO] RUNTIME(110198,npu_reader):2026-09-21-11:29:21.273.463 [elf.cc:1145] 110198 UpdateKernelsInfo: update meta info, kernel_name=mul_Ascend910B4_int32_232000000, dfxAddr=0xaaad81e65c58, dfxSize=176, funcType=0, elfDataFlag=1, userArgsNum=0, crossCoreSync=0, kernelVfType=0, shareMemSize=0, minStackSize=0, funcEntryType=0, functionEntry=0, schedMode=0, taskRation_0=0, taskRation_1=0, hasParamSummary=1, paramCount=4, paramTotalSize=32.
[INFO] RUNTIME(110198,npu_reader):2026-09-21-11:29:21.273.467 [elf.cc:1076] 110198 UpdateCachedParamInfos: Restore cached param info: kernel_name=mul_Ascend910B4_int32_223010000, ordinal=0, offset=0, size=8.
[INFO] RUNTIME(110198,npu_reader):2026-09-21-11:29:21.273.469 [elf.cc:1076] 110198 UpdateCachedParamInfos: Restore cached param info: kernel_name=mul_Ascend910B4_int32_223010000, ordinal=1, offset=8, size=8.
[INFO] RUNTIME(110198,npu_reader):2026-09-21-11:29:21.273.471 [elf.cc:1076] 110198 UpdateCachedParamInfos: Restore cached param info: kernel_name=mul_Ascend910B4_int32_223010000, ordinal=2, offset=16, size=8.
[INFO] RUNTIME(110198,npu_reader):2026-09-21-11:29:21.273.473 [elf.cc:1076] 110198 UpdateCachedParamInfos: Restore cached param info: kernel_name=mul_Ascend910B4_int32_223010000, ordinal=3, offset=24, size=8.
[INFO] RUNTIME(110198,npu_reader):2026-09-21-11:29:21.273.476 [elf.cc:1145] 110198 UpdateKernelsInfo: update meta info, kernel_name=mul_Ascend910B4_int32_223010000, dfxAddr=0xaaad81e65d08, dfxSize=176, funcType=0, elfDataFlag=1, userArgsNum=0, crossCoreSync=0, kernelVfType=0, shareMemSize=0, minStackSize=0, funcEntryType=0, functionEntry=0, schedMode=0, taskRation_0=0, taskRation_1=0, hasParamSummary=1, paramCount=4, paramTotalSize=32.
[INFO] RUNTIME(110198,npu_reader):2026-09-21-11:29:21.273.479 [elf.cc:1076] 110198 UpdateCachedParamInfos: Restore cached param info: kernel_name=mul_Ascend910B4_int32_223000000, ordinal=0, offset=0, size=8.
[INFO] RUNTIME(110198,npu_reader):2026-09-21-11:29:21.273.481 [elf.cc:1076] 110198 UpdateCachedParamInfos: Restore cached param info: kernel_name=mul_Ascend910B4_int32_223000000, ordinal=1, offset=8, size=8.
[INFO] RUNTIME(110198,npu_reader):2026-09-21-11:29:21.273.484 [elf.cc:1076] 110198 UpdateCachedParamInfos: Restore cached param info: kernel_name=mul_Ascend910B4_int32_223000000, ordinal=2, offset=16, size=8.
[INFO] RUNTIME(110198,npu_reader):2026-09-21-11:29:21.273.486 [elf.cc:1076] 110198 UpdateCachedParamInfos: Restore cached param info: kernel_name=mul_Ascend910B4_int32_223000000, ordinal=3, offset=24, size=8.
[INFO] RUNTIME(110198,npu_reader):2026-09-21-11:29:21.273.489 [elf.cc:1145] 110198 UpdateKernelsInfo: update meta info, kernel_name=mul_Ascend910B4_int32_223000000, dfxAddr=0xaaad81e65db8, dfxSize=176, funcType=0, elfDataFlag=1, userArgsNum=0, crossCoreSync=0, kernelVfType=0, shareMemSize=0, minStackSize=0, funcEntryType=0, functionEntry=0, schedMode=0, taskRation_0=0, taskRation_1=0, hasParamSummary=1, paramCount=4, paramTotalSize=32.
[INFO] RUNTIME(110198,npu_reader):2026-09-21-11:29:21.273.492 [elf.cc:1076] 110198 UpdateCachedParamInfos: Restore cached param info: kernel_name=mul_Ascend910B4_int32_210010000, ordinal=0, offset=0, size=8.
[INFO] RUNTIME(110198,npu_reader):2026-09-21-11:29:21.273.494 [elf.cc:1076] 110198 UpdateCachedParamInfos: Restore cached param info: kernel_name=mul_Ascend910B4_int32_210010000, ordinal=1, offset=8, size=8.
[INFO] RUNTIME(110198,npu_reader):2026-09-21-11:29:21.273.497 [elf.cc:1076] 110198 UpdateCachedParamInfos: Restore cached param info: kernel_name=mul_Ascend910B4_int32_210010000, ordinal=2, offset=16, size=8.
[INFO] RUNTIME(110198,npu_reader):2026-09-21-11:29:21.273.499 [elf.cc:1076] 110198 UpdateCachedParamInfos: Restore cached param info: kernel_name=mul_Ascend910B4_int32_210010000, ordinal=3, offset=24, size=8.
[INFO] RUNTIME(110198,npu_reader):2026-09-21-11:29:21.273.501 [elf.cc:1145] 110198 UpdateKernelsInfo: update meta info, kernel_name=mul_Ascend910B4_int32_210010000, dfxAddr=0xaaad81e65e68, dfxSize=176, funcType=0, elfDataFlag=1, userArgsNum=0, crossCoreSync=0, kernelVfType=0, shareMemSize=0, minStackSize=0, funcEntryType=0, functionEntry=0, schedMode=0, taskRation_0=0, taskRation_1=0, hasParamSummary=1, paramCount=4, paramTotalSize=32.
[INFO] RUNTIME(110198,npu_reader):2026-09-21-11:29:21.273.504 [elf.cc:1076] 110198 UpdateCachedParamInfos: Restore cached param info: kernel_name=mul_Ascend910B4_int32_210000000, ordinal=0, offset=0, size=8.
[INFO] RUNTIME(110198,npu_reader):2026-09-21-11:29:21.273.507 [elf.cc:1076] 110198 UpdateCachedParamInfos: Restore cached param info: kernel_name=mul_Ascend910B4_int32_210000000, ordinal=1, offset=8, size=8.
[INFO] RUNTIME(110198,npu_reader):2026-09-21-11:29:21.273.509 [elf.cc:1076] 110198 UpdateCachedParamInfos: Restore cached param info: kernel_name=mul_Ascend910B4_int32_210000000, ordinal=2, offset=16, size=8.
[INFO] RUNTIME(110198,npu_reader):2026-09-21-11:29:21.273.511 [elf.cc:1076] 110198 UpdateCachedParamInfos: Restore cached param info: kernel_name=mul_Ascend910B4_int32_210000000, ordinal=3, offset=24, size=8.
[INFO] RUNTIME(110198,npu_reader):2026-09-21-11:29:21.273.513 [elf.cc:1145] 110198 UpdateKernelsInfo: update meta info, kernel_name=mul_Ascend910B4_int32_210000000, dfxAddr=0xaaad81e65f18, dfxSize=176, funcType=0, elfDataFlag=1, userArgsNum=0, crossCoreSync=0, kernelVfType=0, shareMemSize=0, minStackSize=0, funcEntryType=0, functionEntry=0, schedMode=0, taskRation_0=0, taskRation_1=0, hasParamSummary=1, paramCount=4, paramTotalSize=32.
[INFO] RUNTIME(110198,npu_reader):2026-09-21-11:29:21.273.517 [runtime.cc:1448] 110198 AddProgramToPool: progId=14
[INFO] RUNTIME(110198,npu_reader):2026-09-21-11:29:21.273.520 [program.cc:1649] 110198 GetKernelTypeAndMixType: Get kernel type success, kernelName=mul_Ascend910B4_int32_232010000, funcType=0, kernelAttrType=2, mixType=0
[INFO] RUNTIME(110198,npu_reader):2026-09-21-11:29:21.273.523 [program.cc:1119] 110198 SetKernelAttribute: kernel_name=mul_Ascend910B4_int32_232010000, kernelAttrType=2, userParamNum=0, sysParamNum=1, IsNeedSetFftsAddrInArg=0, isSupportOverFlow=1, elfDataFlag=1
[INFO] RUNTIME(110198,npu_reader):2026-09-21-11:29:21.273.526 [program.cc:1690] 110198 BuildNewKernel: new kernel success, size=1320, programId=14, original kernel_name=mul_Ascend910B4_int32_232010000, register kernel_name=mul_Ascend910B4_int32_232010000, tilingKey=232010000, functionEntry=0, funcType=0, kernelAttrType=2, mixType=0, taskRation=2, offset=0, dfxAddr=187662185421668, dfxSize=176
[INFO] RUNTIME(110198,npu_reader):2026-09-21-11:29:21.273.530 [program.cc:1649] 110198 GetKernelTypeAndMixType: Get kernel type success, kernelName=mul_Ascend910B4_int32_232000000, funcType=0, kernelAttrType=2, mixType=0
[INFO] RUNTIME(110198,npu_reader):2026-09-21-11:29:21.273.533 [program.cc:1119] 110198 SetKernelAttribute: kernel_name=mul_Ascend910B4_int32_232000000, kernelAttrType=2, userParamNum=0, sysParamNum=1, IsNeedSetFftsAddrInArg=0, isSupportOverFlow=1, elfDataFlag=1
[INFO] RUNTIME(110198,npu_reader):2026-09-21-11:29:21.273.536 [program.cc:1690] 110198 BuildNewKernel: new kernel success, size=1320, programId=14, original kernel_name=mul_Ascend910B4_int32_232000000, register kernel_name=mul_Ascend910B4_int32_232000000, tilingKey=232000000, functionEntry=0, funcType=0, kernelAttrType=2, mixType=0, taskRation=2, offset=1760, dfxAddr=187662185421912, dfxSize=176
[INFO] RUNTIME(110198,npu_reader):2026-09-21-11:29:21.273.540 [program.cc:1649] 110198 GetKernelTypeAndMixType: Get kernel type success, kernelName=mul_Ascend910B4_int32_223010000, funcType=0, kernelAttrType=2, mixType=0
[INFO] RUNTIME(110198,npu_reader):2026-09-21-11:29:21.273.543 [program.cc:1119] 110198 SetKernelAttribute: kernel_name=mul_Ascend910B4_int32_223010000, kernelAttrType=2, userParamNum=0, sysParamNum=1, IsNeedSetFftsAddrInArg=0, isSupportOverFlow=1, elfDataFlag=1
[INFO] RUNTIME(110198,npu_reader):2026-09-21-11:29:21.273.545 [program.cc:1690] 110198 BuildNewKernel: new kernel success, size=1320, programId=14, original kernel_name=mul_Ascend910B4_int32_223010000, register kernel_name=mul_Ascend910B4_int32_223010000, tilingKey=223010000, functionEntry=0, funcType=0, kernelAttrType=2, mixType=0, taskRation=2, offset=2740, dfxAddr=187662185422088, dfxSize=176
[INFO] RUNTIME(110198,npu_reader):2026-09-21-11:29:21.273.549 [program.cc:1649] 110198 GetKernelTypeAndMixType: Get kernel type success, kernelName=mul_Ascend910B4_int32_223000000, funcType=0, kernelAttrType=2, mixType=0
[INFO] RUNTIME(110198,npu_reader):2026-09-21-11:29:21.273.552 [program.cc:1119] 110198 SetKernelAttribute: kernel_name=mul_Ascend910B4_int32_223000000, kernelAttrType=2, userParamNum=0, sysParamNum=1, IsNeedSetFftsAddrInArg=0, isSupportOverFlow=1, elfDataFlag=1
[INFO] RUNTIME(110198,npu_reader):2026-09-21-11:29:21.273.554 [program.cc:1690] 110198 BuildNewKernel: new kernel success, size=1320, programId=14, original kernel_name=mul_Ascend910B4_int32_223000000, register kernel_name=mul_Ascend910B4_int32_223000000, tilingKey=223000000, functionEntry=0, funcType=0, kernelAttrType=2, mixType=0, taskRation=2, offset=4452, dfxAddr=187662185422264, dfxSize=176
[INFO] RUNTIME(110198,npu_reader):2026-09-21-11:29:21.273.558 [program.cc:1649] 110198 GetKernelTypeAndMixType: Get kernel type success, kernelName=mul_Ascend910B4_int32_210010000, funcType=0, kernelAttrType=2, mixType=0
[INFO] RUNTIME(110198,npu_reader):2026-09-21-11:29:21.273.561 [program.cc:1119] 110198 SetKernelAttribute: kernel_name=mul_Ascend910B4_int32_210010000, kernelAttrType=2, userParamNum=0, sysParamNum=1, IsNeedSetFftsAddrInArg=0, isSupportOverFlow=1, elfDataFlag=1
[INFO] RUNTIME(110198,npu_reader):2026-09-21-11:29:21.273.564 [program.cc:1690] 110198 BuildNewKernel: new kernel success, size=1320, programId=14, original kernel_name=mul_Ascend910B4_int32_210010000, register kernel_name=mul_Ascend910B4_int32_210010000, tilingKey=210010000, functionEntry=0, funcType=0, kernelAttrType=2, mixType=0, taskRation=2, offset=5420, dfxAddr=187662185422440, dfxSize=176
[INFO] RUNTIME(110198,npu_reader):2026-09-21-11:29:21.273.567 [program.cc:1649] 110198 GetKernelTypeAndMixType: Get kernel type success, kernelName=mul_Ascend910B4_int32_210000000, funcType=0, kernelAttrType=2, mixType=0
[INFO] RUNTIME(110198,npu_reader):2026-09-21-11:29:21.273.571 [program.cc:1119] 110198 SetKernelAttribute: kernel_name=mul_Ascend910B4_int32_210000000, kernelAttrType=2, userParamNum=0, sysParamNum=1, IsNeedSetFftsAddrInArg=0, isSupportOverFlow=1, elfDataFlag=1
[INFO] RUNTIME(110198,npu_reader):2026-09-21-11:29:21.273.573 [program.cc:1690] 110198 BuildNewKernel: new kernel success, size=1320, programId=14, original kernel_name=mul_Ascend910B4_int32_210000000, register kernel_name=mul_Ascend910B4_int32_210000000, tilingKey=210000000, functionEntry=0, funcType=0, kernelAttrType=2, mixType=0, taskRation=2, offset=7024, dfxAddr=187662185422616, dfxSize=176
[INFO] RUNTIME(110198,npu_reader):2026-09-21-11:29:21.273.590 [binary_loader.cc:364] 110198 LoadFromData: New ElfProgram ok, magic=1094799942, kernelAttrType=2, Runtime_alloc_size=11072
[INFO] RUNTIME(110198,npu_reader):2026-09-21-11:29:21.273.593 [program.cc:204] 110198 SaveBinaryData: Malloc the buffer for elfData, len=15984
[INFO] RUNTIME(110198,npu_reader):2026-09-21-11:29:21.273.596 [elf.cc:884] 110198 ParseKernelMetaData: section name = .text.
[INFO] RUNTIME(110198,npu_reader):2026-09-21-11:29:21.273.599 [elf.cc:884] 110198 ParseKernelMetaData: section name = .ascend.stack.size.record.
[INFO] RUNTIME(110198,npu_reader):2026-09-21-11:29:21.273.601 [elf.cc:884] 110198 ParseKernelMetaData: section name = __CCE_KernelArgSize.
[INFO] RUNTIME(110198,npu_reader):2026-09-21-11:29:21.273.603 [elf.cc:884] 110198 ParseKernelMetaData: section name = .ascend.meta.mul_Ascend910b_int64_2147483647.
[INFO] RUNTIME(110198,npu_reader):2026-09-21-11:29:21.273.606 [elf.cc:575] 110198 ElfParseParamSummary: paramCount=4, paramTotalSize=32.
[INFO] RUNTIME(110198,npu_reader):2026-09-21-11:29:21.273.608 [elf.cc:610] 110198 ElfParseParamInfo: Cache param info: ordinal=0, offset=0, size=8, align=8, paramType=2, spaceIndex=0.
[INFO] RUNTIME(110198,npu_reader):2026-09-21-11:29:21.273.610 [elf.cc:610] 110198 ElfParseParamInfo: Cache param info: ordinal=1, offset=8, size=8, align=8, paramType=2, spaceIndex=0.
[INFO] RUNTIME(110198,npu_reader):2026-09-21-11:29:21.273.613 [elf.cc:610] 110198 ElfParseParamInfo: Cache param info: ordinal=2, offset=16, size=8, align=8, paramType=2, spaceIndex=0.
[INFO] RUNTIME(110198,npu_reader):2026-09-21-11:29:21.273.615 [elf.cc:610] 110198 ElfParseParamInfo: Cache param info: ordinal=3, offset=24, size=8, align=8, paramType=2, spaceIndex=0.
[INFO] RUNTIME(110198,npu_reader):2026-09-21-11:29:21.273.618 [elf.cc:916] 110198 ParseKernelMetaData: kernel_name=mul_Ascend910b_int64_2147483647, ration[0]=0, ration[1]=0, dfxAddr=0xaaad81e741c8, dfxSize=176, funcType=0, crossCoreSync=0, kernelVfType=0, shareMemSize=0, minStackSize=0, isSupportFuncEntry=0, functionEntryFlag=128, functionEntry=0.
[INFO] RUNTIME(110198,npu_reader):2026-09-21-11:29:21.273.621 [elf.cc:884] 110198 ParseKernelMetaData: section name = .comment.
[INFO] RUNTIME(110198,npu_reader):2026-09-21-11:29:21.273.623 [elf.cc:884] 110198 ParseKernelMetaData: section name = .ascend.meta.mul_Ascend910b_int64_210010000.
[INFO] RUNTIME(110198,npu_reader):2026-09-21-11:29:21.273.625 [elf.cc:575] 110198 ElfParseParamSummary: paramCount=4, paramTotalSize=32.
[INFO] RUNTIME(110198,npu_reader):2026-09-21-11:29:21.273.628 [elf.cc:610] 110198 ElfParseParamInfo: Cache param info: ordinal=0, offset=0, size=8, align=8, paramType=2, spaceIndex=0.
[INFO] RUNTIME(110198,npu_reader):2026-09-21-11:29:21.273.630 [elf.cc:610] 110198 ElfParseParamInfo: Cache param info: ordinal=1, offset=8, size=8, align=8, paramType=2, spaceIndex=0.
[INFO] RUNTIME(110198,npu_reader):2026-09-21-11:29:21.273.633 [elf.cc:610] 110198 ElfParseParamInfo: Cache param info: ordinal=2, offset=16, size=8, align=8, paramType=2, spaceIndex=0.
[INFO] RUNTIME(110198,npu_reader):2026-09-21-11:29:21.273.635 [elf.cc:610] 110198 ElfParseParamInfo: Cache param info: ordinal=3, offset=24, size=8, align=8, paramType=2, spaceIndex=0.
[INFO] RUNTIME(110198,npu_reader):2026-09-21-11:29:21.273.638 [elf.cc:916] 110198 ParseKernelMetaData: kernel_name=mul_Ascend910b_int64_210010000, ration[0]=0, ration[1]=0, dfxAddr=0xaaad81e742bc, dfxSize=176, funcType=0, crossCoreSync=0, kernelVfType=0, shareMemSize=0, minStackSize=0, isSupportFuncEntry=0, functionEntryFlag=128, functionEntry=0.
[INFO] RUNTIME(110198,npu_reader):2026-09-21-11:29:21.273.641 [elf.cc:884] 110198 ParseKernelMetaData: section name = .ascend.meta.mul_Ascend910b_int64_210000000.
[INFO] RUNTIME(110198,npu_reader):2026-09-21-11:29:21.273.643 [elf.cc:575] 110198 ElfParseParamSummary: paramCount=4, paramTotalSize=32.
[INFO] RUNTIME(110198,npu_reader):2026-09-21-11:29:21.273.646 [elf.cc:610] 110198 ElfParseParamInfo: Cache param info: ordinal=0, offset=0, size=8, align=8, paramType=2, spaceIndex=0.
[INFO] RUNTIME(110198,npu_reader):2026-09-21-11:29:21.273.648 [elf.cc:610] 110198 ElfParseParamInfo: Cache param info: ordinal=1, offset=8, size=8, align=8, paramType=2, spaceIndex=0.
[INFO] RUNTIME(110198,npu_reader):2026-09-21-11:29:21.273.651 [elf.cc:610] 110198 ElfParseParamInfo: Cache param info: ordinal=2, offset=16, size=8, align=8, paramType=2, spaceIndex=0.
[INFO] RUNTIME(110198,npu_reader):2026-09-21-11:29:21.273.653 [elf.cc:610] 110198 ElfParseParamInfo: Cache param info: ordinal=3, offset=24, size=8, align=8, paramType=2, spaceIndex=0.
[INFO] RUNTIME(110198,npu_reader):2026-09-21-11:29:21.273.655 [elf.cc:916] 110198 ParseKernelMetaData: kernel_name=mul_Ascend910b_int64_210000000, ration[0]=0, ration[1]=0, dfxAddr=0xaaad81e7436c, dfxSize=176, funcType=0, crossCoreSync=0, kernelVfType=0, shareMemSize=0, minStackSize=0, isSupportFuncEntry=0, functionEntryFlag=128, functionEntry=0.
[INFO] RUNTIME(110198,npu_reader):2026-09-21-11:29:21.273.664 [elf.cc:1076] 110198 UpdateCachedParamInfos: Restore cached param info: kernel_name=mul_Ascend910b_int64_2147483647, ordinal=0, offset=0, size=8.
[INFO] RUNTIME(110198,npu_reader):2026-09-21-11:29:21.273.666 [elf.cc:1076] 110198 UpdateCachedParamInfos: Restore cached param info: kernel_name=mul_Ascend910b_int64_2147483647, ordinal=1, offset=8, size=8.
[INFO] RUNTIME(110198,npu_reader):2026-09-21-11:29:21.273.668 [elf.cc:1076] 110198 UpdateCachedParamInfos: Restore cached param info: kernel_name=mul_Ascend910b_int64_2147483647, ordinal=2, offset=16, size=8.
[INFO] RUNTIME(110198,npu_reader):2026-09-21-11:29:21.273.671 [elf.cc:1076] 110198 UpdateCachedParamInfos: Restore cached param info: kernel_name=mul_Ascend910b_int64_2147483647, ordinal=3, offset=24, size=8.
[INFO] RUNTIME(110198,npu_reader):2026-09-21-11:29:21.273.673 [elf.cc:1145] 110198 UpdateKernelsInfo: update meta info, kernel_name=mul_Ascend910b_int64_2147483647, dfxAddr=0xaaad81e741c8, dfxSize=176, funcType=0, elfDataFlag=1, userArgsNum=0, crossCoreSync=0, kernelVfType=0, shareMemSize=0, minStackSize=0, funcEntryType=0, functionEntry=0, schedMode=0, taskRation_0=0, taskRation_1=0, hasParamSummary=1, paramCount=4, paramTotalSize=32.
[INFO] RUNTIME(110198,npu_reader):2026-09-21-11:29:21.273.676 [elf.cc:1076] 110198 UpdateCachedParamInfos: Restore cached param info: kernel_name=mul_Ascend910b_int64_210010000, ordinal=0, offset=0, size=8.
[INFO] RUNTIME(110198,npu_reader):2026-09-21-11:29:21.273.679 [elf.cc:1076] 110198 UpdateCachedParamInfos: Restore cached param info: kernel_name=mul_Ascend910b_int64_210010000, ordinal=1, offset=8, size=8.
[INFO] RUNTIME(110198,npu_reader):2026-09-21-11:29:21.273.681 [elf.cc:1076] 110198 UpdateCachedParamInfos: Restore cached param info: kernel_name=mul_Ascend910b_int64_210010000, ordinal=2, offset=16, size=8.
[INFO] RUNTIME(110198,npu_reader):2026-09-21-11:29:21.273.683 [elf.cc:1076] 110198 UpdateCachedParamInfos: Restore cached param info: kernel_name=mul_Ascend910b_int64_210010000, ordinal=3, offset=24, size=8.
[INFO] RUNTIME(110198,npu_reader):2026-09-21-11:29:21.273.685 [elf.cc:1145] 110198 UpdateKernelsInfo: update meta info, kernel_name=mul_Ascend910b_int64_210010000, dfxAddr=0xaaad81e742bc, dfxSize=176, funcType=0, elfDataFlag=1, userArgsNum=0, crossCoreSync=0, kernelVfType=0, shareMemSize=0, minStackSize=0, funcEntryType=0, functionEntry=0, schedMode=0, taskRation_0=0, taskRation_1=0, hasParamSummary=1, paramCount=4, paramTotalSize=32.
[INFO] RUNTIME(110198,npu_reader):2026-09-21-11:29:21.273.689 [elf.cc:1076] 110198 UpdateCachedParamInfos: Restore cached param info: kernel_name=mul_Ascend910b_int64_210000000, ordinal=0, offset=0, size=8.
[INFO] RUNTIME(110198,npu_reader):2026-09-21-11:29:21.273.692 [elf.cc:1076] 110198 UpdateCachedParamInfos: Restore cached param info: kernel_name=mul_Ascend910b_int64_210000000, ordinal=1, offset=8, size=8.
[INFO] RUNTIME(110198,npu_reader):2026-09-21-11:29:21.273.694 [elf.cc:1076] 110198 UpdateCachedParamInfos: Restore cached param info: kernel_name=mul_Ascend910b_int64_210000000, ordinal=2, offset=16, size=8.
[INFO] RUNTIME(110198,npu_reader):2026-09-21-11:29:21.273.696 [elf.cc:1076] 110198 UpdateCachedParamInfos: Restore cached param info: kernel_name=mul_Ascend910b_int64_210000000, ordinal=3, offset=24, size=8.
[INFO] RUNTIME(110198,npu_reader):2026-09-21-11:29:21.273.698 [elf.cc:1145] 110198 UpdateKernelsInfo: update meta info, kernel_name=mul_Ascend910b_int64_210000000, dfxAddr=0xaaad81e7436c, dfxSize=176, funcType=0, elfDataFlag=1, userArgsNum=0, crossCoreSync=0, kernelVfType=0, shareMemSize=0, minStackSize=0, funcEntryType=0, functionEntry=0, schedMode=0, taskRation_0=0, taskRation_1=0, hasParamSummary=1, paramCount=4, paramTotalSize=32.
[INFO] RUNTIME(110198,npu_reader):2026-09-21-11:29:21.273.702 [runtime.cc:1448] 110198 AddProgramToPool: progId=15
[INFO] RUNTIME(110198,npu_reader):2026-09-21-11:29:21.273.705 [program.cc:1649] 110198 GetKernelTypeAndMixType: Get kernel type success, kernelName=mul_Ascend910b_int64_2147483647, funcType=0, kernelAttrType=2, mixType=0
[INFO] RUNTIME(110198,npu_reader):2026-09-21-11:29:21.273.708 [program.cc:1119] 110198 SetKernelAttribute: kernel_name=mul_Ascend910b_int64_2147483647, kernelAttrType=2, userParamNum=0, sysParamNum=1, IsNeedSetFftsAddrInArg=0, isSupportOverFlow=1, elfDataFlag=1
[INFO] RUNTIME(110198,npu_reader):2026-09-21-11:29:21.273.711 [program.cc:1690] 110198 BuildNewKernel: new kernel success, size=1320, programId=15, original kernel_name=mul_Ascend910b_int64_2147483647, register kernel_name=mul_Ascend910b_int64_2147483647, tilingKey=2147483647, functionEntry=0, funcType=0, kernelAttrType=2, mixType=0, taskRation=2, offset=0, dfxAddr=187662185480648, dfxSize=176
[INFO] RUNTIME(110198,npu_reader):2026-09-21-11:29:21.273.714 [program.cc:1649] 110198 GetKernelTypeAndMixType: Get kernel type success, kernelName=mul_Ascend910b_int64_210010000, funcType=0, kernelAttrType=2, mixType=0
[INFO] RUNTIME(110198,npu_reader):2026-09-21-11:29:21.273.718 [program.cc:1119] 110198 SetKernelAttribute: kernel_name=mul_Ascend910b_int64_210010000, kernelAttrType=2, userParamNum=0, sysParamNum=1, IsNeedSetFftsAddrInArg=0, isSupportOverFlow=1, elfDataFlag=1
[INFO] RUNTIME(110198,npu_reader):2026-09-21-11:29:21.273.720 [program.cc:1690] 110198 BuildNewKernel: new kernel success, size=1320, programId=15, original kernel_name=mul_Ascend910b_int64_210010000, register kernel_name=mul_Ascend910b_int64_210010000, tilingKey=210010000, functionEntry=0, funcType=0, kernelAttrType=2, mixType=0, taskRation=2, offset=116, dfxAddr=187662185480892, dfxSize=176
[INFO] RUNTIME(110198,npu_reader):2026-09-21-11:29:21.273.724 [program.cc:1649] 110198 GetKernelTypeAndMixType: Get kernel type success, kernelName=mul_Ascend910b_int64_210000000, funcType=0, kernelAttrType=2, mixType=0
[INFO] RUNTIME(110198,npu_reader):2026-09-21-11:29:21.273.727 [program.cc:1119] 110198 SetKernelAttribute: kernel_name=mul_Ascend910b_int64_210000000, kernelAttrType=2, userParamNum=0, sysParamNum=1, IsNeedSetFftsAddrInArg=0, isSupportOverFlow=1, elfDataFlag=1
[INFO] RUNTIME(110198,npu_reader):2026-09-21-11:29:21.273.729 [program.cc:1690] 110198 BuildNewKernel: new kernel success, size=1320, programId=15, original kernel_name=mul_Ascend910b_int64_210000000, register kernel_name=mul_Ascend910b_int64_210000000, tilingKey=210000000, functionEntry=0, funcType=0, kernelAttrType=2, mixType=0, taskRation=2, offset=8128, dfxAddr=187662185481068, dfxSize=176
[INFO] RUNTIME(110198,npu_reader):2026-09-21-11:29:21.273.744 [binary_loader.cc:364] 110198 LoadFromData: New ElfProgram ok, magic=1094799942, kernelAttrType=2, Runtime_alloc_size=11072
[INFO] RUNTIME(110198,npu_reader):2026-09-21-11:29:21.273.751 [program.cc:204] 110198 SaveBinaryData: Malloc the buffer for elfData, len=19888
[INFO] RUNTIME(110198,npu_reader):2026-09-21-11:29:21.273.755 [elf.cc:884] 110198 ParseKernelMetaData: section name = .text.
[INFO] RUNTIME(110198,npu_reader):2026-09-21-11:29:21.273.757 [elf.cc:884] 110198 ParseKernelMetaData: section name = .ascend.stack.size.record.
[INFO] RUNTIME(110198,npu_reader):2026-09-21-11:29:21.273.760 [elf.cc:884] 110198 ParseKernelMetaData: section name = __CCE_KernelArgSize.
[INFO] RUNTIME(110198,npu_reader):2026-09-21-11:29:21.273.762 [elf.cc:884] 110198 ParseKernelMetaData: section name = .ascend.meta.mul_Ascend910B1_int8_232010000.
[INFO] RUNTIME(110198,npu_reader):2026-09-21-11:29:21.273.764 [elf.cc:575] 110198 ElfParseParamSummary: paramCount=4, paramTotalSize=32.
[INFO] RUNTIME(110198,npu_reader):2026-09-21-11:29:21.273.767 [elf.cc:610] 110198 ElfParseParamInfo: Cache param info: ordinal=0, offset=0, size=8, align=8, paramType=2, spaceIndex=0.
[INFO] RUNTIME(110198,npu_reader):2026-09-21-11:29:21.273.769 [elf.cc:610] 110198 ElfParseParamInfo: Cache param info: ordinal=1, offset=8, size=8, align=8, paramType=2, spaceIndex=0.
[INFO] RUNTIME(110198,npu_reader):2026-09-21-11:29:21.273.772 [elf.cc:610] 110198 ElfParseParamInfo: Cache param info: ordinal=2, offset=16, size=8, align=8, paramType=2, spaceIndex=0.
[INFO] RUNTIME(110198,npu_reader):2026-09-21-11:29:21.273.774 [elf.cc:610] 110198 ElfParseParamInfo: Cache param info: ordinal=3, offset=24, size=8, align=8, paramType=2, spaceIndex=0.
[INFO] RUNTIME(110198,npu_reader):2026-09-21-11:29:21.273.777 [elf.cc:916] 110198 ParseKernelMetaData: kernel_name=mul_Ascend910B1_int8_232010000, ration[0]=0, ration[1]=0, dfxAddr=0xaaad81e81c54, dfxSize=176, funcType=0, crossCoreSync=0, kernelVfType=0, shareMemSize=0, minStackSize=0, isSupportFuncEntry=0, functionEntryFlag=128, functionEntry=0.
[INFO] RUNTIME(110198,npu_reader):2026-09-21-11:29:21.273.780 [elf.cc:884] 110198 ParseKernelMetaData: section name = .comment.
[INFO] RUNTIME(110198,npu_reader):2026-09-21-11:29:21.273.782 [elf.cc:884] 110198 ParseKernelMetaData: section name = .ascend.meta.mul_Ascend910B1_int8_232000000.
[INFO] RUNTIME(110198,npu_reader):2026-09-21-11:29:21.273.784 [elf.cc:575] 110198 ElfParseParamSummary: paramCount=4, paramTotalSize=32.
[INFO] RUNTIME(110198,npu_reader):2026-09-21-11:29:21.273.786 [elf.cc:610] 110198 ElfParseParamInfo: Cache param info: ordinal=0, offset=0, size=8, align=8, paramType=2, spaceIndex=0.
[INFO] RUNTIME(110198,npu_reader):2026-09-21-11:29:21.273.789 [elf.cc:610] 110198 ElfParseParamInfo: Cache param info: ordinal=1, offset=8, size=8, align=8, paramType=2, spaceIndex=0.
[INFO] RUNTIME(110198,npu_reader):2026-09-21-11:29:21.273.791 [elf.cc:610] 110198 ElfParseParamInfo: Cache param info: ordinal=2, offset=16, size=8, align=8, paramType=2, spaceIndex=0.
[INFO] RUNTIME(110198,npu_reader):2026-09-21-11:29:21.273.794 [elf.cc:610] 110198 ElfParseParamInfo: Cache param info: ordinal=3, offset=24, size=8, align=8, paramType=2, spaceIndex=0.
[INFO] RUNTIME(110198,npu_reader):2026-09-21-11:29:21.273.796 [elf.cc:916] 110198 ParseKernelMetaData: kernel_name=mul_Ascend910B1_int8_232000000, ration[0]=0, ration[1]=0, dfxAddr=0xaaad81e81d48, dfxSize=176, funcType=0, crossCoreSync=0, kernelVfType=0, shareMemSize=0, minStackSize=0, isSupportFuncEntry=0, functionEntryFlag=128, functionEntry=0.
[INFO] RUNTIME(110198,npu_reader):2026-09-21-11:29:21.273.799 [elf.cc:884] 110198 ParseKernelMetaData: section name = .ascend.meta.mul_Ascend910B1_int8_223010000.
[INFO] RUNTIME(110198,npu_reader):2026-09-21-11:29:21.273.801 [elf.cc:575] 110198 ElfParseParamSummary: paramCount=4, paramTotalSize=32.
[INFO] RUNTIME(110198,npu_reader):2026-09-21-11:29:21.273.804 [elf.cc:610] 110198 ElfParseParamInfo: Cache param info: ordinal=0, offset=0, size=8, align=8, paramType=2, spaceIndex=0.
[INFO] RUNTIME(110198,npu_reader):2026-09-21-11:29:21.273.807 [elf.cc:610] 110198 ElfParseParamInfo: Cache param info: ordinal=1, offset=8, size=8, align=8, paramType=2, spaceIndex=0.
[INFO] RUNTIME(110198,npu_reader):2026-09-21-11:29:21.273.809 [elf.cc:610] 110198 ElfParseParamInfo: Cache param info: ordinal=2, offset=16, size=8, align=8, paramType=2, spaceIndex=0.
[INFO] RUNTIME(110198,npu_reader):2026-09-21-11:29:21.273.812 [elf.cc:610] 110198 ElfParseParamInfo: Cache param info: ordinal=3, offset=24, size=8, align=8, paramType=2, spaceIndex=0.
[INFO] RUNTIME(110198,npu_reader):2026-09-21-11:29:21.273.814 [elf.cc:916] 110198 ParseKernelMetaData: kernel_name=mul_Ascend910B1_int8_223010000, ration[0]=0, ration[1]=0, dfxAddr=0xaaad81e81df8, dfxSize=176, funcType=0, crossCoreSync=0, kernelVfType=0, shareMemSize=0, minStackSize=0, isSupportFuncEntry=0, functionEntryFlag=128, functionEntry=0.
[INFO] RUNTIME(110198,npu_reader):2026-09-21-11:29:21.273.818 [elf.cc:884] 110198 ParseKernelMetaData: section name = .ascend.meta.mul_Ascend910B1_int8_223000000.
[INFO] RUNTIME(110198,npu_reader):2026-09-21-11:29:21.273.820 [elf.cc:575] 110198 ElfParseParamSummary: paramCount=4, paramTotalSize=32.
[INFO] RUNTIME(110198,npu_reader):2026-09-21-11:29:21.273.822 [elf.cc:610] 110198 ElfParseParamInfo: Cache param info: ordinal=0, offset=0, size=8, align=8, paramType=2, spaceIndex=0.
[INFO] RUNTIME(110198,npu_reader):2026-09-21-11:29:21.273.824 [elf.cc:610] 110198 ElfParseParamInfo: Cache param info: ordinal=1, offset=8, size=8, align=8, paramType=2, spaceIndex=0.
[INFO] RUNTIME(110198,npu_reader):2026-09-21-11:29:21.273.827 [elf.cc:610] 110198 ElfParseParamInfo: Cache param info: ordinal=2, offset=16, size=8, align=8, paramType=2, spaceIndex=0.
[INFO] RUNTIME(110198,npu_reader):2026-09-21-11:29:21.273.829 [elf.cc:610] 110198 ElfParseParamInfo: Cache param info: ordinal=3, offset=24, size=8, align=8, paramType=2, spaceIndex=0.
[INFO] RUNTIME(110198,npu_reader):2026-09-21-11:29:21.273.832 [elf.cc:916] 110198 ParseKernelMetaData: kernel_name=mul_Ascend910B1_int8_223000000, ration[0]=0, ration[1]=0, dfxAddr=0xaaad81e81ea8, dfxSize=176, funcType=0, crossCoreSync=0, kernelVfType=0, shareMemSize=0, minStackSize=0, isSupportFuncEntry=0, functionEntryFlag=128, functionEntry=0.
[INFO] RUNTIME(110198,npu_reader):2026-09-21-11:29:21.273.835 [elf.cc:884] 110198 ParseKernelMetaData: section name = .ascend.meta.mul_Ascend910B1_int8_210010000.
[INFO] RUNTIME(110198,npu_reader):2026-09-21-11:29:21.273.837 [elf.cc:575] 110198 ElfParseParamSummary: paramCount=4, paramTotalSize=32.
[INFO] RUNTIME(110198,npu_reader):2026-09-21-11:29:21.273.839 [elf.cc:610] 110198 ElfParseParamInfo: Cache param info: ordinal=0, offset=0, size=8, align=8, paramType=2, spaceIndex=0.
[INFO] RUNTIME(110198,npu_reader):2026-09-21-11:29:21.273.842 [elf.cc:610] 110198 ElfParseParamInfo: Cache param info: ordinal=1, offset=8, size=8, align=8, paramType=2, spaceIndex=0.
[INFO] RUNTIME(110198,npu_reader):2026-09-21-11:29:21.273.844 [elf.cc:610] 110198 ElfParseParamInfo: Cache param info: ordinal=2, offset=16, size=8, align=8, paramType=2, spaceIndex=0.
[INFO] RUNTIME(110198,npu_reader):2026-09-21-11:29:21.273.847 [elf.cc:610] 110198 ElfParseParamInfo: Cache param info: ordinal=3, offset=24, size=8, align=8, paramType=2, spaceIndex=0.
[INFO] RUNTIME(110198,npu_reader):2026-09-21-11:29:21.273.849 [elf.cc:916] 110198 ParseKernelMetaData: kernel_name=mul_Ascend910B1_int8_210010000, ration[0]=0, ration[1]=0, dfxAddr=0xaaad81e81f58, dfxSize=176, funcType=0, crossCoreSync=0, kernelVfType=0, shareMemSize=0, minStackSize=0, isSupportFuncEntry=0, functionEntryFlag=128, functionEntry=0.
[INFO] RUNTIME(110198,npu_reader):2026-09-21-11:29:21.273.852 [elf.cc:884] 110198 ParseKernelMetaData: section name = .ascend.meta.mul_Ascend910B1_int8_210000000.
[INFO] RUNTIME(110198,npu_reader):2026-09-21-11:29:21.273.854 [elf.cc:575] 110198 ElfParseParamSummary: paramCount=4, paramTotalSize=32.
[INFO] RUNTIME(110198,npu_reader):2026-09-21-11:29:21.273.857 [elf.cc:610] 110198 ElfParseParamInfo: Cache param info: ordinal=0, offset=0, size=8, align=8, paramType=2, spaceIndex=0.
[INFO] RUNTIME(110198,npu_reader):2026-09-21-11:29:21.273.863 [elf.cc:610] 110198 ElfParseParamInfo: Cache param info: ordinal=1, offset=8, size=8, align=8, paramType=2, spaceIndex=0.
[INFO] RUNTIME(110198,npu_reader):2026-09-21-11:29:21.273.866 [elf.cc:610] 110198 ElfParseParamInfo: Cache param info: ordinal=2, offset=16, size=8, align=8, paramType=2, spaceIndex=0.
[INFO] RUNTIME(110198,npu_reader):2026-09-21-11:29:21.273.868 [elf.cc:610] 110198 ElfParseParamInfo: Cache param info: ordinal=3, offset=24, size=8, align=8, paramType=2, spaceIndex=0.
[INFO] RUNTIME(110198,npu_reader):2026-09-21-11:29:21.273.871 [elf.cc:916] 110198 ParseKernelMetaData: kernel_name=mul_Ascend910B1_int8_210000000, ration[0]=0, ration[1]=0, dfxAddr=0xaaad81e82008, dfxSize=176, funcType=0, crossCoreSync=0, kernelVfType=0, shareMemSize=0, minStackSize=0, isSupportFuncEntry=0, functionEntryFlag=128, functionEntry=0.
[INFO] RUNTIME(110198,npu_reader):2026-09-21-11:29:21.273.883 [elf.cc:1076] 110198 UpdateCachedParamInfos: Restore cached param info: kernel_name=mul_Ascend910B1_int8_232010000, ordinal=0, offset=0, size=8.
[INFO] RUNTIME(110198,npu_reader):2026-09-21-11:29:21.273.885 [elf.cc:1076] 110198 UpdateCachedParamInfos: Restore cached param info: kernel_name=mul_Ascend910B1_int8_232010000, ordinal=1, offset=8, size=8.
[INFO] RUNTIME(110198,npu_reader):2026-09-21-11:29:21.273.888 [elf.cc:1076] 110198 UpdateCachedParamInfos: Restore cached param info: kernel_name=mul_Ascend910B1_int8_232010000, ordinal=2, offset=16, size=8.
[INFO] RUNTIME(110198,npu_reader):2026-09-21-11:29:21.273.890 [elf.cc:1076] 110198 UpdateCachedParamInfos: Restore cached param info: kernel_name=mul_Ascend910B1_int8_232010000, ordinal=3, offset=24, size=8.
[INFO] RUNTIME(110198,npu_reader):2026-09-21-11:29:21.273.892 [elf.cc:1145] 110198 UpdateKernelsInfo: update meta info, kernel_name=mul_Ascend910B1_int8_232010000, dfxAddr=0xaaad81e81c54, dfxSize=176, funcType=0, elfDataFlag=1, userArgsNum=0, crossCoreSync=0, kernelVfType=0, shareMemSize=0, minStackSize=0, funcEntryType=0, functionEntry=0, schedMode=0, taskRation_0=0, taskRation_1=0, hasParamSummary=1, paramCount=4, paramTotalSize=32.
[INFO] RUNTIME(110198,npu_reader):2026-09-21-11:29:21.273.896 [elf.cc:1076] 110198 UpdateCachedParamInfos: Restore cached param info: kernel_name=mul_Ascend910B1_int8_232000000, ordinal=0, offset=0, size=8.
[INFO] RUNTIME(110198,npu_reader):2026-09-21-11:29:21.273.898 [elf.cc:1076] 110198 UpdateCachedParamInfos: Restore cached param info: kernel_name=mul_Ascend910B1_int8_232000000, ordinal=1, offset=8, size=8.
[INFO] RUNTIME(110198,npu_reader):2026-09-21-11:29:21.273.900 [elf.cc:1076] 110198 UpdateCachedParamInfos: Restore cached param info: kernel_name=mul_Ascend910B1_int8_232000000, ordinal=2, offset=16, size=8.
[INFO] RUNTIME(110198,npu_reader):2026-09-21-11:29:21.273.902 [elf.cc:1076] 110198 UpdateCachedParamInfos: Restore cached param info: kernel_name=mul_Ascend910B1_int8_232000000, ordinal=3, offset=24, size=8.
[INFO] RUNTIME(110198,npu_reader):2026-09-21-11:29:21.273.905 [elf.cc:1145] 110198 UpdateKernelsInfo: update meta info, kernel_name=mul_Ascend910B1_int8_232000000, dfxAddr=0xaaad81e81d48, dfxSize=176, funcType=0, elfDataFlag=1, userArgsNum=0, crossCoreSync=0, kernelVfType=0, shareMemSize=0, minStackSize=0, funcEntryType=0, functionEntry=0, schedMode=0, taskRation_0=0, taskRation_1=0, hasParamSummary=1, paramCount=4, paramTotalSize=32.
[INFO] RUNTIME(110198,npu_reader):2026-09-21-11:29:21.273.908 [elf.cc:1076] 110198 UpdateCachedParamInfos: Restore cached param info: kernel_name=mul_Ascend910B1_int8_223010000, ordinal=0, offset=0, size=8.
[INFO] RUNTIME(110198,npu_reader):2026-09-21-11:29:21.273.910 [elf.cc:1076] 110198 UpdateCachedParamInfos: Restore cached param info: kernel_name=mul_Ascend910B1_int8_223010000, ordinal=1, offset=8, size=8.
[INFO] RUNTIME(110198,npu_reader):2026-09-21-11:29:21.273.912 [elf.cc:1076] 110198 UpdateCachedParamInfos: Restore cached param info: kernel_name=mul_Ascend910B1_int8_223010000, ordinal=2, offset=16, size=8.
[INFO] RUNTIME(110198,npu_reader):2026-09-21-11:29:21.273.915 [elf.cc:1076] 110198 UpdateCachedParamInfos: Restore cached param info: kernel_name=mul_Ascend910B1_int8_223010000, ordinal=3, offset=24, size=8.
[INFO] RUNTIME(110198,npu_reader):2026-09-21-11:29:21.273.917 [elf.cc:1145] 110198 UpdateKernelsInfo: update meta info, kernel_name=mul_Ascend910B1_int8_223010000, dfxAddr=0xaaad81e81df8, dfxSize=176, funcType=0, elfDataFlag=1, userArgsNum=0, crossCoreSync=0, kernelVfType=0, shareMemSize=0, minStackSize=0, funcEntryType=0, functionEntry=0, schedMode=0, taskRation_0=0, taskRation_1=0, hasParamSummary=1, paramCount=4, paramTotalSize=32.
[INFO] RUNTIME(110198,npu_reader):2026-09-21-11:29:21.273.921 [elf.cc:1076] 110198 UpdateCachedParamInfos: Restore cached param info: kernel_name=mul_Ascend910B1_int8_223000000, ordinal=0, offset=0, size=8.
[INFO] RUNTIME(110198,npu_reader):2026-09-21-11:29:21.273.923 [elf.cc:1076] 110198 UpdateCachedParamInfos: Restore cached param info: kernel_name=mul_Ascend910B1_int8_223000000, ordinal=1, offset=8, size=8.
[INFO] RUNTIME(110198,npu_reader):2026-09-21-11:29:21.273.925 [elf.cc:1076] 110198 UpdateCachedParamInfos: Restore cached param info: kernel_name=mul_Ascend910B1_int8_223000000, ordinal=2, offset=16, size=8.
[INFO] RUNTIME(110198,npu_reader):2026-09-21-11:29:21.273.928 [elf.cc:1076] 110198 UpdateCachedParamInfos: Restore cached param info: kernel_name=mul_Ascend910B1_int8_223000000, ordinal=3, offset=24, size=8.
[INFO] RUNTIME(110198,npu_reader):2026-09-21-11:29:21.273.930 [elf.cc:1145] 110198 UpdateKernelsInfo: update meta info, kernel_name=mul_Ascend910B1_int8_223000000, dfxAddr=0xaaad81e81ea8, dfxSize=176, funcType=0, elfDataFlag=1, userArgsNum=0, crossCoreSync=0, kernelVfType=0, shareMemSize=0, minStackSize=0, funcEntryType=0, functionEntry=0, schedMode=0, taskRation_0=0, taskRation_1=0, hasParamSummary=1, paramCount=4, paramTotalSize=32.
[INFO] RUNTIME(110198,npu_reader):2026-09-21-11:29:21.273.933 [elf.cc:1076] 110198 UpdateCachedParamInfos: Restore cached param info: kernel_name=mul_Ascend910B1_int8_210010000, ordinal=0, offset=0, size=8.
[INFO] RUNTIME(110198,npu_reader):2026-09-21-11:29:21.273.936 [elf.cc:1076] 110198 UpdateCachedParamInfos: Restore cached param info: kernel_name=mul_Ascend910B1_int8_210010000, ordinal=1, offset=8, size=8.
[INFO] RUNTIME(110198,npu_reader):2026-09-21-11:29:21.273.938 [elf.cc:1076] 110198 UpdateCachedParamInfos: Restore cached param info: kernel_name=mul_Ascend910B1_int8_210010000, ordinal=2, offset=16, size=8.
[INFO] RUNTIME(110198,npu_reader):2026-09-21-11:29:21.273.940 [elf.cc:1076] 110198 UpdateCachedParamInfos: Restore cached param info: kernel_name=mul_Ascend910B1_int8_210010000, ordinal=3, offset=24, size=8.
[INFO] RUNTIME(110198,npu_reader):2026-09-21-11:29:21.273.942 [elf.cc:1145] 110198 UpdateKernelsInfo: update meta info, kernel_name=mul_Ascend910B1_int8_210010000, dfxAddr=0xaaad81e81f58, dfxSize=176, funcType=0, elfDataFlag=1, userArgsNum=0, crossCoreSync=0, kernelVfType=0, shareMemSize=0, minStackSize=0, funcEntryType=0, functionEntry=0, schedMode=0, taskRation_0=0, taskRation_1=0, hasParamSummary=1, paramCount=4, paramTotalSize=32.
[INFO] RUNTIME(110198,npu_reader):2026-09-21-11:29:21.273.945 [elf.cc:1076] 110198 UpdateCachedParamInfos: Restore cached param info: kernel_name=mul_Ascend910B1_int8_210000000, ordinal=0, offset=0, size=8.
[INFO] RUNTIME(110198,npu_reader):2026-09-21-11:29:21.273.948 [elf.cc:1076] 110198 UpdateCachedParamInfos: Restore cached param info: kernel_name=mul_Ascend910B1_int8_210000000, ordinal=1, offset=8, size=8.
[INFO] RUNTIME(110198,npu_reader):2026-09-21-11:29:21.273.950 [elf.cc:1076] 110198 UpdateCachedParamInfos: Restore cached param info: kernel_name=mul_Ascend910B1_int8_210000000, ordinal=2, offset=16, size=8.
[INFO] RUNTIME(110198,npu_reader):2026-09-21-11:29:21.273.952 [elf.cc:1076] 110198 UpdateCachedParamInfos: Restore cached param info: kernel_name=mul_Ascend910B1_int8_210000000, ordinal=3, offset=24, size=8.
[INFO] RUNTIME(110198,npu_reader):2026-09-21-11:29:21.273.955 [elf.cc:1145] 110198 UpdateKernelsInfo: update meta info, kernel_name=mul_Ascend910B1_int8_210000000, dfxAddr=0xaaad81e82008, dfxSize=176, funcType=0, elfDataFlag=1, userArgsNum=0, crossCoreSync=0, kernelVfType=0, shareMemSize=0, minStackSize=0, funcEntryType=0, functionEntry=0, schedMode=0, taskRation_0=0, taskRation_1=0, hasParamSummary=1, paramCount=4, paramTotalSize=32.
[INFO] RUNTIME(110198,npu_reader):2026-09-21-11:29:21.273.958 [runtime.cc:1448] 110198 AddProgramToPool: progId=16
[INFO] RUNTIME(110198,npu_reader):2026-09-21-11:29:21.273.961 [program.cc:1649] 110198 GetKernelTypeAndMixType: Get kernel type success, kernelName=mul_Ascend910B1_int8_232010000, funcType=0, kernelAttrType=2, mixType=0
[INFO] RUNTIME(110198,npu_reader):2026-09-21-11:29:21.273.965 [program.cc:1119] 110198 SetKernelAttribute: kernel_name=mul_Ascend910B1_int8_232010000, kernelAttrType=2, userParamNum=0, sysParamNum=1, IsNeedSetFftsAddrInArg=0, isSupportOverFlow=1, elfDataFlag=1
[INFO] RUNTIME(110198,npu_reader):2026-09-21-11:29:21.273.968 [program.cc:1690] 110198 BuildNewKernel: new kernel success, size=1320, programId=16, original kernel_name=mul_Ascend910B1_int8_232010000, register kernel_name=mul_Ascend910B1_int8_232010000, tilingKey=232010000, functionEntry=0, funcType=0, kernelAttrType=2, mixType=0, taskRation=2, offset=0, dfxAddr=187662185536596, dfxSize=176
[INFO] RUNTIME(110198,npu_reader):2026-09-21-11:29:21.273.972 [program.cc:1649] 110198 GetKernelTypeAndMixType: Get kernel type success, kernelName=mul_Ascend910B1_int8_232000000, funcType=0, kernelAttrType=2, mixType=0
[INFO] RUNTIME(110198,npu_reader):2026-09-21-11:29:21.273.975 [program.cc:1119] 110198 SetKernelAttribute: kernel_name=mul_Ascend910B1_int8_232000000, kernelAttrType=2, userParamNum=0, sysParamNum=1, IsNeedSetFftsAddrInArg=0, isSupportOverFlow=1, elfDataFlag=1
[INFO] RUNTIME(110198,npu_reader):2026-09-21-11:29:21.273.977 [program.cc:1690] 110198 BuildNewKernel: new kernel success, size=1320, programId=16, original kernel_name=mul_Ascend910B1_int8_232000000, register kernel_name=mul_Ascend910B1_int8_232000000, tilingKey=232000000, functionEntry=0, funcType=0, kernelAttrType=2, mixType=0, taskRation=2, offset=2680, dfxAddr=187662185536840, dfxSize=176
[INFO] RUNTIME(110198,npu_reader):2026-09-21-11:29:21.273.981 [program.cc:1649] 110198 GetKernelTypeAndMixType: Get kernel type success, kernelName=mul_Ascend910B1_int8_223010000, funcType=0, kernelAttrType=2, mixType=0
[INFO] RUNTIME(110198,npu_reader):2026-09-21-11:29:21.273.984 [program.cc:1119] 110198 SetKernelAttribute: kernel_name=mul_Ascend910B1_int8_223010000, kernelAttrType=2, userParamNum=0, sysParamNum=1, IsNeedSetFftsAddrInArg=0, isSupportOverFlow=1, elfDataFlag=1
[INFO] RUNTIME(110198,npu_reader):2026-09-21-11:29:21.273.986 [program.cc:1690] 110198 BuildNewKernel: new kernel success, size=1320, programId=16, original kernel_name=mul_Ascend910B1_int8_223010000, register kernel_name=mul_Ascend910B1_int8_223010000, tilingKey=223010000, functionEntry=0, funcType=0, kernelAttrType=2, mixType=0, taskRation=2, offset=4244, dfxAddr=187662185537016, dfxSize=176
[INFO] RUNTIME(110198,npu_reader):2026-09-21-11:29:21.273.990 [program.cc:1649] 110198 GetKernelTypeAndMixType: Get kernel type success, kernelName=mul_Ascend910B1_int8_223000000, funcType=0, kernelAttrType=2, mixType=0
[INFO] RUNTIME(110198,npu_reader):2026-09-21-11:29:21.273.993 [program.cc:1119] 110198 SetKernelAttribute: kernel_name=mul_Ascend910B1_int8_223000000, kernelAttrType=2, userParamNum=0, sysParamNum=1, IsNeedSetFftsAddrInArg=0, isSupportOverFlow=1, elfDataFlag=1
[INFO] RUNTIME(110198,npu_reader):2026-09-21-11:29:21.273.996 [program.cc:1690] 110198 BuildNewKernel: new kernel success, size=1320, programId=16, original kernel_name=mul_Ascend910B1_int8_223000000, register kernel_name=mul_Ascend910B1_int8_223000000, tilingKey=223000000, functionEntry=0, funcType=0, kernelAttrType=2, mixType=0, taskRation=2, offset=7016, dfxAddr=187662185537192, dfxSize=176
[INFO] RUNTIME(110198,npu_reader):2026-09-21-11:29:21.274.000 [program.cc:1649] 110198 GetKernelTypeAndMixType: Get kernel type success, kernelName=mul_Ascend910B1_int8_210010000, funcType=0, kernelAttrType=2, mixType=0
[INFO] RUNTIME(110198,npu_reader):2026-09-21-11:29:21.274.003 [program.cc:1119] 110198 SetKernelAttribute: kernel_name=mul_Ascend910B1_int8_210010000, kernelAttrType=2, userParamNum=0, sysParamNum=1, IsNeedSetFftsAddrInArg=0, isSupportOverFlow=1, elfDataFlag=1
[INFO] RUNTIME(110198,npu_reader):2026-09-21-11:29:21.274.006 [program.cc:1690] 110198 BuildNewKernel: new kernel success, size=1320, programId=16, original kernel_name=mul_Ascend910B1_int8_210010000, register kernel_name=mul_Ascend910B1_int8_210010000, tilingKey=210010000, functionEntry=0, funcType=0, kernelAttrType=2, mixType=0, taskRation=2, offset=8484, dfxAddr=187662185537368, dfxSize=176
[INFO] RUNTIME(110198,npu_reader):2026-09-21-11:29:21.274.010 [program.cc:1649] 110198 GetKernelTypeAndMixType: Get kernel type success, kernelName=mul_Ascend910B1_int8_210000000, funcType=0, kernelAttrType=2, mixType=0
[INFO] RUNTIME(110198,npu_reader):2026-09-21-11:29:21.274.013 [program.cc:1119] 110198 SetKernelAttribute: kernel_name=mul_Ascend910B1_int8_210000000, kernelAttrType=2, userParamNum=0, sysParamNum=1, IsNeedSetFftsAddrInArg=0, isSupportOverFlow=1, elfDataFlag=1
[INFO] RUNTIME(110198,npu_reader):2026-09-21-11:29:21.274.015 [program.cc:1690] 110198 BuildNewKernel: new kernel success, size=1320, programId=16, original kernel_name=mul_Ascend910B1_int8_210000000, register kernel_name=mul_Ascend910B1_int8_210000000, tilingKey=210000000, functionEntry=0, funcType=0, kernelAttrType=2, mixType=0, taskRation=2, offset=11164, dfxAddr=187662185537544, dfxSize=176
[INFO] RUNTIME(110198,npu_reader):2026-09-21-11:29:21.274.030 [binary_loader.cc:364] 110198 LoadFromData: New ElfProgram ok, magic=1094799942, kernelAttrType=2, Runtime_alloc_size=11072
[INFO] RUNTIME(110198,npu_reader):2026-09-21-11:29:21.274.037 [program.cc:204] 110198 SaveBinaryData: Malloc the buffer for elfData, len=19888
[INFO] RUNTIME(110198,npu_reader):2026-09-21-11:29:21.274.040 [elf.cc:884] 110198 ParseKernelMetaData: section name = .text.
[INFO] RUNTIME(110198,npu_reader):2026-09-21-11:29:21.274.042 [elf.cc:884] 110198 ParseKernelMetaData: section name = .ascend.stack.size.record.
[INFO] RUNTIME(110198,npu_reader):2026-09-21-11:29:21.274.045 [elf.cc:884] 110198 ParseKernelMetaData: section name = __CCE_KernelArgSize.
[INFO] RUNTIME(110198,npu_reader):2026-09-21-11:29:21.274.047 [elf.cc:884] 110198 ParseKernelMetaData: section name = .ascend.meta.mul_Ascend910B2_int8_232010000.
[INFO] RUNTIME(110198,npu_reader):2026-09-21-11:29:21.274.049 [elf.cc:575] 110198 ElfParseParamSummary: paramCount=4, paramTotalSize=32.
[INFO] RUNTIME(110198,npu_reader):2026-09-21-11:29:21.274.052 [elf.cc:610] 110198 ElfParseParamInfo: Cache param info: ordinal=0, offset=0, size=8, align=8, paramType=2, spaceIndex=0.
[INFO] RUNTIME(110198,npu_reader):2026-09-21-11:29:21.274.054 [elf.cc:610] 110198 ElfParseParamInfo: Cache param info: ordinal=1, offset=8, size=8, align=8, paramType=2, spaceIndex=0.
[INFO] RUNTIME(110198,npu_reader):2026-09-21-11:29:21.274.057 [elf.cc:610] 110198 ElfParseParamInfo: Cache param info: ordinal=2, offset=16, size=8, align=8, paramType=2, spaceIndex=0.
[INFO] RUNTIME(110198,npu_reader):2026-09-21-11:29:21.274.059 [elf.cc:610] 110198 ElfParseParamInfo: Cache param info: ordinal=3, offset=24, size=8, align=8, paramType=2, spaceIndex=0.
[INFO] RUNTIME(110198,npu_reader):2026-09-21-11:29:21.274.062 [elf.cc:916] 110198 ParseKernelMetaData: kernel_name=mul_Ascend910B2_int8_232010000, ration[0]=0, ration[1]=0, dfxAddr=0xaaad81e90d94, dfxSize=176, funcType=0, crossCoreSync=0, kernelVfType=0, shareMemSize=0, minStackSize=0, isSupportFuncEntry=0, functionEntryFlag=128, functionEntry=0.
[INFO] RUNTIME(110198,npu_reader):2026-09-21-11:29:21.274.065 [elf.cc:884] 110198 ParseKernelMetaData: section name = .comment.
[INFO] RUNTIME(110198,npu_reader):2026-09-21-11:29:21.274.067 [elf.cc:884] 110198 ParseKernelMetaData: section name = .ascend.meta.mul_Ascend910B2_int8_232000000.
[INFO] RUNTIME(110198,npu_reader):2026-09-21-11:29:21.274.070 [elf.cc:575] 110198 ElfParseParamSummary: paramCount=4, paramTotalSize=32.
[INFO] RUNTIME(110198,npu_reader):2026-09-21-11:29:21.274.072 [elf.cc:610] 110198 ElfParseParamInfo: Cache param info: ordinal=0, offset=0, size=8, align=8, paramType=2, spaceIndex=0.
[INFO] RUNTIME(110198,npu_reader):2026-09-21-11:29:21.274.075 [elf.cc:610] 110198 ElfParseParamInfo: Cache param info: ordinal=1, offset=8, size=8, align=8, paramType=2, spaceIndex=0.
[INFO] RUNTIME(110198,npu_reader):2026-09-21-11:29:21.274.077 [elf.cc:610] 110198 ElfParseParamInfo: Cache param info: ordinal=2, offset=16, size=8, align=8, paramType=2, spaceIndex=0.
[INFO] RUNTIME(110198,npu_reader):2026-09-21-11:29:21.274.080 [elf.cc:610] 110198 ElfParseParamInfo: Cache param info: ordinal=3, offset=24, size=8, align=8, paramType=2, spaceIndex=0.
[INFO] RUNTIME(110198,npu_reader):2026-09-21-11:29:21.274.082 [elf.cc:916] 110198 ParseKernelMetaData: kernel_name=mul_Ascend910B2_int8_232000000, ration[0]=0, ration[1]=0, dfxAddr=0xaaad81e90e88, dfxSize=176, funcType=0, crossCoreSync=0, kernelVfType=0, shareMemSize=0, minStackSize=0, isSupportFuncEntry=0, functionEntryFlag=128, functionEntry=0.
[INFO] RUNTIME(110198,npu_reader):2026-09-21-11:29:21.274.085 [elf.cc:884] 110198 ParseKernelMetaData: section name = .ascend.meta.mul_Ascend910B2_int8_223010000.
[INFO] RUNTIME(110198,npu_reader):2026-09-21-11:29:21.274.088 [elf.cc:575] 110198 ElfParseParamSummary: paramCount=4, paramTotalSize=32.
[INFO] RUNTIME(110198,npu_reader):2026-09-21-11:29:21.274.090 [elf.cc:610] 110198 ElfParseParamInfo: Cache param info: ordinal=0, offset=0, size=8, align=8, paramType=2, spaceIndex=0.
[INFO] RUNTIME(110198,npu_reader):2026-09-21-11:29:21.274.092 [elf.cc:610] 110198 ElfParseParamInfo: Cache param info: ordinal=1, offset=8, size=8, align=8, paramType=2, spaceIndex=0.
[INFO] RUNTIME(110198,npu_reader):2026-09-21-11:29:21.274.095 [elf.cc:610] 110198 ElfParseParamInfo: Cache param info: ordinal=2, offset=16, size=8, align=8, paramType=2, spaceIndex=0.
[INFO] RUNTIME(110198,npu_reader):2026-09-21-11:29:21.274.097 [elf.cc:610] 110198 ElfParseParamInfo: Cache param info: ordinal=3, offset=24, size=8, align=8, paramType=2, spaceIndex=0.
[INFO] RUNTIME(110198,npu_reader):2026-09-21-11:29:21.274.100 [elf.cc:916] 110198 ParseKernelMetaData: kernel_name=mul_Ascend910B2_int8_223010000, ration[0]=0, ration[1]=0, dfxAddr=0xaaad81e90f38, dfxSize=176, funcType=0, crossCoreSync=0, kernelVfType=0, shareMemSize=0, minStackSize=0, isSupportFuncEntry=0, functionEntryFlag=128, functionEntry=0.
[INFO] RUNTIME(110198,npu_reader):2026-09-21-11:29:21.274.103 [elf.cc:884] 110198 ParseKernelMetaData: section name = .ascend.meta.mul_Ascend910B2_int8_223000000.
[INFO] RUNTIME(110198,npu_reader):2026-09-21-11:29:21.274.105 [elf.cc:575] 110198 ElfParseParamSummary: paramCount=4, paramTotalSize=32.
[INFO] RUNTIME(110198,npu_reader):2026-09-21-11:29:21.274.107 [elf.cc:610] 110198 ElfParseParamInfo: Cache param info: ordinal=0, offset=0, size=8, align=8, paramType=2, spaceIndex=0.
[INFO] RUNTIME(110198,npu_reader):2026-09-21-11:29:21.274.109 [elf.cc:610] 110198 ElfParseParamInfo: Cache param info: ordinal=1, offset=8, size=8, align=8, paramType=2, spaceIndex=0.
[INFO] RUNTIME(110198,npu_reader):2026-09-21-11:29:21.274.112 [elf.cc:610] 110198 ElfParseParamInfo: Cache param info: ordinal=2, offset=16, size=8, align=8, paramType=2, spaceIndex=0.
[INFO] RUNTIME(110198,npu_reader):2026-09-21-11:29:21.274.114 [elf.cc:610] 110198 ElfParseParamInfo: Cache param info: ordinal=3, offset=24, size=8, align=8, paramType=2, spaceIndex=0.
[INFO] RUNTIME(110198,npu_reader):2026-09-21-11:29:21.274.117 [elf.cc:916] 110198 ParseKernelMetaData: kernel_name=mul_Ascend910B2_int8_223000000, ration[0]=0, ration[1]=0, dfxAddr=0xaaad81e90fe8, dfxSize=176, funcType=0, crossCoreSync=0, kernelVfType=0, shareMemSize=0, minStackSize=0, isSupportFuncEntry=0, functionEntryFlag=128, functionEntry=0.
[INFO] RUNTIME(110198,npu_reader):2026-09-21-11:29:21.274.120 [elf.cc:884] 110198 ParseKernelMetaData: section name = .ascend.meta.mul_Ascend910B2_int8_210010000.
[INFO] RUNTIME(110198,npu_reader):2026-09-21-11:29:21.274.122 [elf.cc:575] 110198 ElfParseParamSummary: paramCount=4, paramTotalSize=32.
[INFO] RUNTIME(110198,npu_reader):2026-09-21-11:29:21.274.124 [elf.cc:610] 110198 ElfParseParamInfo: Cache param info: ordinal=0, offset=0, size=8, align=8, paramType=2, spaceIndex=0.
[INFO] RUNTIME(110198,npu_reader):2026-09-21-11:29:21.274.127 [elf.cc:610] 110198 ElfParseParamInfo: Cache param info: ordinal=1, offset=8, size=8, align=8, paramType=2, spaceIndex=0.
[INFO] RUNTIME(110198,npu_reader):2026-09-21-11:29:21.274.129 [elf.cc:610] 110198 ElfParseParamInfo: Cache param info: ordinal=2, offset=16, size=8, align=8, paramType=2, spaceIndex=0.
[INFO] RUNTIME(110198,npu_reader):2026-09-21-11:29:21.274.132 [elf.cc:610] 110198 ElfParseParamInfo: Cache param info: ordinal=3, offset=24, size=8, align=8, paramType=2, spaceIndex=0.
[INFO] RUNTIME(110198,npu_reader):2026-09-21-11:29:21.274.134 [elf.cc:916] 110198 ParseKernelMetaData: kernel_name=mul_Ascend910B2_int8_210010000, ration[0]=0, ration[1]=0, dfxAddr=0xaaad81e91098, dfxSize=176, funcType=0, crossCoreSync=0, kernelVfType=0, shareMemSize=0, minStackSize=0, isSupportFuncEntry=0, functionEntryFlag=128, functionEntry=0.
[INFO] RUNTIME(110198,npu_reader):2026-09-21-11:29:21.274.137 [elf.cc:884] 110198 ParseKernelMetaData: section name = .ascend.meta.mul_Ascend910B2_int8_210000000.
[INFO] RUNTIME(110198,npu_reader):2026-09-21-11:29:21.274.139 [elf.cc:575] 110198 ElfParseParamSummary: paramCount=4, paramTotalSize=32.
[INFO] RUNTIME(110198,npu_reader):2026-09-21-11:29:21.274.141 [elf.cc:610] 110198 ElfParseParamInfo: Cache param info: ordinal=0, offset=0, size=8, align=8, paramType=2, spaceIndex=0.
[INFO] RUNTIME(110198,npu_reader):2026-09-21-11:29:21.274.144 [elf.cc:610] 110198 ElfParseParamInfo: Cache param info: ordinal=1, offset=8, size=8, align=8, paramType=2, spaceIndex=0.
[INFO] RUNTIME(110198,npu_reader):2026-09-21-11:29:21.274.146 [elf.cc:610] 110198 ElfParseParamInfo: Cache param info: ordinal=2, offset=16, size=8, align=8, paramType=2, spaceIndex=0.
[INFO] RUNTIME(110198,npu_reader):2026-09-21-11:29:21.274.149 [elf.cc:610] 110198 ElfParseParamInfo: Cache param info: ordinal=3, offset=24, size=8, align=8, paramType=2, spaceIndex=0.
[INFO] RUNTIME(110198,npu_reader):2026-09-21-11:29:21.274.151 [elf.cc:916] 110198 ParseKernelMetaData: kernel_name=mul_Ascend910B2_int8_210000000, ration[0]=0, ration[1]=0, dfxAddr=0xaaad81e91148, dfxSize=176, funcType=0, crossCoreSync=0, kernelVfType=0, shareMemSize=0, minStackSize=0, isSupportFuncEntry=0, functionEntryFlag=128, functionEntry=0.
[INFO] RUNTIME(110198,npu_reader):2026-09-21-11:29:21.274.163 [elf.cc:1076] 110198 UpdateCachedParamInfos: Restore cached param info: kernel_name=mul_Ascend910B2_int8_232010000, ordinal=0, offset=0, size=8.
[INFO] RUNTIME(110198,npu_reader):2026-09-21-11:29:21.274.166 [elf.cc:1076] 110198 UpdateCachedParamInfos: Restore cached param info: kernel_name=mul_Ascend910B2_int8_232010000, ordinal=1, offset=8, size=8.
[INFO] RUNTIME(110198,npu_reader):2026-09-21-11:29:21.274.168 [elf.cc:1076] 110198 UpdateCachedParamInfos: Restore cached param info: kernel_name=mul_Ascend910B2_int8_232010000, ordinal=2, offset=16, size=8.
[INFO] RUNTIME(110198,npu_reader):2026-09-21-11:29:21.274.170 [elf.cc:1076] 110198 UpdateCachedParamInfos: Restore cached param info: kernel_name=mul_Ascend910B2_int8_232010000, ordinal=3, offset=24, size=8.
[INFO] RUNTIME(110198,npu_reader):2026-09-21-11:29:21.274.173 [elf.cc:1145] 110198 UpdateKernelsInfo: update meta info, kernel_name=mul_Ascend910B2_int8_232010000, dfxAddr=0xaaad81e90d94, dfxSize=176, funcType=0, elfDataFlag=1, userArgsNum=0, crossCoreSync=0, kernelVfType=0, shareMemSize=0, minStackSize=0, funcEntryType=0, functionEntry=0, schedMode=0, taskRation_0=0, taskRation_1=0, hasParamSummary=1, paramCount=4, paramTotalSize=32.
[INFO] RUNTIME(110198,npu_reader):2026-09-21-11:29:21.274.176 [elf.cc:1076] 110198 UpdateCachedParamInfos: Restore cached param info: kernel_name=mul_Ascend910B2_int8_232000000, ordinal=0, offset=0, size=8.
[INFO] RUNTIME(110198,npu_reader):2026-09-21-11:29:21.274.179 [elf.cc:1076] 110198 UpdateCachedParamInfos: Restore cached param info: kernel_name=mul_Ascend910B2_int8_232000000, ordinal=1, offset=8, size=8.
[INFO] RUNTIME(110198,npu_reader):2026-09-21-11:29:21.274.181 [elf.cc:1076] 110198 UpdateCachedParamInfos: Restore cached param info: kernel_name=mul_Ascend910B2_int8_232000000, ordinal=2, offset=16, size=8.
[INFO] RUNTIME(110198,npu_reader):2026-09-21-11:29:21.274.183 [elf.cc:1076] 110198 UpdateCachedParamInfos: Restore cached param info: kernel_name=mul_Ascend910B2_int8_232000000, ordinal=3, offset=24, size=8.
[INFO] RUNTIME(110198,npu_reader):2026-09-21-11:29:21.274.186 [elf.cc:1145] 110198 UpdateKernelsInfo: update meta info, kernel_name=mul_Ascend910B2_int8_232000000, dfxAddr=0xaaad81e90e88, dfxSize=176, funcType=0, elfDataFlag=1, userArgsNum=0, crossCoreSync=0, kernelVfType=0, shareMemSize=0, minStackSize=0, funcEntryType=0, functionEntry=0, schedMode=0, taskRation_0=0, taskRation_1=0, hasParamSummary=1, paramCount=4, paramTotalSize=32.
[INFO] RUNTIME(110198,npu_reader):2026-09-21-11:29:21.274.189 [elf.cc:1076] 110198 UpdateCachedParamInfos: Restore cached param info: kernel_name=mul_Ascend910B2_int8_223010000, ordinal=0, offset=0, size=8.
[INFO] RUNTIME(110198,npu_reader):2026-09-21-11:29:21.274.191 [elf.cc:1076] 110198 UpdateCachedParamInfos: Restore cached param info: kernel_name=mul_Ascend910B2_int8_223010000, ordinal=1, offset=8, size=8.
[INFO] RUNTIME(110198,npu_reader):2026-09-21-11:29:21.274.194 [elf.cc:1076] 110198 UpdateCachedParamInfos: Restore cached param info: kernel_name=mul_Ascend910B2_int8_223010000, ordinal=2, offset=16, size=8.
[INFO] RUNTIME(110198,npu_reader):2026-09-21-11:29:21.274.196 [elf.cc:1076] 110198 UpdateCachedParamInfos: Restore cached param info: kernel_name=mul_Ascend910B2_int8_223010000, ordinal=3, offset=24, size=8.
[INFO] RUNTIME(110198,npu_reader):2026-09-21-11:29:21.274.198 [elf.cc:1145] 110198 UpdateKernelsInfo: update meta info, kernel_name=mul_Ascend910B2_int8_223010000, dfxAddr=0xaaad81e90f38, dfxSize=176, funcType=0, elfDataFlag=1, userArgsNum=0, crossCoreSync=0, kernelVfType=0, shareMemSize=0, minStackSize=0, funcEntryType=0, functionEntry=0, schedMode=0, taskRation_0=0, taskRation_1=0, hasParamSummary=1, paramCount=4, paramTotalSize=32.
[INFO] RUNTIME(110198,npu_reader):2026-09-21-11:29:21.274.201 [elf.cc:1076] 110198 UpdateCachedParamInfos: Restore cached param info: kernel_name=mul_Ascend910B2_int8_223000000, ordinal=0, offset=0, size=8.
[INFO] RUNTIME(110198,npu_reader):2026-09-21-11:29:21.274.204 [elf.cc:1076] 110198 UpdateCachedParamInfos: Restore cached param info: kernel_name=mul_Ascend910B2_int8_223000000, ordinal=1, offset=8, size=8.
[INFO] RUNTIME(110198,npu_reader):2026-09-21-11:29:21.274.206 [elf.cc:1076] 110198 UpdateCachedParamInfos: Restore cached param info: kernel_name=mul_Ascend910B2_int8_223000000, ordinal=2, offset=16, size=8.
[INFO] RUNTIME(110198,npu_reader):2026-09-21-11:29:21.274.208 [elf.cc:1076] 110198 UpdateCachedParamInfos: Restore cached param info: kernel_name=mul_Ascend910B2_int8_223000000, ordinal=3, offset=24, size=8.
[INFO] RUNTIME(110198,npu_reader):2026-09-21-11:29:21.274.210 [elf.cc:1145] 110198 UpdateKernelsInfo: update meta info, kernel_name=mul_Ascend910B2_int8_223000000, dfxAddr=0xaaad81e90fe8, dfxSize=176, funcType=0, elfDataFlag=1, userArgsNum=0, crossCoreSync=0, kernelVfType=0, shareMemSize=0, minStackSize=0, funcEntryType=0, functionEntry=0, schedMode=0, taskRation_0=0, taskRation_1=0, hasParamSummary=1, paramCount=4, paramTotalSize=32.
[INFO] RUNTIME(110198,npu_reader):2026-09-21-11:29:21.274.214 [elf.cc:1076] 110198 UpdateCachedParamInfos: Restore cached param info: kernel_name=mul_Ascend910B2_int8_210010000, ordinal=0, offset=0, size=8.
[INFO] RUNTIME(110198,npu_reader):2026-09-21-11:29:21.274.216 [elf.cc:1076] 110198 UpdateCachedParamInfos: Restore cached param info: kernel_name=mul_Ascend910B2_int8_210010000, ordinal=1, offset=8, size=8.
[INFO] RUNTIME(110198,npu_reader):2026-09-21-11:29:21.274.219 [elf.cc:1076] 110198 UpdateCachedParamInfos: Restore cached param info: kernel_name=mul_Ascend910B2_int8_210010000, ordinal=2, offset=16, size=8.
[INFO] RUNTIME(110198,npu_reader):2026-09-21-11:29:21.274.221 [elf.cc:1076] 110198 UpdateCachedParamInfos: Restore cached param info: kernel_name=mul_Ascend910B2_int8_210010000, ordinal=3, offset=24, size=8.
[INFO] RUNTIME(110198,npu_reader):2026-09-21-11:29:21.274.223 [elf.cc:1145] 110198 UpdateKernelsInfo: update meta info, kernel_name=mul_Ascend910B2_int8_210010000, dfxAddr=0xaaad81e91098, dfxSize=176, funcType=0, elfDataFlag=1, userArgsNum=0, crossCoreSync=0, kernelVfType=0, shareMemSize=0, minStackSize=0, funcEntryType=0, functionEntry=0, schedMode=0, taskRation_0=0, taskRation_1=0, hasParamSummary=1, paramCount=4, paramTotalSize=32.
[INFO] RUNTIME(110198,npu_reader):2026-09-21-11:29:21.274.226 [elf.cc:1076] 110198 UpdateCachedParamInfos: Restore cached param info: kernel_name=mul_Ascend910B2_int8_210000000, ordinal=0, offset=0, size=8.
[INFO] RUNTIME(110198,npu_reader):2026-09-21-11:29:21.274.229 [elf.cc:1076] 110198 UpdateCachedParamInfos: Restore cached param info: kernel_name=mul_Ascend910B2_int8_210000000, ordinal=1, offset=8, size=8.
[INFO] RUNTIME(110198,npu_reader):2026-09-21-11:29:21.274.231 [elf.cc:1076] 110198 UpdateCachedParamInfos: Restore cached param info: kernel_name=mul_Ascend910B2_int8_210000000, ordinal=2, offset=16, size=8.
[INFO] RUNTIME(110198,npu_reader):2026-09-21-11:29:21.274.233 [elf.cc:1076] 110198 UpdateCachedParamInfos: Restore cached param info: kernel_name=mul_Ascend910B2_int8_210000000, ordinal=3, offset=24, size=8.
[INFO] RUNTIME(110198,npu_reader):2026-09-21-11:29:21.274.235 [elf.cc:1145] 110198 UpdateKernelsInfo: update meta info, kernel_name=mul_Ascend910B2_int8_210000000, dfxAddr=0xaaad81e91148, dfxSize=176, funcType=0, elfDataFlag=1, userArgsNum=0, crossCoreSync=0, kernelVfType=0, shareMemSize=0, minStackSize=0, funcEntryType=0, functionEntry=0, schedMode=0, taskRation_0=0, taskRation_1=0, hasParamSummary=1, paramCount=4, paramTotalSize=32.
[INFO] RUNTIME(110198,npu_reader):2026-09-21-11:29:21.274.239 [runtime.cc:1448] 110198 AddProgramToPool: progId=17
[INFO] RUNTIME(110198,npu_reader):2026-09-21-11:29:21.274.242 [program.cc:1649] 110198 GetKernelTypeAndMixType: Get kernel type success, kernelName=mul_Ascend910B2_int8_232010000, funcType=0, kernelAttrType=2, mixType=0
[INFO] RUNTIME(110198,npu_reader):2026-09-21-11:29:21.274.245 [program.cc:1119] 110198 SetKernelAttribute: kernel_name=mul_Ascend910B2_int8_232010000, kernelAttrType=2, userParamNum=0, sysParamNum=1, IsNeedSetFftsAddrInArg=0, isSupportOverFlow=1, elfDataFlag=1
[INFO] RUNTIME(110198,npu_reader):2026-09-21-11:29:21.274.248 [program.cc:1690] 110198 BuildNewKernel: new kernel success, size=1320, programId=17, original kernel_name=mul_Ascend910B2_int8_232010000, register kernel_name=mul_Ascend910B2_int8_232010000, tilingKey=232010000, functionEntry=0, funcType=0, kernelAttrType=2, mixType=0, taskRation=2, offset=0, dfxAddr=187662185598356, dfxSize=176
[INFO] RUNTIME(110198,npu_reader):2026-09-21-11:29:21.274.252 [program.cc:1649] 110198 GetKernelTypeAndMixType: Get kernel type success, kernelName=mul_Ascend910B2_int8_232000000, funcType=0, kernelAttrType=2, mixType=0
[INFO] RUNTIME(110198,npu_reader):2026-09-21-11:29:21.274.255 [program.cc:1119] 110198 SetKernelAttribute: kernel_name=mul_Ascend910B2_int8_232000000, kernelAttrType=2, userParamNum=0, sysParamNum=1, IsNeedSetFftsAddrInArg=0, isSupportOverFlow=1, elfDataFlag=1
[INFO] RUNTIME(110198,npu_reader):2026-09-21-11:29:21.274.258 [program.cc:1690] 110198 BuildNewKernel: new kernel success, size=1320, programId=17, original kernel_name=mul_Ascend910B2_int8_232000000, register kernel_name=mul_Ascend910B2_int8_232000000, tilingKey=232000000, functionEntry=0, funcType=0, kernelAttrType=2, mixType=0, taskRation=2, offset=2680, dfxAddr=187662185598600, dfxSize=176
[INFO] RUNTIME(110198,npu_reader):2026-09-21-11:29:21.274.262 [program.cc:1649] 110198 GetKernelTypeAndMixType: Get kernel type success, kernelName=mul_Ascend910B2_int8_223010000, funcType=0, kernelAttrType=2, mixType=0
[INFO] RUNTIME(110198,npu_reader):2026-09-21-11:29:21.274.265 [program.cc:1119] 110198 SetKernelAttribute: kernel_name=mul_Ascend910B2_int8_223010000, kernelAttrType=2, userParamNum=0, sysParamNum=1, IsNeedSetFftsAddrInArg=0, isSupportOverFlow=1, elfDataFlag=1
[INFO] RUNTIME(110198,npu_reader):2026-09-21-11:29:21.274.268 [program.cc:1690] 110198 BuildNewKernel: new kernel success, size=1320, programId=17, original kernel_name=mul_Ascend910B2_int8_223010000, register kernel_name=mul_Ascend910B2_int8_223010000, tilingKey=223010000, functionEntry=0, funcType=0, kernelAttrType=2, mixType=0, taskRation=2, offset=4244, dfxAddr=187662185598776, dfxSize=176
[INFO] RUNTIME(110198,npu_reader):2026-09-21-11:29:21.274.271 [program.cc:1649] 110198 GetKernelTypeAndMixType: Get kernel type success, kernelName=mul_Ascend910B2_int8_223000000, funcType=0, kernelAttrType=2, mixType=0
[INFO] RUNTIME(110198,npu_reader):2026-09-21-11:29:21.274.274 [program.cc:1119] 110198 SetKernelAttribute: kernel_name=mul_Ascend910B2_int8_223000000, kernelAttrType=2, userParamNum=0, sysParamNum=1, IsNeedSetFftsAddrInArg=0, isSupportOverFlow=1, elfDataFlag=1
[INFO] RUNTIME(110198,npu_reader):2026-09-21-11:29:21.274.277 [program.cc:1690] 110198 BuildNewKernel: new kernel success, size=1320, programId=17, original kernel_name=mul_Ascend910B2_int8_223000000, register kernel_name=mul_Ascend910B2_int8_223000000, tilingKey=223000000, functionEntry=0, funcType=0, kernelAttrType=2, mixType=0, taskRation=2, offset=7016, dfxAddr=187662185598952, dfxSize=176
[INFO] RUNTIME(110198,npu_reader):2026-09-21-11:29:21.274.281 [program.cc:1649] 110198 GetKernelTypeAndMixType: Get kernel type success, kernelName=mul_Ascend910B2_int8_210010000, funcType=0, kernelAttrType=2, mixType=0
[INFO] RUNTIME(110198,npu_reader):2026-09-21-11:29:21.274.284 [program.cc:1119] 110198 SetKernelAttribute: kernel_name=mul_Ascend910B2_int8_210010000, kernelAttrType=2, userParamNum=0, sysParamNum=1, IsNeedSetFftsAddrInArg=0, isSupportOverFlow=1, elfDataFlag=1
[INFO] RUNTIME(110198,npu_reader):2026-09-21-11:29:21.274.286 [program.cc:1690] 110198 BuildNewKernel: new kernel success, size=1320, programId=17, original kernel_name=mul_Ascend910B2_int8_210010000, register kernel_name=mul_Ascend910B2_int8_210010000, tilingKey=210010000, functionEntry=0, funcType=0, kernelAttrType=2, mixType=0, taskRation=2, offset=8484, dfxAddr=187662185599128, dfxSize=176
[INFO] RUNTIME(110198,npu_reader):2026-09-21-11:29:21.274.290 [program.cc:1649] 110198 GetKernelTypeAndMixType: Get kernel type success, kernelName=mul_Ascend910B2_int8_210000000, funcType=0, kernelAttrType=2, mixType=0
[INFO] RUNTIME(110198,npu_reader):2026-09-21-11:29:21.274.293 [program.cc:1119] 110198 SetKernelAttribute: kernel_name=mul_Ascend910B2_int8_210000000, kernelAttrType=2, userParamNum=0, sysParamNum=1, IsNeedSetFftsAddrInArg=0, isSupportOverFlow=1, elfDataFlag=1
[INFO] RUNTIME(110198,npu_reader):2026-09-21-11:29:21.274.296 [program.cc:1690] 110198 BuildNewKernel: new kernel success, size=1320, programId=17, original kernel_name=mul_Ascend910B2_int8_210000000, register kernel_name=mul_Ascend910B2_int8_210000000, tilingKey=210000000, functionEntry=0, funcType=0, kernelAttrType=2, mixType=0, taskRation=2, offset=11164, dfxAddr=187662185599304, dfxSize=176
[INFO] RUNTIME(110198,npu_reader):2026-09-21-11:29:21.274.312 [binary_loader.cc:364] 110198 LoadFromData: New ElfProgram ok, magic=1094799942, kernelAttrType=2, Runtime_alloc_size=11072
[INFO] RUNTIME(110198,npu_reader):2026-09-21-11:29:21.274.318 [program.cc:204] 110198 SaveBinaryData: Malloc the buffer for elfData, len=19888
[INFO] RUNTIME(110198,npu_reader):2026-09-21-11:29:21.274.322 [elf.cc:884] 110198 ParseKernelMetaData: section name = .text.
[INFO] RUNTIME(110198,npu_reader):2026-09-21-11:29:21.274.324 [elf.cc:884] 110198 ParseKernelMetaData: section name = .ascend.stack.size.record.
[INFO] RUNTIME(110198,npu_reader):2026-09-21-11:29:21.274.327 [elf.cc:884] 110198 ParseKernelMetaData: section name = __CCE_KernelArgSize.
[INFO] RUNTIME(110198,npu_reader):2026-09-21-11:29:21.274.329 [elf.cc:884] 110198 ParseKernelMetaData: section name = .ascend.meta.mul_Ascend910B3_int8_232010000.
[INFO] RUNTIME(110198,npu_reader):2026-09-21-11:29:21.274.332 [elf.cc:575] 110198 ElfParseParamSummary: paramCount=4, paramTotalSize=32.
[INFO] RUNTIME(110198,npu_reader):2026-09-21-11:29:21.274.334 [elf.cc:610] 110198 ElfParseParamInfo: Cache param info: ordinal=0, offset=0, size=8, align=8, paramType=2, spaceIndex=0.
[INFO] RUNTIME(110198,npu_reader):2026-09-21-11:29:21.274.336 [elf.cc:610] 110198 ElfParseParamInfo: Cache param info: ordinal=1, offset=8, size=8, align=8, paramType=2, spaceIndex=0.
[INFO] RUNTIME(110198,npu_reader):2026-09-21-11:29:21.274.339 [elf.cc:610] 110198 ElfParseParamInfo: Cache param info: ordinal=2, offset=16, size=8, align=8, paramType=2, spaceIndex=0.
[INFO] RUNTIME(110198,npu_reader):2026-09-21-11:29:21.274.341 [elf.cc:610] 110198 ElfParseParamInfo: Cache param info: ordinal=3, offset=24, size=8, align=8, paramType=2, spaceIndex=0.
[INFO] RUNTIME(110198,npu_reader):2026-09-21-11:29:21.274.344 [elf.cc:916] 110198 ParseKernelMetaData: kernel_name=mul_Ascend910B3_int8_232010000, ration[0]=0, ration[1]=0, dfxAddr=0xaaad81ea0564, dfxSize=176, funcType=0, crossCoreSync=0, kernelVfType=0, shareMemSize=0, minStackSize=0, isSupportFuncEntry=0, functionEntryFlag=128, functionEntry=0.
[INFO] RUNTIME(110198,npu_reader):2026-09-21-11:29:21.274.347 [elf.cc:884] 110198 ParseKernelMetaData: section name = .comment.
[INFO] RUNTIME(110198,npu_reader):2026-09-21-11:29:21.274.349 [elf.cc:884] 110198 ParseKernelMetaData: section name = .ascend.meta.mul_Ascend910B3_int8_232000000.
[INFO] RUNTIME(110198,npu_reader):2026-09-21-11:29:21.274.351 [elf.cc:575] 110198 ElfParseParamSummary: paramCount=4, paramTotalSize=32.
[INFO] RUNTIME(110198,npu_reader):2026-09-21-11:29:21.274.353 [elf.cc:610] 110198 ElfParseParamInfo: Cache param info: ordinal=0, offset=0, size=8, align=8, paramType=2, spaceIndex=0.
[INFO] RUNTIME(110198,npu_reader):2026-09-21-11:29:21.274.356 [elf.cc:610] 110198 ElfParseParamInfo: Cache param info: ordinal=1, offset=8, size=8, align=8, paramType=2, spaceIndex=0.
[INFO] RUNTIME(110198,npu_reader):2026-09-21-11:29:21.274.358 [elf.cc:610] 110198 ElfParseParamInfo: Cache param info: ordinal=2, offset=16, size=8, align=8, paramType=2, spaceIndex=0.
[INFO] RUNTIME(110198,npu_reader):2026-09-21-11:29:21.274.361 [elf.cc:610] 110198 ElfParseParamInfo: Cache param info: ordinal=3, offset=24, size=8, align=8, paramType=2, spaceIndex=0.
[INFO] RUNTIME(110198,npu_reader):2026-09-21-11:29:21.274.363 [elf.cc:916] 110198 ParseKernelMetaData: kernel_name=mul_Ascend910B3_int8_232000000, ration[0]=0, ration[1]=0, dfxAddr=0xaaad81ea0658, dfxSize=176, funcType=0, crossCoreSync=0, kernelVfType=0, shareMemSize=0, minStackSize=0, isSupportFuncEntry=0, functionEntryFlag=128, functionEntry=0.
[INFO] RUNTIME(110198,npu_reader):2026-09-21-11:29:21.274.366 [elf.cc:884] 110198 ParseKernelMetaData: section name = .ascend.meta.mul_Ascend910B3_int8_223010000.
[INFO] RUNTIME(110198,npu_reader):2026-09-21-11:29:21.274.368 [elf.cc:575] 110198 ElfParseParamSummary: paramCount=4, paramTotalSize=32.
[INFO] RUNTIME(110198,npu_reader):2026-09-21-11:29:21.274.371 [elf.cc:610] 110198 ElfParseParamInfo: Cache param info: ordinal=0, offset=0, size=8, align=8, paramType=2, spaceIndex=0.
[INFO] RUNTIME(110198,npu_reader):2026-09-21-11:29:21.274.373 [elf.cc:610] 110198 ElfParseParamInfo: Cache param info: ordinal=1, offset=8, size=8, align=8, paramType=2, spaceIndex=0.
[INFO] RUNTIME(110198,npu_reader):2026-09-21-11:29:21.274.376 [elf.cc:610] 110198 ElfParseParamInfo: Cache param info: ordinal=2, offset=16, size=8, align=8, paramType=2, spaceIndex=0.
[INFO] RUNTIME(110198,npu_reader):2026-09-21-11:29:21.274.378 [elf.cc:610] 110198 ElfParseParamInfo: Cache param info: ordinal=3, offset=24, size=8, align=8, paramType=2, spaceIndex=0.
[INFO] RUNTIME(110198,npu_reader):2026-09-21-11:29:21.274.381 [elf.cc:916] 110198 ParseKernelMetaData: kernel_name=mul_Ascend910B3_int8_223010000, ration[0]=0, ration[1]=0, dfxAddr=0xaaad81ea0708, dfxSize=176, funcType=0, crossCoreSync=0, kernelVfType=0, shareMemSize=0, minStackSize=0, isSupportFuncEntry=0, functionEntryFlag=128, functionEntry=0.
[INFO] RUNTIME(110198,npu_reader):2026-09-21-11:29:21.274.384 [elf.cc:884] 110198 ParseKernelMetaData: section name = .ascend.meta.mul_Ascend910B3_int8_223000000.
[INFO] RUNTIME(110198,npu_reader):2026-09-21-11:29:21.274.386 [elf.cc:575] 110198 ElfParseParamSummary: paramCount=4, paramTotalSize=32.
[INFO] RUNTIME(110198,npu_reader):2026-09-21-11:29:21.274.389 [elf.cc:610] 110198 ElfParseParamInfo: Cache param info: ordinal=0, offset=0, size=8, align=8, paramType=2, spaceIndex=0.
[INFO] RUNTIME(110198,npu_reader):2026-09-21-11:29:21.274.391 [elf.cc:610] 110198 ElfParseParamInfo: Cache param info: ordinal=1, offset=8, size=8, align=8, paramType=2, spaceIndex=0.
[INFO] RUNTIME(110198,npu_reader):2026-09-21-11:29:21.274.393 [elf.cc:610] 110198 ElfParseParamInfo: Cache param info: ordinal=2, offset=16, size=8, align=8, paramType=2, spaceIndex=0.
[INFO] RUNTIME(110198,npu_reader):2026-09-21-11:29:21.274.396 [elf.cc:610] 110198 ElfParseParamInfo: Cache param info: ordinal=3, offset=24, size=8, align=8, paramType=2, spaceIndex=0.
[INFO] RUNTIME(110198,npu_reader):2026-09-21-11:29:21.274.398 [elf.cc:916] 110198 ParseKernelMetaData: kernel_name=mul_Ascend910B3_int8_223000000, ration[0]=0, ration[1]=0, dfxAddr=0xaaad81ea07b8, dfxSize=176, funcType=0, crossCoreSync=0, kernelVfType=0, shareMemSize=0, minStackSize=0, isSupportFuncEntry=0, functionEntryFlag=128, functionEntry=0.
[INFO] RUNTIME(110198,npu_reader):2026-09-21-11:29:21.274.402 [elf.cc:884] 110198 ParseKernelMetaData: section name = .ascend.meta.mul_Ascend910B3_int8_210010000.
[INFO] RUNTIME(110198,npu_reader):2026-09-21-11:29:21.274.404 [elf.cc:575] 110198 ElfParseParamSummary: paramCount=4, paramTotalSize=32.
[INFO] RUNTIME(110198,npu_reader):2026-09-21-11:29:21.274.406 [elf.cc:610] 110198 ElfParseParamInfo: Cache param info: ordinal=0, offset=0, size=8, align=8, paramType=2, spaceIndex=0.
[INFO] RUNTIME(110198,npu_reader):2026-09-21-11:29:21.274.408 [elf.cc:610] 110198 ElfParseParamInfo: Cache param info: ordinal=1, offset=8, size=8, align=8, paramType=2, spaceIndex=0.
[INFO] RUNTIME(110198,npu_reader):2026-09-21-11:29:21.274.411 [elf.cc:610] 110198 ElfParseParamInfo: Cache param info: ordinal=2, offset=16, size=8, align=8, paramType=2, spaceIndex=0.
[INFO] RUNTIME(110198,npu_reader):2026-09-21-11:29:21.274.413 [elf.cc:610] 110198 ElfParseParamInfo: Cache param info: ordinal=3, offset=24, size=8, align=8, paramType=2, spaceIndex=0.
[INFO] RUNTIME(110198,npu_reader):2026-09-21-11:29:21.274.415 [elf.cc:916] 110198 ParseKernelMetaData: kernel_name=mul_Ascend910B3_int8_210010000, ration[0]=0, ration[1]=0, dfxAddr=0xaaad81ea0868, dfxSize=176, funcType=0, crossCoreSync=0, kernelVfType=0, shareMemSize=0, minStackSize=0, isSupportFuncEntry=0, functionEntryFlag=128, functionEntry=0.
[INFO] RUNTIME(110198,npu_reader):2026-09-21-11:29:21.274.418 [elf.cc:884] 110198 ParseKernelMetaData: section name = .ascend.meta.mul_Ascend910B3_int8_210000000.
[INFO] RUNTIME(110198,npu_reader):2026-09-21-11:29:21.274.421 [elf.cc:575] 110198 ElfParseParamSummary: paramCount=4, paramTotalSize=32.
[INFO] RUNTIME(110198,npu_reader):2026-09-21-11:29:21.274.423 [elf.cc:610] 110198 ElfParseParamInfo: Cache param info: ordinal=0, offset=0, size=8, align=8, paramType=2, spaceIndex=0.
[INFO] RUNTIME(110198,npu_reader):2026-09-21-11:29:21.274.425 [elf.cc:610] 110198 ElfParseParamInfo: Cache param info: ordinal=1, offset=8, size=8, align=8, paramType=2, spaceIndex=0.
[INFO] RUNTIME(110198,npu_reader):2026-09-21-11:29:21.274.428 [elf.cc:610] 110198 ElfParseParamInfo: Cache param info: ordinal=2, offset=16, size=8, align=8, paramType=2, spaceIndex=0.
[INFO] RUNTIME(110198,npu_reader):2026-09-21-11:29:21.274.430 [elf.cc:610] 110198 ElfParseParamInfo: Cache param info: ordinal=3, offset=24, size=8, align=8, paramType=2, spaceIndex=0.
[INFO] RUNTIME(110198,npu_reader):2026-09-21-11:29:21.274.433 [elf.cc:916] 110198 ParseKernelMetaData: kernel_name=mul_Ascend910B3_int8_210000000, ration[0]=0, ration[1]=0, dfxAddr=0xaaad81ea0918, dfxSize=176, funcType=0, crossCoreSync=0, kernelVfType=0, shareMemSize=0, minStackSize=0, isSupportFuncEntry=0, functionEntryFlag=128, functionEntry=0.
[INFO] RUNTIME(110198,npu_reader):2026-09-21-11:29:21.274.445 [elf.cc:1076] 110198 UpdateCachedParamInfos: Restore cached param info: kernel_name=mul_Ascend910B3_int8_232010000, ordinal=0, offset=0, size=8.
[INFO] RUNTIME(110198,npu_reader):2026-09-21-11:29:21.274.447 [elf.cc:1076] 110198 UpdateCachedParamInfos: Restore cached param info: kernel_name=mul_Ascend910B3_int8_232010000, ordinal=1, offset=8, size=8.
[INFO] RUNTIME(110198,npu_reader):2026-09-21-11:29:21.274.450 [elf.cc:1076] 110198 UpdateCachedParamInfos: Restore cached param info: kernel_name=mul_Ascend910B3_int8_232010000, ordinal=2, offset=16, size=8.
[INFO] RUNTIME(110198,npu_reader):2026-09-21-11:29:21.274.452 [elf.cc:1076] 110198 UpdateCachedParamInfos: Restore cached param info: kernel_name=mul_Ascend910B3_int8_232010000, ordinal=3, offset=24, size=8.
[INFO] RUNTIME(110198,npu_reader):2026-09-21-11:29:21.274.454 [elf.cc:1145] 110198 UpdateKernelsInfo: update meta info, kernel_name=mul_Ascend910B3_int8_232010000, dfxAddr=0xaaad81ea0564, dfxSize=176, funcType=0, elfDataFlag=1, userArgsNum=0, crossCoreSync=0, kernelVfType=0, shareMemSize=0, minStackSize=0, funcEntryType=0, functionEntry=0, schedMode=0, taskRation_0=0, taskRation_1=0, hasParamSummary=1, paramCount=4, paramTotalSize=32.
[INFO] RUNTIME(110198,npu_reader):2026-09-21-11:29:21.274.458 [elf.cc:1076] 110198 UpdateCachedParamInfos: Restore cached param info: kernel_name=mul_Ascend910B3_int8_232000000, ordinal=0, offset=0, size=8.
[INFO] RUNTIME(110198,npu_reader):2026-09-21-11:29:21.274.460 [elf.cc:1076] 110198 UpdateCachedParamInfos: Restore cached param info: kernel_name=mul_Ascend910B3_int8_232000000, ordinal=1, offset=8, size=8.
[INFO] RUNTIME(110198,npu_reader):2026-09-21-11:29:21.274.462 [elf.cc:1076] 110198 UpdateCachedParamInfos: Restore cached param info: kernel_name=mul_Ascend910B3_int8_232000000, ordinal=2, offset=16, size=8.
[INFO] RUNTIME(110198,npu_reader):2026-09-21-11:29:21.274.465 [elf.cc:1076] 110198 UpdateCachedParamInfos: Restore cached param info: kernel_name=mul_Ascend910B3_int8_232000000, ordinal=3, offset=24, size=8.
[INFO] RUNTIME(110198,npu_reader):2026-09-21-11:29:21.274.467 [elf.cc:1145] 110198 UpdateKernelsInfo: update meta info, kernel_name=mul_Ascend910B3_int8_232000000, dfxAddr=0xaaad81ea0658, dfxSize=176, funcType=0, elfDataFlag=1, userArgsNum=0, crossCoreSync=0, kernelVfType=0, shareMemSize=0, minStackSize=0, funcEntryType=0, functionEntry=0, schedMode=0, taskRation_0=0, taskRation_1=0, hasParamSummary=1, paramCount=4, paramTotalSize=32.
[INFO] RUNTIME(110198,npu_reader):2026-09-21-11:29:21.274.470 [elf.cc:1076] 110198 UpdateCachedParamInfos: Restore cached param info: kernel_name=mul_Ascend910B3_int8_223010000, ordinal=0, offset=0, size=8.
[INFO] RUNTIME(110198,npu_reader):2026-09-21-11:29:21.274.472 [elf.cc:1076] 110198 UpdateCachedParamInfos: Restore cached param info: kernel_name=mul_Ascend910B3_int8_223010000, ordinal=1, offset=8, size=8.
[INFO] RUNTIME(110198,npu_reader):2026-09-21-11:29:21.274.474 [elf.cc:1076] 110198 UpdateCachedParamInfos: Restore cached param info: kernel_name=mul_Ascend910B3_int8_223010000, ordinal=2, offset=16, size=8.
[INFO] RUNTIME(110198,npu_reader):2026-09-21-11:29:21.274.477 [elf.cc:1076] 110198 UpdateCachedParamInfos: Restore cached param info: kernel_name=mul_Ascend910B3_int8_223010000, ordinal=3, offset=24, size=8.
[INFO] RUNTIME(110198,npu_reader):2026-09-21-11:29:21.274.479 [elf.cc:1145] 110198 UpdateKernelsInfo: update meta info, kernel_name=mul_Ascend910B3_int8_223010000, dfxAddr=0xaaad81ea0708, dfxSize=176, funcType=0, elfDataFlag=1, userArgsNum=0, crossCoreSync=0, kernelVfType=0, shareMemSize=0, minStackSize=0, funcEntryType=0, functionEntry=0, schedMode=0, taskRation_0=0, taskRation_1=0, hasParamSummary=1, paramCount=4, paramTotalSize=32.
[INFO] RUNTIME(110198,npu_reader):2026-09-21-11:29:21.274.482 [elf.cc:1076] 110198 UpdateCachedParamInfos: Restore cached param info: kernel_name=mul_Ascend910B3_int8_223000000, ordinal=0, offset=0, size=8.
[INFO] RUNTIME(110198,npu_reader):2026-09-21-11:29:21.274.485 [elf.cc:1076] 110198 UpdateCachedParamInfos: Restore cached param info: kernel_name=mul_Ascend910B3_int8_223000000, ordinal=1, offset=8, size=8.
[INFO] RUNTIME(110198,npu_reader):2026-09-21-11:29:21.274.487 [elf.cc:1076] 110198 UpdateCachedParamInfos: Restore cached param info: kernel_name=mul_Ascend910B3_int8_223000000, ordinal=2, offset=16, size=8.
[INFO] RUNTIME(110198,npu_reader):2026-09-21-11:29:21.274.489 [elf.cc:1076] 110198 UpdateCachedParamInfos: Restore cached param info: kernel_name=mul_Ascend910B3_int8_223000000, ordinal=3, offset=24, size=8.
[INFO] RUNTIME(110198,npu_reader):2026-09-21-11:29:21.274.491 [elf.cc:1145] 110198 UpdateKernelsInfo: update meta info, kernel_name=mul_Ascend910B3_int8_223000000, dfxAddr=0xaaad81ea07b8, dfxSize=176, funcType=0, elfDataFlag=1, userArgsNum=0, crossCoreSync=0, kernelVfType=0, shareMemSize=0, minStackSize=0, funcEntryType=0, functionEntry=0, schedMode=0, taskRation_0=0, taskRation_1=0, hasParamSummary=1, paramCount=4, paramTotalSize=32.
[INFO] RUNTIME(110198,npu_reader):2026-09-21-11:29:21.274.495 [elf.cc:1076] 110198 UpdateCachedParamInfos: Restore cached param info: kernel_name=mul_Ascend910B3_int8_210010000, ordinal=0, offset=0, size=8.
[INFO] RUNTIME(110198,npu_reader):2026-09-21-11:29:21.274.497 [elf.cc:1076] 110198 UpdateCachedParamInfos: Restore cached param info: kernel_name=mul_Ascend910B3_int8_210010000, ordinal=1, offset=8, size=8.
[INFO] RUNTIME(110198,npu_reader):2026-09-21-11:29:21.274.499 [elf.cc:1076] 110198 UpdateCachedParamInfos: Restore cached param info: kernel_name=mul_Ascend910B3_int8_210010000, ordinal=2, offset=16, size=8.
[INFO] RUNTIME(110198,npu_reader):2026-09-21-11:29:21.274.501 [elf.cc:1076] 110198 UpdateCachedParamInfos: Restore cached param info: kernel_name=mul_Ascend910B3_int8_210010000, ordinal=3, offset=24, size=8.
[INFO] RUNTIME(110198,npu_reader):2026-09-21-11:29:21.274.504 [elf.cc:1145] 110198 UpdateKernelsInfo: update meta info, kernel_name=mul_Ascend910B3_int8_210010000, dfxAddr=0xaaad81ea0868, dfxSize=176, funcType=0, elfDataFlag=1, userArgsNum=0, crossCoreSync=0, kernelVfType=0, shareMemSize=0, minStackSize=0, funcEntryType=0, functionEntry=0, schedMode=0, taskRation_0=0, taskRation_1=0, hasParamSummary=1, paramCount=4, paramTotalSize=32.
[INFO] RUNTIME(110198,npu_reader):2026-09-21-11:29:21.274.507 [elf.cc:1076] 110198 UpdateCachedParamInfos: Restore cached param info: kernel_name=mul_Ascend910B3_int8_210000000, ordinal=0, offset=0, size=8.
[INFO] RUNTIME(110198,npu_reader):2026-09-21-11:29:21.274.509 [elf.cc:1076] 110198 UpdateCachedParamInfos: Restore cached param info: kernel_name=mul_Ascend910B3_int8_210000000, ordinal=1, offset=8, size=8.
[INFO] RUNTIME(110198,npu_reader):2026-09-21-11:29:21.274.511 [elf.cc:1076] 110198 UpdateCachedParamInfos: Restore cached param info: kernel_name=mul_Ascend910B3_int8_210000000, ordinal=2, offset=16, size=8.
[INFO] RUNTIME(110198,npu_reader):2026-09-21-11:29:21.274.514 [elf.cc:1076] 110198 UpdateCachedParamInfos: Restore cached param info: kernel_name=mul_Ascend910B3_int8_210000000, ordinal=3, offset=24, size=8.
[INFO] RUNTIME(110198,npu_reader):2026-09-21-11:29:21.274.516 [elf.cc:1145] 110198 UpdateKernelsInfo: update meta info, kernel_name=mul_Ascend910B3_int8_210000000, dfxAddr=0xaaad81ea0918, dfxSize=176, funcType=0, elfDataFlag=1, userArgsNum=0, crossCoreSync=0, kernelVfType=0, shareMemSize=0, minStackSize=0, funcEntryType=0, functionEntry=0, schedMode=0, taskRation_0=0, taskRation_1=0, hasParamSummary=1, paramCount=4, paramTotalSize=32.
[INFO] RUNTIME(110198,npu_reader):2026-09-21-11:29:21.274.520 [runtime.cc:1448] 110198 AddProgramToPool: progId=18
[INFO] RUNTIME(110198,npu_reader):2026-09-21-11:29:21.274.523 [program.cc:1649] 110198 GetKernelTypeAndMixType: Get kernel type success, kernelName=mul_Ascend910B3_int8_232010000, funcType=0, kernelAttrType=2, mixType=0
[INFO] RUNTIME(110198,npu_reader):2026-09-21-11:29:21.274.526 [program.cc:1119] 110198 SetKernelAttribute: kernel_name=mul_Ascend910B3_int8_232010000, kernelAttrType=2, userParamNum=0, sysParamNum=1, IsNeedSetFftsAddrInArg=0, isSupportOverFlow=1, elfDataFlag=1
[INFO] RUNTIME(110198,npu_reader):2026-09-21-11:29:21.274.529 [program.cc:1690] 110198 BuildNewKernel: new kernel success, size=1320, programId=18, original kernel_name=mul_Ascend910B3_int8_232010000, register kernel_name=mul_Ascend910B3_int8_232010000, tilingKey=232010000, functionEntry=0, funcType=0, kernelAttrType=2, mixType=0, taskRation=2, offset=0, dfxAddr=187662185661796, dfxSize=176
[INFO] RUNTIME(110198,npu_reader):2026-09-21-11:29:21.274.533 [program.cc:1649] 110198 GetKernelTypeAndMixType: Get kernel type success, kernelName=mul_Ascend910B3_int8_232000000, funcType=0, kernelAttrType=2, mixType=0
[INFO] RUNTIME(110198,npu_reader):2026-09-21-11:29:21.274.536 [program.cc:1119] 110198 SetKernelAttribute: kernel_name=mul_Ascend910B3_int8_232000000, kernelAttrType=2, userParamNum=0, sysParamNum=1, IsNeedSetFftsAddrInArg=0, isSupportOverFlow=1, elfDataFlag=1
[INFO] RUNTIME(110198,npu_reader):2026-09-21-11:29:21.274.539 [program.cc:1690] 110198 BuildNewKernel: new kernel success, size=1320, programId=18, original kernel_name=mul_Ascend910B3_int8_232000000, register kernel_name=mul_Ascend910B3_int8_232000000, tilingKey=232000000, functionEntry=0, funcType=0, kernelAttrType=2, mixType=0, taskRation=2, offset=2680, dfxAddr=187662185662040, dfxSize=176
[INFO] RUNTIME(110198,npu_reader):2026-09-21-11:29:21.274.543 [program.cc:1649] 110198 GetKernelTypeAndMixType: Get kernel type success, kernelName=mul_Ascend910B3_int8_223010000, funcType=0, kernelAttrType=2, mixType=0
[INFO] RUNTIME(110198,npu_reader):2026-09-21-11:29:21.274.546 [program.cc:1119] 110198 SetKernelAttribute: kernel_name=mul_Ascend910B3_int8_223010000, kernelAttrType=2, userParamNum=0, sysParamNum=1, IsNeedSetFftsAddrInArg=0, isSupportOverFlow=1, elfDataFlag=1
[INFO] RUNTIME(110198,npu_reader):2026-09-21-11:29:21.274.548 [program.cc:1690] 110198 BuildNewKernel: new kernel success, size=1320, programId=18, original kernel_name=mul_Ascend910B3_int8_223010000, register kernel_name=mul_Ascend910B3_int8_223010000, tilingKey=223010000, functionEntry=0, funcType=0, kernelAttrType=2, mixType=0, taskRation=2, offset=4244, dfxAddr=187662185662216, dfxSize=176
[INFO] RUNTIME(110198,npu_reader):2026-09-21-11:29:21.274.552 [program.cc:1649] 110198 GetKernelTypeAndMixType: Get kernel type success, kernelName=mul_Ascend910B3_int8_223000000, funcType=0, kernelAttrType=2, mixType=0
[INFO] RUNTIME(110198,npu_reader):2026-09-21-11:29:21.274.555 [program.cc:1119] 110198 SetKernelAttribute: kernel_name=mul_Ascend910B3_int8_223000000, kernelAttrType=2, userParamNum=0, sysParamNum=1, IsNeedSetFftsAddrInArg=0, isSupportOverFlow=1, elfDataFlag=1
[INFO] RUNTIME(110198,npu_reader):2026-09-21-11:29:21.274.557 [program.cc:1690] 110198 BuildNewKernel: new kernel success, size=1320, programId=18, original kernel_name=mul_Ascend910B3_int8_223000000, register kernel_name=mul_Ascend910B3_int8_223000000, tilingKey=223000000, functionEntry=0, funcType=0, kernelAttrType=2, mixType=0, taskRation=2, offset=7016, dfxAddr=187662185662392, dfxSize=176
[INFO] RUNTIME(110198,npu_reader):2026-09-21-11:29:21.274.561 [program.cc:1649] 110198 GetKernelTypeAndMixType: Get kernel type success, kernelName=mul_Ascend910B3_int8_210010000, funcType=0, kernelAttrType=2, mixType=0
[INFO] RUNTIME(110198,npu_reader):2026-09-21-11:29:21.274.564 [program.cc:1119] 110198 SetKernelAttribute: kernel_name=mul_Ascend910B3_int8_210010000, kernelAttrType=2, userParamNum=0, sysParamNum=1, IsNeedSetFftsAddrInArg=0, isSupportOverFlow=1, elfDataFlag=1
[INFO] RUNTIME(110198,npu_reader):2026-09-21-11:29:21.274.567 [program.cc:1690] 110198 BuildNewKernel: new kernel success, size=1320, programId=18, original kernel_name=mul_Ascend910B3_int8_210010000, register kernel_name=mul_Ascend910B3_int8_210010000, tilingKey=210010000, functionEntry=0, funcType=0, kernelAttrType=2, mixType=0, taskRation=2, offset=8484, dfxAddr=187662185662568, dfxSize=176
[INFO] RUNTIME(110198,npu_reader):2026-09-21-11:29:21.274.571 [program.cc:1649] 110198 GetKernelTypeAndMixType: Get kernel type success, kernelName=mul_Ascend910B3_int8_210000000, funcType=0, kernelAttrType=2, mixType=0
[INFO] RUNTIME(110198,npu_reader):2026-09-21-11:29:21.274.574 [program.cc:1119] 110198 SetKernelAttribute: kernel_name=mul_Ascend910B3_int8_210000000, kernelAttrType=2, userParamNum=0, sysParamNum=1, IsNeedSetFftsAddrInArg=0, isSupportOverFlow=1, elfDataFlag=1
[INFO] RUNTIME(110198,npu_reader):2026-09-21-11:29:21.274.577 [program.cc:1690] 110198 BuildNewKernel: new kernel success, size=1320, programId=18, original kernel_name=mul_Ascend910B3_int8_210000000, register kernel_name=mul_Ascend910B3_int8_210000000, tilingKey=210000000, functionEntry=0, funcType=0, kernelAttrType=2, mixType=0, taskRation=2, offset=11164, dfxAddr=187662185662744, dfxSize=176
[INFO] RUNTIME(110198,npu_reader):2026-09-21-11:29:21.274.592 [binary_loader.cc:364] 110198 LoadFromData: New ElfProgram ok, magic=1094799942, kernelAttrType=2, Runtime_alloc_size=11072
[INFO] RUNTIME(110198,npu_reader):2026-09-21-11:29:21.274.599 [program.cc:204] 110198 SaveBinaryData: Malloc the buffer for elfData, len=19888
[INFO] RUNTIME(110198,npu_reader):2026-09-21-11:29:21.274.603 [elf.cc:884] 110198 ParseKernelMetaData: section name = .text.
[INFO] RUNTIME(110198,npu_reader):2026-09-21-11:29:21.274.605 [elf.cc:884] 110198 ParseKernelMetaData: section name = .ascend.stack.size.record.
[INFO] RUNTIME(110198,npu_reader):2026-09-21-11:29:21.274.608 [elf.cc:884] 110198 ParseKernelMetaData: section name = __CCE_KernelArgSize.
[INFO] RUNTIME(110198,npu_reader):2026-09-21-11:29:21.274.610 [elf.cc:884] 110198 ParseKernelMetaData: section name = .ascend.meta.mul_Ascend910B4_int8_232010000.
[INFO] RUNTIME(110198,npu_reader):2026-09-21-11:29:21.274.612 [elf.cc:575] 110198 ElfParseParamSummary: paramCount=4, paramTotalSize=32.
[INFO] RUNTIME(110198,npu_reader):2026-09-21-11:29:21.274.614 [elf.cc:610] 110198 ElfParseParamInfo: Cache param info: ordinal=0, offset=0, size=8, align=8, paramType=2, spaceIndex=0.
[INFO] RUNTIME(110198,npu_reader):2026-09-21-11:29:21.274.617 [elf.cc:610] 110198 ElfParseParamInfo: Cache param info: ordinal=1, offset=8, size=8, align=8, paramType=2, spaceIndex=0.
[INFO] RUNTIME(110198,npu_reader):2026-09-21-11:29:21.274.619 [elf.cc:610] 110198 ElfParseParamInfo: Cache param info: ordinal=2, offset=16, size=8, align=8, paramType=2, spaceIndex=0.
[INFO] RUNTIME(110198,npu_reader):2026-09-21-11:29:21.274.622 [elf.cc:610] 110198 ElfParseParamInfo: Cache param info: ordinal=3, offset=24, size=8, align=8, paramType=2, spaceIndex=0.
[INFO] RUNTIME(110198,npu_reader):2026-09-21-11:29:21.274.624 [elf.cc:916] 110198 ParseKernelMetaData: kernel_name=mul_Ascend910B4_int8_232010000, ration[0]=0, ration[1]=0, dfxAddr=0xaaad81eafd64, dfxSize=176, funcType=0, crossCoreSync=0, kernelVfType=0, shareMemSize=0, minStackSize=0, isSupportFuncEntry=0, functionEntryFlag=128, functionEntry=0.
[INFO] RUNTIME(110198,npu_reader):2026-09-21-11:29:21.274.627 [elf.cc:884] 110198 ParseKernelMetaData: section name = .comment.
[INFO] RUNTIME(110198,npu_reader):2026-09-21-11:29:21.274.630 [elf.cc:884] 110198 ParseKernelMetaData: section name = .ascend.meta.mul_Ascend910B4_int8_232000000.
[INFO] RUNTIME(110198,npu_reader):2026-09-21-11:29:21.274.632 [elf.cc:575] 110198 ElfParseParamSummary: paramCount=4, paramTotalSize=32.
[INFO] RUNTIME(110198,npu_reader):2026-09-21-11:29:21.274.634 [elf.cc:610] 110198 ElfParseParamInfo: Cache param info: ordinal=0, offset=0, size=8, align=8, paramType=2, spaceIndex=0.
[INFO] RUNTIME(110198,npu_reader):2026-09-21-11:29:21.274.636 [elf.cc:610] 110198 ElfParseParamInfo: Cache param info: ordinal=1, offset=8, size=8, align=8, paramType=2, spaceIndex=0.
[INFO] RUNTIME(110198,npu_reader):2026-09-21-11:29:21.274.639 [elf.cc:610] 110198 ElfParseParamInfo: Cache param info: ordinal=2, offset=16, size=8, align=8, paramType=2, spaceIndex=0.
[INFO] RUNTIME(110198,npu_reader):2026-09-21-11:29:21.274.641 [elf.cc:610] 110198 ElfParseParamInfo: Cache param info: ordinal=3, offset=24, size=8, align=8, paramType=2, spaceIndex=0.
[INFO] RUNTIME(110198,npu_reader):2026-09-21-11:29:21.274.644 [elf.cc:916] 110198 ParseKernelMetaData: kernel_name=mul_Ascend910B4_int8_232000000, ration[0]=0, ration[1]=0, dfxAddr=0xaaad81eafe58, dfxSize=176, funcType=0, crossCoreSync=0, kernelVfType=0, shareMemSize=0, minStackSize=0, isSupportFuncEntry=0, functionEntryFlag=128, functionEntry=0.
[INFO] RUNTIME(110198,npu_reader):2026-09-21-11:29:21.274.647 [elf.cc:884] 110198 ParseKernelMetaData: section name = .ascend.meta.mul_Ascend910B4_int8_223010000.
[INFO] RUNTIME(110198,npu_reader):2026-09-21-11:29:21.274.649 [elf.cc:575] 110198 ElfParseParamSummary: paramCount=4, paramTotalSize=32.
[INFO] RUNTIME(110198,npu_reader):2026-09-21-11:29:21.274.652 [elf.cc:610] 110198 ElfParseParamInfo: Cache param info: ordinal=0, offset=0, size=8, align=8, paramType=2, spaceIndex=0.
[INFO] RUNTIME(110198,npu_reader):2026-09-21-11:29:21.274.654 [elf.cc:610] 110198 ElfParseParamInfo: Cache param info: ordinal=1, offset=8, size=8, align=8, paramType=2, spaceIndex=0.
[INFO] RUNTIME(110198,npu_reader):2026-09-21-11:29:21.274.656 [elf.cc:610] 110198 ElfParseParamInfo: Cache param info: ordinal=2, offset=16, size=8, align=8, paramType=2, spaceIndex=0.
[INFO] RUNTIME(110198,npu_reader):2026-09-21-11:29:21.274.659 [elf.cc:610] 110198 ElfParseParamInfo: Cache param info: ordinal=3, offset=24, size=8, align=8, paramType=2, spaceIndex=0.
[INFO] RUNTIME(110198,npu_reader):2026-09-21-11:29:21.274.662 [elf.cc:916] 110198 ParseKernelMetaData: kernel_name=mul_Ascend910B4_int8_223010000, ration[0]=0, ration[1]=0, dfxAddr=0xaaad81eaff08, dfxSize=176, funcType=0, crossCoreSync=0, kernelVfType=0, shareMemSize=0, minStackSize=0, isSupportFuncEntry=0, functionEntryFlag=128, functionEntry=0.
[INFO] RUNTIME(110198,npu_reader):2026-09-21-11:29:21.274.665 [elf.cc:884] 110198 ParseKernelMetaData: section name = .ascend.meta.mul_Ascend910B4_int8_223000000.
[INFO] RUNTIME(110198,npu_reader):2026-09-21-11:29:21.274.667 [elf.cc:575] 110198 ElfParseParamSummary: paramCount=4, paramTotalSize=32.
[INFO] RUNTIME(110198,npu_reader):2026-09-21-11:29:21.274.669 [elf.cc:610] 110198 ElfParseParamInfo: Cache param info: ordinal=0, offset=0, size=8, align=8, paramType=2, spaceIndex=0.
[INFO] RUNTIME(110198,npu_reader):2026-09-21-11:29:21.274.672 [elf.cc:610] 110198 ElfParseParamInfo: Cache param info: ordinal=1, offset=8, size=8, align=8, paramType=2, spaceIndex=0.
[INFO] RUNTIME(110198,npu_reader):2026-09-21-11:29:21.274.674 [elf.cc:610] 110198 ElfParseParamInfo: Cache param info: ordinal=2, offset=16, size=8, align=8, paramType=2, spaceIndex=0.
[INFO] RUNTIME(110198,npu_reader):2026-09-21-11:29:21.274.677 [elf.cc:610] 110198 ElfParseParamInfo: Cache param info: ordinal=3, offset=24, size=8, align=8, paramType=2, spaceIndex=0.
[INFO] RUNTIME(110198,npu_reader):2026-09-21-11:29:21.274.679 [elf.cc:916] 110198 ParseKernelMetaData: kernel_name=mul_Ascend910B4_int8_223000000, ration[0]=0, ration[1]=0, dfxAddr=0xaaad81eaffb8, dfxSize=176, funcType=0, crossCoreSync=0, kernelVfType=0, shareMemSize=0, minStackSize=0, isSupportFuncEntry=0, functionEntryFlag=128, functionEntry=0.
[INFO] RUNTIME(110198,npu_reader):2026-09-21-11:29:21.274.682 [elf.cc:884] 110198 ParseKernelMetaData: section name = .ascend.meta.mul_Ascend910B4_int8_210010000.
[INFO] RUNTIME(110198,npu_reader):2026-09-21-11:29:21.274.684 [elf.cc:575] 110198 ElfParseParamSummary: paramCount=4, paramTotalSize=32.
[INFO] RUNTIME(110198,npu_reader):2026-09-21-11:29:21.274.686 [elf.cc:610] 110198 ElfParseParamInfo: Cache param info: ordinal=0, offset=0, size=8, align=8, paramType=2, spaceIndex=0.
[INFO] RUNTIME(110198,npu_reader):2026-09-21-11:29:21.274.689 [elf.cc:610] 110198 ElfParseParamInfo: Cache param info: ordinal=1, offset=8, size=8, align=8, paramType=2, spaceIndex=0.
[INFO] RUNTIME(110198,npu_reader):2026-09-21-11:29:21.274.691 [elf.cc:610] 110198 ElfParseParamInfo: Cache param info: ordinal=2, offset=16, size=8, align=8, paramType=2, spaceIndex=0.
[INFO] RUNTIME(110198,npu_reader):2026-09-21-11:29:21.274.698 [elf.cc:610] 110198 ElfParseParamInfo: Cache param info: ordinal=3, offset=24, size=8, align=8, paramType=2, spaceIndex=0.
[INFO] RUNTIME(110198,npu_reader):2026-09-21-11:29:21.274.701 [elf.cc:916] 110198 ParseKernelMetaData: kernel_name=mul_Ascend910B4_int8_210010000, ration[0]=0, ration[1]=0, dfxAddr=0xaaad81eb0068, dfxSize=176, funcType=0, crossCoreSync=0, kernelVfType=0, shareMemSize=0, minStackSize=0, isSupportFuncEntry=0, functionEntryFlag=128, functionEntry=0.
[INFO] RUNTIME(110198,npu_reader):2026-09-21-11:29:21.274.704 [elf.cc:884] 110198 ParseKernelMetaData: section name = .ascend.meta.mul_Ascend910B4_int8_210000000.
[INFO] RUNTIME(110198,npu_reader):2026-09-21-11:29:21.274.706 [elf.cc:575] 110198 ElfParseParamSummary: paramCount=4, paramTotalSize=32.
[INFO] RUNTIME(110198,npu_reader):2026-09-21-11:29:21.274.708 [elf.cc:610] 110198 ElfParseParamInfo: Cache param info: ordinal=0, offset=0, size=8, align=8, paramType=2, spaceIndex=0.
[INFO] RUNTIME(110198,npu_reader):2026-09-21-11:29:21.274.710 [elf.cc:610] 110198 ElfParseParamInfo: Cache param info: ordinal=1, offset=8, size=8, align=8, paramType=2, spaceIndex=0.
[INFO] RUNTIME(110198,npu_reader):2026-09-21-11:29:21.274.713 [elf.cc:610] 110198 ElfParseParamInfo: Cache param info: ordinal=2, offset=16, size=8, align=8, paramType=2, spaceIndex=0.
[INFO] RUNTIME(110198,npu_reader):2026-09-21-11:29:21.274.715 [elf.cc:610] 110198 ElfParseParamInfo: Cache param info: ordinal=3, offset=24, size=8, align=8, paramType=2, spaceIndex=0.
[INFO] RUNTIME(110198,npu_reader):2026-09-21-11:29:21.274.718 [elf.cc:916] 110198 ParseKernelMetaData: kernel_name=mul_Ascend910B4_int8_210000000, ration[0]=0, ration[1]=0, dfxAddr=0xaaad81eb0118, dfxSize=176, funcType=0, crossCoreSync=0, kernelVfType=0, shareMemSize=0, minStackSize=0, isSupportFuncEntry=0, functionEntryFlag=128, functionEntry=0.
[INFO] RUNTIME(110198,npu_reader):2026-09-21-11:29:21.274.729 [elf.cc:1076] 110198 UpdateCachedParamInfos: Restore cached param info: kernel_name=mul_Ascend910B4_int8_232010000, ordinal=0, offset=0, size=8.
[INFO] RUNTIME(110198,npu_reader):2026-09-21-11:29:21.274.732 [elf.cc:1076] 110198 UpdateCachedParamInfos: Restore cached param info: kernel_name=mul_Ascend910B4_int8_232010000, ordinal=1, offset=8, size=8.
[INFO] RUNTIME(110198,npu_reader):2026-09-21-11:29:21.274.734 [elf.cc:1076] 110198 UpdateCachedParamInfos: Restore cached param info: kernel_name=mul_Ascend910B4_int8_232010000, ordinal=2, offset=16, size=8.
[INFO] RUNTIME(110198,npu_reader):2026-09-21-11:29:21.274.736 [elf.cc:1076] 110198 UpdateCachedParamInfos: Restore cached param info: kernel_name=mul_Ascend910B4_int8_232010000, ordinal=3, offset=24, size=8.
[INFO] RUNTIME(110198,npu_reader):2026-09-21-11:29:21.274.739 [elf.cc:1145] 110198 UpdateKernelsInfo: update meta info, kernel_name=mul_Ascend910B4_int8_232010000, dfxAddr=0xaaad81eafd64, dfxSize=176, funcType=0, elfDataFlag=1, userArgsNum=0, crossCoreSync=0, kernelVfType=0, shareMemSize=0, minStackSize=0, funcEntryType=0, functionEntry=0, schedMode=0, taskRation_0=0, taskRation_1=0, hasParamSummary=1, paramCount=4, paramTotalSize=32.
[INFO] RUNTIME(110198,npu_reader):2026-09-21-11:29:21.274.742 [elf.cc:1076] 110198 UpdateCachedParamInfos: Restore cached param info: kernel_name=mul_Ascend910B4_int8_232000000, ordinal=0, offset=0, size=8.
[INFO] RUNTIME(110198,npu_reader):2026-09-21-11:29:21.274.744 [elf.cc:1076] 110198 UpdateCachedParamInfos: Restore cached param info: kernel_name=mul_Ascend910B4_int8_232000000, ordinal=1, offset=8, size=8.
[INFO] RUNTIME(110198,npu_reader):2026-09-21-11:29:21.274.747 [elf.cc:1076] 110198 UpdateCachedParamInfos: Restore cached param info: kernel_name=mul_Ascend910B4_int8_232000000, ordinal=2, offset=16, size=8.
[INFO] RUNTIME(110198,npu_reader):2026-09-21-11:29:21.274.749 [elf.cc:1076] 110198 UpdateCachedParamInfos: Restore cached param info: kernel_name=mul_Ascend910B4_int8_232000000, ordinal=3, offset=24, size=8.
[INFO] RUNTIME(110198,npu_reader):2026-09-21-11:29:21.274.752 [elf.cc:1145] 110198 UpdateKernelsInfo: update meta info, kernel_name=mul_Ascend910B4_int8_232000000, dfxAddr=0xaaad81eafe58, dfxSize=176, funcType=0, elfDataFlag=1, userArgsNum=0, crossCoreSync=0, kernelVfType=0, shareMemSize=0, minStackSize=0, funcEntryType=0, functionEntry=0, schedMode=0, taskRation_0=0, taskRation_1=0, hasParamSummary=1, paramCount=4, paramTotalSize=32.
[INFO] RUNTIME(110198,npu_reader):2026-09-21-11:29:21.274.755 [elf.cc:1076] 110198 UpdateCachedParamInfos: Restore cached param info: kernel_name=mul_Ascend910B4_int8_223010000, ordinal=0, offset=0, size=8.
[INFO] RUNTIME(110198,npu_reader):2026-09-21-11:29:21.274.757 [elf.cc:1076] 110198 UpdateCachedParamInfos: Restore cached param info: kernel_name=mul_Ascend910B4_int8_223010000, ordinal=1, offset=8, size=8.
[INFO] RUNTIME(110198,npu_reader):2026-09-21-11:29:21.274.759 [elf.cc:1076] 110198 UpdateCachedParamInfos: Restore cached param info: kernel_name=mul_Ascend910B4_int8_223010000, ordinal=2, offset=16, size=8.
[INFO] RUNTIME(110198,npu_reader):2026-09-21-11:29:21.274.762 [elf.cc:1076] 110198 UpdateCachedParamInfos: Restore cached param info: kernel_name=mul_Ascend910B4_int8_223010000, ordinal=3, offset=24, size=8.
[INFO] RUNTIME(110198,npu_reader):2026-09-21-11:29:21.274.764 [elf.cc:1145] 110198 UpdateKernelsInfo: update meta info, kernel_name=mul_Ascend910B4_int8_223010000, dfxAddr=0xaaad81eaff08, dfxSize=176, funcType=0, elfDataFlag=1, userArgsNum=0, crossCoreSync=0, kernelVfType=0, shareMemSize=0, minStackSize=0, funcEntryType=0, functionEntry=0, schedMode=0, taskRation_0=0, taskRation_1=0, hasParamSummary=1, paramCount=4, paramTotalSize=32.
[INFO] RUNTIME(110198,npu_reader):2026-09-21-11:29:21.274.767 [elf.cc:1076] 110198 UpdateCachedParamInfos: Restore cached param info: kernel_name=mul_Ascend910B4_int8_223000000, ordinal=0, offset=0, size=8.
[INFO] RUNTIME(110198,npu_reader):2026-09-21-11:29:21.274.769 [elf.cc:1076] 110198 UpdateCachedParamInfos: Restore cached param info: kernel_name=mul_Ascend910B4_int8_223000000, ordinal=1, offset=8, size=8.
[INFO] RUNTIME(110198,npu_reader):2026-09-21-11:29:21.274.771 [elf.cc:1076] 110198 UpdateCachedParamInfos: Restore cached param info: kernel_name=mul_Ascend910B4_int8_223000000, ordinal=2, offset=16, size=8.
[INFO] RUNTIME(110198,npu_reader):2026-09-21-11:29:21.274.774 [elf.cc:1076] 110198 UpdateCachedParamInfos: Restore cached param info: kernel_name=mul_Ascend910B4_int8_223000000, ordinal=3, offset=24, size=8.
[INFO] RUNTIME(110198,npu_reader):2026-09-21-11:29:21.274.776 [elf.cc:1145] 110198 UpdateKernelsInfo: update meta info, kernel_name=mul_Ascend910B4_int8_223000000, dfxAddr=0xaaad81eaffb8, dfxSize=176, funcType=0, elfDataFlag=1, userArgsNum=0, crossCoreSync=0, kernelVfType=0, shareMemSize=0, minStackSize=0, funcEntryType=0, functionEntry=0, schedMode=0, taskRation_0=0, taskRation_1=0, hasParamSummary=1, paramCount=4, paramTotalSize=32.
[INFO] RUNTIME(110198,npu_reader):2026-09-21-11:29:21.274.779 [elf.cc:1076] 110198 UpdateCachedParamInfos: Restore cached param info: kernel_name=mul_Ascend910B4_int8_210010000, ordinal=0, offset=0, size=8.
[INFO] RUNTIME(110198,npu_reader):2026-09-21-11:29:21.274.781 [elf.cc:1076] 110198 UpdateCachedParamInfos: Restore cached param info: kernel_name=mul_Ascend910B4_int8_210010000, ordinal=1, offset=8, size=8.
[INFO] RUNTIME(110198,npu_reader):2026-09-21-11:29:21.274.783 [elf.cc:1076] 110198 UpdateCachedParamInfos: Restore cached param info: kernel_name=mul_Ascend910B4_int8_210010000, ordinal=2, offset=16, size=8.
[INFO] RUNTIME(110198,npu_reader):2026-09-21-11:29:21.274.785 [elf.cc:1076] 110198 UpdateCachedParamInfos: Restore cached param info: kernel_name=mul_Ascend910B4_int8_210010000, ordinal=3, offset=24, size=8.
[INFO] RUNTIME(110198,npu_reader):2026-09-21-11:29:21.274.788 [elf.cc:1145] 110198 UpdateKernelsInfo: update meta info, kernel_name=mul_Ascend910B4_int8_210010000, dfxAddr=0xaaad81eb0068, dfxSize=176, funcType=0, elfDataFlag=1, userArgsNum=0, crossCoreSync=0, kernelVfType=0, shareMemSize=0, minStackSize=0, funcEntryType=0, functionEntry=0, schedMode=0, taskRation_0=0, taskRation_1=0, hasParamSummary=1, paramCount=4, paramTotalSize=32.
[INFO] RUNTIME(110198,npu_reader):2026-09-21-11:29:21.274.792 [elf.cc:1076] 110198 UpdateCachedParamInfos: Restore cached param info: kernel_name=mul_Ascend910B4_int8_210000000, ordinal=0, offset=0, size=8.
[INFO] RUNTIME(110198,npu_reader):2026-09-21-11:29:21.274.794 [elf.cc:1076] 110198 UpdateCachedParamInfos: Restore cached param info: kernel_name=mul_Ascend910B4_int8_210000000, ordinal=1, offset=8, size=8.
[INFO] RUNTIME(110198,npu_reader):2026-09-21-11:29:21.274.796 [elf.cc:1076] 110198 UpdateCachedParamInfos: Restore cached param info: kernel_name=mul_Ascend910B4_int8_210000000, ordinal=2, offset=16, size=8.
[INFO] RUNTIME(110198,npu_reader):2026-09-21-11:29:21.274.798 [elf.cc:1076] 110198 UpdateCachedParamInfos: Restore cached param info: kernel_name=mul_Ascend910B4_int8_210000000, ordinal=3, offset=24, size=8.
[INFO] RUNTIME(110198,npu_reader):2026-09-21-11:29:21.274.801 [elf.cc:1145] 110198 UpdateKernelsInfo: update meta info, kernel_name=mul_Ascend910B4_int8_210000000, dfxAddr=0xaaad81eb0118, dfxSize=176, funcType=0, elfDataFlag=1, userArgsNum=0, crossCoreSync=0, kernelVfType=0, shareMemSize=0, minStackSize=0, funcEntryType=0, functionEntry=0, schedMode=0, taskRation_0=0, taskRation_1=0, hasParamSummary=1, paramCount=4, paramTotalSize=32.
[INFO] RUNTIME(110198,npu_reader):2026-09-21-11:29:21.274.804 [runtime.cc:1448] 110198 AddProgramToPool: progId=19
[INFO] RUNTIME(110198,npu_reader):2026-09-21-11:29:21.274.807 [program.cc:1649] 110198 GetKernelTypeAndMixType: Get kernel type success, kernelName=mul_Ascend910B4_int8_232010000, funcType=0, kernelAttrType=2, mixType=0
[INFO] RUNTIME(110198,npu_reader):2026-09-21-11:29:21.274.811 [program.cc:1119] 110198 SetKernelAttribute: kernel_name=mul_Ascend910B4_int8_232010000, kernelAttrType=2, userParamNum=0, sysParamNum=1, IsNeedSetFftsAddrInArg=0, isSupportOverFlow=1, elfDataFlag=1
[INFO] RUNTIME(110198,npu_reader):2026-09-21-11:29:21.274.813 [program.cc:1690] 110198 BuildNewKernel: new kernel success, size=1320, programId=19, original kernel_name=mul_Ascend910B4_int8_232010000, register kernel_name=mul_Ascend910B4_int8_232010000, tilingKey=232010000, functionEntry=0, funcType=0, kernelAttrType=2, mixType=0, taskRation=2, offset=0, dfxAddr=187662185725284, dfxSize=176
[INFO] RUNTIME(110198,npu_reader):2026-09-21-11:29:21.274.817 [program.cc:1649] 110198 GetKernelTypeAndMixType: Get kernel type success, kernelName=mul_Ascend910B4_int8_232000000, funcType=0, kernelAttrType=2, mixType=0
[INFO] RUNTIME(110198,npu_reader):2026-09-21-11:29:21.274.820 [program.cc:1119] 110198 SetKernelAttribute: kernel_name=mul_Ascend910B4_int8_232000000, kernelAttrType=2, userParamNum=0, sysParamNum=1, IsNeedSetFftsAddrInArg=0, isSupportOverFlow=1, elfDataFlag=1
[INFO] RUNTIME(110198,npu_reader):2026-09-21-11:29:21.274.823 [program.cc:1690] 110198 BuildNewKernel: new kernel success, size=1320, programId=19, original kernel_name=mul_Ascend910B4_int8_232000000, register kernel_name=mul_Ascend910B4_int8_232000000, tilingKey=232000000, functionEntry=0, funcType=0, kernelAttrType=2, mixType=0, taskRation=2, offset=2680, dfxAddr=187662185725528, dfxSize=176
[INFO] RUNTIME(110198,npu_reader):2026-09-21-11:29:21.274.827 [program.cc:1649] 110198 GetKernelTypeAndMixType: Get kernel type success, kernelName=mul_Ascend910B4_int8_223010000, funcType=0, kernelAttrType=2, mixType=0
[INFO] RUNTIME(110198,npu_reader):2026-09-21-11:29:21.274.829 [program.cc:1119] 110198 SetKernelAttribute: kernel_name=mul_Ascend910B4_int8_223010000, kernelAttrType=2, userParamNum=0, sysParamNum=1, IsNeedSetFftsAddrInArg=0, isSupportOverFlow=1, elfDataFlag=1
[INFO] RUNTIME(110198,npu_reader):2026-09-21-11:29:21.274.832 [program.cc:1690] 110198 BuildNewKernel: new kernel success, size=1320, programId=19, original kernel_name=mul_Ascend910B4_int8_223010000, register kernel_name=mul_Ascend910B4_int8_223010000, tilingKey=223010000, functionEntry=0, funcType=0, kernelAttrType=2, mixType=0, taskRation=2, offset=4244, dfxAddr=187662185725704, dfxSize=176
[INFO] RUNTIME(110198,npu_reader):2026-09-21-11:29:21.274.836 [program.cc:1649] 110198 GetKernelTypeAndMixType: Get kernel type success, kernelName=mul_Ascend910B4_int8_223000000, funcType=0, kernelAttrType=2, mixType=0
[INFO] RUNTIME(110198,npu_reader):2026-09-21-11:29:21.274.839 [program.cc:1119] 110198 SetKernelAttribute: kernel_name=mul_Ascend910B4_int8_223000000, kernelAttrType=2, userParamNum=0, sysParamNum=1, IsNeedSetFftsAddrInArg=0, isSupportOverFlow=1, elfDataFlag=1
[INFO] RUNTIME(110198,npu_reader):2026-09-21-11:29:21.274.842 [program.cc:1690] 110198 BuildNewKernel: new kernel success, size=1320, programId=19, original kernel_name=mul_Ascend910B4_int8_223000000, register kernel_name=mul_Ascend910B4_int8_223000000, tilingKey=223000000, functionEntry=0, funcType=0, kernelAttrType=2, mixType=0, taskRation=2, offset=7016, dfxAddr=187662185725880, dfxSize=176
[INFO] RUNTIME(110198,npu_reader):2026-09-21-11:29:21.274.845 [program.cc:1649] 110198 GetKernelTypeAndMixType: Get kernel type success, kernelName=mul_Ascend910B4_int8_210010000, funcType=0, kernelAttrType=2, mixType=0
[INFO] RUNTIME(110198,npu_reader):2026-09-21-11:29:21.274.848 [program.cc:1119] 110198 SetKernelAttribute: kernel_name=mul_Ascend910B4_int8_210010000, kernelAttrType=2, userParamNum=0, sysParamNum=1, IsNeedSetFftsAddrInArg=0, isSupportOverFlow=1, elfDataFlag=1
[INFO] RUNTIME(110198,npu_reader):2026-09-21-11:29:21.274.851 [program.cc:1690] 110198 BuildNewKernel: new kernel success, size=1320, programId=19, original kernel_name=mul_Ascend910B4_int8_210010000, register kernel_name=mul_Ascend910B4_int8_210010000, tilingKey=210010000, functionEntry=0, funcType=0, kernelAttrType=2, mixType=0, taskRation=2, offset=8484, dfxAddr=187662185726056, dfxSize=176
[INFO] RUNTIME(110198,npu_reader):2026-09-21-11:29:21.274.855 [program.cc:1649] 110198 GetKernelTypeAndMixType: Get kernel type success, kernelName=mul_Ascend910B4_int8_210000000, funcType=0, kernelAttrType=2, mixType=0
[INFO] RUNTIME(110198,npu_reader):2026-09-21-11:29:21.274.858 [program.cc:1119] 110198 SetKernelAttribute: kernel_name=mul_Ascend910B4_int8_210000000, kernelAttrType=2, userParamNum=0, sysParamNum=1, IsNeedSetFftsAddrInArg=0, isSupportOverFlow=1, elfDataFlag=1
[INFO] RUNTIME(110198,npu_reader):2026-09-21-11:29:21.274.860 [program.cc:1690] 110198 BuildNewKernel: new kernel success, size=1320, programId=19, original kernel_name=mul_Ascend910B4_int8_210000000, register kernel_name=mul_Ascend910B4_int8_210000000, tilingKey=210000000, functionEntry=0, funcType=0, kernelAttrType=2, mixType=0, taskRation=2, offset=11164, dfxAddr=187662185726232, dfxSize=176
[INFO] ASCENDCL(110198,npu_reader):2026-09-21-11:29:21.274.865 [acl_rt_impl_base.cpp:206]110198 aclrtGetSocNameImpl: start to execute aclrtGetSocName.
[INFO] ASCENDCL(110198,npu_reader):2026-09-21-11:29:21.274.868 [acl_rt_impl_base.cpp:135]110198 InitSocVersion: get SocVersion success, SocVersion = Ascend910_9362
[INFO] ASCENDCL(110198,npu_reader):2026-09-21-11:29:21.274.870 [acl_rt_impl_base.cpp:213]110198 aclrtGetSocNameImpl: execute aclrtGetSocName successfully
[INFO] HCCL(110198,npu_reader):2026-09-21-11:29:21.274.873 [legacy_common.cc:30] [110198]get soc name[Ascend910_9362] [Ascend910_9362]
[INFO] HCCL(110198,npu_reader):2026-09-21-11:29:21.274.876 [tbe_crack_cleared.cc:40] [110198]TbeCrackCleard Init get device type[4]
[INFO] HCCL(110198,npu_reader):2026-09-21-11:29:21.274.879 [tbe_vector_reduce.cc:424] [110198]op binary file path[/usr/local/Ascend/cann-9.1.0/lib64]
[INFO] HCCL(110198,npu_reader):2026-09-21-11:29:21.274.882 [tbe_common.cc:39] [110198]tbe task init success.deviceLogicId[2]
[INFO] HCCL(110198,npu_reader):2026-09-21-11:29:21.274.886 [dispatcher.cc:190] [110198][GetNotifyMaxWaitTime] notifyMaxWaitTime_ is 2147483647s
[INFO] HCCL(110198,npu_reader):2026-09-21-11:29:21.274.892 [hccl_dispatcher_ctx.cc:71] [110198][BindDispatcherCtxWithComm] ctx[0xaaad81d30040] bind commId[hcomm_roce_ch_0xaaad81d3fa00] success
[INFO] HCCL(110198,npu_reader):2026-09-21-11:29:21.274.895 [hccl_dispatcher_ctx.cc:106] [110198][CreateCtx] CTX create success, ctx[0xaaad81d30040] commId[hcomm_roce_ch_0xaaad81d3fa00]
[INFO] HCCL(110198,npu_reader):2026-09-21-11:29:21.274.909 [notify_pool_impl.cc:214] [110198]RegisterOp hasAlltoAll[0]
[INFO] HCCL(110198,npu_reader):2026-09-21-11:29:21.274.914 [notify_pool_impl.cc:231] [110198]register op[hcomm_roce_ch_0xaaad81d3fa00] to the notify pool success.
[INFO] HCCL(110198,npu_reader):2026-09-21-11:29:21.274.925 [aicpu_ts_roce_channel.cc:365] [110198][AicpuTsRoceChannel][client] Transport Init start
[INFO] HCCL(110198,npu_reader):2026-09-21-11:29:21.274.928 [transport_ibverbs.cc:186] [110198]machineType=[1], serverId=[], localDeviceId=[2], remoteDeviceId=[0], localRank=[4294967295], localUserRank=[4294967295], remoteRank=[4294967295], remoteUserrank=[4294967295], deviceType=[4], inputMem=[(nil)], outputMem=[(nil)], isAicpuModeEn[1], notifyNum[0], isIndOp[1], custom exchange data size [0], drainEnable[1]
[INFO] HCCL(110198,npu_reader):2026-09-21-11:29:21.274.934 [transport_ibverbs.cc:222] [110198]localDeviceType=[4], remoteDeviceType=[4]
[INFO] HCCL(110198,npu_reader):2026-09-21-11:29:21.274.937 [network_manager.cc:72] [110198]NetworkManager::GetInstance deviceLogicID[2].
[INFO] HCCL(110198,npu_reader):2026-09-21-11:29:21.274.941 [transport_ibverbs.cc:230] [110198]current work mode is [1]
[INFO] HCCL(110198,npu_reader):2026-09-21-11:29:21.274.944 [transport_ibverbs.cc:2756] [110198][Hybrid][TransportIbverbs] Starting capability exchange
[INFO] HCCL(110198,npu_reader):2026-09-21-11:29:21.275.095 [transport_ibverbs.cc:2767] [110198][Hybrid][TransportIbverbs] Sent capability, version=1
[INFO] HCCL(110198,npu_reader):2026-09-21-11:29:21.275.219 [transport_ibverbs.cc:2807] [110198][Hybrid][TransportIbverbs]Exchange mode success, Remote is HostCpuRoceChannel
[INFO] HCCL(110198,npu_reader):2026-09-21-11:29:21.275.225 [adapter_hccp.cc:2075] [110198][ConstructQpAttrs][qpDepth]sendCqDepth[2048], recvCqDepth[4294967295], sqDepth[2048], rqDepth[4294967295]
[INFO] HCCL(110198,npu_reader):2026-09-21-11:29:21.275.229 [adapter_hccp.cc:2116] [110198][ConstructQpAttrs][attr]sendCqDepth[2048], recvCqDepth[128], max_send_wr[2048], max_recv_wr[128]
[INFO] HCCL(110198,npu_reader):2026-09-21-11:29:21.275.232 [adapter_hccp.cc:1940] [110198]hrtRaGetInterfaceVersion phyId[2], opCode[68], version[3]
[INFO] HCCP(110198,npu_reader):2026-09-21-11:29:21.275.235 [ra_host.c:1229]tid:110198,RaAiQpCreate : Input parameters: phyId[2] qp_mode[4] cq_attr{2048,0,128,0} cqCstm[0] qpAttr.cap{2048,128,1,1,32} qp_type[2] sqSigAll[0]
[INFO] HCCL(110198,npu_reader):2026-09-21-11:29:21.277.759 [adapter_hccp.cc:2449] [110198][SetQpAttrQos]set qp qos success by config, TC[0] SL[0]
[INFO] HCCL(110198,npu_reader):2026-09-21-11:29:21.277.909 [adapter_hccp.cc:2453] [110198][SetQpAttrQos]rdmaTrafficClass[0], rdmaServerLevel[0].
[INFO] HCCL(110198,npu_reader):2026-09-21-11:29:21.278.044 [adapter_hccp.cc:2462] [110198][SetQpAttrTimeOut]rdmaTimeOut[20].
[INFO] HCCL(110198,npu_reader):2026-09-21-11:29:21.278.177 [adapter_hccp.cc:2471] [110198][SetQpAttrRetryCnt]rdmaRetryCnt[7].
[INFO] RUNTIME(110198,npu_reader):2026-09-21-11:29:21.278.190 [api_impl.cc:7894] 110198 DevMalloc: size=2097152, advise=0,type=0x402,moduleId=3.
[INFO] RUNTIME(110198,npu_reader):2026-09-21-11:29:21.278.194 [api_impl.cc:7904] 110198 DevMalloc: type=0x402.
[INFO] RUNTIME(110198,npu_reader):2026-09-21-11:29:21.278.283 [api_error.cc:5978] 110198 DevMalloc: device malloc, size=2097152(bytes), start ptr=0x12c081200000, end ptr=0x12c081400000
[INFO] HCCL(110198,npu_reader):2026-09-21-11:29:21.278.287 [adapter_rts.cc:662] [110198]Malloc DevMem para: deviceId[2] devPtr[0x12c081200000] size[2097152 Byte] level2Address[0]
[INFO] ASCENDCL(110198,npu_reader):2026-09-21-11:29:21.278.291 [model_ri.cpp:135]110198 aclmdlRICaptureThreadExchangeModeImpl: start to execute aclmdlRICaptureThreadExchangeMode, input mode is 2
[INFO] ASCENDCL(110198,npu_reader):2026-09-21-11:29:21.278.296 [model_ri.cpp:141]110198 aclmdlRICaptureThreadExchangeModeImpl: successfully execute aclmdlRICaptureThreadExchangeMode, output mode is 0
[INFO] ASCENDCL(110198,npu_reader):2026-09-21-11:29:21.278.326 [model_ri.cpp:135]110198 aclmdlRICaptureThreadExchangeModeImpl: start to execute aclmdlRICaptureThreadExchangeMode, input mode is 0
[INFO] ASCENDCL(110198,npu_reader):2026-09-21-11:29:21.278.330 [model_ri.cpp:141]110198 aclmdlRICaptureThreadExchangeModeImpl: successfully execute aclmdlRICaptureThreadExchangeMode, output mode is 2
[INFO] HCCL(110198,npu_reader):2026-09-21-11:29:21.278.641 [adapter_hccp.cc:1940] [110198]hrtRaGetInterfaceVersion phyId[2], opCode[14], version[2]
[INFO] HCCL(110198,npu_reader):2026-09-21-11:29:21.278.765 [notify_pool_impl.cc:372] [110198]GetNotifyResIdx tag[hcomm_roce_ch_0xaaad81d3fa00], offsetAlignSize[4294967295], res[0]
[INFO] HCCL(110198,npu_reader):2026-09-21-11:29:21.278.769 [notify_pool_impl.cc:464] [110198][NotifyPoolImpl][Alloc]notifyResIdx[0], tag[hcomm_roce_ch_0xaaad81d3fa00], remote[4294967295], deviceId[2], type[1], offsetAlignSize[4294967295]
[INFO] ASCENDCL(110198,npu_reader):2026-09-21-11:29:21.278.777 [notify.cpp:28]110198 aclrtCreateNotifyImpl: start to execute aclrtCreateNotify, flag is [1]
[INFO] RUNTIME(110198,npu_reader):2026-09-21-11:29:21.278.784 [api_impl.cc:4513] 110198 NotifyCreate: Notify create.
[INFO] RUNTIME(110198,npu_reader):2026-09-21-11:29:21.278.789 [notify.cc:108] 110198 Setup: notify_flag=1
[INFO] RUNTIME(110198,npu_reader):2026-09-21-11:29:21.278.791 [npu_driver_res.cc:1357] 110198 NotifyIdAlloc: notify id alloc begin, device_id=2, ts_id=0, remote_notify_id=32, type=3.
[INFO] DRV(110198,npu_reader):2026-09-21-11:29:21.278.819 [trs_master_event.c:58][ascend][curpid:110198,110198][drv][tsdrv][trsGetDevPid]Query devpid succ. (devId=2; vfid=0; hostpid=110198; proc_type=0; devpid=19529).
[INFO] RUNTIME(110198,npu_reader):2026-09-21-11:29:21.293.817 [npu_driver_res.cc:1368] 110198 NotifyIdAlloc: notify id alloc end, device_id=2, ts_id=0, notify_id=39, notify_flag=1
[INFO] RUNTIME(110198,npu_reader):2026-09-21-11:29:21.293.824 [api_error.cc:3594] 110198 NotifyCreate: notify create success
[INFO] ASCENDCL(110198,npu_reader):2026-09-21-11:29:21.293.826 [notify.cpp:33]110198 aclrtCreateNotifyImpl: successfully execute aclrtCreateNotify
[INFO] ASCENDCL(110198,npu_reader):2026-09-21-11:29:21.293.830 [notify.cpp:73]110198 aclrtGetNotifyIdImpl: start to execute aclrtGetNotifyId
[INFO] RUNTIME(110198,npu_reader):2026-09-21-11:29:21.293.834 [api_impl.cc:4661] 110198 GetNotifyID: Get notify id.
[INFO] ASCENDCL(110198,npu_reader):2026-09-21-11:29:21.293.836 [notify.cpp:79]110198 aclrtGetNotifyIdImpl: successfully execute aclrtGetNotifyId
[INFO] HCCL(110198,npu_reader):2026-09-21-11:29:21.293.839 [adapter_rts.cc:2346] [110198]Create Notify para: deviceId[2] notifyId[39]
[INFO] ASCENDCL(110198,npu_reader):2026-09-21-11:29:21.293.842 [notify.cpp:73]110198 aclrtGetNotifyIdImpl: start to execute aclrtGetNotifyId
[INFO] RUNTIME(110198,npu_reader):2026-09-21-11:29:21.293.844 [api_impl.cc:4661] 110198 GetNotifyID: Get notify id.
[INFO] ASCENDCL(110198,npu_reader):2026-09-21-11:29:21.293.846 [notify.cpp:79]110198 aclrtGetNotifyIdImpl: successfully execute aclrtGetNotifyId
[INFO] RUNTIME(110198,npu_reader):2026-09-21-11:29:21.293.849 [api_impl.cc:4671] 110198 GetNotifyPhyInfo: get phy info.
[INFO] RUNTIME(110198,npu_reader):2026-09-21-11:29:21.293.851 [api_impl.cc:4682] 110198 GetNotifyPhyInfo: notify_id=39, phyId=2 flag=0x0.
[INFO] RUNTIME(110198,npu_reader):2026-09-21-11:29:21.293.854 [api_impl.cc:4671] 110198 GetNotifyPhyInfo: get phy info.
[INFO] RUNTIME(110198,npu_reader):2026-09-21-11:29:21.293.856 [api_impl.cc:4682] 110198 GetNotifyPhyInfo: notify_id=39, phyId=2 flag=0x0.
[INFO] HCCL(110198,npu_reader):2026-09-21-11:29:21.293.864 [notify_pool_impl.cc:450] [110198]create one notify in notify pool(no ipc):tag[Dev_hcomm_roce_ch_0xaaad81d3fa00] remote[4294967295] total[1].
[INFO] HCCL(110198,npu_reader):2026-09-21-11:29:21.293.868 [notify_pool_impl.cc:455] [110198]notify pool no ipc alloc: tag[Dev_hcomm_roce_ch_0xaaad81d3fa00] remote[4294967295] used[1]
[INFO] HCCL(110198,npu_reader):2026-09-21-11:29:21.293.873 [transport_ibverbs.cc:1890] [110198]CreateNotifyBuffer notifyBaseVa=0x12c180000000, notifyTotalSize=0x100000, offset=0x9c, notifyVa=0x12c18000009c machineType=1, notify=(nil), notifyType=2, notifyId=39, offsetAlignSize[4294967295]
[WARNING] HCCP(110198,npu_reader):2026-09-21-11:29:21.294.179 [ra_host.c:951]tid:110198,RaSocketRecv : [recv][ra_socket]socket has been closed. received_size is 0
[INFO] HCCP(110198,npu_reader):2026-09-21-11:29:21.294.183 [ra_host.c:1837]tid:110198,ConverReturnCode : ConverReturnCode: orig_errcode[-261] curr_errcode[128207]
[ERROR] HCCL(110198,npu_reader):2026-09-21-11:29:21.294.186 [adapter_hccp.cc:1596] [110198][Recv][RaSocket]errNo[0x000000000500000d] recv fail, data[0xaaad81d39b50], size[109], rtRet[128207]
[ERROR] HCCL(110198,npu_reader):2026-09-21-11:29:21.294.189 [hccl_socket.cc:474] [110198][Recv]call trace: hcclRet -> 13
[ERROR] HCCL(110198,npu_reader):2026-09-21-11:29:21.294.192 [transport_ibverbs.cc:813] [110198][TransportIbverbs][InitQpConnect] failed to recv exchangeData exchangeDataTotalSize[109], custom exchange data size [0].
[ERROR] HCCL(110198,npu_reader):2026-09-21-11:29:21.294.195 [transport_ibverbs.cc:235] [110198][Init]call trace: hcclRet -> 13
[INFO] HCCL(110198,npu_reader):2026-09-21-11:29:21.294.199 [adapter_hccp.cc:363] [110198]ra mr dereg: qphandle[0xaaad81eb3ff0], addr[0x12c081200000], size[0 Byte], access[0].
[INFO] HCCP(110198,npu_reader):2026-09-21-11:29:21.294.413 [ra_host.c:1332]tid:110198,RaQpDestroy : Input parameters: qpn[74], phyId[2], rdevIndex[0] qpMode[4] flag[0]
[INFO] RUNTIME(110198,npu_reader):2026-09-21-11:29:21.298.934 [api_impl.cc:2214] 110198 DevFree: device free mem=0x12c081200000
[ERROR] HCCL(110198,npu_reader):2026-09-21-11:29:21.298.944 [aicpu_ts_roce_channel.cc:387] [110198][BuildDispatcherAndTransport]call trace: hcclRet -> 13
[ERROR] HCCL(110198,npu_reader):2026-09-21-11:29:21.298.947 [aicpu_ts_roce_channel.cc:398] [110198][Init]call trace: hcclRet -> 13
[ERROR] HCCL(110198,npu_reader):2026-09-21-11:29:21.298.950 [channel.cc:111] [110198][CreateChannel]call trace: hcclRet -> 13
[INFO] HCCL(110198,npu_reader):2026-09-21-11:29:21.298.954 [hccl_dispatcher_ctx.cc:133] [110198][DestroyCtx] Destroy Ctx, ctx[0xaaad81d30040] commId[hcomm_roce_ch_0xaaad81d3fa00]
[INFO] HCCL(110198,npu_reader):2026-09-21-11:29:21.298.957 [hccl_dispatcher_ctx.cc:34] [110198][FindDispatcherByCommId] commIdkey[hcomm_roce_ch_0xaaad81d3fa00] has been bound with ctx[0xaaad81d30040]
[INFO] HCCL(110198,npu_reader):2026-09-21-11:29:21.298.960 [hccl_dispatcher_ctx.cc:52] [110198][DeleteDispatcherByCommId] ctx[0xaaad81d30040] has been bound by commId[hcomm_roce_ch_0xaaad81d3fa00]
[INFO] HCCL(110198,npu_reader):2026-09-21-11:29:21.298.965 [tbe_vector_reduce.cc:102] [110198]TbeVectorReduce Deinit
[INFO] ASCENDCL(110198,npu_reader):2026-09-21-11:29:21.298.969 [kernel.cpp:88]110198 aclrtBinaryUnLoadImpl: start to execute aclrtBinaryUnLoad
[INFO] ASCENDCL(110198,npu_reader):2026-09-21-11:29:21.298.978 [kernel.cpp:88]110198 aclrtBinaryUnLoadImpl: start to execute aclrtBinaryUnLoad
[INFO] ASCENDCL(110198,npu_reader):2026-09-21-11:29:21.298.985 [kernel.cpp:88]110198 aclrtBinaryUnLoadImpl: start to execute aclrtBinaryUnLoad
[INFO] ASCENDCL(110198,npu_reader):2026-09-21-11:29:21.298.991 [kernel.cpp:88]110198 aclrtBinaryUnLoadImpl: start to execute aclrtBinaryUnLoad
[INFO] ASCENDCL(110198,npu_reader):2026-09-21-11:29:21.298.999 [kernel.cpp:88]110198 aclrtBinaryUnLoadImpl: start to execute aclrtBinaryUnLoad
[INFO] ASCENDCL(110198,npu_reader):2026-09-21-11:29:21.299.006 [kernel.cpp:88]110198 aclrtBinaryUnLoadImpl: start to execute aclrtBinaryUnLoad
[INFO] ASCENDCL(110198,npu_reader):2026-09-21-11:29:21.299.012 [kernel.cpp:88]110198 aclrtBinaryUnLoadImpl: start to execute aclrtBinaryUnLoad
[INFO] ASCENDCL(110198,npu_reader):2026-09-21-11:29:21.299.018 [kernel.cpp:88]110198 aclrtBinaryUnLoadImpl: start to execute aclrtBinaryUnLoad
[INFO] ASCENDCL(110198,npu_reader):2026-09-21-11:29:21.299.024 [kernel.cpp:88]110198 aclrtBinaryUnLoadImpl: start to execute aclrtBinaryUnLoad
[INFO] ASCENDCL(110198,npu_reader):2026-09-21-11:29:21.299.031 [kernel.cpp:88]110198 aclrtBinaryUnLoadImpl: start to execute aclrtBinaryUnLoad
[INFO] ASCENDCL(110198,npu_reader):2026-09-21-11:29:21.299.037 [kernel.cpp:88]110198 aclrtBinaryUnLoadImpl: start to execute aclrtBinaryUnLoad
[INFO] ASCENDCL(110198,npu_reader):2026-09-21-11:29:21.299.043 [kernel.cpp:88]110198 aclrtBinaryUnLoadImpl: start to execute aclrtBinaryUnLoad
[INFO] ASCENDCL(110198,npu_reader):2026-09-21-11:29:21.299.049 [kernel.cpp:88]110198 aclrtBinaryUnLoadImpl: start to execute aclrtBinaryUnLoad
[INFO] ASCENDCL(110198,npu_reader):2026-09-21-11:29:21.299.054 [kernel.cpp:88]110198 aclrtBinaryUnLoadImpl: start to execute aclrtBinaryUnLoad
[INFO] ASCENDCL(110198,npu_reader):2026-09-21-11:29:21.299.060 [kernel.cpp:88]110198 aclrtBinaryUnLoadImpl: start to execute aclrtBinaryUnLoad
[INFO] ASCENDCL(110198,npu_reader):2026-09-21-11:29:21.299.066 [kernel.cpp:88]110198 aclrtBinaryUnLoadImpl: start to execute aclrtBinaryUnLoad
[INFO] ASCENDCL(110198,npu_reader):2026-09-21-11:29:21.299.071 [kernel.cpp:88]110198 aclrtBinaryUnLoadImpl: start to execute aclrtBinaryUnLoad
[INFO] ASCENDCL(110198,npu_reader):2026-09-21-11:29:21.299.077 [kernel.cpp:88]110198 aclrtBinaryUnLoadImpl: start to execute aclrtBinaryUnLoad
[INFO] ASCENDCL(110198,npu_reader):2026-09-21-11:29:21.299.083 [kernel.cpp:88]110198 aclrtBinaryUnLoadImpl: start to execute aclrtBinaryUnLoad
[INFO] ASCENDCL(110198,npu_reader):2026-09-21-11:29:21.299.089 [kernel.cpp:88]110198 aclrtBinaryUnLoadImpl: start to execute aclrtBinaryUnLoad
[INFO] HCCL(110198,npu_reader):2026-09-21-11:29:21.299.098 [tbe_crack_cleared.cc:69] [110198]TbeCrackCleard Deinit
[INFO] HCCL(110198,npu_reader):2026-09-21-11:29:21.299.100 [tbe_common.cc:53] [110198]tbe task deinit success.deviceLogicId[2]
[INFO] HCCL(110198,npu_reader):2026-09-21-11:29:21.299.105 [aicpu_ts_roce_channel.cc:175] [110198][AicpuTsRoceChannel][client] destroyed
[INFO] HCCL(110198,npu_reader):2026-09-21-11:29:21.299.108 [hccl_socket.cc:278] [110198][Close] localIp[20.168.0.3], remoteIp[20.168.0.19], socketHandle[187662184078912], tag[standard-host-to-hbm_20.168.0.19_20.168.0.3_19517], port[19517] status[2]
[INFO] HCCL(110198,npu_reader):2026-09-21-11:29:21.299.112 [adapter_hccp.cc:1304] [110198]ra socket batch close fdhandle[0xaaad81d2b0b0]
[INFO] HCCP(110198,npu_reader):2026-09-21-11:29:21.299.116 [ra_host.c:754]tid:110198,RaSocketBatchClose : Input parameters: [0]th, phyId[2], localIp[20.168.0.3], cnt[0]
[INFO] HCCL(110198,npu_reader):2026-09-21-11:29:21.299.290 [adapter_hccp.cc:1335] [110198]ra socket batch close success,take time [175]us
[INFO] HCCL(110198,npu_reader):2026-09-21-11:29:21.299.295 [notify_pool_impl.cc:57] [110198]NotifyPoolImpl Destroy.
[INFO] HCCL(110198,npu_reader):2026-09-21-11:29:21.299.298 [notify_pool_impl.cc:278] [110198]DestroyRegisteredOpMap index[0] success
[INFO] HCCL(110198,npu_reader):2026-09-21-11:29:21.299.301 [notify_pool_impl.cc:136] [110198]DestroyNotifyPoolIPCAsignedMap index[0] success
[INFO] HCCL(110198,npu_reader):2026-09-21-11:29:21.299.303 [notify_pool_impl.cc:152] [110198]DestroyNotifyPoolDevIPCAsignedMap index[0] success
[INFO] HCCL(110198,npu_reader):2026-09-21-11:29:21.299.305 [notify_pool_impl.cc:168] [110198]DestroyNotifyPoolNoIPCAsignedMap index[0] success
[INFO] ASCENDCL(110198,npu_reader):2026-09-21-11:29:21.299.308 [notify.cpp:73]110198 aclrtGetNotifyIdImpl: start to execute aclrtGetNotifyId
[INFO] RUNTIME(110198,npu_reader):2026-09-21-11:29:21.299.311 [api_impl.cc:4661] 110198 GetNotifyID: Get notify id.
[INFO] ASCENDCL(110198,npu_reader):2026-09-21-11:29:21.299.314 [notify.cpp:79]110198 aclrtGetNotifyIdImpl: successfully execute aclrtGetNotifyId
[INFO] HCCL(110198,npu_reader):2026-09-21-11:29:21.299.316 [adapter_rts.cc:1552] [110198]Destroy Notify para: deviceId[2] notifyId[39]
[INFO] HCCL(110198,npu_reader):2026-09-21-11:29:21.299.319 [adapter_rts.cc:1553] [110198]Destroy Notify begin, para: deviceId[2] notifyId[39]
[INFO] ASCENDCL(110198,npu_reader):2026-09-21-11:29:21.299.323 [notify.cpp:40]110198 aclrtDestroyNotifyImpl: start to execute aclrtDestroyNotify
[INFO] RUNTIME(110198,npu_reader):2026-09-21-11:29:21.299.326 [api_impl.cc:4545] 110198 NotifyDestroy: Notify destroy.
[INFO] RUNTIME(110198,npu_reader):2026-09-21-11:29:21.299.329 [npu_driver_res.cc:1390] 110198 NotifyIdFree: NotifyIdFree begin, device_id=2, notify_id=39, ts_id=0, remote_notify_id=32
[INFO] RUNTIME(110198,npu_reader):2026-09-21-11:29:21.299.583 [npu_driver_res.cc:1401] 110198 NotifyIdFree: NotifyIdFree success, device_id=2, ts_id=0, notify_id=39, notify_flag=1
[INFO] ASCENDCL(110198,npu_reader):2026-09-21-11:29:21.299.588 [notify.cpp:45]110198 aclrtDestroyNotifyImpl: successfully execute aclrtDestroyNotify
[INFO] HCCL(110198,npu_reader):2026-09-21-11:29:21.299.590 [adapter_rts.cc:1555] [110198]Destroy Notify end, para: deviceId[2] notifyId[39]
[INFO] HCCL(110198,npu_reader):2026-09-21-11:29:21.299.594 [notify_pool_impl.cc:184] [110198]DestroyNotifyPoolDevNoIPCAsignedMap index[0] success
[INFO] HCCL(110198,npu_reader):2026-09-21-11:29:21.299.596 [notify_pool_impl.cc:278] [110198]DestroyRegisteredOpMap index[1] success
[INFO] HCCL(110198,npu_reader):2026-09-21-11:29:21.299.598 [notify_pool_impl.cc:136] [110198]DestroyNotifyPoolIPCAsignedMap index[1] success
[INFO] HCCL(110198,npu_reader):2026-09-21-11:29:21.299.601 [notify_pool_impl.cc:152] [110198]DestroyNotifyPoolDevIPCAsignedMap index[1] success
[INFO] HCCL(110198,npu_reader):2026-09-21-11:29:21.299.603 [notify_pool_impl.cc:168] [110198]DestroyNotifyPoolNoIPCAsignedMap index[1] success
[INFO] HCCL(110198,npu_reader):2026-09-21-11:29:21.299.605 [notify_pool_impl.cc:184] [110198]DestroyNotifyPoolDevNoIPCAsignedMap index[1] success
[INFO] HCCL(110198,npu_reader):2026-09-21-11:29:21.299.607 [notify_pool_impl.cc:278] [110198]DestroyRegisteredOpMap index[2] success
[INFO] HCCL(110198,npu_reader):2026-09-21-11:29:21.299.609 [notify_pool_impl.cc:136] [110198]DestroyNotifyPoolIPCAsignedMap index[2] success
[INFO] HCCL(110198,npu_reader):2026-09-21-11:29:21.299.612 [notify_pool_impl.cc:152] [110198]DestroyNotifyPoolDevIPCAsignedMap index[2] success
[INFO] HCCL(110198,npu_reader):2026-09-21-11:29:21.299.614 [notify_pool_impl.cc:168] [110198]DestroyNotifyPoolNoIPCAsignedMap index[2] success
[INFO] HCCL(110198,npu_reader):2026-09-21-11:29:21.299.616 [notify_pool_impl.cc:184] [110198]DestroyNotifyPoolDevNoIPCAsignedMap index[2] success
[INFO] HCCL(110198,npu_reader):2026-09-21-11:29:21.299.618 [notify_pool_impl.cc:65] [110198]NotifyPoolImpl Destroy success.
[ERROR] HCCL(110198,npu_reader):2026-09-21-11:29:21.299.621 [channel_process.cc:89] [110198][CreateChannelsLoop]call trace: hcclRet -> 13
[ERROR] HCCL(110198,npu_reader):2026-09-21-11:29:21.299.623 [hcomm_c_adpt.cc:664] [110198][HcommChannelCreate]call trace: hcclRet -> 13
API HcommChannelCreate(endpoint, engine, &desc, 1, &channel) => 13
FAIL (not validated): HcommChannelCreate(endpoint, engine, &desc, 1, &channel) rc=13
