[INFO] ATRACE(110933,npu_reader):2026-09-21-12:13:45.614.734 [trace_attr.c:100](tid:110933) doesn't set env ASCEND_LOG_DEVICE_FLUSH_TIMEOUT, use default timeout=0ms.
[INFO] ATRACE(110933,npu_reader):2026-09-21-12:13:45.614.806 [trace_attr.c:190](tid:110933) attr init successfully, timeout=0ms.
[WARNING] ATRACE(110933,npu_reader):2026-09-21-12:13:45.614.810 [trace_system_api.c:111](tid:110933) Environment variable is null or the length exceeds 255.
[INFO] ATRACE(110933,npu_reader):2026-09-21-12:13:45.614.821 [trace_recorder.c:45](tid:110933) home_directory=/root.
[INFO] ATRACE(110933,npu_reader):2026-09-21-12:13:45.614.824 [trace_recorder.c:211](tid:110933) use root path: /root/ascend
[INFO] ATRACE(110933,npu_reader):2026-09-21-12:13:45.614.827 [trace_recorder.c:154](tid:110933) doesn't set env ASCEND_TRACE_RECORD_NUM, use default dir num=10.
[INFO] ATRACE(110933,npu_reader):2026-09-21-12:13:45.614.831 [trace_event.c:147](tid:110933) init trace event successfully
[INFO] ATRACE(110933,npu_reader):2026-09-21-12:13:45.614.843 [atrace_client_core.c:185](tid:110933) init atrace client successfully.
[INFO] ATRACE(110933,npu_reader):2026-09-21-12:13:45.615.026 [stacktrace_dumper.c:244](tid:110933) path = /usr/local/Ascend/cann-9.1.0/aarch64-linux/bin/asc_dumper
[WARNING] ATRACE(110933,npu_reader):2026-09-21-12:13:45.615.031 [trace_system_api.c:111](tid:110933) Environment variable is null or the length exceeds 256.
[INFO] ATRACE(110933,npu_reader):2026-09-21-12:13:45.615.071 [stacktrace_signal.c:176](tid:110933) register signal handler for signal 2 succeed.
[INFO] ATRACE(110933,npu_reader):2026-09-21-12:13:45.615.074 [stacktrace_signal.c:176](tid:110933) register signal handler for signal 15 succeed.
[INFO] ATRACE(110933,npu_reader):2026-09-21-12:13:45.615.077 [stacktrace_signal.c:176](tid:110933) register signal handler for signal 3 succeed.
[INFO] ATRACE(110933,npu_reader):2026-09-21-12:13:45.615.079 [stacktrace_signal.c:176](tid:110933) register signal handler for signal 4 succeed.
[INFO] ATRACE(110933,npu_reader):2026-09-21-12:13:45.615.082 [stacktrace_signal.c:176](tid:110933) register signal handler for signal 5 succeed.
[INFO] ATRACE(110933,npu_reader):2026-09-21-12:13:45.615.084 [stacktrace_signal.c:176](tid:110933) register signal handler for signal 6 succeed.
[INFO] ATRACE(110933,npu_reader):2026-09-21-12:13:45.615.086 [stacktrace_signal.c:176](tid:110933) register signal handler for signal 7 succeed.
[INFO] ATRACE(110933,npu_reader):2026-09-21-12:13:45.615.089 [stacktrace_signal.c:176](tid:110933) register signal handler for signal 8 succeed.
[INFO] ATRACE(110933,npu_reader):2026-09-21-12:13:45.615.091 [stacktrace_signal.c:176](tid:110933) register signal handler for signal 11 succeed.
[INFO] ATRACE(110933,npu_reader):2026-09-21-12:13:45.615.093 [stacktrace_signal.c:176](tid:110933) register signal handler for signal 24 succeed.
[INFO] ATRACE(110933,npu_reader):2026-09-21-12:13:45.615.096 [stacktrace_signal.c:176](tid:110933) register signal handler for signal 25 succeed.
[INFO] ATRACE(110933,npu_reader):2026-09-21-12:13:45.615.098 [stacktrace_signal.c:176](tid:110933) register signal handler for signal 31 succeed.
[INFO] ATRACE(110933,npu_reader):2026-09-21-12:13:45.615.100 [stacktrace_signal.c:176](tid:110933) register signal handler for signal 35 succeed.
[INFO] ATRACE(110933,npu_reader):2026-09-21-12:13:45.615.102 [stacktrace_signal.c:179](tid:110933) trace signal init succeed.
[INFO] ATRACE(110933,npu_reader):2026-09-21-12:13:45.615.105 [trace_core.c:51](tid:110933) init trace successfully.
[INFO] ATRACE(110933,npu_reader):2026-09-21-12:13:45.615.118 [awatchdog_core.c:99](tid:110933) watchdog get platform host side
[INFO] ATRACE(110933,npu_reader):2026-09-21-12:13:45.615.133 [awatchdog_monitor.c:127](tid:110933) create monitor thread successfully, tid :281466990150688 
[INFO] ATRACE(110933,npu_reader):2026-09-21-12:13:45.615.136 [awatchdog_monitor.c:225](tid:110933) AwdMonitorInit
[WARNING] RUNTIME(110933,npu_reader):2026-09-21-12:13:45.615.997 [runtime_keeper.cc:258] 110933 RegisterDrvErrMsgHandle: [drv api] drv_log_report_err_msg_handle_register does not exist, skip register err msg handle.
[INFO] RUNTIME(110933,npu_reader):2026-09-21-12:13:45.616.016 [task_fail_callback_data_manager.cc:93] 110933 TaskFailCallBackManager: Constructor.
[INFO] RUNTIME(110933,npu_reader):2026-09-21-12:13:45.616.020 [xpu_task_fail_callback_data_manager.cc:59] 110933 XpuTaskFailCallBackManager: XpuTaskFailCallBackManager Constructor.
[INFO] IDEDD(110933,npu_reader):2026-09-21-12:13:45.616.321 [dump_config_converter.cpp:1153][tid:110933] No Env enable exception dump
[INFO] TDT(110933,npu_reader):2026-09-21-12:13:45.616.631 [package_worker_factory.cpp:38][RegisterPackageWorkerCreator][tid:110933] Register[2] package worker was created successfully
[INFO] TDT(110933,npu_reader):2026-09-21-12:13:45.616.637 [package_worker_factory.cpp:38][RegisterPackageWorkerCreator][tid:110933] Register[3] package worker was created successfully
[INFO] HCCL(110933,npu_reader):2026-09-21-12:13:45.621.090 [global_mirror_tasks.cc:19][110933][GlobalMirrorTasks][GlobalMirrorTasks]GlobalMirrorTasks Contruct
[INFO] HCCL(110933,npu_reader):2026-09-21-12:13:45.627.263 [adapter_rts.cc:2585] [110933][adapter_rts.cc][CallBackInitRts] g_deviceType [8] g_deviceLogicId [-1] g_devicePhyId [-1]
[INFO] GE(110933,npu_reader):2026-09-21-12:13:45.641.414 [error_manager.cc:1047]110933 RegisterFormatErrorMessage:RegisterFormatErrorMessage, try to register error message
LIBRARY HcommEndpointCreate => /usr/local/Ascend/cann-9.1.0/lib64/libhcomm.so

STAGE 1. 初始化 ACL，选择 NPU2，创建 DEVICE/ROCE Endpoint
[INFO] ASCENDCL(110933,npu_reader):2026-09-21-12:13:45.648.844 [acl.cpp:364]110933 aclInitImpl: start to execute aclInit
[INFO] ASCENDCL(110933,npu_reader):2026-09-21-12:13:45.648.854 [hash_utils.cpp:19]110933 CalculateSimpleHash: Begin to calculate hash for file: (null)
[INFO] ASCENDCL(110933,npu_reader):2026-09-21-12:13:45.648.860 [hash_utils.cpp:23]110933 CalculateSimpleHash: End to calculate hash for file: (null), hash value: 6142509188972423790
[INFO] ASCENDCL(110933,npu_reader):2026-09-21-12:13:45.648.863 [acl.cpp:397]110933 aclInitImpl: call ErrorManager.Initialize
[INFO] GE(110933,npu_reader):2026-09-21-12:13:45.648.885 [error_manager.cc:346]110933 Init:Begin to init, path is /usr/local/Ascend/cann-9.1.0/aarch64-linux/lib64/
[INFO] PROFILING(110933,npu_reader):2026-09-21-12:13:45.652.211 [prof_cann_plugin.cpp:390] (tid:110933) Register module[ASCENDCL(48)] callback.
[INFO] ASCENDCL(110933,npu_reader):2026-09-21-12:13:45.652.223 [acl.cpp:470]110933 aclInitImpl: set ProfilingConfig in aclInit
[INFO] ASCENDCL(110933,npu_reader):2026-09-21-12:13:45.652.227 [profiling.cpp:138]110933 HandleProfilingConfig: start to execute HandleProfilingConfig
[INFO] ASCENDCL(110933,npu_reader):2026-09-21-12:13:45.652.230 [profiling.cpp:132]110933 GetProfilingConfigFile: no profiling config file.
[INFO] ASCENDCL(110933,npu_reader):2026-09-21-12:13:45.652.232 [profiling.cpp:153]110933 HandleProfilingConfig: configPath is null, no need to do profiling.
[INFO] ASCENDCL(110933,npu_reader):2026-09-21-12:13:45.652.235 [profiling.cpp:89]110933 HandleProfilingCommand: start to execute HandleProfilingCommand
[INFO] PROFILING(110933,npu_reader):2026-09-21-12:13:45.653.594 [command_handle.cpp:163] (tid:110933) Module[ASCENDCL(48)] register callback of ctrl handle.
[INFO] PROFILING(110933,npu_reader):2026-09-21-12:13:45.653.617 [msprofiler_impl.cpp:447] (tid:110933) Profiling Init useless
[INFO] PROFILING(110933,npu_reader):2026-09-21-12:13:45.653.621 [prof_cann_plugin.cpp:271] (tid:110933) Report buffer does not need to be initialized.
[INFO] PROFILING(110933,npu_reader):2026-09-21-12:13:45.653.667 [prof_runtime_plugin.cpp:44] (tid:110933) Load api[rtCacheLastTaskOpInfo] from libruntime.so successfully.
[INFO] PROFILING(110933,npu_reader):2026-09-21-12:13:45.653.671 [prof_runtime_plugin.cpp:44] (tid:110933) Load api[rtProfilerTraceEx] from libruntime.so successfully.
[INFO] PROFILING(110933,npu_reader):2026-09-21-12:13:45.653.674 [prof_runtime_plugin.cpp:44] (tid:110933) Load api[rtsStreamGetAttribute] from libruntime.so successfully.
[INFO] PROFILING(110933,npu_reader):2026-09-21-12:13:45.653.684 [msprof_tx_manager.cpp:379] (tid:110933) [MsprofTxManager]Register MsprofReportAdditional function.
[INFO] PROFILING(110933,npu_reader):2026-09-21-12:13:45.653.686 [msprof_tx_manager.cpp:370] (tid:110933) [MsprofTxManager]Register rtProfilerTraceEx function.
[INFO] PROFILING(110933,npu_reader):2026-09-21-12:13:45.653.690 [mstx_inject.cpp:319] (tid:110933) Succeed to get func table for module 1
[INFO] PROFILING(110933,npu_reader):2026-09-21-12:13:45.653.692 [mstx_inject.cpp:319] (tid:110933) Succeed to get func table for module 2
[WARNING] PROFILING(110933,npu_reader):2026-09-21-12:13:45.653.700 [json_parser.cpp:53] (tid:110933) The configPathString path: [] does not exist or permission denied.
[INFO] PROFILING(110933,npu_reader):2026-09-21-12:13:45.653.704 [platform.cpp:52] (tid:110933) Profiling platform version: 1.0.
[INFO] PROFILING(110933,npu_reader):2026-09-21-12:13:45.653.710 [platform.cpp:264] (tid:110933) Succeeded to DrvGetApiVersion version: 0x72418
[INFO] PROFILING(110933,npu_reader):2026-09-21-12:13:45.653.739 [ai_drv_dev_api.cpp:312] (tid:110933) Succeeded to DrvGetHostFreq frequency=100000
[INFO] PROFILING(110933,npu_reader):2026-09-21-12:13:45.653.746 [ai_drv_dev_api.cpp:36] (tid:110933) Succeeded to drvGetDevNum, numDev=16
[INFO] PROFILING(110933,npu_reader):2026-09-21-12:13:45.653.749 [ai_drv_dev_api.cpp:55] (tid:110933) Succeeded to drvGetDevIDs, numDevices=16
[INFO] PROFILING(110933,npu_reader):2026-09-21-12:13:45.653.790 [config_manager.cpp:92] (tid:110933) Success to get chip id: 5.
[INFO] PROFILING(110933,npu_reader):2026-09-21-12:13:45.653.795 [platform.cpp:69] (tid:110933) Profiling platform type: 5
[INFO] PROFILING(110933,npu_reader):2026-09-21-12:13:45.653.804 [msprofiler_impl.cpp:95] (tid:110933) Dynamic profiling environment not really set, so do nothing.
[INFO] ASCENDCL(110933,npu_reader):2026-09-21-12:13:45.653.806 [profiling.cpp:119]110933 HandleProfilingCommand: set profiling config successfully
[INFO] ASCENDCL(110933,npu_reader):2026-09-21-12:13:45.653.809 [acl_rt_impl_base.cpp:206]110933 aclrtGetSocNameImpl: start to execute aclrtGetSocName.
[INFO] RUNTIME(110933,npu_reader):2026-09-21-12:13:45.653.819 [runtime_keeper.cc:98] 110933 GetDeviceType: hardwareVersion=0x500
[INFO] RUNTIME(110933,npu_reader):2026-09-21-12:13:45.654.701 [plugin_old_arch.cc:21] 110933 ConstructRuntimeImpl: RuntimeImpl construct success, runtime = 0xaaab4db83a60
[INFO] RUNTIME(110933,npu_reader):2026-09-21-12:13:45.654.717 [runtime_keeper.cc:211] 110933 CreateRuntimeImpl: Open libruntime_v100.so successfully
[INFO] RUNTIME(110933,npu_reader):2026-09-21-12:13:45.654.720 [runtime_keeper.cc:331] 110933 BootRuntime: new Runtime ok, Runtime_alloc_size 13920.
[INFO] RUNTIME(110933,npu_reader):2026-09-21-12:13:45.654.733 [runtime.cc:1081] 110933 CheckHaveDevice: hardwareVersion=0x500
[INFO] FE(110933,npu_reader):2026-09-21-12:13:45.654.766 [platform_manager_v2.cpp:75]110933 GetConfigFilePath:Current so file path is [/usr/local/Ascend/cann-9.1.0/aarch64-linux/].
[INFO] RUNTIME(110933,npu_reader):2026-09-21-12:13:45.655.257 [runtime.cc:687] 110933 InitSocVersionByDrvSocVersion: socVersion=Ascend910_9362, chipType=5
[INFO] RUNTIME(110933,npu_reader):2026-09-21-12:13:45.655.276 [runtime.cc:810] 110933 InitChipTypeAndSocVersion: Runtime init: device type=5, soc version=Ascend910_9362, have device=1
[WARNING] FE(110933,npu_reader):2026-09-21-12:13:45.655.284 [platform_manager_v2.cpp:259]110933 GetSocSpec:Failed to get platform info, label[SoCInfo], key[io_die_num].
[INFO] RUNTIME(110933,npu_reader):2026-09-21-12:13:45.655.287 [ini_parse_utils.cc:108] 110933 GetStreamSpecFromIniFile: iniAttrs: normalStreamNum=32768, normalStreamDepth=2048, hugeStreamNum=0, hugeStreamDepth=0.
[INFO] RUNTIME(110933,npu_reader):2026-09-21-12:13:45.655.291 [ini_parse_utils.cc:130] 110933 GetArchInfoFromIniFile: iniAttrs: socVersion=Ascend910_9362, npuArch=2201.
[INFO] RUNTIME(110933,npu_reader):2026-09-21-12:13:45.655.320 [npu_driver.cc:1109] 110933 CheckIsSupportFeature: Support FEATURE_TRSDRV_SQ_SUPPORT_DYNAMIC_BIND, drv devId=0.
[INFO] RUNTIME(110933,npu_reader):2026-09-21-12:13:45.655.329 [runtime.cc:4440] 110933 GetVisibleDevices: ASCEND_RT_VISIBLE_DEVICES param was not set
[INFO] RUNTIME(110933,npu_reader):2026-09-21-12:13:45.655.333 [runtime.cc:822] 110933 InitApiImplies: ApiImpl:Runtime_alloc_size 16
[INFO] RUNTIME(110933,npu_reader):2026-09-21-12:13:45.655.336 [runtime.cc:830] 110933 InitApiImplies: ApiImplMbuf:Runtime_alloc_size 8
[INFO] RUNTIME(110933,npu_reader):2026-09-21-12:13:45.655.338 [runtime.cc:838] 110933 InitApiImplies: ApiImplSoma:Runtime_alloc_size 8
[INFO] RUNTIME(110933,npu_reader):2026-09-21-12:13:45.655.341 [runtime.cc:849] 110933 InitLogger: Logger:Runtime_alloc_size 32
[INFO] RUNTIME(110933,npu_reader):2026-09-21-12:13:45.655.345 [runtime.cc:860] 110933 InitApiProfiler: RProfiler:Runtime_alloc_size 176
[INFO] RUNTIME(110933,npu_reader):2026-09-21-12:13:45.655.349 [profiler.cc:88] 110933 Init: Init ok, Runtime_alloc_size 48
[INFO] RUNTIME(110933,npu_reader):2026-09-21-12:13:45.655.353 [runtime.cc:877] 110933 InitApiErrorDecorator: ApiErrorDecorator:Runtime_alloc_size 16.
[INFO] RUNTIME(110933,npu_reader):2026-09-21-12:13:45.655.355 [runtime.cc:888] 110933 InitThreadGuard: Runtime init:new ThreadGuard ok, Runtime_alloc_size 104.
[INFO] RUNTIME(110933,npu_reader):2026-09-21-12:13:45.655.357 [runtime.cc:900] 110933 InitStreamObserver: EngineStreamObserver:Runtime_alloc_size 8.
[INFO] RUNTIME(110933,npu_reader):2026-09-21-12:13:45.655.360 [runtime.cc:913] 110933 InitAicpuStreamIdBitmap: Bitmap(1024):Runtime_alloc_size 80.
[INFO] RUNTIME(110933,npu_reader):2026-09-21-12:13:45.655.362 [runtime.cc:931] 110933 InitCbSubscribe: The thread group num is 1024
[INFO] RUNTIME(110933,npu_reader):2026-09-21-12:13:45.655.365 [runtime.cc:938] 110933 InitCbSubscribe: Runtime init:new CbSubscribe ok, Runtime_alloc_size 320.
[INFO] RUNTIME(110933,npu_reader):2026-09-21-12:13:45.655.395 [runtime.cc:115] 110933 Init: ObjAllocator alloc success, Runtime_alloc_size 160000(bytes)
[INFO] RUNTIME(110933,npu_reader):2026-09-21-12:13:45.655.443 [runtime.cc:127] 110933 Init: ObjAllocator alloc success, Runtime_alloc_size 960000(bytes)
[INFO] RUNTIME(110933,npu_reader):2026-09-21-12:13:45.655.459 [runtime.cc:1011] 110933 InitLabelAllocator: Runtime init:new LabelAllocator ok, Runtime_alloc_size 131152.
[INFO] RUNTIME(110933,npu_reader):2026-09-21-12:13:45.655.463 [runtime.cc:1019] 110933 InitSetRuntimeVersion: set runtime api ver success
[INFO] RUNTIME(110933,npu_reader):2026-09-21-12:13:45.655.500 [runtime.cc:1032] 110933 InitNpuCollectPath: NPU_COLLECT_PATH is not set!
[INFO] RUNTIME(110933,npu_reader):2026-09-21-12:13:45.655.537 [runtime.cc:1188] 110933 GetDcacheLockMixOpPath: dcacheLockMixOpPath /usr/local/Ascend/cann-9.1.0/lib64/dcache_lock_mix.o.
[INFO] RUNTIME(110933,npu_reader):2026-09-21-12:13:45.655.552 [runtime.cc:1233] 110933 FindDcacheLockOp: read dcache lock op file success
[INFO] PROFILING(110933,npu_reader):2026-09-21-12:13:45.655.557 [prof_cann_plugin.cpp:387] (tid:110933) Register module[RUNTIME(7)] callback with handle.
[INFO] PROFILING(110933,npu_reader):2026-09-21-12:13:45.655.561 [command_handle.cpp:163] (tid:110933) Module[RUNTIME(7)] register callback of ctrl handle.
[WARNING] RUNTIME(110933,npu_reader):2026-09-21-12:13:45.655.565 [heterogenous.cc:22] 110933 ReadHeterogenousModeFromConfigIni: can not read ASCEND_LATEST_INSTALL_PATH! isHeterogenous=0.
[INFO] RUNTIME(110933,npu_reader):2026-09-21-12:13:45.655.581 [api_c_soc.cc:84] 110933 rtGetSocVersion: soc version is Ascend910_9362
[INFO] ASCENDCL(110933,npu_reader):2026-09-21-12:13:45.655.585 [acl_rt_impl_base.cpp:135]110933 InitSocVersion: get SocVersion success, SocVersion = Ascend910_9362
[INFO] ASCENDCL(110933,npu_reader):2026-09-21-12:13:45.655.588 [acl_rt_impl_base.cpp:213]110933 aclrtGetSocNameImpl: execute aclrtGetSocName successfully
[INFO] ASCENDCL(110933,npu_reader):2026-09-21-12:13:45.655.591 [acl.cpp:340]110933 IsEnableAutoUCMemeory: auto-uc-memory is enabled.
[INFO] ASCENDCL(110933,npu_reader):2026-09-21-12:13:45.655.594 [acl.cpp:494]110933 aclInitImpl: register kernel launch fill function in aclInit
[INFO] RUNTIME(110933,npu_reader):2026-09-21-12:13:45.655.601 [runtime.cc:4625] 110933 RegKernelLaunchFillFunc: register callback finish, symbol:g_opSystemRunCfg.
[INFO] ASCENDCL(110933,npu_reader):2026-09-21-12:13:45.655.604 [acl.cpp:790]110933 aclsysGetCANNVersionImpl: start to execute aclsysGetCANNVersion.
[INFO] ASCENDCL(110933,npu_reader):2026-09-21-12:13:45.655.607 [acl.cpp:793]110933 aclsysGetCANNVersionImpl: enum name id is [0], enum name is [runtime].
[INFO] ASCENDCL(110933,npu_reader):2026-09-21-12:13:45.655.609 [acl.cpp:812]110933 aclsysGetCANNVersionImpl: value of env [ASCEND_HOME_PATH] is [/usr/local/Ascend/cann-9.1.0].
[INFO] ASCENDCL(110933,npu_reader):2026-09-21-12:13:45.655.629 [acl.cpp:775]110933 GetCANNVersionInternal: versionInfo is [9.1.0].
[INFO] ASCENDCL(110933,npu_reader):2026-09-21-12:13:45.655.639 [acl.cpp:350]110933 GetAllPackageVersion: Version of runtime package is 9.1.0
[INFO] ASCENDCL(110933,npu_reader):2026-09-21-12:13:45.655.641 [acl.cpp:790]110933 aclsysGetCANNVersionImpl: start to execute aclsysGetCANNVersion.
[INFO] ASCENDCL(110933,npu_reader):2026-09-21-12:13:45.655.644 [acl.cpp:793]110933 aclsysGetCANNVersionImpl: enum name id is [1], enum name is [runtime].
[INFO] ASCENDCL(110933,npu_reader):2026-09-21-12:13:45.655.646 [acl.cpp:812]110933 aclsysGetCANNVersionImpl: value of env [ASCEND_HOME_PATH] is [/usr/local/Ascend/cann-9.1.0].
[INFO] ASCENDCL(110933,npu_reader):2026-09-21-12:13:45.655.658 [acl.cpp:775]110933 GetCANNVersionInternal: versionInfo is [9.1.0].
[INFO] ASCENDCL(110933,npu_reader):2026-09-21-12:13:45.655.663 [acl.cpp:350]110933 GetAllPackageVersion: Version of runtime package is 9.1.0
[INFO] ASCENDCL(110933,npu_reader):2026-09-21-12:13:45.655.665 [acl.cpp:790]110933 aclsysGetCANNVersionImpl: start to execute aclsysGetCANNVersion.
[INFO] ASCENDCL(110933,npu_reader):2026-09-21-12:13:45.655.667 [acl.cpp:793]110933 aclsysGetCANNVersionImpl: enum name id is [2], enum name is [bisheng-compiler].
[INFO] ASCENDCL(110933,npu_reader):2026-09-21-12:13:45.655.669 [acl.cpp:812]110933 aclsysGetCANNVersionImpl: value of env [ASCEND_HOME_PATH] is [/usr/local/Ascend/cann-9.1.0].
[INFO] ASCENDCL(110933,npu_reader):2026-09-21-12:13:45.655.684 [acl.cpp:775]110933 GetCANNVersionInternal: versionInfo is [9.1.0].
[INFO] ASCENDCL(110933,npu_reader):2026-09-21-12:13:45.655.687 [acl.cpp:350]110933 GetAllPackageVersion: Version of bisheng-compiler package is 9.1.0
[INFO] ASCENDCL(110933,npu_reader):2026-09-21-12:13:45.655.690 [acl.cpp:790]110933 aclsysGetCANNVersionImpl: start to execute aclsysGetCANNVersion.
[INFO] ASCENDCL(110933,npu_reader):2026-09-21-12:13:45.655.692 [acl.cpp:793]110933 aclsysGetCANNVersionImpl: enum name id is [3], enum name is [hccl].
[INFO] ASCENDCL(110933,npu_reader):2026-09-21-12:13:45.655.694 [acl.cpp:812]110933 aclsysGetCANNVersionImpl: value of env [ASCEND_HOME_PATH] is [/usr/local/Ascend/cann-9.1.0].
[INFO] ASCENDCL(110933,npu_reader):2026-09-21-12:13:45.655.710 [acl.cpp:775]110933 GetCANNVersionInternal: versionInfo is [9.1.0].
[INFO] ASCENDCL(110933,npu_reader):2026-09-21-12:13:45.655.714 [acl.cpp:350]110933 GetAllPackageVersion: Version of hccl package is 9.1.0
[INFO] ASCENDCL(110933,npu_reader):2026-09-21-12:13:45.655.716 [acl.cpp:790]110933 aclsysGetCANNVersionImpl: start to execute aclsysGetCANNVersion.
[INFO] ASCENDCL(110933,npu_reader):2026-09-21-12:13:45.655.718 [acl.cpp:793]110933 aclsysGetCANNVersionImpl: enum name id is [4], enum name is [oam-tools].
[INFO] ASCENDCL(110933,npu_reader):2026-09-21-12:13:45.655.721 [acl.cpp:812]110933 aclsysGetCANNVersionImpl: value of env [ASCEND_HOME_PATH] is [/usr/local/Ascend/cann-9.1.0].
[INFO] ASCENDCL(110933,npu_reader):2026-09-21-12:13:45.655.727 [acl.cpp:755]110933 GetCANNVersionInternal: [Check]versionInfoPath [/usr/local/Ascend/cann-9.1.0/share/info/oam-tools/version.info] does not exist, try use Alternative versionInfoPath.
[INFO] ASCENDCL(110933,npu_reader):2026-09-21-12:13:45.655.731 [acl.cpp:761]110933 GetCANNVersionInternal: [Check]use Alternative versionInfoPath [/usr/local/Ascend/cann-9.1.0/share/info/oam_tools/version.info].
[INFO] ASCENDCL(110933,npu_reader):2026-09-21-12:13:45.655.747 [acl.cpp:775]110933 GetCANNVersionInternal: versionInfo is [9.1.0].
[INFO] ASCENDCL(110933,npu_reader):2026-09-21-12:13:45.655.750 [acl.cpp:350]110933 GetAllPackageVersion: Version of oam-tools package is 9.1.0
[INFO] ASCENDCL(110933,npu_reader):2026-09-21-12:13:45.655.753 [acl.cpp:790]110933 aclsysGetCANNVersionImpl: start to execute aclsysGetCANNVersion.
[INFO] ASCENDCL(110933,npu_reader):2026-09-21-12:13:45.655.755 [acl.cpp:793]110933 aclsysGetCANNVersionImpl: enum name id is [5], enum name is [ops-legacy].
[INFO] ASCENDCL(110933,npu_reader):2026-09-21-12:13:45.655.757 [acl.cpp:812]110933 aclsysGetCANNVersionImpl: value of env [ASCEND_HOME_PATH] is [/usr/local/Ascend/cann-9.1.0].
[INFO] ASCENDCL(110933,npu_reader):2026-09-21-12:13:45.655.764 [acl.cpp:755]110933 GetCANNVersionInternal: [Check]versionInfoPath [/usr/local/Ascend/cann-9.1.0/share/info/ops-legacy/version.info] does not exist, try use Alternative versionInfoPath.
[INFO] ASCENDCL(110933,npu_reader):2026-09-21-12:13:45.655.767 [acl.cpp:761]110933 GetCANNVersionInternal: [Check]use Alternative versionInfoPath [/usr/local/Ascend/cann-9.1.0/share/info/ops_legacy/version.info].
[INFO] ASCENDCL(110933,npu_reader):2026-09-21-12:13:45.655.783 [acl.cpp:775]110933 GetCANNVersionInternal: versionInfo is [9.1.0].
[INFO] ASCENDCL(110933,npu_reader):2026-09-21-12:13:45.655.787 [acl.cpp:350]110933 GetAllPackageVersion: Version of ops-legacy package is 9.1.0
[INFO] ASCENDCL(110933,npu_reader):2026-09-21-12:13:45.655.789 [acl.cpp:790]110933 aclsysGetCANNVersionImpl: start to execute aclsysGetCANNVersion.
[INFO] ASCENDCL(110933,npu_reader):2026-09-21-12:13:45.655.791 [acl.cpp:793]110933 aclsysGetCANNVersionImpl: enum name id is [6], enum name is [ops-legacy].
[INFO] ASCENDCL(110933,npu_reader):2026-09-21-12:13:45.655.793 [acl.cpp:812]110933 aclsysGetCANNVersionImpl: value of env [ASCEND_HOME_PATH] is [/usr/local/Ascend/cann-9.1.0].
[INFO] ASCENDCL(110933,npu_reader):2026-09-21-12:13:45.655.800 [acl.cpp:755]110933 GetCANNVersionInternal: [Check]versionInfoPath [/usr/local/Ascend/cann-9.1.0/share/info/ops-legacy/version.info] does not exist, try use Alternative versionInfoPath.
[INFO] ASCENDCL(110933,npu_reader):2026-09-21-12:13:45.655.802 [acl.cpp:761]110933 GetCANNVersionInternal: [Check]use Alternative versionInfoPath [/usr/local/Ascend/cann-9.1.0/share/info/ops_legacy/version.info].
[INFO] ASCENDCL(110933,npu_reader):2026-09-21-12:13:45.655.813 [acl.cpp:775]110933 GetCANNVersionInternal: versionInfo is [9.1.0].
[INFO] ASCENDCL(110933,npu_reader):2026-09-21-12:13:45.655.817 [acl.cpp:350]110933 GetAllPackageVersion: Version of ops-legacy package is 9.1.0
[INFO] ASCENDCL(110933,npu_reader):2026-09-21-12:13:45.655.819 [acl.cpp:790]110933 aclsysGetCANNVersionImpl: start to execute aclsysGetCANNVersion.
[INFO] ASCENDCL(110933,npu_reader):2026-09-21-12:13:45.655.821 [acl.cpp:793]110933 aclsysGetCANNVersionImpl: enum name id is [7], enum name is [driver].
[INFO] ASCENDCL(110933,npu_reader):2026-09-21-12:13:45.655.830 [acl.cpp:740]110933 GetDriverPath: driver path is [/usr/local/Ascend].
[INFO] ASCENDCL(110933,npu_reader):2026-09-21-12:13:45.655.852 [acl.cpp:775]110933 GetCANNVersionInternal: versionInfo is [25.5.1.1].
[INFO] ASCENDCL(110933,npu_reader):2026-09-21-12:13:45.655.856 [acl.cpp:350]110933 GetAllPackageVersion: Version of driver package is 25.5.1.1
[INFO] ASCENDCL(110933,npu_reader):2026-09-21-12:13:45.655.859 [acl.cpp:523]110933 aclInitImpl: successfully execute aclInit, aclInitRefCount is 1
API aclInit(nullptr) => 0
[INFO] ASCENDCL(110933,npu_reader):2026-09-21-12:13:45.655.869 [device.cpp:56]110933 aclrtSetDeviceImpl: start to execute aclrtSetDevice, deviceId = 2.
[INFO] RUNTIME(110933,npu_reader):2026-09-21-12:13:45.655.886 [npu_driver.cc:93] 110933 NpuDriver: Run mode=1 [0:offline, 1:online], env type=3
[INFO] RUNTIME(110933,npu_reader):2026-09-21-12:13:45.655.892 [api_impl.cc:3235] 110933 SetDevice: drv devId=2.
[INFO] RUNTIME(110933,npu_reader):2026-09-21-12:13:45.655.898 [runtime.cc:2701] 110933 DeviceRetain: [dlog api] DlogReportStart exist.
[INFO] DRV(110933,npu_reader):2026-09-21-12:13:45.656.176 [hdc_core.c:1982][ascend][curpid:110933,110933][drv][hdc][drvHdcSetSessionReference]Get pid number. (session=818; pid=110933)
[INFO] RUNTIME(110933,npu_reader):2026-09-21-12:13:45.656.299 [runtime.cc:2708] 110933 DeviceRetain: [dlog api] AtraceReportStart exist.
[INFO] ATRACE(110933,npu_reader):2026-09-21-12:13:45.656.305 [atrace_client_communication.c:103](tid:110933) send [hello] msg.
[INFO] ATRACE(110933,npu_reader):2026-09-21-12:13:45.656.308 [atrace_client_communication.c:63](tid:110933) send msg by adx[begin], resultLen=1024 bytes.
[INFO] DRV(110933,npu_reader):2026-09-21-12:13:45.656.509 [hdc_core.c:1982][ascend][curpid:110933,110933][drv][hdc][drvHdcSetSessionReference]Get pid number. (session=819; pid=110933)
[INFO] DRV(110933,npu_reader):2026-09-21-12:13:45.657.726 [hdc_client.c:425][ascend][curpid:110933,110933][drv][hdc][drvHdcClientSessionClose]Destroy client session. (sock=819)
[INFO] ATRACE(110933,npu_reader):2026-09-21-12:13:45.657.754 [atrace_client_communication.c:65](tid:110933) send msg by adx[finish], ret=0.
[INFO] ATRACE(110933,npu_reader):2026-09-21-12:13:45.657.758 [atrace_client_communication.c:97](tid:110933) msgType=1, magic=49959, version=1.
[INFO] ATRACE(110933,npu_reader):2026-09-21-12:13:45.657.760 [atrace_client_communication.c:135](tid:110933) send [hello] msg successfully.
[INFO] ATRACE(110933,npu_reader):2026-09-21-12:13:45.657.787 [atrace_client_core.c:160](tid:110933) start to receive device[2] trace log.
[INFO] RUNTIME(110933,npu_reader):2026-09-21-12:13:45.657.794 [runtime.cc:1856] 110933 startAicpuExecutor: TsdOpen devId=2
[WARNING] TDT(110933,npu_reader):2026-09-21-12:13:45.657.800 [env_internal_api.cpp:21][GetEnvFromMmSys][tid:110933] Get env[ASCEND_RT_VISIBLE_DEVICES] failed
[INFO] TDT(110933,npu_reader):2026-09-21-12:13:45.657.803 [client_manager.cpp:477][GetVisibleDevices][tid:110933] [TsdClient] Get env ASCEND_RT_VISIBLE_DEVICES [].
[INFO] TDT(110933,npu_reader):2026-09-21-12:13:45.657.817 [client_manager.cpp:172][GetPlatformInfo][tid:110933] [TsdClient] mode[1] chipType[5]
[INFO] TDT(110933,npu_reader):2026-09-21-12:13:45.657.822 [client_manager.cpp:139][GetInstance][tid:110933] [ClientManager] GetInstance, deviceId[2], g_runningMode[0], begin saving instance
[INFO] TDT(110933,npu_reader):2026-09-21-12:13:45.657.825 [client_manager.cpp:141][GetInstance][tid:110933] [ClientManager] Current mode:1
[WARNING] TDT(110933,npu_reader):2026-09-21-12:13:45.657.828 [env_internal_api.cpp:21][GetEnvFromMmSys][tid:110933] Get env[AICPU_PROFILING_MODE] failed
[INFO] TDT(110933,npu_reader):2026-09-21-12:13:45.657.830 [client_manager.cpp:382][GetProfilingMode][tid:110933] Get AICPU_PROFILING_MODE[]
[WARNING] TDT(110933,npu_reader):2026-09-21-12:13:45.657.836 [env_internal_api.cpp:21][GetEnvFromMmSys][tid:110933] Get env[ASCEND_GLOBAL_EVENT_ENABLE] failed
[WARNING] TDT(110933,npu_reader):2026-09-21-12:13:45.657.839 [env_internal_api.cpp:21][GetEnvFromMmSys][tid:110933] Get env[ASCEND_MODULE_LOG_LEVEL] failed
[INFO] TDT(110933,npu_reader):2026-09-21-12:13:45.657.841 [process_mode_base.cpp:145][GetLogLevel][tid:110933] [TsdClient] get ASCEND_GLOBAL_LOG_LEVEL [1] ASCEND_GLOBAL_EVENT_ENABLE [] ASCEND_MODULE_LOG_LEVEL []
[INFO] TDT(110933,npu_reader):2026-09-21-12:13:45.657.868 [process_mode_base.cpp:157][GetLogLevel][tid:110933] [TsdClient] Get Log Level[101]
[INFO] TDT(110933,npu_reader):2026-09-21-12:13:45.657.871 [process_mode_manager.cpp:132][OpenProcess][tid:110933] [ProcessModeManager] enter into open process deviceId[2] rankSize[0]
[INFO] TDT(110933,npu_reader):2026-09-21-12:13:45.657.876 [process_mode_base.cpp:194][CheckNeedToOpen][tid:110933] [TsdClient] get open para startCp[1] startHccp[0] (0:false 1:true)
[INFO] TDT(110933,npu_reader):2026-09-21-12:13:45.657.895 [process_mode_base.cpp:205][GetHostSoPath][tid:110933] dli_fname[/usr/local/Ascend/driver/lib64/driver/libascend_hal.so]
[INFO] TDT(110933,npu_reader):2026-09-21-12:13:45.657.900 [process_mode_base.cpp:217][GetHostSoPath][tid:110933] host so path[/usr/local/Ascend/driver/lib64/driver/]
[INFO] TDT(110933,npu_reader):2026-09-21-12:13:45.657.915 [process_mode_manager.cpp:269][IsSupportCommonSink][tid:110933] mutexFile[/usr/local/Ascend/driver/lib64/driver/sink_file_mutex_0.cfg] found means supporting common sink
[INFO] DRV(110933,npu_reader):2026-09-21-12:13:45.657.957 [devdrv_hccl.c:103][ascend][curpid:110933,110933][drv][devmng][drvGetProcessSign]Process sign list add success.(tgid=913855)
[INFO] TDT(110933,npu_reader):2026-09-21-12:13:45.657.961 [process_mode_manager.cpp:554][InitTsdClient][tid:110933] [TsdClient][deviceId=2] get process sign success, procPid[913855]
[INFO] TDT(110933,npu_reader):2026-09-21-12:13:45.657.964 [process_mode_manager.cpp:561][InitTsdClient][tid:110933] [TsdClient] deviceId[2] begin to init hdc client
[INFO] TDT(110933,npu_reader):2026-09-21-12:13:45.657.971 [hdc_common.cpp:62][InitMsgSize][tid:110933] HdcCommon::InitMsgSize Start
[INFO] TDT(110933,npu_reader):2026-09-21-12:13:45.657.973 [hdc_common.cpp:75][InitMsgSize][tid:110933] msgMaxSize_ = 524288 bytes, msgShortHeadDataMaxSize_ = 524276 bytes, msgLongHeadDataMaxSize_ = 524264 bytes
[INFO] TDT(110933,npu_reader):2026-09-21-12:13:45.657.976 [hdc_client.cpp:146][CommCreateSession][tid:110933] HdcClient::CommCreateSession Start
[INFO] TDT(110933,npu_reader):2026-09-21-12:13:45.658.095 [hdc_client.cpp:170][CommCreateSession][tid:110933] [HdcClient] deviceId: 2 connect session
[INFO] DRV(110933,npu_reader):2026-09-21-12:13:45.658.133 [hdc_core.c:1982][ascend][curpid:110933,110933][drv][hdc][drvHdcSetSessionReference]Get pid number. (session=820; pid=110933)
[INFO] TDT(110933,npu_reader):2026-09-21-12:13:45.658.139 [hdc_client.cpp:181][CommCreateSession][tid:110933] [HdcClient] drvHdcSetSessionReference success
[INFO] TDT(110933,npu_reader):2026-09-21-12:13:45.658.144 [hdc_client.cpp:192][CommCreateSession][tid:110933] [HdcClient] deviceId: 2 connect session and drvHdcSetSessionReference success, sessionId=1
[INFO] TDT(110933,npu_reader):2026-09-21-12:13:45.658.149 [version_verify.cpp:39][SetVersionInfo][tid:110933] VersionVerify: send client version to server
[INFO] TDT(110933,npu_reader):2026-09-21-12:13:45.658.154 [version_verify.cpp:55][SetVersionInfo][tid:110933] send feature_info:{msgType:35, features:{check before send aicpu package}}
[INFO] TDT(110933,npu_reader):2026-09-21-12:13:45.658.158 [version_verify.cpp:55][SetVersionInfo][tid:110933] send feature_info:{msgType:37, features:{check before send open qs message}}
[INFO] TDT(110933,npu_reader):2026-09-21-12:13:45.658.161 [version_verify.cpp:55][SetVersionInfo][tid:110933] send feature_info:{msgType:64, features:{get check code retry}}
[WARNING] TDT(110933,npu_reader):2026-09-21-12:13:45.658.234 [tsd_util_func.cpp:150][GetScheduleEnv][tid:110933] Get env[DATAMASTER_RUN_MODE] failed
[INFO] DRV(110933,npu_reader):2026-09-21-12:13:45.658.855 [hdc_core.c:1982][ascend][curpid:110933,111007][drv][hdc][drvHdcSetSessionReference]Get pid number. (session=821; pid=110933)
[INFO] ATRACE(110933,npu_reader):2026-09-21-12:13:45.658.955 [atrace_client_communication.c:177](tid:111007) send [start] msg.
[INFO] ATRACE(110933,npu_reader):2026-09-21-12:13:45.659.019 [atrace_client_communication.c:189](tid:111007) send [start] msg successfully.
[INFO] TDT(110933,npu_reader):2026-09-21-12:13:45.659.032 [version_verify.cpp:71][PeerVersionCheck][tid:110933] VersionVerify: Check client version info, server[1230], client[1230]
[INFO] TDT(110933,npu_reader):2026-09-21-12:13:45.659.041 [version_verify.cpp:92][ParseVersionInfo][tid:110933] VersionVerify: pass client version info success
[INFO] TDT(110933,npu_reader):2026-09-21-12:13:45.659.044 [hdc_client.cpp:243][CheckHdcConnection][tid:110933] Service create hdc successfully.
[INFO] TDT(110933,npu_reader):2026-09-21-12:13:45.659.056 [process_mode_manager.cpp:2510][GetShortSocVersion][tid:110933] get soc_version:Ascend910_9362
[INFO] FE(110933,npu_reader):2026-09-21-12:13:45.659.080 [platform_info.cpp:75]110933 GetConfigFilePath:Current so file path is [/usr/local/Ascend/cann-9.1.0/aarch64-linux/].
[INFO] TDT(110933,npu_reader):2026-09-21-12:13:45.659.824 [process_mode_manager.cpp:2520][GetShortSocVersion][tid:110933] get short_soc_version:Ascend910_93
[INFO] TDT(110933,npu_reader):2026-09-21-12:13:45.659.843 [package_process_config.cpp:114][GetHostFilePath][tid:110933] get config path:/usr/local/Ascend/cann-9.1.0//conf/ascend_package_load.ini
[INFO] TDT(110933,npu_reader):2026-09-21-12:13:45.659.870 [package_process_config.cpp:142][ParseConfigDataFromFile][tid:110933] read config data current line:name:Ascend-aicpu_legacy.tar.gz
[INFO] TDT(110933,npu_reader):2026-09-21-12:13:45.659.884 [package_process_config.cpp:114][GetHostFilePath][tid:110933] get config path:/usr/local/Ascend/cann-9.1.0/opp/Ascend/aicpu/Ascend-aicpu_legacy.tar.gz
[INFO] TDT(110933,npu_reader):2026-09-21-12:13:45.659.887 [package_process_config.cpp:424][SetPkgHostTruePath][tid:110933] get package:Ascend-aicpu_legacy.tar.gz host real path:/usr/local/Ascend/cann-9.1.0/opp/Ascend/aicpu/Ascend-aicpu_legacy.tar.gz
[INFO] TDT(110933,npu_reader):2026-09-21-12:13:45.659.890 [package_process_config.cpp:45][PrintfInfo][tid:110933] package:Ascend-aicpu_legacy.tar.gz, decDstDir:2, findPath:opp, hostTruePath:/usr/local/Ascend/cann-9.1.0/opp/Ascend/aicpu/Ascend-aicpu_legacy.tar.gz, optionalFlag:1, validFlag:1, loadAsPerSocFlag:0
[INFO] TDT(110933,npu_reader):2026-09-21-12:13:45.659.893 [package_process_config.cpp:264][SetConfigDataOnHost][tid:110933] insert package:Ascend-aicpu_legacy.tar.gz config
[INFO] TDT(110933,npu_reader):2026-09-21-12:13:45.659.896 [package_process_config.cpp:142][ParseConfigDataFromFile][tid:110933] read config data current line:name:Ascend910-aicpu_legacy.tar.gz
[INFO] TDT(110933,npu_reader):2026-09-21-12:13:45.659.905 [package_process_config.cpp:111][GetHostFilePath][tid:110933] cannot get package file:/usr/local/Ascend/cann-9.1.0/opp/Ascend/aicpu/Ascend910-aicpu_legacy.tar.gz, reason:No such file or directory
[INFO] TDT(110933,npu_reader):2026-09-21-12:13:45.659.908 [package_process_config.cpp:424][SetPkgHostTruePath][tid:110933] get package:Ascend910-aicpu_legacy.tar.gz host real path:
[INFO] TDT(110933,npu_reader):2026-09-21-12:13:45.659.910 [package_process_config.cpp:45][PrintfInfo][tid:110933] package:Ascend910-aicpu_legacy.tar.gz, decDstDir:2, findPath:opp, hostTruePath:, optionalFlag:1, validFlag:1, loadAsPerSocFlag:0
[INFO] TDT(110933,npu_reader):2026-09-21-12:13:45.659.913 [package_process_config.cpp:264][SetConfigDataOnHost][tid:110933] insert package:Ascend910-aicpu_legacy.tar.gz config
[INFO] TDT(110933,npu_reader):2026-09-21-12:13:45.659.916 [package_process_config.cpp:142][ParseConfigDataFromFile][tid:110933] read config data current line:name:Ascend310P-aicpu_legacy.tar.gz
[INFO] TDT(110933,npu_reader):2026-09-21-12:13:45.659.923 [package_process_config.cpp:111][GetHostFilePath][tid:110933] cannot get package file:/usr/local/Ascend/cann-9.1.0/opp/Ascend/aicpu/Ascend310P-aicpu_legacy.tar.gz, reason:No such file or directory
[INFO] TDT(110933,npu_reader):2026-09-21-12:13:45.659.926 [package_process_config.cpp:424][SetPkgHostTruePath][tid:110933] get package:Ascend310P-aicpu_legacy.tar.gz host real path:
[INFO] TDT(110933,npu_reader):2026-09-21-12:13:45.659.928 [package_process_config.cpp:45][PrintfInfo][tid:110933] package:Ascend310P-aicpu_legacy.tar.gz, decDstDir:2, findPath:opp, hostTruePath:, optionalFlag:1, validFlag:1, loadAsPerSocFlag:0
[INFO] TDT(110933,npu_reader):2026-09-21-12:13:45.659.932 [package_process_config.cpp:264][SetConfigDataOnHost][tid:110933] insert package:Ascend310P-aicpu_legacy.tar.gz config
[INFO] TDT(110933,npu_reader):2026-09-21-12:13:45.659.935 [package_process_config.cpp:142][ParseConfigDataFromFile][tid:110933] read config data current line:name:aicpu_hccl.tar.gz
[INFO] TDT(110933,npu_reader):2026-09-21-12:13:45.659.947 [package_process_config.cpp:114][GetHostFilePath][tid:110933] get config path:/usr/local/Ascend/cann-9.1.0/opp/built-in/op_impl/aicpu/kernel/aicpu_hccl.tar.gz
[INFO] TDT(110933,npu_reader):2026-09-21-12:13:45.659.951 [package_process_config.cpp:424][SetPkgHostTruePath][tid:110933] get package:aicpu_hccl.tar.gz host real path:/usr/local/Ascend/cann-9.1.0/opp/built-in/op_impl/aicpu/kernel/aicpu_hccl.tar.gz
[INFO] TDT(110933,npu_reader):2026-09-21-12:13:45.659.954 [package_process_config.cpp:45][PrintfInfo][tid:110933] package:aicpu_hccl.tar.gz, decDstDir:2, findPath:opp/built-in/op_impl/aicpu/kernel, hostTruePath:/usr/local/Ascend/cann-9.1.0/opp/built-in/op_impl/aicpu/kernel/aicpu_hccl.tar.gz, optionalFlag:1, validFlag:1, loadAsPerSocFlag:0
[INFO] TDT(110933,npu_reader):2026-09-21-12:13:45.659.957 [package_process_config.cpp:264][SetConfigDataOnHost][tid:110933] insert package:aicpu_hccl.tar.gz config
[INFO] TDT(110933,npu_reader):2026-09-21-12:13:45.659.960 [package_process_config.cpp:142][ParseConfigDataFromFile][tid:110933] read config data current line:name:mc2_server.tar.gz
[INFO] TDT(110933,npu_reader):2026-09-21-12:13:45.659.967 [package_process_config.cpp:114][GetHostFilePath][tid:110933] get config path:/usr/local/Ascend/cann-9.1.0/opp/built-in/op_impl/aicpu/kernel/mc2_server.tar.gz
[INFO] TDT(110933,npu_reader):2026-09-21-12:13:45.659.970 [package_process_config.cpp:424][SetPkgHostTruePath][tid:110933] get package:mc2_server.tar.gz host real path:/usr/local/Ascend/cann-9.1.0/opp/built-in/op_impl/aicpu/kernel/mc2_server.tar.gz
[INFO] TDT(110933,npu_reader):2026-09-21-12:13:45.659.972 [package_process_config.cpp:45][PrintfInfo][tid:110933] package:mc2_server.tar.gz, decDstDir:2, findPath:opp/built-in/op_impl/aicpu/kernel, hostTruePath:/usr/local/Ascend/cann-9.1.0/opp/built-in/op_impl/aicpu/kernel/mc2_server.tar.gz, optionalFlag:1, validFlag:1, loadAsPerSocFlag:0
[INFO] TDT(110933,npu_reader):2026-09-21-12:13:45.659.975 [package_process_config.cpp:264][SetConfigDataOnHost][tid:110933] insert package:mc2_server.tar.gz config
[INFO] TDT(110933,npu_reader):2026-09-21-12:13:45.659.977 [package_process_config.cpp:142][ParseConfigDataFromFile][tid:110933] read config data current line:name:aicpu_hcomm.tar.gz
[INFO] TDT(110933,npu_reader):2026-09-21-12:13:45.659.985 [package_process_config.cpp:114][GetHostFilePath][tid:110933] get config path:/usr/local/Ascend/cann-9.1.0/opp/built-in/op_impl/aicpu/kernel/aicpu_hcomm.tar.gz
[INFO] TDT(110933,npu_reader):2026-09-21-12:13:45.659.987 [package_process_config.cpp:424][SetPkgHostTruePath][tid:110933] get package:aicpu_hcomm.tar.gz host real path:/usr/local/Ascend/cann-9.1.0/opp/built-in/op_impl/aicpu/kernel/aicpu_hcomm.tar.gz
[INFO] TDT(110933,npu_reader):2026-09-21-12:13:45.659.990 [package_process_config.cpp:45][PrintfInfo][tid:110933] package:aicpu_hcomm.tar.gz, decDstDir:2, findPath:opp/built-in/op_impl/aicpu/kernel, hostTruePath:/usr/local/Ascend/cann-9.1.0/opp/built-in/op_impl/aicpu/kernel/aicpu_hcomm.tar.gz, optionalFlag:1, validFlag:1, loadAsPerSocFlag:0
[INFO] TDT(110933,npu_reader):2026-09-21-12:13:45.659.992 [package_process_config.cpp:264][SetConfigDataOnHost][tid:110933] insert package:aicpu_hcomm.tar.gz config
[INFO] TDT(110933,npu_reader):2026-09-21-12:13:45.659.995 [package_process_config.cpp:142][ParseConfigDataFromFile][tid:110933] read config data current line:name:cann-hixl-compat.tar.gz
[INFO] TDT(110933,npu_reader):2026-09-21-12:13:45.660.003 [package_process_config.cpp:114][GetHostFilePath][tid:110933] get config path:/usr/local/Ascend/cann-9.1.0/opp/built-in/op_impl/aicpu/kernel/cann-hixl-compat.tar.gz
[INFO] TDT(110933,npu_reader):2026-09-21-12:13:45.660.005 [package_process_config.cpp:424][SetPkgHostTruePath][tid:110933] get package:cann-hixl-compat.tar.gz host real path:/usr/local/Ascend/cann-9.1.0/opp/built-in/op_impl/aicpu/kernel/cann-hixl-compat.tar.gz
[INFO] TDT(110933,npu_reader):2026-09-21-12:13:45.660.008 [package_process_config.cpp:45][PrintfInfo][tid:110933] package:cann-hixl-compat.tar.gz, decDstDir:2, findPath:opp/built-in/op_impl/aicpu/kernel, hostTruePath:/usr/local/Ascend/cann-9.1.0/opp/built-in/op_impl/aicpu/kernel/cann-hixl-compat.tar.gz, optionalFlag:1, validFlag:1, loadAsPerSocFlag:0
[INFO] TDT(110933,npu_reader):2026-09-21-12:13:45.660.011 [package_process_config.cpp:264][SetConfigDataOnHost][tid:110933] insert package:cann-hixl-compat.tar.gz config
[INFO] TDT(110933,npu_reader):2026-09-21-12:13:45.660.014 [package_process_config.cpp:142][ParseConfigDataFromFile][tid:110933] read config data current line:name:cann-hcomm-compat.tar.gz
[INFO] TDT(110933,npu_reader):2026-09-21-12:13:45.660.022 [package_process_config.cpp:114][GetHostFilePath][tid:110933] get config path:/usr/local/Ascend/cann-9.1.0/compat/cann-hcomm-compat.tar.gz
[INFO] TDT(110933,npu_reader):2026-09-21-12:13:45.660.025 [package_process_config.cpp:424][SetPkgHostTruePath][tid:110933] get package:cann-hcomm-compat.tar.gz host real path:/usr/local/Ascend/cann-9.1.0/compat/cann-hcomm-compat.tar.gz
[INFO] TDT(110933,npu_reader):2026-09-21-12:13:45.660.027 [package_process_config.cpp:45][PrintfInfo][tid:110933] package:cann-hcomm-compat.tar.gz, decDstDir:3, findPath:compat, hostTruePath:/usr/local/Ascend/cann-9.1.0/compat/cann-hcomm-compat.tar.gz, optionalFlag:1, validFlag:1, loadAsPerSocFlag:0
[INFO] TDT(110933,npu_reader):2026-09-21-12:13:45.660.030 [package_process_config.cpp:264][SetConfigDataOnHost][tid:110933] insert package:cann-hcomm-compat.tar.gz config
[INFO] TDT(110933,npu_reader):2026-09-21-12:13:45.660.032 [package_process_config.cpp:142][ParseConfigDataFromFile][tid:110933] read config data current line:name:cann-hccd-compat.tar.gz
[INFO] TDT(110933,npu_reader):2026-09-21-12:13:45.660.040 [package_process_config.cpp:114][GetHostFilePath][tid:110933] get config path:/usr/local/Ascend/cann-9.1.0/compat/cann-hccd-compat.tar.gz
[INFO] TDT(110933,npu_reader):2026-09-21-12:13:45.660.042 [package_process_config.cpp:424][SetPkgHostTruePath][tid:110933] get package:cann-hccd-compat.tar.gz host real path:/usr/local/Ascend/cann-9.1.0/compat/cann-hccd-compat.tar.gz
[INFO] TDT(110933,npu_reader):2026-09-21-12:13:45.660.044 [package_process_config.cpp:45][PrintfInfo][tid:110933] package:cann-hccd-compat.tar.gz, decDstDir:0, findPath:compat, hostTruePath:/usr/local/Ascend/cann-9.1.0/compat/cann-hccd-compat.tar.gz, optionalFlag:1, validFlag:1, loadAsPerSocFlag:0
[INFO] TDT(110933,npu_reader):2026-09-21-12:13:45.660.047 [package_process_config.cpp:264][SetConfigDataOnHost][tid:110933] insert package:cann-hccd-compat.tar.gz config
[INFO] TDT(110933,npu_reader):2026-09-21-12:13:45.660.050 [package_process_config.cpp:142][ParseConfigDataFromFile][tid:110933] read config data current line:name:cann-udf-compat.tar.gz
[INFO] TDT(110933,npu_reader):2026-09-21-12:13:45.660.056 [package_process_config.cpp:114][GetHostFilePath][tid:110933] get config path:/usr/local/Ascend/cann-9.1.0/compat/cann-udf-compat.tar.gz
[INFO] TDT(110933,npu_reader):2026-09-21-12:13:45.660.059 [package_process_config.cpp:424][SetPkgHostTruePath][tid:110933] get package:cann-udf-compat.tar.gz host real path:/usr/local/Ascend/cann-9.1.0/compat/cann-udf-compat.tar.gz
[INFO] TDT(110933,npu_reader):2026-09-21-12:13:45.660.061 [package_process_config.cpp:45][PrintfInfo][tid:110933] package:cann-udf-compat.tar.gz, decDstDir:0, findPath:compat, hostTruePath:/usr/local/Ascend/cann-9.1.0/compat/cann-udf-compat.tar.gz, optionalFlag:1, validFlag:1, loadAsPerSocFlag:0
[INFO] TDT(110933,npu_reader):2026-09-21-12:13:45.660.064 [package_process_config.cpp:264][SetConfigDataOnHost][tid:110933] insert package:cann-udf-compat.tar.gz config
[INFO] TDT(110933,npu_reader):2026-09-21-12:13:45.660.066 [package_process_config.cpp:142][ParseConfigDataFromFile][tid:110933] read config data current line:name:cann-tsch-compat.tar.gz
[INFO] TDT(110933,npu_reader):2026-09-21-12:13:45.660.075 [package_process_config.cpp:114][GetHostFilePath][tid:110933] get config path:/usr/local/Ascend/cann-9.1.0/compat/cann-tsch-compat.tar.gz
[INFO] TDT(110933,npu_reader):2026-09-21-12:13:45.660.077 [package_process_config.cpp:424][SetPkgHostTruePath][tid:110933] get package:cann-tsch-compat.tar.gz host real path:/usr/local/Ascend/cann-9.1.0/compat/cann-tsch-compat.tar.gz
[INFO] TDT(110933,npu_reader):2026-09-21-12:13:45.660.080 [package_process_config.cpp:45][PrintfInfo][tid:110933] package:cann-tsch-compat.tar.gz, decDstDir:3, findPath:compat, hostTruePath:/usr/local/Ascend/cann-9.1.0/compat/cann-tsch-compat.tar.gz, optionalFlag:1, validFlag:1, loadAsPerSocFlag:0
[INFO] TDT(110933,npu_reader):2026-09-21-12:13:45.660.083 [package_process_config.cpp:264][SetConfigDataOnHost][tid:110933] insert package:cann-tsch-compat.tar.gz config
[INFO] TDT(110933,npu_reader):2026-09-21-12:13:45.660.100 [package_process_config.cpp:328][RefreshHostPluginVersions][tid:110933] host plugin pkg:cann-hcomm-compat.tar.gz ini parsed, version:9.1.0 timestamp:20260921_190035795
[INFO] TDT(110933,npu_reader):2026-09-21-12:13:45.660.112 [package_process_config.cpp:328][RefreshHostPluginVersions][tid:110933] host plugin pkg:cann-tsch-compat.tar.gz ini parsed, version:9.1.0 timestamp:20260730_231653901
[INFO] TDT(110933,npu_reader):2026-09-21-12:13:45.660.124 [package_process_config.cpp:114][GetHostFilePath][tid:110933] get config path:/usr/local/Ascend/cann-9.1.0//conf/ascend_package_load.ini
[INFO] TDT(110933,npu_reader):2026-09-21-12:13:45.660.139 [tsd_sha256.cpp:275][operator()][tid:110933] [TsdSha256] Using ARM SHA2 Crypto Extensions accelerated path.
[INFO] TDT(110933,npu_reader):2026-09-21-12:13:45.660.146 [package_process_config.cpp:296][ConstructPkgConfigMsg][tid:110933] set config hash code:38b4b47eb913cf1085561f45e65f34545947a6650a0170ec4e4c333a0dc1912f
[INFO] TDT(110933,npu_reader):2026-09-21-12:13:45.660.150 [version_verify.cpp:117][SpecialFeatureCheck][tid:110933] VersionVerify: previous type[69], supported
[INFO] TDT(110933,npu_reader):2026-09-21-12:13:45.660.211 [hdc_client.cpp:116][CommRecvData][tid:110933] recv timeout is:150000 ms
[INFO] TDT(110933,npu_reader):2026-09-21-12:13:45.661.218 [process_mode_msg_parse.cpp:147][ServerToClientMsgProc][tid:110933] [ServerToClientMsgProc] [sessionID=1]
[INFO] TDT(110933,npu_reader):2026-09-21-12:13:45.661.226 [process_mode_msg_parse.cpp:450][SetDeviceCommonSinkPackHashValue][tid:110933] update device package:Ascend-aicpu_legacy.tar.gz hash value:ae6b685f4c145fe9fb9be3e631870b438c89caf22eec22d8eef34b57d7db0ee1
[INFO] TDT(110933,npu_reader):2026-09-21-12:13:45.661.229 [process_mode_msg_parse.cpp:450][SetDeviceCommonSinkPackHashValue][tid:110933] update device package:aicpu_hccl.tar.gz hash value:44aacf15f6653b693eaf49a09bcdfe9bcc32205430043bba6f2c854851a49770
[INFO] TDT(110933,npu_reader):2026-09-21-12:13:45.661.232 [process_mode_msg_parse.cpp:450][SetDeviceCommonSinkPackHashValue][tid:110933] update device package:aicpu_hcomm.tar.gz hash value:e233eb7231071c5f5a99cf481549d80257641725fa3ff2c142571df81e6e3da2
[INFO] TDT(110933,npu_reader):2026-09-21-12:13:45.661.235 [process_mode_msg_parse.cpp:450][SetDeviceCommonSinkPackHashValue][tid:110933] update device package:cann-hixl-compat.tar.gz hash value:5aca585d459281e4b5809269c789b7adba50c95bb26bcfe6e1bf3d1b3498eb5c
[INFO] TDT(110933,npu_reader):2026-09-21-12:13:45.661.237 [process_mode_msg_parse.cpp:202][HandleDevicePluginVersionRsp][tid:110933] device plugin info rsp, pkgCount:0
[INFO] TDT(110933,npu_reader):2026-09-21-12:13:45.661.240 [process_mode_msg_parse.cpp:142][DeviceMsgProcess][tid:110933] [TsdClient] DeviceMsgProc recvMsg realDeviceId[2] msgType[70] localDevId[2] rspCode[0]heterogeneousSubPid[0], tsdSupportLevel_[0]
[INFO] TDT(110933,npu_reader):2026-09-21-12:13:45.661.242 [hdc_client.cpp:134][CommRecvData][tid:110933] [deviceId=2] the Tsd recv data already
[INFO] TDT(110933,npu_reader):2026-09-21-12:13:45.661.246 [process_mode_manager.cpp:2216][LoadPackageConfigInfoToDevice][tid:110933] Receive load package config response result:0
[INFO] TDT(110933,npu_reader):2026-09-21-12:13:45.661.258 [process_mode_manager.cpp:269][IsSupportCommonSink][tid:110933] mutexFile[/usr/local/Ascend/driver/lib64/driver/sink_file_mutex_0.cfg] found means supporting common sink
[INFO] TDT(110933,npu_reader):2026-09-21-12:13:45.661.261 [process_mode_manager.cpp:287][LoadSysOpKernel][tid:110933] [TsdClient][logicDeviceId_=2] use legacy package
[INFO] TDT(110933,npu_reader):2026-09-21-12:13:45.661.265 [client_manager.cpp:343][GetPackagePath][tid:110933] [TsdClient][deviceId=2] get packagePath[/usr/local/Ascend/cann-9.1.0/opp/built-in/]
[INFO] TDT(110933,npu_reader):2026-09-21-12:13:45.661.299 [client_manager.cpp:270][CheckPackageExistsOnce][tid:110933] [TsdClient][deviceId=2] check file[.], packageType[6]
[INFO] TDT(110933,npu_reader):2026-09-21-12:13:45.661.313 [client_manager.cpp:270][CheckPackageExistsOnce][tid:110933] [TsdClient][deviceId=2] check file[..], packageType[6]
[INFO] TDT(110933,npu_reader):2026-09-21-12:13:45.661.324 [client_manager.cpp:270][CheckPackageExistsOnce][tid:110933] [TsdClient][deviceId=2] check file[data], packageType[6]
[INFO] TDT(110933,npu_reader):2026-09-21-12:13:45.661.333 [client_manager.cpp:270][CheckPackageExistsOnce][tid:110933] [TsdClient][deviceId=2] check file[framework], packageType[6]
[INFO] TDT(110933,npu_reader):2026-09-21-12:13:45.661.343 [client_manager.cpp:270][CheckPackageExistsOnce][tid:110933] [TsdClient][deviceId=2] check file[op_graph], packageType[6]
[INFO] TDT(110933,npu_reader):2026-09-21-12:13:45.661.352 [client_manager.cpp:270][CheckPackageExistsOnce][tid:110933] [TsdClient][deviceId=2] check file[op_impl], packageType[6]
[INFO] TDT(110933,npu_reader):2026-09-21-12:13:45.661.361 [client_manager.cpp:270][CheckPackageExistsOnce][tid:110933] [TsdClient][deviceId=2] check file[op_proto], packageType[6]
[INFO] TDT(110933,npu_reader):2026-09-21-12:13:45.661.370 [client_manager.cpp:282][CheckPackageExistsOnce][tid:110933] [TsdClient][deviceId=2] pkg size[0] in path[/usr/local/Ascend/cann-9.1.0/opp/built-in/] must be only one, skip send package, packageType[6]
[INFO] TDT(110933,npu_reader):2026-09-21-12:13:45.661.373 [process_mode_manager.cpp:292][LoadSysOpKernel][tid:110933] [TsdClient][logicDeviceId_=2] can not find aicpu packages
[INFO] TDT(110933,npu_reader):2026-09-21-12:13:45.661.382 [process_mode_manager.cpp:269][IsSupportCommonSink][tid:110933] mutexFile[/usr/local/Ascend/driver/lib64/driver/sink_file_mutex_0.cfg] found means supporting common sink
[INFO] TDT(110933,npu_reader):2026-09-21-12:13:45.661.391 [process_mode_manager.cpp:2307][LoadSinglePackageToDevice][tid:110933] begin to load package:Ascend-aicpu_legacy.tar.gz to device:2
[INFO] TDT(110933,npu_reader):2026-09-21-12:13:45.661.395 [process_mode_manager.cpp:2264][SupportLoadPkg][tid:110933] current package:Ascend-aicpu_legacy.tar.gz does not need to check chiptype
[INFO] TDT(110933,npu_reader):2026-09-21-12:13:45.661.399 [package_process_config.cpp:393][GetPkgHostAndDeviceDstPath][tid:110933] get orgFile:/usr/local/Ascend/cann-9.1.0/opp/Ascend/aicpu/Ascend-aicpu_legacy.tar.gz, dstFile:/home/HwHiAiUser/hdcd/device0/aicpu/913855_Ascend-aicpu_legacy.tar.gz
[INFO] TDT(110933,npu_reader):2026-09-21-12:13:45.751.151 [process_mode_manager.cpp:456][SetHostCommonSinkPackHashValue][tid:110933] update host package:Ascend-aicpu_legacy.tar.gz hash value:ae6b685f4c145fe9fb9be3e631870b438c89caf22eec22d8eef34b57d7db0ee1
[INFO] TDT(110933,npu_reader):2026-09-21-12:13:45.751.163 [process_mode_manager.cpp:473][GetHostCommonSinkPackHashValue][tid:110933] get host package:Ascend-aicpu_legacy.tar.gz, hash value:ae6b685f4c145fe9fb9be3e631870b438c89caf22eec22d8eef34b57d7db0ee1
[INFO] TDT(110933,npu_reader):2026-09-21-12:13:45.751.167 [process_mode_manager.cpp:463][GetDeviceCommonSinkPackHashValue][tid:110933] get device package:Ascend-aicpu_legacy.tar.gz, hash value:ae6b685f4c145fe9fb9be3e631870b438c89caf22eec22d8eef34b57d7db0ee1
[INFO] TDT(110933,npu_reader):2026-09-21-12:13:45.751.170 [process_mode_manager.cpp:473][GetHostCommonSinkPackHashValue][tid:110933] get host package:Ascend-aicpu_legacy.tar.gz, hash value:ae6b685f4c145fe9fb9be3e631870b438c89caf22eec22d8eef34b57d7db0ee1
[INFO] TDT(110933,npu_reader):2026-09-21-12:13:45.751.172 [process_mode_manager.cpp:2333][LoadSinglePackageToDevice][tid:110933] current package:Ascend-aicpu_legacy.tar.gz is same as device, skip load
[INFO] TDT(110933,npu_reader):2026-09-21-12:13:45.751.176 [process_mode_manager.cpp:2307][LoadSinglePackageToDevice][tid:110933] begin to load package:Ascend310P-aicpu_legacy.tar.gz to device:2
[INFO] TDT(110933,npu_reader):2026-09-21-12:13:45.751.181 [process_mode_manager.cpp:2264][SupportLoadPkg][tid:110933] current package:Ascend310P-aicpu_legacy.tar.gz does not need to check chiptype
[INFO] TDT(110933,npu_reader):2026-09-21-12:13:45.751.185 [package_process_config.cpp:387][GetPkgHostAndDeviceDstPath][tid:110933] cannot find package:Ascend310P-aicpu_legacy.tar.gz
[INFO] TDT(110933,npu_reader):2026-09-21-12:13:45.751.187 [process_mode_manager.cpp:2322][LoadSinglePackageToDevice][tid:110933] cannot find package:Ascend310P-aicpu_legacy.tar.gz, optional is true skip
[INFO] TDT(110933,npu_reader):2026-09-21-12:13:45.751.190 [process_mode_manager.cpp:2307][LoadSinglePackageToDevice][tid:110933] begin to load package:Ascend910-aicpu_legacy.tar.gz to device:2
[INFO] TDT(110933,npu_reader):2026-09-21-12:13:45.751.192 [process_mode_manager.cpp:2264][SupportLoadPkg][tid:110933] current package:Ascend910-aicpu_legacy.tar.gz does not need to check chiptype
[INFO] TDT(110933,npu_reader):2026-09-21-12:13:45.751.195 [package_process_config.cpp:387][GetPkgHostAndDeviceDstPath][tid:110933] cannot find package:Ascend910-aicpu_legacy.tar.gz
[INFO] TDT(110933,npu_reader):2026-09-21-12:13:45.751.197 [process_mode_manager.cpp:2322][LoadSinglePackageToDevice][tid:110933] cannot find package:Ascend910-aicpu_legacy.tar.gz, optional is true skip
[INFO] TDT(110933,npu_reader):2026-09-21-12:13:45.751.200 [process_mode_manager.cpp:2307][LoadSinglePackageToDevice][tid:110933] begin to load package:aicpu_hccl.tar.gz to device:2
[INFO] TDT(110933,npu_reader):2026-09-21-12:13:45.751.202 [process_mode_manager.cpp:2277][SupportLoadPkg][tid:110933] current device chip:5 support package:aicpu_hccl.tar.gz
[INFO] TDT(110933,npu_reader):2026-09-21-12:13:45.751.206 [package_process_config.cpp:393][GetPkgHostAndDeviceDstPath][tid:110933] get orgFile:/usr/local/Ascend/cann-9.1.0/opp/built-in/op_impl/aicpu/kernel/aicpu_hccl.tar.gz, dstFile:/home/HwHiAiUser/hdcd/device0/aicpu/913855_aicpu_hccl.tar.gz
[INFO] TDT(110933,npu_reader):2026-09-21-12:13:45.752.888 [process_mode_manager.cpp:456][SetHostCommonSinkPackHashValue][tid:110933] update host package:aicpu_hccl.tar.gz hash value:44aacf15f6653b693eaf49a09bcdfe9bcc32205430043bba6f2c854851a49770
[INFO] TDT(110933,npu_reader):2026-09-21-12:13:45.752.895 [process_mode_manager.cpp:473][GetHostCommonSinkPackHashValue][tid:110933] get host package:aicpu_hccl.tar.gz, hash value:44aacf15f6653b693eaf49a09bcdfe9bcc32205430043bba6f2c854851a49770
[INFO] TDT(110933,npu_reader):2026-09-21-12:13:45.752.898 [process_mode_manager.cpp:463][GetDeviceCommonSinkPackHashValue][tid:110933] get device package:aicpu_hccl.tar.gz, hash value:44aacf15f6653b693eaf49a09bcdfe9bcc32205430043bba6f2c854851a49770
[INFO] TDT(110933,npu_reader):2026-09-21-12:13:45.752.901 [process_mode_manager.cpp:473][GetHostCommonSinkPackHashValue][tid:110933] get host package:aicpu_hccl.tar.gz, hash value:44aacf15f6653b693eaf49a09bcdfe9bcc32205430043bba6f2c854851a49770
[INFO] TDT(110933,npu_reader):2026-09-21-12:13:45.752.903 [process_mode_manager.cpp:2333][LoadSinglePackageToDevice][tid:110933] current package:aicpu_hccl.tar.gz is same as device, skip load
[INFO] TDT(110933,npu_reader):2026-09-21-12:13:45.752.906 [process_mode_manager.cpp:2307][LoadSinglePackageToDevice][tid:110933] begin to load package:aicpu_hcomm.tar.gz to device:2
[INFO] TDT(110933,npu_reader):2026-09-21-12:13:45.752.909 [process_mode_manager.cpp:2277][SupportLoadPkg][tid:110933] current device chip:5 support package:aicpu_hcomm.tar.gz
[INFO] TDT(110933,npu_reader):2026-09-21-12:13:45.752.913 [package_process_config.cpp:393][GetPkgHostAndDeviceDstPath][tid:110933] get orgFile:/usr/local/Ascend/cann-9.1.0/opp/built-in/op_impl/aicpu/kernel/aicpu_hcomm.tar.gz, dstFile:/home/HwHiAiUser/hdcd/device0/aicpu/913855_aicpu_hcomm.tar.gz
[INFO] TDT(110933,npu_reader):2026-09-21-12:13:45.763.658 [process_mode_manager.cpp:456][SetHostCommonSinkPackHashValue][tid:110933] update host package:aicpu_hcomm.tar.gz hash value:e233eb7231071c5f5a99cf481549d80257641725fa3ff2c142571df81e6e3da2
[INFO] TDT(110933,npu_reader):2026-09-21-12:13:45.763.673 [process_mode_manager.cpp:473][GetHostCommonSinkPackHashValue][tid:110933] get host package:aicpu_hcomm.tar.gz, hash value:e233eb7231071c5f5a99cf481549d80257641725fa3ff2c142571df81e6e3da2
[INFO] TDT(110933,npu_reader):2026-09-21-12:13:45.763.676 [process_mode_manager.cpp:463][GetDeviceCommonSinkPackHashValue][tid:110933] get device package:aicpu_hcomm.tar.gz, hash value:e233eb7231071c5f5a99cf481549d80257641725fa3ff2c142571df81e6e3da2
[INFO] TDT(110933,npu_reader):2026-09-21-12:13:45.763.679 [process_mode_manager.cpp:473][GetHostCommonSinkPackHashValue][tid:110933] get host package:aicpu_hcomm.tar.gz, hash value:e233eb7231071c5f5a99cf481549d80257641725fa3ff2c142571df81e6e3da2
[INFO] TDT(110933,npu_reader):2026-09-21-12:13:45.763.681 [process_mode_manager.cpp:2333][LoadSinglePackageToDevice][tid:110933] current package:aicpu_hcomm.tar.gz is same as device, skip load
[INFO] TDT(110933,npu_reader):2026-09-21-12:13:45.763.685 [process_mode_manager.cpp:2307][LoadSinglePackageToDevice][tid:110933] begin to load package:cann-hccd-compat.tar.gz to device:2
[INFO] TDT(110933,npu_reader):2026-09-21-12:13:45.763.688 [process_mode_manager.cpp:2269][SupportLoadPkg][tid:110933] package is not need load, name:cann-hccd-compat.tar.gz
[INFO] TDT(110933,npu_reader):2026-09-21-12:13:45.763.690 [process_mode_manager.cpp:2309][LoadSinglePackageToDevice][tid:110933] current package:cann-hccd-compat.tar.gz does not need to load to device:2
[INFO] TDT(110933,npu_reader):2026-09-21-12:13:45.763.692 [process_mode_manager.cpp:2307][LoadSinglePackageToDevice][tid:110933] begin to load package:cann-hcomm-compat.tar.gz to device:2
[INFO] TDT(110933,npu_reader):2026-09-21-12:13:45.763.695 [process_mode_manager.cpp:2277][SupportLoadPkg][tid:110933] current device chip:5 support package:cann-hcomm-compat.tar.gz
[INFO] TDT(110933,npu_reader):2026-09-21-12:13:45.763.699 [process_mode_manager.cpp:544][InitTsdClient][tid:110933] [TsdClient] tsd client has already been initialized
[INFO] TDT(110933,npu_reader):2026-09-21-12:13:45.763.704 [version_verify.cpp:117][SpecialFeatureCheck][tid:110933] VersionVerify: previous type[40], supported
[INFO] TDT(110933,npu_reader):2026-09-21-12:13:45.763.770 [hdc_client.cpp:116][CommRecvData][tid:110933] recv timeout is:10000 ms
[INFO] TDT(110933,npu_reader):2026-09-21-12:13:45.764.673 [process_mode_msg_parse.cpp:147][ServerToClientMsgProc][tid:110933] [ServerToClientMsgProc] [sessionID=1]
[INFO] TDT(110933,npu_reader):2026-09-21-12:13:45.764.681 [process_mode_msg_parse.cpp:142][DeviceMsgProcess][tid:110933] [TsdClient] DeviceMsgProc recvMsg realDeviceId[2] msgType[41] localDevId[2] rspCode[0]heterogeneousSubPid[0], tsdSupportLevel_[511]
[INFO] TDT(110933,npu_reader):2026-09-21-12:13:45.764.684 [hdc_client.cpp:134][CommRecvData][tid:110933] [deviceId=2] the Tsd recv data already
[INFO] TDT(110933,npu_reader):2026-09-21-12:13:45.764.686 [process_mode_manager.cpp:1755][IsSupportCommonInterface][tid:110933] IsSupportCommonInterface check was not successful, level[9], tsd support level[511]
[INFO] TDT(110933,npu_reader):2026-09-21-12:13:45.764.689 [process_mode_manager.cpp:2315][LoadSinglePackageToDevice][tid:110933] device does not support cann-hcomm-compat package, skip load to device:2
[INFO] TDT(110933,npu_reader):2026-09-21-12:13:45.764.692 [process_mode_manager.cpp:2307][LoadSinglePackageToDevice][tid:110933] begin to load package:cann-hixl-compat.tar.gz to device:2
[INFO] TDT(110933,npu_reader):2026-09-21-12:13:45.764.694 [process_mode_manager.cpp:2277][SupportLoadPkg][tid:110933] current device chip:5 support package:cann-hixl-compat.tar.gz
[INFO] TDT(110933,npu_reader):2026-09-21-12:13:45.764.699 [package_process_config.cpp:393][GetPkgHostAndDeviceDstPath][tid:110933] get orgFile:/usr/local/Ascend/cann-9.1.0/opp/built-in/op_impl/aicpu/kernel/cann-hixl-compat.tar.gz, dstFile:/home/HwHiAiUser/hdcd/device0/aicpu/913855_cann-hixl-compat.tar.gz
[INFO] TDT(110933,npu_reader):2026-09-21-12:13:45.764.792 [process_mode_manager.cpp:456][SetHostCommonSinkPackHashValue][tid:110933] update host package:cann-hixl-compat.tar.gz hash value:5aca585d459281e4b5809269c789b7adba50c95bb26bcfe6e1bf3d1b3498eb5c
[INFO] TDT(110933,npu_reader):2026-09-21-12:13:45.764.797 [process_mode_manager.cpp:473][GetHostCommonSinkPackHashValue][tid:110933] get host package:cann-hixl-compat.tar.gz, hash value:5aca585d459281e4b5809269c789b7adba50c95bb26bcfe6e1bf3d1b3498eb5c
[INFO] TDT(110933,npu_reader):2026-09-21-12:13:45.764.800 [process_mode_manager.cpp:463][GetDeviceCommonSinkPackHashValue][tid:110933] get device package:cann-hixl-compat.tar.gz, hash value:5aca585d459281e4b5809269c789b7adba50c95bb26bcfe6e1bf3d1b3498eb5c
[INFO] TDT(110933,npu_reader):2026-09-21-12:13:45.764.803 [process_mode_manager.cpp:473][GetHostCommonSinkPackHashValue][tid:110933] get host package:cann-hixl-compat.tar.gz, hash value:5aca585d459281e4b5809269c789b7adba50c95bb26bcfe6e1bf3d1b3498eb5c
[INFO] TDT(110933,npu_reader):2026-09-21-12:13:45.764.805 [process_mode_manager.cpp:2333][LoadSinglePackageToDevice][tid:110933] current package:cann-hixl-compat.tar.gz is same as device, skip load
[INFO] TDT(110933,npu_reader):2026-09-21-12:13:45.764.808 [process_mode_manager.cpp:2307][LoadSinglePackageToDevice][tid:110933] begin to load package:cann-tsch-compat.tar.gz to device:2
[INFO] TDT(110933,npu_reader):2026-09-21-12:13:45.764.810 [process_mode_manager.cpp:2282][SupportLoadPkg][tid:110933] current device chip:5 does not support package:cann-tsch-compat.tar.gz
[INFO] TDT(110933,npu_reader):2026-09-21-12:13:45.764.813 [process_mode_manager.cpp:2309][LoadSinglePackageToDevice][tid:110933] current package:cann-tsch-compat.tar.gz does not need to load to device:2
[INFO] TDT(110933,npu_reader):2026-09-21-12:13:45.764.815 [process_mode_manager.cpp:2307][LoadSinglePackageToDevice][tid:110933] begin to load package:cann-udf-compat.tar.gz to device:2
[INFO] TDT(110933,npu_reader):2026-09-21-12:13:45.764.818 [process_mode_manager.cpp:2269][SupportLoadPkg][tid:110933] package is not need load, name:cann-udf-compat.tar.gz
[INFO] TDT(110933,npu_reader):2026-09-21-12:13:45.764.820 [process_mode_manager.cpp:2309][LoadSinglePackageToDevice][tid:110933] current package:cann-udf-compat.tar.gz does not need to load to device:2
[INFO] TDT(110933,npu_reader):2026-09-21-12:13:45.764.822 [process_mode_manager.cpp:2307][LoadSinglePackageToDevice][tid:110933] begin to load package:mc2_server.tar.gz to device:2
[INFO] TDT(110933,npu_reader):2026-09-21-12:13:45.764.825 [process_mode_manager.cpp:2282][SupportLoadPkg][tid:110933] current device chip:5 does not support package:mc2_server.tar.gz
[INFO] TDT(110933,npu_reader):2026-09-21-12:13:45.764.827 [process_mode_manager.cpp:2309][LoadSinglePackageToDevice][tid:110933] current package:mc2_server.tar.gz does not need to load to device:2
[INFO] TDT(110933,npu_reader):2026-09-21-12:13:45.764.832 [process_mode_manager.cpp:544][InitTsdClient][tid:110933] [TsdClient] tsd client has already been initialized
[INFO] TDT(110933,npu_reader):2026-09-21-12:13:45.764.838 [process_mode_manager.cpp:620][ConstructOpenMsg][tid:110933] [TsdClient] tsd get process sign successfully, procpid[913855] signSize[48]
[INFO] TDT(110933,npu_reader):2026-09-21-12:13:45.764.840 [process_mode_base.cpp:171][SetTsdClientCapabilityLevel][tid:110933] Set tsdclient capability level, value is [2].
[INFO] TDT(110933,npu_reader):2026-09-21-12:13:45.764.845 [version_verify.cpp:117][SpecialFeatureCheck][tid:110933] VersionVerify: previous type[6], supported
[INFO] TDT(110933,npu_reader):2026-09-21-12:13:45.764.904 [process_mode_manager.cpp:159][OpenProcess][tid:110933] [ProcessModeManager] deviceId[2] sessionId[1] rankSize[0], wait subprocess start response
[WARNING] TDT(110933,npu_reader):2026-09-21-12:13:45.764.908 [env_internal_api.cpp:21][GetEnvFromMmSys][tid:110933] Get env[ASAN_RUN_MODE] failed
[INFO] TDT(110933,npu_reader):2026-09-21-12:13:45.764.911 [hdc_client.cpp:116][CommRecvData][tid:110933] recv timeout is:150000 ms
[INFO] TDT(110933,npu_reader):2026-09-21-12:13:45.968.863 [process_mode_msg_parse.cpp:147][ServerToClientMsgProc][tid:110933] [ServerToClientMsgProc] [sessionID=1]
[INFO] TDT(110933,npu_reader):2026-09-21-12:13:45.968.881 [process_mode_msg_parse.cpp:142][DeviceMsgProcess][tid:110933] [TsdClient] DeviceMsgProc recvMsg realDeviceId[2] msgType[8] localDevId[2] rspCode[0]heterogeneousSubPid[0], tsdSupportLevel_[511]
[INFO] TDT(110933,npu_reader):2026-09-21-12:13:45.968.884 [hdc_client.cpp:134][CommRecvData][tid:110933] [deviceId=2] the Tsd recv data already
[INFO] TDT(110933,npu_reader):2026-09-21-12:13:45.968.888 [stub_process_mode_nowin.cpp:22][ProcessQueueForAdc][tid:110933] [TsdClient] it is unnecessary for current mode[0] to grant queue auth to aicpusd
[INFO] TDT(110933,npu_reader):2026-09-21-12:13:45.968.891 [process_mode_manager.cpp:197][OpenProcess][tid:110933] [TsdClient][deviceId=2] [sessionId=1] start hccp and computer process success,whole process spent time as follows:phase1:[3]ms load sink package config to device,phase2:[0]ms load opkernel to device,phase3:[103]ms load sink package to device,phase4:[0]ms send open message to device,phase5:[203]ms receive open message to device,phase6:[0]ms process for adc on host,whole duration:[311]ms
[INFO] RUNTIME(110933,npu_reader):2026-09-21-12:13:45.968.896 [runtime.cc:1876] 110933 startAicpuExecutor: userDeviceId=2, devId=2, tsdOpen ret=0
[INFO] RUNTIME(110933,npu_reader):2026-09-21-12:13:45.968.899 [runtime.cc:1888] 110933 startAicpuExecutor: TsdOpen success, devId=2, ret=0
[INFO] RUNTIME(110933,npu_reader):2026-09-21-12:13:45.968.911 [runtime.cc:2724] 110933 DeviceRetain: new dev ok id=2, rawDevSize=3752 (bytes), ts_id=0
[INFO] RUNTIME(110933,npu_reader):2026-09-21-12:13:45.968.915 [raw_device.cc:1524] 110933 DevSetTsId: tsId=0
[INFO] RUNTIME(110933,npu_reader):2026-09-21-12:13:45.968.919 [npu_driver.cc:422] 110933 DeviceOpen: Open device start, device_id=2, tsId=0.
[INFO] DRV(110933,npu_reader):2026-09-21-12:13:45.968.922 [event_sched.c:1536][ascend][curpid:110933,110933][drv][event-sche][eschedDeviceOpen]The devId open success. (devId=2)
[INFO] DRV(110933,npu_reader):2026-09-21-12:13:45.968.983 [trs_sqcq.c:418][ascend][curpid:110933,110933][drv][tsdrv][trsDevSqCqInit]Sqcq init. (devid=2)
[INFO] DRV(110933,npu_reader):2026-09-21-12:13:45.969.041 [trs_sqcq.c:354][ascend][curpid:110933,110933][drv][tsdrv][trsIdTypeInit]Id type init success. (devId=2; tsId=0; id_type=6; num=2044)
[INFO] DRV(110933,npu_reader):2026-09-21-12:13:45.969.099 [trs_sqcq.c:354][ascend][curpid:110933,110933][drv][tsdrv][trsIdTypeInit]Id type init success. (devId=2; tsId=0; id_type=7; num=2044)
[INFO] DRV(110933,npu_reader):2026-09-21-12:13:45.969.133 [trs_sqcq.c:354][ascend][curpid:110933,110933][drv][tsdrv][trsIdTypeInit]Id type init success. (devId=2; tsId=0; id_type=10; num=1024)
[INFO] DRV(110933,npu_reader):2026-09-21-12:13:45.969.165 [trs_sqcq.c:354][ascend][curpid:110933,110933][drv][tsdrv][trsIdTypeInit]Id type init success. (devId=2; tsId=0; id_type=11; num=1024)
[INFO] DRV(110933,npu_reader):2026-09-21-12:13:45.970.064 [trs_sqcq.c:354][ascend][curpid:110933,110933][drv][tsdrv][trsIdTypeInit]Id type init success. (devId=2; tsId=0; id_type=12; num=32768)
[INFO] DRV(110933,npu_reader):2026-09-21-12:13:45.970.073 [trs_sqcq.c:354][ascend][curpid:110933,110933][drv][tsdrv][trsIdTypeInit]Id type init success. (devId=2; tsId=0; id_type=8; num=16)
[INFO] DRV(110933,npu_reader):2026-09-21-12:13:45.970.076 [trs_sqcq.c:354][ascend][curpid:110933,110933][drv][tsdrv][trsIdTypeInit]Id type init success. (devId=2; tsId=0; id_type=9; num=16)
[INFO] DRV(110933,npu_reader):2026-09-21-12:13:45.970.080 [trs_sqcq.c:354][ascend][curpid:110933,110933][drv][tsdrv][trsIdTypeInit]Id type init success. (devId=2; tsId=0; id_type=13; num=4)
[INFO] DRV(110933,npu_reader):2026-09-21-12:13:45.970.083 [trs_sqcq.c:354][ascend][curpid:110933,110933][drv][tsdrv][trsIdTypeInit]Id type init success. (devId=2; tsId=0; id_type=14; num=10)
[INFO] DRV(110933,npu_reader):2026-09-21-12:13:45.970.181 [event_sched.c:663][ascend][curpid:110933,110933][drv][event-sche][halEschedAttachDevice]Attach device finish. (ret=0; devId=2)
[INFO] DRV(110933,npu_reader):2026-09-21-12:13:45.970.229 [event_sched.c:1108][ascend][curpid:110933,110933][drv][event-sche][eschedCreateGrp]Esched create grp success. (devId=2; gid=11; sched_mode=2; grpName=)
[INFO] DRV(110933,npu_reader):2026-09-21-12:13:45.971.220 [trs_dev_drv.c:302][ascend][curpid:110933,110933][drv][tsdrv][drvDeviceOpenComm]Open success. (devid=2; fd=10; mmapFd=11)
[INFO] DRV(110933,npu_reader):2026-09-21-12:13:45.971.226 [devmm_svm.c:157][ascend][curpid:110933,110933][drv][devmm][devmm_setup_device]DrvMemDeviceOpen. (devid=2)
[INFO] DRV(110933,npu_reader):2026-09-21-12:13:45.971.977 [devmm_virt_interface.c:462][ascend][curpid:110933,110933][drv][devmm][devmm_ioctl_init_process]Init_process details. (hostpid=110933; ret=0; cnt=0)
[INFO] DRV(110933,npu_reader):2026-09-21-12:13:45.972.203 [drv_share_log.c:240][ascend][curpid:110933,110933][drv][devmm][share_log_read_in_single_module]Setup device succeeded. (logical_devid=2; devid=2; vfid=0; hostpid=913855; devpid=28328)
[INFO] DRV(110933,npu_reader):2026-09-21-12:13:45.972.208 [devmm_svm.c:119][ascend][curpid:110933,110933][drv][devmm][devmm_set_device_info]Device info. (devid=2; dvpp_size=17179869184; support_bar_mem=0; support_dev_read_only=1; support_dev_mem_map_host=0; support_bar_huge_mem=1; allocated_by_malloc=0; host_rw_dev_ro=1)
[INFO] DRV(110933,npu_reader):2026-09-21-12:13:45.972.212 [devmm_svm.c:125][ascend][curpid:110933,110933][drv][devmm][devmm_set_device_info]Device info. (double_pgtable_offset=17592186044416; support_host_pin_pre_register=1; support_host_mem_pool=1; is_support_agent_giant_page=1; is_support_host_giant_page=0; support_remote_mmap=1; support_shmem_map_exbus=1; support_mem_host_uva=1)
[INFO] DRV(110933,npu_reader):2026-09-21-12:13:45.972.780 [devmm_host_mem_pool.c:170][ascend][curpid:110933,110933][drv][devmm][devmm_host_mem_pool_init]devmm host mem pool init success. (devid=2)
[INFO] DRV(110933,npu_reader):2026-09-21-12:13:45.972.786 [queue_interface.c:655][ascend][curpid:110933,110933][drv][queuemng][queueDeviceOpen]queue open finish. (devId=2)
[INFO] RUNTIME(110933,npu_reader):2026-09-21-12:13:45.972.849 [npu_driver.cc:471] 110933 DeviceOpen: Open device success, device_id=2, tsId=0, SSID=913855.
[INFO] RUNTIME(110933,npu_reader):2026-09-21-12:13:45.972.853 [npu_driver.cc:1109] 110933 CheckIsSupportFeature: Support FEATURE_SVM_GET_USER_MALLOC_ATTR, drv devId=2.
[INFO] RUNTIME(110933,npu_reader):2026-09-21-12:13:45.972.856 [npu_driver.cc:1109] 110933 CheckIsSupportFeature: Not support FEATURE_SVM_MEM_REGISTER_QUERY_AND_GET_ATTR, drv devId=2.
[INFO] RUNTIME(110933,npu_reader):2026-09-21-12:13:45.972.860 [task_manager.cc:1082] 110933 RefreshTaskFuncPointer: Task func pointer refreshed to chip type: 5
[INFO] RUNTIME(110933,npu_reader):2026-09-21-12:13:45.972.864 [raw_device.cc:547] 110933 Init: chipType:0x5
[INFO] RUNTIME(110933,npu_reader):2026-09-21-12:13:45.972.876 [raw_device.cc:560] 110933 Init: isAddrFlat:0x1
[INFO] DRV(110933,npu_reader):2026-09-21-12:13:45.972.880 [devmm_svm.c:2232][ascend][curpid:110933,110933][drv][devmm][devmm_ctrl_support_feature]RTS note drv support feature. (in_feature=0x1; out_feature=0x1)
[INFO] RUNTIME(110933,npu_reader):2026-09-21-12:13:45.972.883 [npu_driver_mem.cc:2480] 110933 SupportNumaTsMemCtrl: chip type=5, support flag=1
[INFO] DRV(110933,npu_reader):2026-09-21-12:13:45.973.595 [devdrv_manager.c:1089][ascend][curpid:110933,110933][drv][devmng][drvGetSystemInfo]This version does not support this type. (dev_id=2; Type=64)
[INFO] DRV(110933,npu_reader):2026-09-21-12:13:45.973.600 [devdrv_manager.c:2016][ascend][curpid:110933,110933][drv][devmng][halGetDeviceInfo]Reasult of call halgetdeviceinfo. (ret=3; module_type=0; info_type=64).
[INFO] RUNTIME(110933,npu_reader):2026-09-21-12:13:45.973.603 [raw_device.cc:615] 110933 Init: Get phy info, phy chip id 1, phy die id 0
[INFO] RUNTIME(110933,npu_reader):2026-09-21-12:13:45.973.606 [runtime.cc:1788] 110933 GetTsdQos: [TSD] start get qos, devId=2
[INFO] TDT(110933,npu_reader):2026-09-21-12:13:45.973.609 [tsd_client.cpp:188][TsdCapabilityGet][tid:110933] TsdCapabilityGet Begin.
[INFO] TDT(110933,npu_reader):2026-09-21-12:13:45.973.616 [process_mode_manager.cpp:1075][CapabilityGet][tid:110933] [ProcessModeManager] enter into CapabilityGet process deviceId[2] type[0].
[INFO] TDT(110933,npu_reader):2026-09-21-12:13:45.973.619 [process_mode_manager.cpp:544][InitTsdClient][tid:110933] [TsdClient] tsd client has already been initialized
[INFO] TDT(110933,npu_reader):2026-09-21-12:13:45.973.624 [version_verify.cpp:117][SpecialFeatureCheck][tid:110933] VersionVerify: previous type[38], supported
[INFO] TDT(110933,npu_reader):2026-09-21-12:13:45.973.686 [process_mode_manager.cpp:1098][CapabilityGet][tid:110933] [TsdClient][deviceId=2] [sessionId=1] [type=0]send capability successfully.
[INFO] TDT(110933,npu_reader):2026-09-21-12:13:45.973.689 [hdc_client.cpp:116][CommRecvData][tid:110933] recv timeout is:150000 ms
[INFO] TDT(110933,npu_reader):2026-09-21-12:13:45.974.542 [process_mode_msg_parse.cpp:267][CapabilityResMsgProc][tid:110933] [CapabilityResMsgProc] [sessionID=1]
[INFO] TDT(110933,npu_reader):2026-09-21-12:13:45.974.548 [process_mode_msg_parse.cpp:262][PidQosMsgProc][tid:110933] [TsdClient] PidQosMsgProc recvMsg realDeviceId[2] msgType[39] localDevId[2] rspCode[0],pidqos[1]
[INFO] TDT(110933,npu_reader):2026-09-21-12:13:45.974.551 [hdc_client.cpp:134][CommRecvData][tid:110933] [deviceId=2] the Tsd recv data already
[INFO] TDT(110933,npu_reader):2026-09-21-12:13:45.974.553 [process_mode_manager.cpp:1103][CapabilityGet][tid:110933] [TsdClient][logicDeviceId_=2][type=0][pidQos=1][ret=0]recv capability response finished.
[INFO] RUNTIME(110933,npu_reader):2026-09-21-12:13:45.974.556 [runtime.cc:1799] 110933 GetTsdQos: [TSD] get qos success, userDeviceId=2, devId=2, qos=1
[INFO] RUNTIME(110933,npu_reader):2026-09-21-12:13:45.974.563 [engine.cc:82] 110933 Engine: Constructor.
[INFO] RUNTIME(110933,npu_reader):2026-09-21-12:13:45.974.565 [stars_engine.cc:53] 110933 StarsEngine: Constructor.
[INFO] RUNTIME(110933,npu_reader):2026-09-21-12:13:45.974.568 [engine_factory.cc:32] 110933 CreateEngine: new StarsEngine, Runtime_alloc_size 344
[INFO] RUNTIME(110933,npu_reader):2026-09-21-12:13:45.974.571 [engine_factory.cc:45] 110933 CreateEngine: Engine init success.
[INFO] RUNTIME(110933,npu_reader):2026-09-21-12:13:45.974.573 [raw_device.cc:628] 110933 Init: new SpmPool ok, Runtime_alloc_size 56(bytes)
[INFO] RUNTIME(110933,npu_reader):2026-09-21-12:13:45.974.576 [spm_pool.cc:47] 110933 Init: new buffer ok, Runtime_alloc_size 128
[INFO] RUNTIME(110933,npu_reader):2026-09-21-12:13:45.974.681 [buffer_allocator.cc:70] 110933 BufferAllocator: alloc success, Runtime_alloc_size 128(bytes)
[INFO] RUNTIME(110933,npu_reader):2026-09-21-12:13:45.974.684 [spm_pool.cc:61] 110933 Init: new BufferAllocator ok, Runtime_alloc_size 216
[INFO] RUNTIME(110933,npu_reader):2026-09-21-12:13:45.974.688 [raw_device.cc:657] 110933 Init: new UmaArgLoader ok, Runtime_alloc_size 296(bytes)
[INFO] DRV(110933,npu_reader):2026-09-21-12:13:45.974.692 [devmm_svm.c:2232][ascend][curpid:110933,110933][drv][devmm][devmm_ctrl_support_feature]RTS note drv support feature. (in_feature=0xa; out_feature=0x8)
[INFO] RUNTIME(110933,npu_reader):2026-09-21-12:13:45.974.694 [npu_driver_mem.cc:2584] 110933 CheckSupportPcieBarCopy: chip type=5, drv support pcie bar copy
[INFO] DRV(110933,npu_reader):2026-09-21-12:13:45.974.697 [devmm_svm.c:2232][ascend][curpid:110933,110933][drv][devmm][devmm_ctrl_support_feature]RTS note drv support feature. (in_feature=0xa; out_feature=0x8)
[INFO] RUNTIME(110933,npu_reader):2026-09-21-12:13:45.974.700 [npu_driver_mem.cc:2584] 110933 CheckSupportPcieBarCopy: chip type=5, drv support pcie bar copy
[INFO] RUNTIME(110933,npu_reader):2026-09-21-12:13:45.977.214 [buffer_allocator.cc:70] 110933 BufferAllocator: alloc success, Runtime_alloc_size 524288(bytes)
[INFO] RUNTIME(110933,npu_reader):2026-09-21-12:13:45.977.229 [task_allocator.cc:72] 110933 DefaultAlloc: Runtime_alloc_size 32768(bytes)
[INFO] RUNTIME(110933,npu_reader):2026-09-21-12:13:45.977.235 [buffer_allocator.cc:70] 110933 BufferAllocator: alloc success, Runtime_alloc_size 136(bytes)
[INFO] RUNTIME(110933,npu_reader):2026-09-21-12:13:45.977.242 [h2d_copy_mgr.cc:60] 110933 H2DCopyMgr: alloc h2d copy buff success, policy 2
[INFO] DRV(110933,npu_reader):2026-09-21-12:13:45.977.246 [devmm_svm.c:2232][ascend][curpid:110933,110933][drv][devmm][devmm_ctrl_support_feature]RTS note drv support feature. (in_feature=0xa; out_feature=0x8)
[INFO] RUNTIME(110933,npu_reader):2026-09-21-12:13:45.977.249 [npu_driver_mem.cc:2584] 110933 CheckSupportPcieBarCopy: chip type=5, drv support pcie bar copy
[INFO] RUNTIME(110933,npu_reader):2026-09-21-12:13:45.977.798 [buffer_allocator.cc:70] 110933 BufferAllocator: alloc success, Runtime_alloc_size 4194304(bytes)
[INFO] RUNTIME(110933,npu_reader):2026-09-21-12:13:45.977.806 [task_allocator.cc:72] 110933 DefaultAlloc: Runtime_alloc_size 4096(bytes)
[INFO] RUNTIME(110933,npu_reader):2026-09-21-12:13:45.977.809 [buffer_allocator.cc:70] 110933 BufferAllocator: alloc success, Runtime_alloc_size 160(bytes)
[INFO] RUNTIME(110933,npu_reader):2026-09-21-12:13:45.977.811 [h2d_copy_mgr.cc:60] 110933 H2DCopyMgr: alloc h2d copy buff success, policy 2
[INFO] DRV(110933,npu_reader):2026-09-21-12:13:45.977.814 [devmm_svm.c:2232][ascend][curpid:110933,110933][drv][devmm][devmm_ctrl_support_feature]RTS note drv support feature. (in_feature=0xa; out_feature=0x8)
[INFO] RUNTIME(110933,npu_reader):2026-09-21-12:13:45.977.817 [npu_driver_mem.cc:2584] 110933 CheckSupportPcieBarCopy: chip type=5, drv support pcie bar copy
[INFO] RUNTIME(110933,npu_reader):2026-09-21-12:13:45.978.446 [buffer_allocator.cc:70] 110933 BufferAllocator: alloc success, Runtime_alloc_size 8388608(bytes)
[INFO] RUNTIME(110933,npu_reader):2026-09-21-12:13:45.978.455 [task_allocator.cc:72] 110933 DefaultAlloc: Runtime_alloc_size 2048(bytes)
[INFO] RUNTIME(110933,npu_reader):2026-09-21-12:13:45.978.458 [buffer_allocator.cc:70] 110933 BufferAllocator: alloc success, Runtime_alloc_size 168(bytes)
[INFO] RUNTIME(110933,npu_reader):2026-09-21-12:13:45.978.460 [h2d_copy_mgr.cc:60] 110933 H2DCopyMgr: alloc h2d copy buff success, policy 2
[INFO] RUNTIME(110933,npu_reader):2026-09-21-12:13:45.978.464 [uma_arg_loader.cc:101] 110933 Init: new BufferAllocator superArgAllocator_ ok, Runtime_alloc_size 216
[INFO] RUNTIME(110933,npu_reader):2026-09-21-12:13:45.978.466 [task_allocator.cc:72] 110933 DefaultAlloc: Runtime_alloc_size 24576(bytes)
[INFO] RUNTIME(110933,npu_reader):2026-09-21-12:13:45.978.470 [buffer_allocator.cc:70] 110933 BufferAllocator: alloc success, Runtime_alloc_size 136(bytes)
[INFO] RUNTIME(110933,npu_reader):2026-09-21-12:13:45.978.472 [uma_arg_loader.cc:108] 110933 Init: new BufferAllocator handleAllocator_ ok, Runtime_alloc_size 216
[INFO] RUNTIME(110933,npu_reader):2026-09-21-12:13:45.979.172 [buffer_allocator.cc:70] 110933 BufferAllocator: alloc success, Runtime_alloc_size 2097152(bytes)
[INFO] RUNTIME(110933,npu_reader):2026-09-21-12:13:45.979.178 [uma_arg_loader.cc:116] 110933 Init: new BufferAllocator kernelInfoAllocator_ ok, Runtime_alloc_size 216
[INFO] RUNTIME(110933,npu_reader):2026-09-21-12:13:45.979.181 [uma_arg_loader.cc:118] 110933 Init: ALLOC PCIE is support[1]
[INFO] DRV(110933,npu_reader):2026-09-21-12:13:45.979.184 [devmm_svm.c:2232][ascend][curpid:110933,110933][drv][devmm][devmm_ctrl_support_feature]RTS note drv support feature. (in_feature=0xa; out_feature=0x8)
[INFO] RUNTIME(110933,npu_reader):2026-09-21-12:13:45.979.187 [npu_driver_mem.cc:2584] 110933 CheckSupportPcieBarCopy: chip type=5, drv support pcie bar copy
[INFO] RUNTIME(110933,npu_reader):2026-09-21-12:13:45.979.316 [buffer_allocator.cc:70] 110933 BufferAllocator: alloc success, Runtime_alloc_size 524288(bytes)
[INFO] RUNTIME(110933,npu_reader):2026-09-21-12:13:45.979.320 [h2d_copy_mgr.cc:60] 110933 H2DCopyMgr: alloc h2d copy buff success, policy 1
[INFO] RUNTIME(110933,npu_reader):2026-09-21-12:13:45.979.327 [raw_device.cc:669] 110933 Init: new StreamSqCqManage ok, Runtime_alloc_size 512(bytes)
[INFO] RUNTIME(110933,npu_reader):2026-09-21-12:13:45.979.330 [raw_device.cc:674] 110933 Init: New taskFactory ok, Runtime_alloc_size 136(bytes)
[INFO] RUNTIME(110933,npu_reader):2026-09-21-12:13:45.979.337 [task_allocator.cc:72] 110933 DefaultAlloc: Runtime_alloc_size 458752(bytes)
[INFO] RUNTIME(110933,npu_reader):2026-09-21-12:13:45.979.363 [buffer_allocator.cc:70] 110933 BufferAllocator: alloc success, Runtime_alloc_size 136(bytes)
[INFO] RUNTIME(110933,npu_reader):2026-09-21-12:13:45.979.496 [raw_device.cc:115] 110933 Init: ObjAllocator alloc success, Runtime_alloc_size 160000(bytes)
[INFO] RUNTIME(110933,npu_reader):2026-09-21-12:13:45.979.544 [raw_device.cc:127] 110933 Init: ObjAllocator alloc success, Runtime_alloc_size 960000(bytes)
[INFO] RUNTIME(110933,npu_reader):2026-09-21-12:13:45.979.548 [raw_device.cc:702] 110933 Init: new DeviceSqCqPool ok, Runtime_alloc_size 96(bytes)
[INFO] RUNTIME(110933,npu_reader):2026-09-21-12:13:45.979.551 [raw_device.cc:711] 110933 Init: new SqAddrMemoryOrder ok, Runtime_alloc_size 88(bytes)
[INFO] RUNTIME(110933,npu_reader):2026-09-21-12:13:45.979.553 [raw_device.cc:718] 110933 Init: Runtime_alloc_size=64000(bytes)
[INFO] RUNTIME(110933,npu_reader):2026-09-21-12:13:45.979.599 [npu_driver_res.cc:1164] 110933 StreamIdAlloc: stream id alloc begin, device_id=2, priority=0, ts_id=0, remote_stream_id=0, vf_id=0
[INFO] RUNTIME(110933,npu_reader):2026-09-21-12:13:45.979.697 [stream.cc:2998] 110933 AllocExecutedTimesSvm: stream_id=49.
[INFO] RUNTIME(110933,npu_reader):2026-09-21-12:13:45.979.729 [stream_sqcq_manage.cc:357] 110933 Alloc: deviceId=2, tsId=0, drvFlag=0
[INFO] RUNTIME(110933,npu_reader):2026-09-21-12:13:45.979.732 [npu_driver_res.cc:1565] 110933 NormalSqCqAllocate: Set cq dep to 2048, sysMode=0 addrMode=1
[INFO] RUNTIME(110933,npu_reader):2026-09-21-12:13:45.980.744 [npu_driver_res.cc:1702] 110933 LogicCqAllocateV2: cqeDepth=4096, isDvppGrp=0, inFlag=0
[INFO] RUNTIME(110933,npu_reader):2026-09-21-12:13:45.980.771 [npu_driver_res.cc:1714] 110933 LogicCqAllocateV2: success: deviceId=2, tsId=0, cqId=120, streamId=49, logicCq=120, cqeDepth=4096
[INFO] RUNTIME(110933,npu_reader):2026-09-21-12:13:45.980.781 [npu_driver_res.cc:909] 110933 StreamBindLogicCq: success: deviceId=2, tsId=0, streamId=49, logicCq=120.
[INFO] RUNTIME(110933,npu_reader):2026-09-21-12:13:45.980.786 [npu_driver_res.cc:1106] 110933 GetSqRegVirtualAddrBySqid: addr high 32 bit=0x3ff, addr low 32 bit=0xffff6000, addr=0x3ffffff6000, size=4096
[INFO] RUNTIME(110933,npu_reader):2026-09-21-12:13:45.980.789 [stream.cc:766] 110933 Setup: Success to get sq=0 sq reg virtual addr length=4096.
[INFO] DRV(110933,npu_reader):2026-09-21-12:13:45.980.835 [devmm_svm.c:2232][ascend][curpid:110933,110933][drv][devmm][devmm_ctrl_support_feature]RTS note drv support feature. (in_feature=0xa; out_feature=0x8)
[INFO] RUNTIME(110933,npu_reader):2026-09-21-12:13:45.980.839 [npu_driver_mem.cc:2584] 110933 CheckSupportPcieBarCopy: chip type=5, drv support pcie bar copy
[INFO] RUNTIME(110933,npu_reader):2026-09-21-12:13:45.980.930 [stream.cc:348] 110933 CreateStreamTaskRes: STREAM TaskRes Setup stream_id=49, flags_=0x6c0.
[INFO] RUNTIME(110933,npu_reader):2026-09-21-12:13:45.980.934 [stream.cc:805] 110933 Setup: stream setup end, stream_id=49, IsTaskSink=0, sqId=0, cqId=0, deviceId=2, streamResId=0
[INFO] RUNTIME(110933,npu_reader):2026-09-21-12:13:45.980.939 [stream_state_callback_manager.cc:66] 110933 Notify: No stream state callback function registered!
[INFO] RUNTIME(110933,npu_reader):2026-09-21-12:13:45.980.942 [raw_device.cc:1041] 110933 Start: new primary Stream ok, Runtime_alloc_size 4224(bytes), stream_id=49.
[INFO] DRV(110933,npu_reader):2026-09-21-12:13:45.980.963 [devmm_proc_event.c:51][ascend][curpid:110933,110933][drv][devmm][devmm_get_devpid]Query devpid succ. (devId=2; hostpid=110933; proc_type=0; devpid=28328).
[INFO] DRV(110933,npu_reader):2026-09-21-12:13:45.981.052 [event_sched.c:1108][ascend][curpid:110933,110933][drv][event-sche][eschedCreateGrp]Esched create grp success. (devId=2; gid=32; sched_mode=2; grpName=ESCHED_GRP_0)
[INFO] DRV(110933,npu_reader):2026-09-21-12:13:45.981.090 [event_sched.c:1108][ascend][curpid:110933,110933][drv][event-sche][eschedCreateGrp]Esched create grp success. (devId=2; gid=33; sched_mode=2; grpName=ESCHED_GRP_1)
[INFO] DRV(110933,npu_reader):2026-09-21-12:13:45.981.130 [event_sched.c:1108][ascend][curpid:110933,110933][drv][event-sche][eschedCreateGrp]Esched create grp success. (devId=2; gid=34; sched_mode=2; grpName=ESCHED_GRP_2)
[INFO] DRV(110933,npu_reader):2026-09-21-12:13:45.981.158 [event_sched.c:1108][ascend][curpid:110933,110933][drv][event-sche][eschedCreateGrp]Esched create grp success. (devId=2; gid=35; sched_mode=2; grpName=ESCHED_GRP_3)
[INFO] DRV(110933,npu_reader):2026-09-21-12:13:45.981.186 [event_sched.c:1108][ascend][curpid:110933,110933][drv][event-sche][eschedCreateGrp]Esched create grp success. (devId=2; gid=36; sched_mode=2; grpName=ESCHED_GRP_4)
[INFO] DRV(110933,npu_reader):2026-09-21-12:13:45.981.214 [event_sched.c:1108][ascend][curpid:110933,110933][drv][event-sche][eschedCreateGrp]Esched create grp success. (devId=2; gid=37; sched_mode=2; grpName=ESCHED_GRP_5)
[INFO] DRV(110933,npu_reader):2026-09-21-12:13:45.981.242 [event_sched.c:1108][ascend][curpid:110933,110933][drv][event-sche][eschedCreateGrp]Esched create grp success. (devId=2; gid=38; sched_mode=2; grpName=ESCHED_GRP_6)
[INFO] DRV(110933,npu_reader):2026-09-21-12:13:45.981.269 [event_sched.c:1108][ascend][curpid:110933,110933][drv][event-sche][eschedCreateGrp]Esched create grp success. (devId=2; gid=39; sched_mode=2; grpName=ESCHED_GRP_7)
[INFO] DRV(110933,npu_reader):2026-09-21-12:13:45.981.297 [event_sched.c:1108][ascend][curpid:110933,110933][drv][event-sche][eschedCreateGrp]Esched create grp success. (devId=2; gid=40; sched_mode=2; grpName=ESCHED_GRP_8)
[INFO] DRV(110933,npu_reader):2026-09-21-12:13:45.981.328 [event_sched.c:1108][ascend][curpid:110933,110933][drv][event-sche][eschedCreateGrp]Esched create grp success. (devId=2; gid=41; sched_mode=2; grpName=ESCHED_GRP_9)
[INFO] DRV(110933,npu_reader):2026-09-21-12:13:45.981.360 [event_sched.c:1108][ascend][curpid:110933,110933][drv][event-sche][eschedCreateGrp]Esched create grp success. (devId=2; gid=42; sched_mode=2; grpName=ESCHED_GRP_10)
[INFO] DRV(110933,npu_reader):2026-09-21-12:13:45.981.388 [event_sched.c:1108][ascend][curpid:110933,110933][drv][event-sche][eschedCreateGrp]Esched create grp success. (devId=2; gid=43; sched_mode=2; grpName=ESCHED_GRP_11)
[INFO] DRV(110933,npu_reader):2026-09-21-12:13:45.981.416 [event_sched.c:1108][ascend][curpid:110933,110933][drv][event-sche][eschedCreateGrp]Esched create grp success. (devId=2; gid=44; sched_mode=2; grpName=ESCHED_GRP_12)
[INFO] DRV(110933,npu_reader):2026-09-21-12:13:45.981.444 [event_sched.c:1108][ascend][curpid:110933,110933][drv][event-sche][eschedCreateGrp]Esched create grp success. (devId=2; gid=45; sched_mode=2; grpName=ESCHED_GRP_13)
[INFO] DRV(110933,npu_reader):2026-09-21-12:13:45.981.475 [event_sched.c:1108][ascend][curpid:110933,110933][drv][event-sche][eschedCreateGrp]Esched create grp success. (devId=2; gid=46; sched_mode=2; grpName=ESCHED_GRP_14)
[INFO] DRV(110933,npu_reader):2026-09-21-12:13:45.981.505 [event_sched.c:1108][ascend][curpid:110933,110933][drv][event-sche][eschedCreateGrp]Esched create grp success. (devId=2; gid=47; sched_mode=2; grpName=ESCHED_GRP_15)
[INFO] RUNTIME(110933,npu_reader):2026-09-21-12:13:45.983.514 [npu_driver_dcache_lock_opb.cpp:69] 110933 AllocAddrForDcache: checkTempPtr=0xff000000000, dcacheAddr=0xff000000000, outSize=8
[INFO] RUNTIME(110933,npu_reader):2026-09-21-12:13:45.983.626 [raw_device.cc:887] 110933 AllocCustomerStackPhyBase: drv devId=2, customerStackSize=32768, not alloc
[INFO] RUNTIME(110933,npu_reader):2026-09-21-12:13:45.983.639 [osal.cc:337] 110933 CreateThread: Runtime_alloc_size 64
[INFO] RUNTIME(110933,npu_reader):2026-09-21-12:13:45.983.685 [osal.cc:210] 110933 Start: mmCreateTaskWithThreadAttr, retCode=0, name_=MONITOR_0, i=0
[INFO] RUNTIME(110933,npu_reader):2026-09-21-12:13:45.983.690 [osal.cc:337] 110933 CreateThread: Runtime_alloc_size 64
[INFO] RUNTIME(110933,npu_reader):2026-09-21-12:13:45.983.708 [osal.cc:210] 110933 Start: mmCreateTaskWithThreadAttr, retCode=0, name_=REPORT_RAS, i=0
[INFO] RUNTIME(110933,npu_reader):2026-09-21-12:13:45.983.714 [runtime.cc:4926] 110933 CreateReportRasThread: Start report ras thread success!
[INFO] RUNTIME(110933,npu_reader):2026-09-21-12:13:45.983.719 [osal.cc:337] 110933 CreateThread: Runtime_alloc_size 64
[INFO] RUNTIME(110933,npu_reader):2026-09-21-12:13:45.983.735 [osal.cc:210] 110933 Start: mmCreateTaskWithThreadAttr, retCode=0, name_=RT_RECYCLE_2, i=0
[INFO] RUNTIME(110933,npu_reader):2026-09-21-12:13:45.983.740 [ctrl_sq.cc:39] 110933 Setup: CtrlSQ create success, stream_id=-1.
[INFO] RUNTIME(110933,npu_reader):2026-09-21-12:13:45.983.744 [npu_driver_res.cc:1164] 110933 StreamIdAlloc: stream id alloc begin, device_id=2, priority=0, ts_id=0, remote_stream_id=0, vf_id=0
[INFO] RUNTIME(110933,npu_reader):2026-09-21-12:13:45.983.755 [stream.cc:2998] 110933 AllocExecutedTimesSvm: stream_id=48.
[INFO] RUNTIME(110933,npu_reader):2026-09-21-12:13:45.983.784 [stream_sqcq_manage.cc:357] 110933 Alloc: deviceId=2, tsId=0, drvFlag=0
[INFO] RUNTIME(110933,npu_reader):2026-09-21-12:13:45.983.796 [npu_driver_res.cc:1565] 110933 NormalSqCqAllocate: Set cq dep to 2048, sysMode=0 addrMode=1
[INFO] RUNTIME(110933,npu_reader):2026-09-21-12:13:45.983.805 [global_state_manager.cc:126] 111009 IncBackgroundThreadCount: ReportRasRun thread needs to be locked. Total:1.
[INFO] RUNTIME(110933,npu_reader):2026-09-21-12:13:45.983.853 [stars_engine.cc:208] 111010 RecycleThreadRun: RecycleThreadRun thread start.
[INFO] RUNTIME(110933,npu_reader):2026-09-21-12:13:45.983.879 [stars_engine.cc:1804] 111008 MonitoringRun: Stars Monitor thread has entered, ts_id=0
[INFO] RUNTIME(110933,npu_reader):2026-09-21-12:13:45.983.884 [global_state_manager.cc:126] 111008 IncBackgroundThreadCount: MonitoringRun thread needs to be locked. Total:2.
[INFO] RUNTIME(110933,npu_reader):2026-09-21-12:13:45.983.916 [npu_driver_res.cc:269] 111008 GetDeviceStatus: GetDeviceStatus status=1.
[INFO] RUNTIME(110933,npu_reader):2026-09-21-12:13:45.984.623 [npu_driver_res.cc:1702] 110933 LogicCqAllocateV2: cqeDepth=4096, isDvppGrp=0, inFlag=0
[INFO] RUNTIME(110933,npu_reader):2026-09-21-12:13:45.984.772 [npu_driver_res.cc:1714] 110933 LogicCqAllocateV2: success: deviceId=2, tsId=0, cqId=121, streamId=48, logicCq=121, cqeDepth=4096
[INFO] RUNTIME(110933,npu_reader):2026-09-21-12:13:45.984.803 [npu_driver_res.cc:909] 110933 StreamBindLogicCq: success: deviceId=2, tsId=0, streamId=48, logicCq=121.
[INFO] RUNTIME(110933,npu_reader):2026-09-21-12:13:45.984.812 [npu_driver_res.cc:1106] 110933 GetSqRegVirtualAddrBySqid: addr high 32 bit=0x3ff, addr low 32 bit=0xffff5000, addr=0x3ffffff5000, size=4096
[INFO] RUNTIME(110933,npu_reader):2026-09-21-12:13:45.984.817 [stream.cc:766] 110933 Setup: Success to get sq=1 sq reg virtual addr length=4096.
[INFO] RUNTIME(110933,npu_reader):2026-09-21-12:13:45.984.959 [task_res.cc:152] 110933 CreateTaskRes: stream_id=48, flags_=0x40 create task res success.
[INFO] RUNTIME(110933,npu_reader):2026-09-21-12:13:45.984.966 [stream.cc:348] 110933 CreateStreamTaskRes: STREAM TaskRes Setup stream_id=48, flags_=0x40.
[INFO] RUNTIME(110933,npu_reader):2026-09-21-12:13:45.984.972 [stream.cc:805] 110933 Setup: stream setup end, stream_id=48, IsTaskSink=0, sqId=1, cqId=1, deviceId=2, streamResId=0
[INFO] RUNTIME(110933,npu_reader):2026-09-21-12:13:45.984.980 [stream_state_callback_manager.cc:66] 110933 Notify: No stream state callback function registered!
[INFO] RUNTIME(110933,npu_reader):2026-09-21-12:13:45.984.986 [ctrl_sq.cc:44] 110933 Setup: CtrlSQ setup success, stream_id=48.
[INFO] RUNTIME(110933,npu_reader):2026-09-21-12:13:45.985.012 [maintenance_task_v100.cc:124] 110933 ConstructSqeForStarsVersionTask: Send GetStarsVersionTask success, sqe_type=3,pre_p=1,sqe->rt_streamID=48, stream_id=48,task_id=0,task_type=97.
[INFO] RUNTIME(110933,npu_reader):2026-09-21-12:13:45.985.023 [task_submit.cc:598] 110933 AllocTaskAndSendStars: device_id=2, ts_id=0, sq_id=1, cq_id=1, stream_id=48, task_id=0, task_type=97(STARS_VERSION), sendSqeNum=1, isSupportASyncRecycle=0, isNeedPostProc=1, davinciHead=0, davinciTail=0, taskHead=0, taskTail=0, bindFlag=0, head=0, tail=1, delay recycle num=0.
[INFO] RUNTIME(110933,npu_reader):2026-09-21-12:13:45.985.333 [stars_engine.cc:688] 111010 ProcLogicCqUntilEmpty: Notify: cnt=1, idx=0, stream_id=48, task_id=0, sqeType=3, retCode=0x23, errType=0x20.
[WARNING] RUNTIME(110933,npu_reader):2026-09-21-12:13:45.985.353 [stars_engine.cc:1578] 111010 ProcLogicCqReport: CQE warning, device_id=2, stream_id=48, task_id=0, sqe_type=3(place holder), errType=0x20(sq sw status error), sqSwStatus=0x23
[INFO] RUNTIME(110933,npu_reader):2026-09-21-12:13:45.985.359 [maintenance_task_v100.cc:142] 111010 DoCompleteSuccessForStarsVersionTask: Complete StarsVersionTask success, retCode=35, tschVersion=35.
[INFO] RUNTIME(110933,npu_reader):2026-09-21-12:13:45.985.363 [raw_device.cc:1906] 111010 SetTschVersion: Set tsch version=35.
[INFO] RUNTIME(110933,npu_reader):2026-09-21-12:13:45.985.371 [stars_engine.cc:1896] 111010 RecycleTaskProcessForSeparatedStm: device_id=2, stream_id=48, recycle task_id=0, sqHead=1, sqTail=1, sqeNum=1, resHead=1, resTail=1.
[WARNING] RUNTIME(110933,npu_reader):2026-09-21-12:13:45.985.376 [stars_engine.cc:1368] 111010 StarsResumeRtsq: Begin to query SQ status, stream_id=48.
[INFO] RUNTIME(110933,npu_reader):2026-09-21-12:13:45.985.387 [npu_driver_res.cc:770] 111010 GetSqEnable: deviceId=2, tsId=0, sqId=1, enable=0, readCount=1.
[WARNING] RUNTIME(110933,npu_reader):2026-09-21-12:13:45.985.390 [stars_engine.cc:1390] 111010 StarsResumeRtsq: sq already disable, stream_id=48, queryCnt=1
[INFO] RUNTIME(110933,npu_reader):2026-09-21-12:13:45.985.398 [npu_driver_res.cc:740] 111010 GetSqTail: deviceId=2, tsId=0, sqId=1, tail=1, readCount=1.
[INFO] RUNTIME(110933,npu_reader):2026-09-21-12:13:45.985.401 [npu_driver_res.cc:829] 111010 SetSqHead: deviceId=2, tsId=0, sqId=1, head=1.
[INFO] RUNTIME(110933,npu_reader):2026-09-21-12:13:45.985.410 [npu_driver_res.cc:1903] 111010 EnableSq: deviceId=2, tsId=0, sqId=1.
[INFO] RUNTIME(110933,npu_reader):2026-09-21-12:13:45.985.411 [stream.cc:1955] 110933 SynchronizeImpl: device_id=2, stream_id=48, task_id=0 has been completed, concerned task_id=0 has been recycled.
[WARNING] RUNTIME(110933,npu_reader):2026-09-21-12:13:45.985.416 [stars_engine.cc:1458] 111010 StarsResumeRtsq: Resume stream_id=48, sq_id=1, sq_head=0, task_id=0, taskType=97, head=1.
[INFO] RUNTIME(110933,npu_reader):2026-09-21-12:13:45.985.433 [raw_device.cc:1945] 110933 GetStarsVersion: send alloc get stars version task, stream_id=48, retCode:0
[INFO] RUNTIME(110933,npu_reader):2026-09-21-12:13:45.985.454 [stars_engine.cc:668] 111010 ProcLogicCqUntilEmpty: Task Wait: stream_id=48, logicCqId=121, retCode=0
[INFO] RUNTIME(110933,npu_reader):2026-09-21-12:13:45.985.462 [raw_device.cc:1063] 110933 Start: Get TschVersion, tschVersion=35.
[INFO] RUNTIME(110933,npu_reader):2026-09-21-12:13:45.986.910 [ringbuffer_maintain_task_v100.cc:58] 110933 ConstructSqeForRingBufferMaintainTask: RingBufferMaintainTask stream_id=48, task_id=1, offset=0xb40
[INFO] RUNTIME(110933,npu_reader):2026-09-21-12:13:45.986.973 [task_submit.cc:598] 110933 AllocTaskAndSendStars: device_id=2, ts_id=0, sq_id=1, cq_id=1, stream_id=48, task_id=1, task_type=83(DEVICE_RINGBUFFER_CONTROL), sendSqeNum=1, isSupportASyncRecycle=0, isNeedPostProc=1, davinciHead=0, davinciTail=0, taskHead=0, taskTail=0, bindFlag=0, head=1, tail=2, delay recycle num=0.
[INFO] RUNTIME(110933,npu_reader):2026-09-21-12:13:45.988.257 [stream.cc:1826] 110933 GetFinishedTaskIdBySqHead: stream_id=48, sq_id=1, sqHead=2, nextTaskId=65535, finishedPos=1, endTaskId=1
[INFO] RUNTIME(110933,npu_reader):2026-09-21-12:13:45.988.262 [stream.cc:1826] 111010 GetFinishedTaskIdBySqHead: stream_id=48, sq_id=1, sqHead=2, nextTaskId=65535, finishedPos=1, endTaskId=1
[INFO] RUNTIME(110933,npu_reader):2026-09-21-12:13:45.988.271 [stream.cc:1949] 110933 SynchronizeImpl: device_id=2, stream_id=48, task_id=1 has been completed, no concerned cqe.
[INFO] RUNTIME(110933,npu_reader):2026-09-21-12:13:45.988.283 [stars_engine.cc:1952] 111010 TaskReclaimBySqHeadForSeparatedStm: device_id=2, stream_id=48, sqHead=2, posHead=1, posTail=2, finishedTaskId=1
[INFO] RUNTIME(110933,npu_reader):2026-09-21-12:13:45.988.332 [stars_engine.cc:1896] 111010 RecycleTaskProcessForSeparatedStm: device_id=2, stream_id=48, recycle task_id=1, sqHead=2, sqTail=2, sqeNum=1, resHead=2, resTail=2.
[INFO] RUNTIME(110933,npu_reader):2026-09-21-12:13:45.988.432 [npu_driver_res.cc:608] 110933 QueryOpExecTimeoutInterval: device_id=2, ts_id=0, op execute timeoutInterval=4294967296ns.
[INFO] RUNTIME(110933,npu_reader):2026-09-21-12:13:45.988.450 [runtime.cc:2680] 110933 InitOpExecTimeout: devId=2, tsId=0, op execute timeout interval=4294967296ns, isOpTimeoutMs=0.
[INFO] RUNTIME(110933,npu_reader):2026-09-21-12:13:45.988.459 [npu_driver.cc:1109] 110933 CheckIsSupportFeature: Support FEATURE_DMS_GET_QOS_MASTER_CONFIG, drv devId=2.
[WARNING] RUNTIME(110933,npu_reader):2026-09-21-12:13:45.988.488 [device_error_proc.cc:173] 110933 GetQosInfoFromRingbuffer: The qosinfo in ringbuffer is invalid, use ipc channel.
[INFO] RUNTIME(110933,npu_reader):2026-09-21-12:13:45.988.494 [raw_device.cc:953] 110933 GetOneAicoreQosCfg: Begin get QOS info from halGetDeviceInfoByBuff, deviceId=2, type=9, moduleType=9, infoType=58.
[INFO] RUNTIME(110933,npu_reader):2026-09-21-12:13:45.988.902 [raw_device.cc:964] 110933 GetOneAicoreQosCfg: The QOS info from halGetDeviceInfoByBuff is: type=9, mpamId=0, qos=0, pmg=0, mode=2.
[INFO] RUNTIME(110933,npu_reader):2026-09-21-12:13:45.988.907 [raw_device.cc:953] 110933 GetOneAicoreQosCfg: Begin get QOS info from halGetDeviceInfoByBuff, deviceId=2, type=10, moduleType=9, infoType=58.
[INFO] RUNTIME(110933,npu_reader):2026-09-21-12:13:45.989.161 [raw_device.cc:964] 110933 GetOneAicoreQosCfg: The QOS info from halGetDeviceInfoByBuff is: type=10, mpamId=0, qos=0, pmg=0, mode=2.
[INFO] RUNTIME(110933,npu_reader):2026-09-21-12:13:45.989.164 [raw_device.cc:953] 110933 GetOneAicoreQosCfg: Begin get QOS info from halGetDeviceInfoByBuff, deviceId=2, type=11, moduleType=9, infoType=58.
[INFO] RUNTIME(110933,npu_reader):2026-09-21-12:13:45.989.412 [raw_device.cc:964] 110933 GetOneAicoreQosCfg: The QOS info from halGetDeviceInfoByBuff is: type=11, mpamId=0, qos=0, pmg=0, mode=2.
[INFO] RUNTIME(110933,npu_reader):2026-09-21-12:13:45.989.416 [raw_device.cc:953] 110933 GetOneAicoreQosCfg: Begin get QOS info from halGetDeviceInfoByBuff, deviceId=2, type=12, moduleType=9, infoType=58.
[INFO] RUNTIME(110933,npu_reader):2026-09-21-12:13:45.989.662 [raw_device.cc:964] 110933 GetOneAicoreQosCfg: The QOS info from halGetDeviceInfoByBuff is: type=12, mpamId=0, qos=0, pmg=0, mode=2.
[INFO] ATRACE(110933,npu_reader):2026-09-21-12:13:45.990.843 [trace_rb_log.c:45](tid:110933) init ring buffer time finished, realTime 1789992825989778845, monotonicTime 19225528983108, freq 99976 kHz, minutesWest 0 minutes
[INFO] ATRACE(110933,npu_reader):2026-09-21-12:13:45.990.850 [trace_rb_log.c:137](tid:110933) [RUNTIME_ATRACE_DEV2_TS0] create ring buffer successfully, msgSize 128 bytes, msgTxtSize 112 bytes, bufferSize 1024 bytes, msg space 128 bytes, total space 131568 bytes
[INFO] ATRACE(110933,npu_reader):2026-09-21-12:13:45.990.857 [tracer_mgr_operate.c:66](tid:110933) create object RUNTIME_ATRACE_DEV2_TS0 successfully, exitSave(false), noLock(false).
[INFO] ATRACE(110933,npu_reader):2026-09-21-12:13:45.990.870 [trace_event.c:66](tid:110933) limitedNum 1.
[INFO] ATRACE(110933,npu_reader):2026-09-21-12:13:45.990.874 [trace_event.c:368](tid:110933) set trace event attr limitedNum: 1
[INFO] RUNTIME(110933,npu_reader):2026-09-21-12:13:45.990.884 [runtime.cc:2172] 110933 SetTsdProfCallback: set tsd prof callback
[INFO] TDT(110933,npu_reader):2026-09-21-12:13:45.990.894 [client_manager.cpp:210][SetProfilingCallback][tid:110933] [TsdClient] set profiling callback successfully
[INFO] PROFILING(110933,npu_reader):2026-09-21-12:13:45.990.955 [msprofiler_impl.cpp:355] (tid:110933) ProfNotifySetDevice, not on cmd mode or acl api not ready.
[INFO] RUNTIME(110933,npu_reader):2026-09-21-12:13:45.990.982 [runtime.cc:2387] 110933 PrimaryContextRetain: new Context ok, Runtime_alloc_size 560
[INFO] RUNTIME(110933,npu_reader):2026-09-21-12:13:45.991.027 [context.cc:115] 110933 Init: ObjAllocator alloc success, Runtime_alloc_size 160000(bytes)
[INFO] RUNTIME(110933,npu_reader):2026-09-21-12:13:45.991.162 [context.cc:127] 110933 Init: ObjAllocator alloc success, Runtime_alloc_size 960000(bytes)
[INFO] RUNTIME(110933,npu_reader):2026-09-21-12:13:45.991.166 [context.cc:407] 110933 Init: Runtime_alloc_size is 16000.
[INFO] RUNTIME(110933,npu_reader):2026-09-21-12:13:45.991.183 [raw_device.cc:1378] 110933 UpdateTimeoutConfig: No need to update timeout config.
[INFO] RUNTIME(110933,npu_reader):2026-09-21-12:13:45.991.227 [npu_driver_dcache_lock_common.cpp:59] 110933 QueryDcacheLockStatus: get ack info from ts, status=1, stack_phy_base_h=aaab00000ff0, stack_phy_base_l=0, drvRet=0.
[INFO] RUNTIME(110933,npu_reader):2026-09-21-12:13:45.991.231 [raw_device.cc:477] 110933 RegisterAndLaunchDcacheLockOp: dcache lock has been set.
[INFO] RUNTIME(110933,npu_reader):2026-09-21-12:13:45.991.234 [runtime.cc:2412] 110933 PrimaryContextRetain: Context inc ref, devId=2, ts_id=0, count=0x1
[INFO] PROFILING(110933,npu_reader):2026-09-21-12:13:45.991.242 [msprofiler_impl.cpp:355] (tid:110933) ProfNotifySetDevice, not on cmd mode or acl api not ready.
[INFO] RUNTIME(110933,npu_reader):2026-09-21-12:13:45.991.245 [runtime.cc:2618] 110933 MsProfNotifyWhenSetDevice: MsprofNotifySetDevice success, devId=2
[INFO] RUNTIME(110933,npu_reader):2026-09-21-12:13:45.991.250 [api_impl.cc:3244] 110933 SetDevice: SetCurRef = 0xaaab4dba2090,drv devId=2
[INFO] PROFILING(110933,npu_reader):2026-09-21-12:13:45.991.255 [msprofiler_impl.cpp:355] (tid:110933) ProfNotifySetDevice, not on cmd mode or acl api not ready.
[INFO] RUNTIME(110933,npu_reader):2026-09-21-12:13:45.991.258 [api_impl.cc:3247] 110933 SetDevice: New device success, deviceId=2.
[INFO] RUNTIME(110933,npu_reader):2026-09-21-12:13:45.991.263 [api_impl.cc:3256] 110933 SetDevice: SetDevice success, curCtx=0xaaab4dba2090, drv devId=2.
[INFO] ASCENDCL(110933,npu_reader):2026-09-21-12:13:45.991.271 [device.cpp:58]110933 aclrtSetDeviceImpl: successfully execute aclrtSetDevice, deviceId = 2
[INFO] ASCENDCL(110933,npu_reader):2026-09-21-12:13:45.991.276 [acl_rt_impl_base.cpp:206]110933 aclrtGetSocNameImpl: start to execute aclrtGetSocName.
[INFO] ASCENDCL(110933,npu_reader):2026-09-21-12:13:45.991.282 [acl_rt_impl_base.cpp:135]110933 InitSocVersion: get SocVersion success, SocVersion = Ascend910_9362
[INFO] ASCENDCL(110933,npu_reader):2026-09-21-12:13:45.991.285 [acl_rt_impl_base.cpp:213]110933 aclrtGetSocNameImpl: execute aclrtGetSocName successfully
[INFO] FE(110933,npu_reader):2026-09-21-12:13:45.991.395 [platform_info.cpp:75]110933 GetConfigFilePath:Current so file path is [/usr/local/Ascend/cann-9.1.0/aarch64-linux/].
[INFO] RUNTIME(110933,npu_reader):2026-09-21-12:13:45.992.750 [api_impl.cc:3613] 110933 GetDeviceInfo: get device info, drv devId=2
[INFO] RUNTIME(110933,npu_reader):2026-09-21-12:13:45.992.782 [api_impl.cc:3613] 110933 GetDeviceInfo: get device info, drv devId=2
[INFO] ASCENDCL(110933,npu_reader):2026-09-21-12:13:45.992.886 [acl_rt_impl_base.cpp:117]110933 UpdatePlatformInfoWithDevice: Successfully to UpdatePlatformInfoWithDevice, deviceId = 2, aicCnt = 20, vecCoreCnt = 40, cubeCoreCnt = 20
API aclrtSetDevice(NPU_DEVICE_ID) => 0
[INFO] ASCENDCL(110933,npu_reader):2026-09-21-12:13:45.992.968 [device.cpp:511]110933 aclrtGetPhyDevIdByLogicDevIdImpl: start to execute aclrtGetPhyDevIdByLogicDevId, logicDevId is [2]
[INFO] RUNTIME(110933,npu_reader):2026-09-21-12:13:45.992.976 [api_impl.cc:3295] 110933 GetDevicePhyIdByIndex: get PhyId by Index=2.
[INFO] ASCENDCL(110933,npu_reader):2026-09-21-12:13:45.992.983 [device.cpp:515]110933 aclrtGetPhyDevIdByLogicDevIdImpl: successfully execute aclrtGetPhyDevIdByLogicDevId
API aclrtGetPhyDevIdByLogicDevId(NPU_DEVICE_ID, &physicalId) => 0
API EndpointDescInit(&desc, 1) => 0
[INFO] ASCENDCL(110933,npu_reader):2026-09-21-12:13:45.993.014 [device.cpp:216]110933 aclrtGetDeviceCountImpl: start to execute aclrtGetDeviceCount
[INFO] ASCENDCL(110933,npu_reader):2026-09-21-12:13:45.993.041 [device.cpp:220]110933 aclrtGetDeviceCountImpl: successfully execute aclrtGetDeviceCount, get device count is 16.
[INFO] ASCENDCL(110933,npu_reader):2026-09-21-12:13:45.993.054 [acl_rt_impl_base.cpp:206]110933 aclrtGetSocNameImpl: start to execute aclrtGetSocName.
[INFO] ASCENDCL(110933,npu_reader):2026-09-21-12:13:45.993.058 [acl_rt_impl_base.cpp:135]110933 InitSocVersion: get SocVersion success, SocVersion = Ascend910_9362
[INFO] ASCENDCL(110933,npu_reader):2026-09-21-12:13:45.993.061 [acl_rt_impl_base.cpp:213]110933 aclrtGetSocNameImpl: execute aclrtGetSocName successfully
[INFO] ASCENDCL(110933,npu_reader):2026-09-21-12:13:45.993.080 [device.cpp:128]110933 aclrtGetDeviceImpl: start to execute aclrtGetDevice
[INFO] HCCL(110933,npu_reader):2026-09-21-12:13:45.993.089 [adapter_rts.cc:274] [110933][hrtGetDevice]deviceLogicId[2]
[INFO] ASCENDCL(110933,npu_reader):2026-09-21-12:13:45.993.094 [device.cpp:511]110933 aclrtGetPhyDevIdByLogicDevIdImpl: start to execute aclrtGetPhyDevIdByLogicDevId, logicDevId is [2]
[INFO] RUNTIME(110933,npu_reader):2026-09-21-12:13:45.993.097 [api_impl.cc:3295] 110933 GetDevicePhyIdByIndex: get PhyId by Index=2.
[INFO] ASCENDCL(110933,npu_reader):2026-09-21-12:13:45.993.099 [device.cpp:515]110933 aclrtGetPhyDevIdByLogicDevIdImpl: successfully execute aclrtGetPhyDevIdByLogicDevId
[INFO] HCCL(110933,npu_reader):2026-09-21-12:13:45.993.104 [hcomm_adapter_runtime.cc:58] [110933][HcommAdapterRuntime][ResolveRuntimeDevicePhyId] deviceCount[16], devLogicId[2], devicePhyId[2].
[INFO] ASCENDCL(110933,npu_reader):2026-09-21-12:13:45.993.107 [acl_rt_impl_base.cpp:206]110933 aclrtGetSocNameImpl: start to execute aclrtGetSocName.
[INFO] ASCENDCL(110933,npu_reader):2026-09-21-12:13:45.993.109 [acl_rt_impl_base.cpp:135]110933 InitSocVersion: get SocVersion success, SocVersion = Ascend910_9362
[INFO] ASCENDCL(110933,npu_reader):2026-09-21-12:13:45.993.111 [acl_rt_impl_base.cpp:213]110933 aclrtGetSocNameImpl: execute aclrtGetSocName successfully
[INFO] ASCENDCL(110933,npu_reader):2026-09-21-12:13:45.993.120 [device.cpp:128]110933 aclrtGetDeviceImpl: start to execute aclrtGetDevice
[INFO] HCCL(110933,npu_reader):2026-09-21-12:13:45.993.122 [adapter_rts.cc:238] [110933][hrtGetDeviceRefresh]deviceLogicId[2]
[INFO] ASCENDCL(110933,npu_reader):2026-09-21-12:13:45.993.125 [device.cpp:511]110933 aclrtGetPhyDevIdByLogicDevIdImpl: start to execute aclrtGetPhyDevIdByLogicDevId, logicDevId is [2]
[INFO] RUNTIME(110933,npu_reader):2026-09-21-12:13:45.993.128 [api_impl.cc:3295] 110933 GetDevicePhyIdByIndex: get PhyId by Index=2.
[INFO] ASCENDCL(110933,npu_reader):2026-09-21-12:13:45.993.130 [device.cpp:515]110933 aclrtGetPhyDevIdByLogicDevIdImpl: successfully execute aclrtGetPhyDevIdByLogicDevId
[INFO] HCCL(110933,npu_reader):2026-09-21-12:13:45.993.132 [hcomm_c_adpt.cc:68] [110933][RefreshCurrentDeviceContext] deviceLogicId[2], devicePhyId[2].
[INFO] HCCL(110933,npu_reader):2026-09-21-12:13:45.993.137 [endpoint.cc:66] [110933][CreateEndpoint]endpointDesc.protocol [1] endpointDesc.loc.locType [0].
[INFO] HCCL(110933,npu_reader):2026-09-21-12:13:45.993.150 [aicpu_ts_roce_endpoint.cc:201] [110933][Init] localEndpoint protocol[1]
[INFO] ASCENDCL(110933,npu_reader):2026-09-21-12:13:45.993.389 [device.cpp:500]110933 aclrtGetLogicDevIdByPhyDevIdImpl: start to execute aclrtGetLogicDevIdByPhyDevId, phyDevId is [2]
[INFO] RUNTIME(110933,npu_reader):2026-09-21-12:13:45.993.396 [api_impl.cc:3302] 110933 GetDeviceIndexByPhyId: get Index by PhyId=2.
[INFO] ASCENDCL(110933,npu_reader):2026-09-21-12:13:45.993.402 [device.cpp:504]110933 aclrtGetLogicDevIdByPhyDevIdImpl: successfully execute aclrtGetLogicDevIdByPhyDevId
[INFO] HCCL(110933,npu_reader):2026-09-21-12:13:45.993.418 [adapter_hal.cc:267] [110933]Entry-hrtDrvGetPlatformInfo
[INFO] HCCL(110933,npu_reader):2026-09-21-12:13:45.993.431 [sal.cc:647] [110933]IsHostUseDevNic[1]
[INFO] HCCL(110933,npu_reader):2026-09-21-12:13:45.993.435 [network_manager.cc:72] [110933]NetworkManager::GetInstance deviceLogicID[2].
[INFO] HCCL(110933,npu_reader):2026-09-21-12:13:45.993.445 [network_manager.cc:172] [110933]nicDeploy = [1], devicePhyId = [4294967295] 
[INFO] HCCL(110933,npu_reader):2026-09-21-12:13:45.993.449 [network_manager.cc:339] [110933]NetworkManager InitV2: devicePhyId[4294967295], devicePhyId_[2] deviceLogicId_[2], isBackup[0]
[INFO] TDT(110933,npu_reader):2026-09-21-12:13:45.993.472 [tsd_client.cpp:188][TsdCapabilityGet][tid:110933] TsdCapabilityGet Begin.
[INFO] TDT(110933,npu_reader):2026-09-21-12:13:45.993.482 [process_mode_manager.cpp:1075][CapabilityGet][tid:110933] [ProcessModeManager] enter into CapabilityGet process deviceId[2] type[6].
[INFO] HCCL(110933,npu_reader):2026-09-21-12:13:45.993.488 [adapter_tdt.cc:84] [110933]Get TsdCapability success. deviceLogicId[2]
[INFO] HCCL(110933,npu_reader):2026-09-21-12:13:45.993.491 [network_manager.cc:224] [110933][NetworkManager][Init]supportMultiProcHCCP[1], hasBackup[0]
[INFO] HCCL(110933,npu_reader):2026-09-21-12:13:45.993.500 [network_manager.cc:123] [110933][TsdProcessOpen]params: halAPIVersion[467992], BACKUP_DEVICE_LOG_DEV_VERSION[467736]
[INFO] RUNTIME(110933,npu_reader):2026-09-21-12:13:45.993.513 [api_impl.cc:3180] 110933 OpenNetService: OpenNetService begin. extParamCnt=1, paramLen=12, paramInfo=--hdcType=18
[INFO] TDT(110933,npu_reader):2026-09-21-12:13:45.993.521 [process_mode_manager.cpp:1578][ProcessOpenSubProc][tid:110933] enter into ProcessOpenSubProc subtype:0
[INFO] TDT(110933,npu_reader):2026-09-21-12:13:45.993.525 [process_mode_manager.cpp:544][InitTsdClient][tid:110933] [TsdClient] tsd client has already been initialized
[INFO] TDT(110933,npu_reader):2026-09-21-12:13:45.993.535 [process_mode_manager.cpp:1512][SetCommonOpenParamList][tid:110933] cnt:0, extra parameters:--hdcType=18, len:12
[WARNING] TDT(110933,npu_reader):2026-09-21-12:13:45.993.542 [env_internal_api.cpp:21][GetEnvFromMmSys][tid:110933] Get env[ASCEND_LATEST_INSTALL_PATH] failed
[INFO] TDT(110933,npu_reader):2026-09-21-12:13:45.993.548 [process_mode_manager.cpp:1825][GetAscendLatestIntallPath][tid:110933] latest install path:/usr/local/Ascend/cann-9.1.0
[INFO] TDT(110933,npu_reader):2026-09-21-12:13:45.993.553 [process_mode_manager.cpp:1532][ConstructCommonOpenMsg][tid:110933] runtimePkgPath:/usr/local/Ascend/cann-9.1.0
[INFO] TDT(110933,npu_reader):2026-09-21-12:13:45.993.565 [version_verify.cpp:117][SpecialFeatureCheck][tid:110933] VersionVerify: previous type[48], supported
[INFO] TDT(110933,npu_reader):2026-09-21-12:13:45.993.718 [hdc_client.cpp:116][CommRecvData][tid:110933] recv timeout is:150000 ms
[INFO] TDT(110933,npu_reader):2026-09-21-12:13:46.042.825 [process_mode_msg_parse.cpp:147][ServerToClientMsgProc][tid:110933] [ServerToClientMsgProc] [sessionID=1]
[INFO] TDT(110933,npu_reader):2026-09-21-12:13:46.042.835 [process_mode_msg_parse.cpp:142][DeviceMsgProcess][tid:110933] [TsdClient] DeviceMsgProc recvMsg realDeviceId[2] msgType[49] localDevId[2] rspCode[0]heterogeneousSubPid[28352], tsdSupportLevel_[511]
[INFO] TDT(110933,npu_reader):2026-09-21-12:13:46.042.839 [hdc_client.cpp:134][CommRecvData][tid:110933] [deviceId=2] the Tsd recv data already
[INFO] TDT(110933,npu_reader):2026-09-21-12:13:46.042.843 [process_mode_manager.cpp:1605][ProcessOpenSubProc][tid:110933] OpenSubProc success type:0, pid:28352
[INFO] HCCL(110933,npu_reader):2026-09-21-12:13:46.042.848 [network_manager.cc:140] [110933][TsdProcessOpen]hrtOpenNetService success, subPid[0], devicePhyId_[2], deviceLogicId_[2], hasBackup[0]
[INFO] HCCL(110933,npu_reader):2026-09-21-12:13:46.042.852 [network_manager.cc:228] [110933][NetworkManager][Init]open tsd by process success, devicePhyId[2], deviceLogicId_[2].
[INFO] HCCP(110933,npu_reader):2026-09-21-12:13:46.042.914 [ra_init.c:165]tid:110933,RaInit : Input parameters: phyId[2], nicPosition:[1] hdcType:[18] enableHdcAsync[0]
[INFO] NET(110933,npu_reader):2026-09-21-12:13:46.042.969 [dl_hal_function.c:296]DlHalInit : dl_hal_init success!
[INFO] DRV(110933,npu_reader):2026-09-21-12:13:46.042.988 [devdrv_hccl.c:103][ascend][curpid:110933,110933][drv][devmng][drvGetProcessSign]Process sign list add success.(tgid=913855)
[INFO] NET(110933,npu_reader):2026-09-21-12:13:46.043.028 [dl_hal_function.c:296]DlHalInit : dl_hal_init success!
[INFO] HCCP(110933,npu_reader):2026-09-21-12:13:46.043.034 [ra_hdc.c:798]tid:110933,RaHdcInit : hdc init start! logic id is 2, phy id is 2, hdcType is 18
[INFO] DRV(110933,npu_reader):2026-09-21-12:13:46.043.397 [hdc_core.c:1982][ascend][curpid:110933,110933][drv][hdc][drvHdcSetSessionReference]Get pid number. (session=822; pid=110933)
[INFO] HCCP(110933,npu_reader):2026-09-21-12:13:46.043.670 [ra_hdc.c:835]tid:110933,RaHdcInit : hdc init OK! phyId[2]
[INFO] HCCP(110933,npu_reader):2026-09-21-12:13:46.064.229 [ra_hdc_async.c:650]tid:110933,RaHdcInitAsync : [init][ra_hdc_async]no need to init async hdc session
[INFO] HCCL(110933,npu_reader):2026-09-21-12:13:46.064.237 [adapter_hccp.cc:789] [110933]init ra success.
[INFO] HCCL(110933,npu_reader):2026-09-21-12:13:46.064.240 [network_manager.cc:353] [110933]NetworkManager nicDeploy[1] deviceLogicId_[2] devicePhyId_[2] init ra OK, nicSocketMap size[0], isHostUseDevNic[1]
[INFO] ASCENDCL(110933,npu_reader):2026-09-21-12:13:46.064.252 [device.cpp:500]110933 aclrtGetLogicDevIdByPhyDevIdImpl: start to execute aclrtGetLogicDevIdByPhyDevId, phyDevId is [2]
[INFO] RUNTIME(110933,npu_reader):2026-09-21-12:13:46.064.257 [api_impl.cc:3302] 110933 GetDeviceIndexByPhyId: get Index by PhyId=2.
[INFO] ASCENDCL(110933,npu_reader):2026-09-21-12:13:46.064.262 [device.cpp:504]110933 aclrtGetLogicDevIdByPhyDevIdImpl: successfully execute aclrtGetLogicDevIdByPhyDevId
[INFO] HCCL(110933,npu_reader):2026-09-21-12:13:46.064.271 [hccl_network.cc:58] [110933][NetDevContext][InitV2] netDevDeployment_ = [1], protoType_ = [2]
[INFO] HCCL(110933,npu_reader):2026-09-21-12:13:46.064.276 [network_manager.cc:72] [110933]NetworkManager::GetInstance deviceLogicID[2].
[INFO] HCCL(110933,npu_reader):2026-09-21-12:13:46.064.280 [network_manager.cc:72] [110933]NetworkManager::GetInstance deviceLogicID[2].
[INFO] HCCL(110933,npu_reader):2026-09-21-12:13:46.064.282 [network_manager.cc:72] [110933]NetworkManager::GetInstance deviceLogicID[2].
[INFO] HCCL(110933,npu_reader):2026-09-21-12:13:46.064.287 [network_manager.cc:894] [110933][NetworkManager][CreateRdmaHandle] ipAddr[20.168.0.3] is not backup
[INFO] HCCL(110933,npu_reader):2026-09-21-12:13:46.064.298 [network_manager.cc:1982] [110933][NetworkManager][OccupyIp] device[2] insert ip[20.168.0.3]
[INFO] HCCL(110933,npu_reader):2026-09-21-12:13:46.064.304 [adapter_hccp.cc:826] [110933]mode:[1], NotifyTypeT:[1], enabled910aLite:[0], disabledLiteThread:[0], enabled2mbLite:[0]
[INFO] HCCP(110933,npu_reader):2026-09-21-12:13:46.064.316 [ra_host.c:1777]tid:110933,RaGetIfaddrs : Input parameters: phyId[2], nicPosition:[1], isAll[0], interface num[8]
[INFO] HCCP(110933,npu_reader):2026-09-21-12:13:46.065.025 [ra_host.c:508]tid:110933,RaRdevInitWithBackupInfo : rdev_init:mode=1 phyId=2 family=2 ip=20.168.0.3 notify_type=1
[INFO] HCCP(110933,npu_reader):2026-09-21-12:13:46.065.224 [ra_hdc_rdma.c:49]tid:110933,RaHdcNotifyBaseAddrInit : notify info: size[1048576]
[INFO] DRV(110933,npu_reader):2026-09-21-12:13:46.069.717 [devmm_svm.c:2232][ascend][curpid:110933,110933][drv][devmm][devmm_ctrl_support_feature]RTS note drv support feature. (in_feature=0xc; out_feature=0x8)
[INFO] HCCP(110933,npu_reader):2026-09-21-12:13:46.069.725 [ra_hdc_lite.c:255]tid:110933,RaHdcGetRdmaLiteSupport : [init][ra_hdc_lite]rdma_handle->enabled_2mb_lite=0, no need to support LITE_ALIGN_2MB
[INFO] HCCP(110933,npu_reader):2026-09-21-12:13:46.069.742 [ra_host.c:1727]tid:110933,RaGetIfnum : Input parameters: phyId[2], nicPosition:[1], isAll:[0]
[INFO] HCCL(110933,npu_reader):2026-09-21-12:13:46.070.464 [adapter_hccp.cc:1829] [110933][Get][DeviceIP]hrtGetIfNum success. ifAddrNum[2].
[INFO] HCCP(110933,npu_reader):2026-09-21-12:13:46.070.470 [ra_host.c:1777]tid:110933,RaGetIfaddrs : Input parameters: phyId[2], nicPosition:[1], isAll[0], interface num[2]
[INFO] HCCL(110933,npu_reader):2026-09-21-12:13:46.071.115 [adapter_hccp.cc:1858] [110933][Get][DeviceIP]hrtGetIfAddress: idx[0] ifname[eth2] ip[20.168.0.3%eth2]
[INFO] HCCL(110933,npu_reader):2026-09-21-12:13:46.071.129 [adapter_hccp.cc:1858] [110933][Get][DeviceIP]hrtGetIfAddress: idx[1] ifname[eth2] ip[fe80::c23e:50ff:fe1d:6b4b%eth2]
[INFO] HCCL(110933,npu_reader):2026-09-21-12:13:46.071.134 [network_manager.cc:1197] [110933]devicePhyId[2], ip[20.168.0.3] disabledLiteThread[0] enabled910aLite[0] rdmaHandle[0xaaab4f559e70] rdma init OK
[INFO] HCCL(110933,npu_reader):2026-09-21-12:13:46.071.142 [network_manager.cc:72] [110933]NetworkManager::GetInstance deviceLogicID[2].
[INFO] HCCL(110933,npu_reader):2026-09-21-12:13:46.071.146 [network_manager.cc:1984] [110933][NetworkManager][OccupyIp] device[2] ip[20.168.0.3] has already occupied.
[INFO] HCCP(110933,npu_reader):2026-09-21-12:13:46.071.151 [ra_host.c:239]tid:110933,RaSocketInit : socket init:mode=1 phyId=2 family=2 ip=20.168.0.3
[INFO] HCCL(110933,npu_reader):2026-09-21-12:13:46.071.155 [adapter_hccp.cc:1017] [110933]socket init success, ip[50374676] device id[2], socketHandle[0xaaab4f55de40]
[INFO] HCCL(110933,npu_reader):2026-09-21-12:13:46.071.158 [network_manager.cc:1249] [110933]devicePhyId[2], ip[20.168.0.3] socket init OK
[INFO] HCCL(110933,npu_reader):2026-09-21-12:13:46.071.161 [network_manager.cc:885] [110933][NetworkManager][CreateNicSocketHandle] CreateNicSocketHandle OK, ipAddr[20.168.0.3].
[INFO] HCCL(110933,npu_reader):2026-09-21-12:13:46.071.164 [network_manager.cc:72] [110933]NetworkManager::GetInstance deviceLogicID[2].
[INFO] HCCL(110933,npu_reader):2026-09-21-12:13:46.071.168 [hccl_network.cc:106] [110933][NetDevContext][InitV2]Deployment is device and proto is roce
[INFO] HCCL(110933,npu_reader):2026-09-21-12:13:46.071.183 [network_manager.cc:72] [110933]NetworkManager::GetInstance deviceLogicID[2].
[INFO] HCCL(110933,npu_reader):2026-09-21-12:13:46.071.188 [aicpu_ts_roce_endpoint.cc:194] [110933]AicpuTsRoceEndpoint::AcquireRdmaContext success, devId[2], ipAddr[20.168.0.3], ctxHandle[0xaaab4f559e70]
[INFO] HCCL(110933,npu_reader):2026-09-21-12:13:46.071.202 [aicpu_ts_roce_mem.cc:58] [110933][AicpuTsRoceRegedMemMgr] ctor netDev[0xaaab4db8f3f0] phyId[2] process-local localRdmaRmaBufferMgr[0xaaab4f56b6a0] (not NetDev embed)
[INFO] HCCL(110933,npu_reader):2026-09-21-12:13:46.071.218 [hcomm_c_adpt.cc:139] [110933][CreateBuiltinEndpoint] endpointDesc.protocol [1] and endpointDesc.loc.locType [0] create endpointHandle [0xaaab4daab9a0] done.
[INFO] ASCENDCL(110933,npu_reader):2026-09-21-12:13:46.071.233 [callback.cpp:193]110933 aclrtRegDeviceStateCallbackImpl: start to execute aclrtRegDeviceStateCallback
[INFO] RUNTIME(110933,npu_reader):2026-09-21-12:13:46.071.248 [api_impl.cc:4386] 110933 RegDeviceStateCallback: Reg device state callback, regName=hcomm_res_mgr.
[INFO] ASCENDCL(110933,npu_reader):2026-09-21-12:13:46.071.258 [callback.cpp:197]110933 aclrtRegDeviceStateCallbackImpl: successfully execute aclrtRegDeviceStateCallback
[INFO] HCCL(110933,npu_reader):2026-09-21-12:13:46.071.261 [hcomm_res_mgr.cc:147] [110933][RegisterDeviceResetCallback] aclrtRegDeviceStateCallback success
API HcommEndpointCreate(&local, &endpoint) => 0

STAGE 2. 分配 HBM，使用 HcommMemReg/Export 注册并导出内存
[INFO] RUNTIME(110933,npu_reader):2026-09-21-12:13:46.071.306 [api_c_soc.cc:84] 110933 rtGetSocVersion: soc version is Ascend910_9362
[INFO] RUNTIME(110933,npu_reader):2026-09-21-12:13:46.071.338 [api_impl.cc:2200] 110933 DevMalloc: size=4128, type=4096, moduleId=33.
[INFO] RUNTIME(110933,npu_reader):2026-09-21-12:13:46.071.362 [api_error.cc:1458] 110933 DevMalloc: device malloc, size=4128(bytes), type=4096, moduleId=33, start ptr=0x12c0c0014000, end ptr=0x12c0c0015020
API aclrtMalloc(&hbm, BUFFER_BYTES, ACL_MEM_MALLOC_NORMAL_ONLY) => 0
[INFO] RUNTIME(110933,npu_reader):2026-09-21-12:13:46.071.377 [api_impl.cc:3002] 110933 MemSetSync: destMax=4096, value=165, count=4096
API aclrtMemset(hbm, BUFFER_BYTES, 0xa5, BUFFER_BYTES) => 0
[INFO] ASCENDCL(110933,npu_reader):2026-09-21-12:13:46.071.460 [device.cpp:216]110933 aclrtGetDeviceCountImpl: start to execute aclrtGetDeviceCount
[INFO] ASCENDCL(110933,npu_reader):2026-09-21-12:13:46.071.470 [device.cpp:220]110933 aclrtGetDeviceCountImpl: successfully execute aclrtGetDeviceCount, get device count is 16.
[INFO] HCCL(110933,npu_reader):2026-09-21-12:13:46.071.474 [hcomm_adapter_runtime.cc:58] [110933][HcommAdapterRuntime][ResolveRuntimeDevicePhyId] deviceCount[16], devLogicId[2], devicePhyId[2].
[INFO] HCCL(110933,npu_reader):2026-09-21-12:13:46.071.478 [hcomm_c_adpt.cc:460] [110933][HcommMemReg] START. endpointHandle[0xaaab4daab9a0].
[INFO] ASCENDCL(110933,npu_reader):2026-09-21-12:13:46.071.488 [device.cpp:128]110933 aclrtGetDeviceImpl: start to execute aclrtGetDevice
[INFO] HCCL(110933,npu_reader):2026-09-21-12:13:46.071.494 [adapter_rts.cc:238] [110933][hrtGetDeviceRefresh]deviceLogicId[2]
[INFO] ASCENDCL(110933,npu_reader):2026-09-21-12:13:46.071.498 [device.cpp:511]110933 aclrtGetPhyDevIdByLogicDevIdImpl: start to execute aclrtGetPhyDevIdByLogicDevId, logicDevId is [2]
[INFO] RUNTIME(110933,npu_reader):2026-09-21-12:13:46.071.503 [api_impl.cc:3295] 110933 GetDevicePhyIdByIndex: get PhyId by Index=2.
[INFO] ASCENDCL(110933,npu_reader):2026-09-21-12:13:46.071.508 [device.cpp:515]110933 aclrtGetPhyDevIdByLogicDevIdImpl: successfully execute aclrtGetPhyDevIdByLogicDevId
[INFO] HCCL(110933,npu_reader):2026-09-21-12:13:46.071.510 [hcomm_c_adpt.cc:68] [110933][RefreshCurrentDeviceContext] deviceLogicId[2], devicePhyId[2].
[INFO] HCCL(110933,npu_reader):2026-09-21-12:13:46.071.515 [aicpu_ts_roce_mem.cc:90] [110933][RegisterMemory] Begin
[WARNING] HCCL(110933,npu_reader):2026-09-21-12:13:46.071.532 [aicpu_ts_roce_mem.cc:108] [110933]Key[addr:20619064328192, size:4096] not found. There is no key in table.
[INFO] HCCL(110933,npu_reader):2026-09-21-12:13:46.071.542 [network_manager.cc:72] [110933]NetworkManager::GetInstance deviceLogicID[2].
[INFO] HCCL(110933,npu_reader):2026-09-21-12:13:46.071.966 [aicpu_ts_roce_mem.cc:125] [110933][AicpuTsRoceRegedMemMgr][RegisterMemory] success, key {0x12c0c0014000, 4096}
API HcommMemReg(endpoint, "npu-hbm", &memory, &registration) => 0
[INFO] ASCENDCL(110933,npu_reader):2026-09-21-12:13:46.071.983 [device.cpp:216]110933 aclrtGetDeviceCountImpl: start to execute aclrtGetDeviceCount
[INFO] ASCENDCL(110933,npu_reader):2026-09-21-12:13:46.071.986 [device.cpp:220]110933 aclrtGetDeviceCountImpl: successfully execute aclrtGetDeviceCount, get device count is 16.
[INFO] HCCL(110933,npu_reader):2026-09-21-12:13:46.071.989 [hcomm_adapter_runtime.cc:58] [110933][HcommAdapterRuntime][ResolveRuntimeDevicePhyId] deviceCount[16], devLogicId[2], devicePhyId[2].
[INFO] HCCL(110933,npu_reader):2026-09-21-12:13:46.071.993 [hcomm_c_adpt.cc:508] [110933][HcommMemExport] START. endpointHandle[0xaaab4daab9a0].
[INFO] ASCENDCL(110933,npu_reader):2026-09-21-12:13:46.071.998 [device.cpp:128]110933 aclrtGetDeviceImpl: start to execute aclrtGetDevice
[INFO] HCCL(110933,npu_reader):2026-09-21-12:13:46.072.002 [adapter_rts.cc:238] [110933][hrtGetDeviceRefresh]deviceLogicId[2]
[INFO] ASCENDCL(110933,npu_reader):2026-09-21-12:13:46.072.005 [device.cpp:511]110933 aclrtGetPhyDevIdByLogicDevIdImpl: start to execute aclrtGetPhyDevIdByLogicDevId, logicDevId is [2]
[INFO] RUNTIME(110933,npu_reader):2026-09-21-12:13:46.072.008 [api_impl.cc:3295] 110933 GetDevicePhyIdByIndex: get PhyId by Index=2.
[INFO] ASCENDCL(110933,npu_reader):2026-09-21-12:13:46.072.011 [device.cpp:515]110933 aclrtGetPhyDevIdByLogicDevIdImpl: successfully execute aclrtGetPhyDevIdByLogicDevId
[INFO] HCCL(110933,npu_reader):2026-09-21-12:13:46.072.014 [hcomm_c_adpt.cc:68] [110933][RefreshCurrentDeviceContext] deviceLogicId[2], devicePhyId[2].
[INFO] HCCL(110933,npu_reader):2026-09-21-12:13:46.072.018 [aicpu_ts_roce_mem.cc:195] [110933][MemoryExport] Begin
[INFO] HCCL(110933,npu_reader):2026-09-21-12:13:46.072.045 [aicpu_ts_roce_mem.cc:229] [110933][AicpuTsRoceRegedMemMgr][MemoryExport] success memHandle[0xaaab4f54a650] memDescLen[193] rdmaSerLen[33]
API HcommMemExport(endpoint, registration, &description, &descriptionBytes) => 0

STAGE 3. TCP 交换 opaque 描述符，HcommMemImport 导入 Host DRAM
[INFO] ASCENDCL(110933,npu_reader):2026-09-21-12:13:46.072.575 [device.cpp:216]110933 aclrtGetDeviceCountImpl: start to execute aclrtGetDeviceCount
[INFO] ASCENDCL(110933,npu_reader):2026-09-21-12:13:46.072.586 [device.cpp:220]110933 aclrtGetDeviceCountImpl: successfully execute aclrtGetDeviceCount, get device count is 16.
[INFO] HCCL(110933,npu_reader):2026-09-21-12:13:46.072.590 [hcomm_adapter_runtime.cc:58] [110933][HcommAdapterRuntime][ResolveRuntimeDevicePhyId] deviceCount[16], devLogicId[2], devicePhyId[2].
[INFO] HCCL(110933,npu_reader):2026-09-21-12:13:46.072.594 [hcomm_c_adpt.cc:531] [110933][HcommMemImport] START. endpointHandle[0xaaab4daab9a0].
[INFO] ASCENDCL(110933,npu_reader):2026-09-21-12:13:46.072.599 [device.cpp:128]110933 aclrtGetDeviceImpl: start to execute aclrtGetDevice
[INFO] HCCL(110933,npu_reader):2026-09-21-12:13:46.072.603 [adapter_rts.cc:238] [110933][hrtGetDeviceRefresh]deviceLogicId[2]
[INFO] ASCENDCL(110933,npu_reader):2026-09-21-12:13:46.072.606 [device.cpp:511]110933 aclrtGetPhyDevIdByLogicDevIdImpl: start to execute aclrtGetPhyDevIdByLogicDevId, logicDevId is [2]
[INFO] RUNTIME(110933,npu_reader):2026-09-21-12:13:46.072.610 [api_impl.cc:3295] 110933 GetDevicePhyIdByIndex: get PhyId by Index=2.
[INFO] ASCENDCL(110933,npu_reader):2026-09-21-12:13:46.072.613 [device.cpp:515]110933 aclrtGetPhyDevIdByLogicDevIdImpl: successfully execute aclrtGetPhyDevIdByLogicDevId
[INFO] HCCL(110933,npu_reader):2026-09-21-12:13:46.072.616 [hcomm_c_adpt.cc:68] [110933][RefreshCurrentDeviceContext] deviceLogicId[2], devicePhyId[2].
[INFO] HCCL(110933,npu_reader):2026-09-21-12:13:46.072.620 [aicpu_ts_roce_mem.cc:287] [110933][MemoryImport] Begin
[INFO] HCCL(110933,npu_reader):2026-09-21-12:13:46.072.669 [aicpu_ts_roce_mem.cc:303] [110933][AicpuTsRoceRegedMemMgr][MemoryImport] created RemoteRdmaRmaBufferMgr for new endpoint, mgrCnt[1]
[INFO] HCCL(110933,npu_reader):2026-09-21-12:13:46.072.685 [aicpu_ts_roce_mem.cc:318] [110933][AicpuTsRoceRegedMemMgr][MemoryImport] success descLen[197] outMem addr[0xaaab17728000] size[4096], mgrCnt[1]
API HcommMemImport(endpoint, peer.descriptor.data(), peer.descriptor.size(), &peer.memory) => 0

STAGE 4. HcommChannelCreate 创建连接，GetStatus 推进建链直到 READY
API HcommChannelDescInit(&desc, 1) => 0
API EndpointDescInit(&desc, 1) => 0
[INFO] HCCL(110933,npu_reader):2026-09-21-12:13:46.072.724 [hcomm_c_adpt.cc:642] [110933][HcommChannelCreate] START. endpointHandle[0xaaab4daab9a0], engine[AICPU_TS], channelNum[1].
[INFO] ASCENDCL(110933,npu_reader):2026-09-21-12:13:46.072.728 [device.cpp:128]110933 aclrtGetDeviceImpl: start to execute aclrtGetDevice
[INFO] HCCL(110933,npu_reader):2026-09-21-12:13:46.072.732 [adapter_rts.cc:238] [110933][hrtGetDeviceRefresh]deviceLogicId[2]
[INFO] ASCENDCL(110933,npu_reader):2026-09-21-12:13:46.072.734 [device.cpp:511]110933 aclrtGetPhyDevIdByLogicDevIdImpl: start to execute aclrtGetPhyDevIdByLogicDevId, logicDevId is [2]
[INFO] RUNTIME(110933,npu_reader):2026-09-21-12:13:46.072.737 [api_impl.cc:3295] 110933 GetDevicePhyIdByIndex: get PhyId by Index=2.
[INFO] ASCENDCL(110933,npu_reader):2026-09-21-12:13:46.072.739 [device.cpp:515]110933 aclrtGetPhyDevIdByLogicDevIdImpl: successfully execute aclrtGetPhyDevIdByLogicDevId
[INFO] HCCL(110933,npu_reader):2026-09-21-12:13:46.072.742 [hcomm_c_adpt.cc:68] [110933][RefreshCurrentDeviceContext] deviceLogicId[2], devicePhyId[2].
[INFO] ASCENDCL(110933,npu_reader):2026-09-21-12:13:46.072.745 [device.cpp:216]110933 aclrtGetDeviceCountImpl: start to execute aclrtGetDeviceCount
[INFO] ASCENDCL(110933,npu_reader):2026-09-21-12:13:46.072.748 [device.cpp:220]110933 aclrtGetDeviceCountImpl: successfully execute aclrtGetDeviceCount, get device count is 16.
[INFO] HCCL(110933,npu_reader):2026-09-21-12:13:46.072.750 [hcomm_adapter_runtime.cc:58] [110933][HcommAdapterRuntime][ResolveRuntimeDevicePhyId] deviceCount[16], devLogicId[2], devicePhyId[2].
[INFO] HCCL(110933,npu_reader):2026-09-21-12:13:46.072.785 [aicpu_ts_roce_channel.cc:395] [110933][AicpuTsRoceChannel] Init start
[INFO] HCCL(110933,npu_reader):2026-09-21-12:13:46.072.897 [aicpu_ts_roce_channel.cc:199] [110933][AicpuTsRoceChannel][client] ParseInputParam start
[INFO] HCCL(110933,npu_reader):2026-09-21-12:13:46.072.900 [aicpu_ts_roce_channel.cc:206] [110933][AicpuTsRoceChannel][client] ParseInputParam done
[INFO] HCCL(110933,npu_reader):2026-09-21-12:13:46.072.906 [aicpu_ts_roce_channel.cc:212] [110933][AicpuTsRoceChannel][client] BuildDataSocket start
[INFO] HCCL(110933,npu_reader):2026-09-21-12:13:46.072.926 [aicpu_ts_roce_channel.cc:229] [110933][AicpuTsRoceChannel][client] BuildDataSocket localIp[20.168.0.3] remoteIp[20.168.0.19] port[19517] socketTag[standard-host-to-hbm_20.168.0.19_20.168.0.3_19517]
[INFO] HCCL(110933,npu_reader):2026-09-21-12:13:46.072.931 [aicpu_ts_roce_channel.cc:249] [110933][AicpuTsRoceChannel][client] BuildDataSocket connect to server
[INFO] HCCL(110933,npu_reader):2026-09-21-12:13:46.072.944 [network_manager.cc:72] [110933]NetworkManager::GetInstance deviceLogicID[2].
[INFO] HCCL(110933,npu_reader):2026-09-21-12:13:46.072.950 [hccl_socket.cc:657] [110933][Get][NicHandleInfo]phyId[2], nicSocketMap[1] localIp[[20.168.0.3]
[INFO] HCCL(110933,npu_reader):2026-09-21-12:13:46.072.957 [hccl_socket.cc:262] [110933][Connect] localIp[20.168.0.3], remoteIp[20.168.0.19], socketHandle[187652747157056], tag[standard-host-to-hbm_20.168.0.19_20.168.0.3_19517], port[19517]
[INFO] HCCL(110933,npu_reader):2026-09-21-12:13:46.072.962 [adapter_hccp.cc:1287] [110933]batch connect, port[19517], remoteip[7f7f7f7f]
[INFO] HCCP(110933,npu_reader):2026-09-21-12:13:46.072.975 [ra_host.c:716]tid:110933,RaSocketBatchConnect : Input parameters: [0]th, phyId[2], localIp[20.168.0.3], remoteIp[20.168.0.19], port[19517], tag[standard-host-to-hbm_20.168.0.19_20.168.0.3_19517], cnt[0]
[INFO] HCCL(110933,npu_reader):2026-09-21-12:13:46.079.648 [hccl_socket.cc:396] [110933][Get][Status]status_[2] 
[INFO] HCCL(110933,npu_reader):2026-09-21-12:13:46.079.657 [aicpu_ts_roce_channel.cc:261] [110933][AicpuTsRoceChannel][client] BuildDataSocket TCP link ready
[INFO] HCCL(110933,npu_reader):2026-09-21-12:13:46.079.663 [aicpu_ts_roce_channel.cc:241] [110933][AicpuTsRoceChannel][client] BuildDataSocket done localPort[842412390] remotePort[19517]
[INFO] HCCL(110933,npu_reader):2026-09-21-12:13:46.079.670 [aicpu_ts_roce_channel.cc:378] [110933][AicpuTsRoceChannel][client] BuildDispatcherAndTransport commId[hcomm_roce_ch_0xaaab4f57fa00]
[WARNING] HCCL(110933,npu_reader):2026-09-21-12:13:46.079.678 [hccl_dispatcher_ctx.cc:38] [110933][FindDispatcherByCommId] commIdkey[hcomm_roce_ch_0xaaab4f57fa00] not found, ctx return nullptr
[INFO] HCCL(110933,npu_reader):2026-09-21-12:13:46.079.711 [adapter_hal.cc:267] [110933]Entry-hrtDrvGetPlatformInfo
[INFO] HCCL(110933,npu_reader):2026-09-21-12:13:46.079.719 [dispatcher_ctx.cc:37] [110933][DispatcherCtx][Init] isDeviceSide[0]
[INFO] HCCL(110933,npu_reader):2026-09-21-12:13:46.079.734 [dispatcher_ctx.cc:47] [110933][DispatcherCtx][Init] Will use NORMAL mode.
[INFO] ASCENDCL(110933,npu_reader):2026-09-21-12:13:46.079.744 [device.cpp:500]110933 aclrtGetLogicDevIdByPhyDevIdImpl: start to execute aclrtGetLogicDevIdByPhyDevId, phyDevId is [2]
[INFO] RUNTIME(110933,npu_reader):2026-09-21-12:13:46.079.749 [api_impl.cc:3302] 110933 GetDeviceIndexByPhyId: get Index by PhyId=2.
[INFO] ASCENDCL(110933,npu_reader):2026-09-21-12:13:46.079.754 [device.cpp:504]110933 aclrtGetLogicDevIdByPhyDevIdImpl: successfully execute aclrtGetLogicDevIdByPhyDevId
[INFO] ASCENDCL(110933,npu_reader):2026-09-21-12:13:46.079.775 [acl_rt_impl_base.cpp:206]110933 aclrtGetSocNameImpl: start to execute aclrtGetSocName.
[INFO] ASCENDCL(110933,npu_reader):2026-09-21-12:13:46.079.779 [acl_rt_impl_base.cpp:135]110933 InitSocVersion: get SocVersion success, SocVersion = Ascend910_9362
[INFO] ASCENDCL(110933,npu_reader):2026-09-21-12:13:46.079.782 [acl_rt_impl_base.cpp:213]110933 aclrtGetSocNameImpl: execute aclrtGetSocName successfully
[INFO] HCCL(110933,npu_reader):2026-09-21-12:13:46.079.788 [legacy_common.cc:30] [110933]get soc name[Ascend910_9362] [Ascend910_9362]
[INFO] HCCL(110933,npu_reader):2026-09-21-12:13:46.079.797 [tbe_vector_reduce.cc:67] [110933]TbeVectorReduce Init get device type[4]
[INFO] ASCENDCL(110933,npu_reader):2026-09-21-12:13:46.080.910 [device.cpp:128]110933 aclrtGetDeviceImpl: start to execute aclrtGetDevice
[INFO] ASCENDCL(110933,npu_reader):2026-09-21-12:13:46.080.929 [device.cpp:294]110933 aclrtGetDeviceInfoImpl: start to execute aclrtGetDeviceInfo
[INFO] RUNTIME(110933,npu_reader):2026-09-21-12:13:46.080.949 [api_impl.cc:3613] 110933 GetDeviceInfo: get device info, drv devId=2
[INFO] ASCENDCL(110933,npu_reader):2026-09-21-12:13:46.080.969 [device.cpp:299]110933 aclrtGetDeviceInfoImpl: successfully execute aclrtGetDeviceInfo
[INFO] HCCL(110933,npu_reader):2026-09-21-12:13:46.080.979 [tbe_vector_reduce.cc:424] [110933]op binary file path[/usr/local/Ascend/cann-9.1.0/lib64]
[INFO] RUNTIME(110933,npu_reader):2026-09-21-12:13:46.081.122 [binary_loader.cc:364] 110933 LoadFromData: New ElfProgram ok, magic=1094799942, kernelAttrType=2, Runtime_alloc_size=11072
[INFO] RUNTIME(110933,npu_reader):2026-09-21-12:13:46.081.134 [program.cc:204] 110933 SaveBinaryData: Malloc the buffer for elfData, len=22320
[INFO] RUNTIME(110933,npu_reader):2026-09-21-12:13:46.081.151 [elf.cc:884] 110933 ParseKernelMetaData: section name = .text.
[INFO] RUNTIME(110933,npu_reader):2026-09-21-12:13:46.081.157 [elf.cc:884] 110933 ParseKernelMetaData: section name = .ascend.stack.size.record.
[INFO] RUNTIME(110933,npu_reader):2026-09-21-12:13:46.081.160 [elf.cc:884] 110933 ParseKernelMetaData: section name = __CCE_KernelArgSize.
[INFO] RUNTIME(110933,npu_reader):2026-09-21-12:13:46.081.162 [elf.cc:884] 110933 ParseKernelMetaData: section name = .ascend.meta.add_Ascend910b_int64_2147483647.
[INFO] RUNTIME(110933,npu_reader):2026-09-21-12:13:46.081.166 [elf.cc:575] 110933 ElfParseParamSummary: paramCount=4, paramTotalSize=32.
[INFO] RUNTIME(110933,npu_reader):2026-09-21-12:13:46.081.170 [elf.cc:610] 110933 ElfParseParamInfo: Cache param info: ordinal=0, offset=0, size=8, align=8, paramType=2, spaceIndex=0.
[INFO] RUNTIME(110933,npu_reader):2026-09-21-12:13:46.081.173 [elf.cc:610] 110933 ElfParseParamInfo: Cache param info: ordinal=1, offset=8, size=8, align=8, paramType=2, spaceIndex=0.
[INFO] RUNTIME(110933,npu_reader):2026-09-21-12:13:46.081.175 [elf.cc:610] 110933 ElfParseParamInfo: Cache param info: ordinal=2, offset=16, size=8, align=8, paramType=2, spaceIndex=0.
[INFO] RUNTIME(110933,npu_reader):2026-09-21-12:13:46.081.178 [elf.cc:610] 110933 ElfParseParamInfo: Cache param info: ordinal=3, offset=24, size=8, align=8, paramType=2, spaceIndex=0.
[INFO] RUNTIME(110933,npu_reader):2026-09-21-12:13:46.081.182 [elf.cc:916] 110933 ParseKernelMetaData: kernel_name=add_Ascend910b_int64_2147483647, ration[0]=0, ration[1]=0, dfxAddr=0xaaab4f5f2a78, dfxSize=176, funcType=0, crossCoreSync=0, kernelVfType=0, shareMemSize=0, minStackSize=0, isSupportFuncEntry=0, functionEntryFlag=128, functionEntry=0.
[INFO] RUNTIME(110933,npu_reader):2026-09-21-12:13:46.081.185 [elf.cc:884] 110933 ParseKernelMetaData: section name = .comment.
[INFO] RUNTIME(110933,npu_reader):2026-09-21-12:13:46.081.188 [elf.cc:884] 110933 ParseKernelMetaData: section name = .ascend.meta.add_Ascend910b_int64_210010000.
[INFO] RUNTIME(110933,npu_reader):2026-09-21-12:13:46.081.190 [elf.cc:575] 110933 ElfParseParamSummary: paramCount=4, paramTotalSize=32.
[INFO] RUNTIME(110933,npu_reader):2026-09-21-12:13:46.081.192 [elf.cc:610] 110933 ElfParseParamInfo: Cache param info: ordinal=0, offset=0, size=8, align=8, paramType=2, spaceIndex=0.
[INFO] RUNTIME(110933,npu_reader):2026-09-21-12:13:46.081.195 [elf.cc:610] 110933 ElfParseParamInfo: Cache param info: ordinal=1, offset=8, size=8, align=8, paramType=2, spaceIndex=0.
[INFO] RUNTIME(110933,npu_reader):2026-09-21-12:13:46.081.198 [elf.cc:610] 110933 ElfParseParamInfo: Cache param info: ordinal=2, offset=16, size=8, align=8, paramType=2, spaceIndex=0.
[INFO] RUNTIME(110933,npu_reader):2026-09-21-12:13:46.081.200 [elf.cc:610] 110933 ElfParseParamInfo: Cache param info: ordinal=3, offset=24, size=8, align=8, paramType=2, spaceIndex=0.
[INFO] RUNTIME(110933,npu_reader):2026-09-21-12:13:46.081.205 [elf.cc:916] 110933 ParseKernelMetaData: kernel_name=add_Ascend910b_int64_210010000, ration[0]=0, ration[1]=0, dfxAddr=0xaaab4f5f2b6c, dfxSize=176, funcType=0, crossCoreSync=0, kernelVfType=0, shareMemSize=0, minStackSize=0, isSupportFuncEntry=0, functionEntryFlag=128, functionEntry=0.
[INFO] RUNTIME(110933,npu_reader):2026-09-21-12:13:46.081.208 [elf.cc:884] 110933 ParseKernelMetaData: section name = .ascend.meta.add_Ascend910b_int64_210000000.
[INFO] RUNTIME(110933,npu_reader):2026-09-21-12:13:46.081.210 [elf.cc:575] 110933 ElfParseParamSummary: paramCount=4, paramTotalSize=32.
[INFO] RUNTIME(110933,npu_reader):2026-09-21-12:13:46.081.212 [elf.cc:610] 110933 ElfParseParamInfo: Cache param info: ordinal=0, offset=0, size=8, align=8, paramType=2, spaceIndex=0.
[INFO] RUNTIME(110933,npu_reader):2026-09-21-12:13:46.081.215 [elf.cc:610] 110933 ElfParseParamInfo: Cache param info: ordinal=1, offset=8, size=8, align=8, paramType=2, spaceIndex=0.
[INFO] RUNTIME(110933,npu_reader):2026-09-21-12:13:46.081.217 [elf.cc:610] 110933 ElfParseParamInfo: Cache param info: ordinal=2, offset=16, size=8, align=8, paramType=2, spaceIndex=0.
[INFO] RUNTIME(110933,npu_reader):2026-09-21-12:13:46.081.220 [elf.cc:610] 110933 ElfParseParamInfo: Cache param info: ordinal=3, offset=24, size=8, align=8, paramType=2, spaceIndex=0.
[INFO] RUNTIME(110933,npu_reader):2026-09-21-12:13:46.081.223 [elf.cc:916] 110933 ParseKernelMetaData: kernel_name=add_Ascend910b_int64_210000000, ration[0]=0, ration[1]=0, dfxAddr=0xaaab4f5f2c1c, dfxSize=176, funcType=0, crossCoreSync=0, kernelVfType=0, shareMemSize=0, minStackSize=0, isSupportFuncEntry=0, functionEntryFlag=128, functionEntry=0.
[INFO] RUNTIME(110933,npu_reader):2026-09-21-12:13:46.081.242 [elf.cc:1076] 110933 UpdateCachedParamInfos: Restore cached param info: kernel_name=add_Ascend910b_int64_2147483647, ordinal=0, offset=0, size=8.
[INFO] RUNTIME(110933,npu_reader):2026-09-21-12:13:46.081.246 [elf.cc:1076] 110933 UpdateCachedParamInfos: Restore cached param info: kernel_name=add_Ascend910b_int64_2147483647, ordinal=1, offset=8, size=8.
[INFO] RUNTIME(110933,npu_reader):2026-09-21-12:13:46.081.248 [elf.cc:1076] 110933 UpdateCachedParamInfos: Restore cached param info: kernel_name=add_Ascend910b_int64_2147483647, ordinal=2, offset=16, size=8.
[INFO] RUNTIME(110933,npu_reader):2026-09-21-12:13:46.081.251 [elf.cc:1076] 110933 UpdateCachedParamInfos: Restore cached param info: kernel_name=add_Ascend910b_int64_2147483647, ordinal=3, offset=24, size=8.
[INFO] RUNTIME(110933,npu_reader):2026-09-21-12:13:46.081.254 [elf.cc:1145] 110933 UpdateKernelsInfo: update meta info, kernel_name=add_Ascend910b_int64_2147483647, dfxAddr=0xaaab4f5f2a78, dfxSize=176, funcType=0, elfDataFlag=1, userArgsNum=0, crossCoreSync=0, kernelVfType=0, shareMemSize=0, minStackSize=0, funcEntryType=0, functionEntry=0, schedMode=0, taskRation_0=0, taskRation_1=0, hasParamSummary=1, paramCount=4, paramTotalSize=32.
[INFO] RUNTIME(110933,npu_reader):2026-09-21-12:13:46.081.258 [elf.cc:1076] 110933 UpdateCachedParamInfos: Restore cached param info: kernel_name=add_Ascend910b_int64_210010000, ordinal=0, offset=0, size=8.
[INFO] RUNTIME(110933,npu_reader):2026-09-21-12:13:46.081.260 [elf.cc:1076] 110933 UpdateCachedParamInfos: Restore cached param info: kernel_name=add_Ascend910b_int64_210010000, ordinal=1, offset=8, size=8.
[INFO] RUNTIME(110933,npu_reader):2026-09-21-12:13:46.081.263 [elf.cc:1076] 110933 UpdateCachedParamInfos: Restore cached param info: kernel_name=add_Ascend910b_int64_210010000, ordinal=2, offset=16, size=8.
[INFO] RUNTIME(110933,npu_reader):2026-09-21-12:13:46.081.265 [elf.cc:1076] 110933 UpdateCachedParamInfos: Restore cached param info: kernel_name=add_Ascend910b_int64_210010000, ordinal=3, offset=24, size=8.
[INFO] RUNTIME(110933,npu_reader):2026-09-21-12:13:46.081.267 [elf.cc:1145] 110933 UpdateKernelsInfo: update meta info, kernel_name=add_Ascend910b_int64_210010000, dfxAddr=0xaaab4f5f2b6c, dfxSize=176, funcType=0, elfDataFlag=1, userArgsNum=0, crossCoreSync=0, kernelVfType=0, shareMemSize=0, minStackSize=0, funcEntryType=0, functionEntry=0, schedMode=0, taskRation_0=0, taskRation_1=0, hasParamSummary=1, paramCount=4, paramTotalSize=32.
[INFO] RUNTIME(110933,npu_reader):2026-09-21-12:13:46.081.272 [elf.cc:1076] 110933 UpdateCachedParamInfos: Restore cached param info: kernel_name=add_Ascend910b_int64_210000000, ordinal=0, offset=0, size=8.
[INFO] RUNTIME(110933,npu_reader):2026-09-21-12:13:46.081.275 [elf.cc:1076] 110933 UpdateCachedParamInfos: Restore cached param info: kernel_name=add_Ascend910b_int64_210000000, ordinal=1, offset=8, size=8.
[INFO] RUNTIME(110933,npu_reader):2026-09-21-12:13:46.081.277 [elf.cc:1076] 110933 UpdateCachedParamInfos: Restore cached param info: kernel_name=add_Ascend910b_int64_210000000, ordinal=2, offset=16, size=8.
[INFO] RUNTIME(110933,npu_reader):2026-09-21-12:13:46.081.279 [elf.cc:1076] 110933 UpdateCachedParamInfos: Restore cached param info: kernel_name=add_Ascend910b_int64_210000000, ordinal=3, offset=24, size=8.
[INFO] RUNTIME(110933,npu_reader):2026-09-21-12:13:46.081.281 [elf.cc:1145] 110933 UpdateKernelsInfo: update meta info, kernel_name=add_Ascend910b_int64_210000000, dfxAddr=0xaaab4f5f2c1c, dfxSize=176, funcType=0, elfDataFlag=1, userArgsNum=0, crossCoreSync=0, kernelVfType=0, shareMemSize=0, minStackSize=0, funcEntryType=0, functionEntry=0, schedMode=0, taskRation_0=0, taskRation_1=0, hasParamSummary=1, paramCount=4, paramTotalSize=32.
[INFO] RUNTIME(110933,npu_reader):2026-09-21-12:13:46.081.290 [runtime.cc:1448] 110933 AddProgramToPool: progId=0
[INFO] RUNTIME(110933,npu_reader):2026-09-21-12:13:46.081.303 [program.cc:1649] 110933 GetKernelTypeAndMixType: Get kernel type success, kernelName=add_Ascend910b_int64_2147483647, funcType=0, kernelAttrType=2, mixType=0
[INFO] RUNTIME(110933,npu_reader):2026-09-21-12:13:46.081.314 [program.cc:1119] 110933 SetKernelAttribute: kernel_name=add_Ascend910b_int64_2147483647, kernelAttrType=2, userParamNum=0, sysParamNum=1, IsNeedSetFftsAddrInArg=0, isSupportOverFlow=1, elfDataFlag=1
[INFO] RUNTIME(110933,npu_reader):2026-09-21-12:13:46.081.317 [program.cc:1690] 110933 BuildNewKernel: new kernel success, size=1320, programId=0, original kernel_name=add_Ascend910b_int64_2147483647, register kernel_name=add_Ascend910b_int64_2147483647, tilingKey=2147483647, functionEntry=0, funcType=0, kernelAttrType=2, mixType=0, taskRation=2, offset=0, dfxAddr=187652747766392, dfxSize=176
[INFO] RUNTIME(110933,npu_reader):2026-09-21-12:13:46.081.323 [program.cc:1649] 110933 GetKernelTypeAndMixType: Get kernel type success, kernelName=add_Ascend910b_int64_210010000, funcType=0, kernelAttrType=2, mixType=0
[INFO] RUNTIME(110933,npu_reader):2026-09-21-12:13:46.081.327 [program.cc:1119] 110933 SetKernelAttribute: kernel_name=add_Ascend910b_int64_210010000, kernelAttrType=2, userParamNum=0, sysParamNum=1, IsNeedSetFftsAddrInArg=0, isSupportOverFlow=1, elfDataFlag=1
[INFO] RUNTIME(110933,npu_reader):2026-09-21-12:13:46.081.330 [program.cc:1690] 110933 BuildNewKernel: new kernel success, size=1320, programId=0, original kernel_name=add_Ascend910b_int64_210010000, register kernel_name=add_Ascend910b_int64_210010000, tilingKey=210010000, functionEntry=0, funcType=0, kernelAttrType=2, mixType=0, taskRation=2, offset=116, dfxAddr=187652747766636, dfxSize=176
[INFO] RUNTIME(110933,npu_reader):2026-09-21-12:13:46.081.334 [program.cc:1649] 110933 GetKernelTypeAndMixType: Get kernel type success, kernelName=add_Ascend910b_int64_210000000, funcType=0, kernelAttrType=2, mixType=0
[INFO] RUNTIME(110933,npu_reader):2026-09-21-12:13:46.081.337 [program.cc:1119] 110933 SetKernelAttribute: kernel_name=add_Ascend910b_int64_210000000, kernelAttrType=2, userParamNum=0, sysParamNum=1, IsNeedSetFftsAddrInArg=0, isSupportOverFlow=1, elfDataFlag=1
[INFO] RUNTIME(110933,npu_reader):2026-09-21-12:13:46.081.340 [program.cc:1690] 110933 BuildNewKernel: new kernel success, size=1320, programId=0, original kernel_name=add_Ascend910b_int64_210000000, register kernel_name=add_Ascend910b_int64_210000000, tilingKey=210000000, functionEntry=0, funcType=0, kernelAttrType=2, mixType=0, taskRation=2, offset=11984, dfxAddr=187652747766812, dfxSize=176
[INFO] RUNTIME(110933,npu_reader):2026-09-21-12:13:46.081.388 [binary_loader.cc:364] 110933 LoadFromData: New ElfProgram ok, magic=1094799942, kernelAttrType=2, Runtime_alloc_size=11072
[INFO] RUNTIME(110933,npu_reader):2026-09-21-12:13:46.081.396 [program.cc:204] 110933 SaveBinaryData: Malloc the buffer for elfData, len=15992
[INFO] RUNTIME(110933,npu_reader):2026-09-21-12:13:46.081.400 [elf.cc:884] 110933 ParseKernelMetaData: section name = .text.
[INFO] RUNTIME(110933,npu_reader):2026-09-21-12:13:46.081.404 [elf.cc:884] 110933 ParseKernelMetaData: section name = .ascend.stack.size.record.
[INFO] RUNTIME(110933,npu_reader):2026-09-21-12:13:46.081.406 [elf.cc:884] 110933 ParseKernelMetaData: section name = __CCE_KernelArgSize.
[INFO] RUNTIME(110933,npu_reader):2026-09-21-12:13:46.081.408 [elf.cc:884] 110933 ParseKernelMetaData: section name = .ascend.meta.max_Ascend910b_int64_2147483647.
[INFO] RUNTIME(110933,npu_reader):2026-09-21-12:13:46.081.411 [elf.cc:575] 110933 ElfParseParamSummary: paramCount=4, paramTotalSize=32.
[INFO] RUNTIME(110933,npu_reader):2026-09-21-12:13:46.081.413 [elf.cc:610] 110933 ElfParseParamInfo: Cache param info: ordinal=0, offset=0, size=8, align=8, paramType=2, spaceIndex=0.
[INFO] RUNTIME(110933,npu_reader):2026-09-21-12:13:46.081.416 [elf.cc:610] 110933 ElfParseParamInfo: Cache param info: ordinal=1, offset=8, size=8, align=8, paramType=2, spaceIndex=0.
[INFO] RUNTIME(110933,npu_reader):2026-09-21-12:13:46.081.418 [elf.cc:610] 110933 ElfParseParamInfo: Cache param info: ordinal=2, offset=16, size=8, align=8, paramType=2, spaceIndex=0.
[INFO] RUNTIME(110933,npu_reader):2026-09-21-12:13:46.081.421 [elf.cc:610] 110933 ElfParseParamInfo: Cache param info: ordinal=3, offset=24, size=8, align=8, paramType=2, spaceIndex=0.
[INFO] RUNTIME(110933,npu_reader):2026-09-21-12:13:46.081.423 [elf.cc:916] 110933 ParseKernelMetaData: kernel_name=max_Ascend910b_int64_2147483647, ration[0]=0, ration[1]=0, dfxAddr=0xaaab4f5ff2e4, dfxSize=176, funcType=0, crossCoreSync=0, kernelVfType=0, shareMemSize=0, minStackSize=0, isSupportFuncEntry=0, functionEntryFlag=128, functionEntry=0.
[INFO] RUNTIME(110933,npu_reader):2026-09-21-12:13:46.081.426 [elf.cc:884] 110933 ParseKernelMetaData: section name = .comment.
[INFO] RUNTIME(110933,npu_reader):2026-09-21-12:13:46.081.428 [elf.cc:884] 110933 ParseKernelMetaData: section name = .ascend.meta.max_Ascend910b_int64_210010000.
[INFO] RUNTIME(110933,npu_reader):2026-09-21-12:13:46.081.431 [elf.cc:575] 110933 ElfParseParamSummary: paramCount=4, paramTotalSize=32.
[INFO] RUNTIME(110933,npu_reader):2026-09-21-12:13:46.081.433 [elf.cc:610] 110933 ElfParseParamInfo: Cache param info: ordinal=0, offset=0, size=8, align=8, paramType=2, spaceIndex=0.
[INFO] RUNTIME(110933,npu_reader):2026-09-21-12:13:46.081.435 [elf.cc:610] 110933 ElfParseParamInfo: Cache param info: ordinal=1, offset=8, size=8, align=8, paramType=2, spaceIndex=0.
[INFO] RUNTIME(110933,npu_reader):2026-09-21-12:13:46.081.438 [elf.cc:610] 110933 ElfParseParamInfo: Cache param info: ordinal=2, offset=16, size=8, align=8, paramType=2, spaceIndex=0.
[INFO] RUNTIME(110933,npu_reader):2026-09-21-12:13:46.081.440 [elf.cc:610] 110933 ElfParseParamInfo: Cache param info: ordinal=3, offset=24, size=8, align=8, paramType=2, spaceIndex=0.
[INFO] RUNTIME(110933,npu_reader):2026-09-21-12:13:46.081.443 [elf.cc:916] 110933 ParseKernelMetaData: kernel_name=max_Ascend910b_int64_210010000, ration[0]=0, ration[1]=0, dfxAddr=0xaaab4f5ff3d8, dfxSize=176, funcType=0, crossCoreSync=0, kernelVfType=0, shareMemSize=0, minStackSize=0, isSupportFuncEntry=0, functionEntryFlag=128, functionEntry=0.
[INFO] RUNTIME(110933,npu_reader):2026-09-21-12:13:46.081.446 [elf.cc:884] 110933 ParseKernelMetaData: section name = .ascend.meta.max_Ascend910b_int64_210000000.
[INFO] RUNTIME(110933,npu_reader):2026-09-21-12:13:46.081.448 [elf.cc:575] 110933 ElfParseParamSummary: paramCount=4, paramTotalSize=32.
[INFO] RUNTIME(110933,npu_reader):2026-09-21-12:13:46.081.452 [elf.cc:610] 110933 ElfParseParamInfo: Cache param info: ordinal=0, offset=0, size=8, align=8, paramType=2, spaceIndex=0.
[INFO] RUNTIME(110933,npu_reader):2026-09-21-12:13:46.081.454 [elf.cc:610] 110933 ElfParseParamInfo: Cache param info: ordinal=1, offset=8, size=8, align=8, paramType=2, spaceIndex=0.
[INFO] RUNTIME(110933,npu_reader):2026-09-21-12:13:46.081.457 [elf.cc:610] 110933 ElfParseParamInfo: Cache param info: ordinal=2, offset=16, size=8, align=8, paramType=2, spaceIndex=0.
[INFO] RUNTIME(110933,npu_reader):2026-09-21-12:13:46.081.459 [elf.cc:610] 110933 ElfParseParamInfo: Cache param info: ordinal=3, offset=24, size=8, align=8, paramType=2, spaceIndex=0.
[INFO] RUNTIME(110933,npu_reader):2026-09-21-12:13:46.081.462 [elf.cc:916] 110933 ParseKernelMetaData: kernel_name=max_Ascend910b_int64_210000000, ration[0]=0, ration[1]=0, dfxAddr=0xaaab4f5ff488, dfxSize=176, funcType=0, crossCoreSync=0, kernelVfType=0, shareMemSize=0, minStackSize=0, isSupportFuncEntry=0, functionEntryFlag=128, functionEntry=0.
[INFO] RUNTIME(110933,npu_reader):2026-09-21-12:13:46.081.474 [elf.cc:1076] 110933 UpdateCachedParamInfos: Restore cached param info: kernel_name=max_Ascend910b_int64_2147483647, ordinal=0, offset=0, size=8.
[INFO] RUNTIME(110933,npu_reader):2026-09-21-12:13:46.081.477 [elf.cc:1076] 110933 UpdateCachedParamInfos: Restore cached param info: kernel_name=max_Ascend910b_int64_2147483647, ordinal=1, offset=8, size=8.
[INFO] RUNTIME(110933,npu_reader):2026-09-21-12:13:46.081.479 [elf.cc:1076] 110933 UpdateCachedParamInfos: Restore cached param info: kernel_name=max_Ascend910b_int64_2147483647, ordinal=2, offset=16, size=8.
[INFO] RUNTIME(110933,npu_reader):2026-09-21-12:13:46.081.481 [elf.cc:1076] 110933 UpdateCachedParamInfos: Restore cached param info: kernel_name=max_Ascend910b_int64_2147483647, ordinal=3, offset=24, size=8.
[INFO] RUNTIME(110933,npu_reader):2026-09-21-12:13:46.081.484 [elf.cc:1145] 110933 UpdateKernelsInfo: update meta info, kernel_name=max_Ascend910b_int64_2147483647, dfxAddr=0xaaab4f5ff2e4, dfxSize=176, funcType=0, elfDataFlag=1, userArgsNum=0, crossCoreSync=0, kernelVfType=0, shareMemSize=0, minStackSize=0, funcEntryType=0, functionEntry=0, schedMode=0, taskRation_0=0, taskRation_1=0, hasParamSummary=1, paramCount=4, paramTotalSize=32.
[INFO] RUNTIME(110933,npu_reader):2026-09-21-12:13:46.081.487 [elf.cc:1076] 110933 UpdateCachedParamInfos: Restore cached param info: kernel_name=max_Ascend910b_int64_210010000, ordinal=0, offset=0, size=8.
[INFO] RUNTIME(110933,npu_reader):2026-09-21-12:13:46.081.490 [elf.cc:1076] 110933 UpdateCachedParamInfos: Restore cached param info: kernel_name=max_Ascend910b_int64_210010000, ordinal=1, offset=8, size=8.
[INFO] RUNTIME(110933,npu_reader):2026-09-21-12:13:46.081.492 [elf.cc:1076] 110933 UpdateCachedParamInfos: Restore cached param info: kernel_name=max_Ascend910b_int64_210010000, ordinal=2, offset=16, size=8.
[INFO] RUNTIME(110933,npu_reader):2026-09-21-12:13:46.081.494 [elf.cc:1076] 110933 UpdateCachedParamInfos: Restore cached param info: kernel_name=max_Ascend910b_int64_210010000, ordinal=3, offset=24, size=8.
[INFO] RUNTIME(110933,npu_reader):2026-09-21-12:13:46.081.496 [elf.cc:1145] 110933 UpdateKernelsInfo: update meta info, kernel_name=max_Ascend910b_int64_210010000, dfxAddr=0xaaab4f5ff3d8, dfxSize=176, funcType=0, elfDataFlag=1, userArgsNum=0, crossCoreSync=0, kernelVfType=0, shareMemSize=0, minStackSize=0, funcEntryType=0, functionEntry=0, schedMode=0, taskRation_0=0, taskRation_1=0, hasParamSummary=1, paramCount=4, paramTotalSize=32.
[INFO] RUNTIME(110933,npu_reader):2026-09-21-12:13:46.081.500 [elf.cc:1076] 110933 UpdateCachedParamInfos: Restore cached param info: kernel_name=max_Ascend910b_int64_210000000, ordinal=0, offset=0, size=8.
[INFO] RUNTIME(110933,npu_reader):2026-09-21-12:13:46.081.502 [elf.cc:1076] 110933 UpdateCachedParamInfos: Restore cached param info: kernel_name=max_Ascend910b_int64_210000000, ordinal=1, offset=8, size=8.
[INFO] RUNTIME(110933,npu_reader):2026-09-21-12:13:46.081.505 [elf.cc:1076] 110933 UpdateCachedParamInfos: Restore cached param info: kernel_name=max_Ascend910b_int64_210000000, ordinal=2, offset=16, size=8.
[INFO] RUNTIME(110933,npu_reader):2026-09-21-12:13:46.081.507 [elf.cc:1076] 110933 UpdateCachedParamInfos: Restore cached param info: kernel_name=max_Ascend910b_int64_210000000, ordinal=3, offset=24, size=8.
[INFO] RUNTIME(110933,npu_reader):2026-09-21-12:13:46.081.509 [elf.cc:1145] 110933 UpdateKernelsInfo: update meta info, kernel_name=max_Ascend910b_int64_210000000, dfxAddr=0xaaab4f5ff488, dfxSize=176, funcType=0, elfDataFlag=1, userArgsNum=0, crossCoreSync=0, kernelVfType=0, shareMemSize=0, minStackSize=0, funcEntryType=0, functionEntry=0, schedMode=0, taskRation_0=0, taskRation_1=0, hasParamSummary=1, paramCount=4, paramTotalSize=32.
[INFO] RUNTIME(110933,npu_reader):2026-09-21-12:13:46.081.514 [runtime.cc:1448] 110933 AddProgramToPool: progId=1
[INFO] RUNTIME(110933,npu_reader):2026-09-21-12:13:46.081.517 [program.cc:1649] 110933 GetKernelTypeAndMixType: Get kernel type success, kernelName=max_Ascend910b_int64_2147483647, funcType=0, kernelAttrType=2, mixType=0
[INFO] RUNTIME(110933,npu_reader):2026-09-21-12:13:46.081.521 [program.cc:1119] 110933 SetKernelAttribute: kernel_name=max_Ascend910b_int64_2147483647, kernelAttrType=2, userParamNum=0, sysParamNum=1, IsNeedSetFftsAddrInArg=0, isSupportOverFlow=1, elfDataFlag=1
[INFO] RUNTIME(110933,npu_reader):2026-09-21-12:13:46.081.524 [program.cc:1690] 110933 BuildNewKernel: new kernel success, size=1320, programId=1, original kernel_name=max_Ascend910b_int64_2147483647, register kernel_name=max_Ascend910b_int64_2147483647, tilingKey=2147483647, functionEntry=0, funcType=0, kernelAttrType=2, mixType=0, taskRation=2, offset=0, dfxAddr=187652747817700, dfxSize=176
[INFO] RUNTIME(110933,npu_reader):2026-09-21-12:13:46.081.527 [program.cc:1649] 110933 GetKernelTypeAndMixType: Get kernel type success, kernelName=max_Ascend910b_int64_210010000, funcType=0, kernelAttrType=2, mixType=0
[INFO] RUNTIME(110933,npu_reader):2026-09-21-12:13:46.081.531 [program.cc:1119] 110933 SetKernelAttribute: kernel_name=max_Ascend910b_int64_210010000, kernelAttrType=2, userParamNum=0, sysParamNum=1, IsNeedSetFftsAddrInArg=0, isSupportOverFlow=1, elfDataFlag=1
[INFO] RUNTIME(110933,npu_reader):2026-09-21-12:13:46.081.533 [program.cc:1690] 110933 BuildNewKernel: new kernel success, size=1320, programId=1, original kernel_name=max_Ascend910b_int64_210010000, register kernel_name=max_Ascend910b_int64_210010000, tilingKey=210010000, functionEntry=0, funcType=0, kernelAttrType=2, mixType=0, taskRation=2, offset=116, dfxAddr=187652747817944, dfxSize=176
[INFO] RUNTIME(110933,npu_reader):2026-09-21-12:13:46.081.537 [program.cc:1649] 110933 GetKernelTypeAndMixType: Get kernel type success, kernelName=max_Ascend910b_int64_210000000, funcType=0, kernelAttrType=2, mixType=0
[INFO] RUNTIME(110933,npu_reader):2026-09-21-12:13:46.081.541 [program.cc:1119] 110933 SetKernelAttribute: kernel_name=max_Ascend910b_int64_210000000, kernelAttrType=2, userParamNum=0, sysParamNum=1, IsNeedSetFftsAddrInArg=0, isSupportOverFlow=1, elfDataFlag=1
[INFO] RUNTIME(110933,npu_reader):2026-09-21-12:13:46.081.543 [program.cc:1690] 110933 BuildNewKernel: new kernel success, size=1320, programId=1, original kernel_name=max_Ascend910b_int64_210000000, register kernel_name=max_Ascend910b_int64_210000000, tilingKey=210000000, functionEntry=0, funcType=0, kernelAttrType=2, mixType=0, taskRation=2, offset=8136, dfxAddr=187652747818120, dfxSize=176
[INFO] RUNTIME(110933,npu_reader):2026-09-21-12:13:46.081.577 [binary_loader.cc:364] 110933 LoadFromData: New ElfProgram ok, magic=1094799942, kernelAttrType=2, Runtime_alloc_size=11072
[INFO] RUNTIME(110933,npu_reader):2026-09-21-12:13:46.081.584 [program.cc:204] 110933 SaveBinaryData: Malloc the buffer for elfData, len=15992
[INFO] RUNTIME(110933,npu_reader):2026-09-21-12:13:46.081.588 [elf.cc:884] 110933 ParseKernelMetaData: section name = .text.
[INFO] RUNTIME(110933,npu_reader):2026-09-21-12:13:46.081.592 [elf.cc:884] 110933 ParseKernelMetaData: section name = .ascend.stack.size.record.
[INFO] RUNTIME(110933,npu_reader):2026-09-21-12:13:46.081.594 [elf.cc:884] 110933 ParseKernelMetaData: section name = __CCE_KernelArgSize.
[INFO] RUNTIME(110933,npu_reader):2026-09-21-12:13:46.081.597 [elf.cc:884] 110933 ParseKernelMetaData: section name = .ascend.meta.min_Ascend910b_int64_2147483647.
[INFO] RUNTIME(110933,npu_reader):2026-09-21-12:13:46.081.599 [elf.cc:575] 110933 ElfParseParamSummary: paramCount=4, paramTotalSize=32.
[INFO] RUNTIME(110933,npu_reader):2026-09-21-12:13:46.081.601 [elf.cc:610] 110933 ElfParseParamInfo: Cache param info: ordinal=0, offset=0, size=8, align=8, paramType=2, spaceIndex=0.
[INFO] RUNTIME(110933,npu_reader):2026-09-21-12:13:46.081.604 [elf.cc:610] 110933 ElfParseParamInfo: Cache param info: ordinal=1, offset=8, size=8, align=8, paramType=2, spaceIndex=0.
[INFO] RUNTIME(110933,npu_reader):2026-09-21-12:13:46.081.606 [elf.cc:610] 110933 ElfParseParamInfo: Cache param info: ordinal=2, offset=16, size=8, align=8, paramType=2, spaceIndex=0.
[INFO] RUNTIME(110933,npu_reader):2026-09-21-12:13:46.081.608 [elf.cc:610] 110933 ElfParseParamInfo: Cache param info: ordinal=3, offset=24, size=8, align=8, paramType=2, spaceIndex=0.
[INFO] RUNTIME(110933,npu_reader):2026-09-21-12:13:46.081.611 [elf.cc:916] 110933 ParseKernelMetaData: kernel_name=min_Ascend910b_int64_2147483647, ration[0]=0, ration[1]=0, dfxAddr=0xaaab4f60bb44, dfxSize=176, funcType=0, crossCoreSync=0, kernelVfType=0, shareMemSize=0, minStackSize=0, isSupportFuncEntry=0, functionEntryFlag=128, functionEntry=0.
[INFO] RUNTIME(110933,npu_reader):2026-09-21-12:13:46.081.614 [elf.cc:884] 110933 ParseKernelMetaData: section name = .comment.
[INFO] RUNTIME(110933,npu_reader):2026-09-21-12:13:46.081.617 [elf.cc:884] 110933 ParseKernelMetaData: section name = .ascend.meta.min_Ascend910b_int64_210010000.
[INFO] RUNTIME(110933,npu_reader):2026-09-21-12:13:46.081.619 [elf.cc:575] 110933 ElfParseParamSummary: paramCount=4, paramTotalSize=32.
[INFO] RUNTIME(110933,npu_reader):2026-09-21-12:13:46.081.621 [elf.cc:610] 110933 ElfParseParamInfo: Cache param info: ordinal=0, offset=0, size=8, align=8, paramType=2, spaceIndex=0.
[INFO] RUNTIME(110933,npu_reader):2026-09-21-12:13:46.081.623 [elf.cc:610] 110933 ElfParseParamInfo: Cache param info: ordinal=1, offset=8, size=8, align=8, paramType=2, spaceIndex=0.
[INFO] RUNTIME(110933,npu_reader):2026-09-21-12:13:46.081.626 [elf.cc:610] 110933 ElfParseParamInfo: Cache param info: ordinal=2, offset=16, size=8, align=8, paramType=2, spaceIndex=0.
[INFO] RUNTIME(110933,npu_reader):2026-09-21-12:13:46.081.628 [elf.cc:610] 110933 ElfParseParamInfo: Cache param info: ordinal=3, offset=24, size=8, align=8, paramType=2, spaceIndex=0.
[INFO] RUNTIME(110933,npu_reader):2026-09-21-12:13:46.081.631 [elf.cc:916] 110933 ParseKernelMetaData: kernel_name=min_Ascend910b_int64_210010000, ration[0]=0, ration[1]=0, dfxAddr=0xaaab4f60bc38, dfxSize=176, funcType=0, crossCoreSync=0, kernelVfType=0, shareMemSize=0, minStackSize=0, isSupportFuncEntry=0, functionEntryFlag=128, functionEntry=0.
[INFO] RUNTIME(110933,npu_reader):2026-09-21-12:13:46.081.634 [elf.cc:884] 110933 ParseKernelMetaData: section name = .ascend.meta.min_Ascend910b_int64_210000000.
[INFO] RUNTIME(110933,npu_reader):2026-09-21-12:13:46.081.636 [elf.cc:575] 110933 ElfParseParamSummary: paramCount=4, paramTotalSize=32.
[INFO] RUNTIME(110933,npu_reader):2026-09-21-12:13:46.081.638 [elf.cc:610] 110933 ElfParseParamInfo: Cache param info: ordinal=0, offset=0, size=8, align=8, paramType=2, spaceIndex=0.
[INFO] RUNTIME(110933,npu_reader):2026-09-21-12:13:46.081.640 [elf.cc:610] 110933 ElfParseParamInfo: Cache param info: ordinal=1, offset=8, size=8, align=8, paramType=2, spaceIndex=0.
[INFO] RUNTIME(110933,npu_reader):2026-09-21-12:13:46.081.643 [elf.cc:610] 110933 ElfParseParamInfo: Cache param info: ordinal=2, offset=16, size=8, align=8, paramType=2, spaceIndex=0.
[INFO] RUNTIME(110933,npu_reader):2026-09-21-12:13:46.081.645 [elf.cc:610] 110933 ElfParseParamInfo: Cache param info: ordinal=3, offset=24, size=8, align=8, paramType=2, spaceIndex=0.
[INFO] RUNTIME(110933,npu_reader):2026-09-21-12:13:46.081.649 [elf.cc:916] 110933 ParseKernelMetaData: kernel_name=min_Ascend910b_int64_210000000, ration[0]=0, ration[1]=0, dfxAddr=0xaaab4f60bce8, dfxSize=176, funcType=0, crossCoreSync=0, kernelVfType=0, shareMemSize=0, minStackSize=0, isSupportFuncEntry=0, functionEntryFlag=128, functionEntry=0.
[INFO] RUNTIME(110933,npu_reader):2026-09-21-12:13:46.081.658 [elf.cc:1076] 110933 UpdateCachedParamInfos: Restore cached param info: kernel_name=min_Ascend910b_int64_2147483647, ordinal=0, offset=0, size=8.
[INFO] RUNTIME(110933,npu_reader):2026-09-21-12:13:46.081.660 [elf.cc:1076] 110933 UpdateCachedParamInfos: Restore cached param info: kernel_name=min_Ascend910b_int64_2147483647, ordinal=1, offset=8, size=8.
[INFO] RUNTIME(110933,npu_reader):2026-09-21-12:13:46.081.663 [elf.cc:1076] 110933 UpdateCachedParamInfos: Restore cached param info: kernel_name=min_Ascend910b_int64_2147483647, ordinal=2, offset=16, size=8.
[INFO] RUNTIME(110933,npu_reader):2026-09-21-12:13:46.081.665 [elf.cc:1076] 110933 UpdateCachedParamInfos: Restore cached param info: kernel_name=min_Ascend910b_int64_2147483647, ordinal=3, offset=24, size=8.
[INFO] RUNTIME(110933,npu_reader):2026-09-21-12:13:46.081.667 [elf.cc:1145] 110933 UpdateKernelsInfo: update meta info, kernel_name=min_Ascend910b_int64_2147483647, dfxAddr=0xaaab4f60bb44, dfxSize=176, funcType=0, elfDataFlag=1, userArgsNum=0, crossCoreSync=0, kernelVfType=0, shareMemSize=0, minStackSize=0, funcEntryType=0, functionEntry=0, schedMode=0, taskRation_0=0, taskRation_1=0, hasParamSummary=1, paramCount=4, paramTotalSize=32.
[INFO] RUNTIME(110933,npu_reader):2026-09-21-12:13:46.081.671 [elf.cc:1076] 110933 UpdateCachedParamInfos: Restore cached param info: kernel_name=min_Ascend910b_int64_210010000, ordinal=0, offset=0, size=8.
[INFO] RUNTIME(110933,npu_reader):2026-09-21-12:13:46.081.673 [elf.cc:1076] 110933 UpdateCachedParamInfos: Restore cached param info: kernel_name=min_Ascend910b_int64_210010000, ordinal=1, offset=8, size=8.
[INFO] RUNTIME(110933,npu_reader):2026-09-21-12:13:46.081.675 [elf.cc:1076] 110933 UpdateCachedParamInfos: Restore cached param info: kernel_name=min_Ascend910b_int64_210010000, ordinal=2, offset=16, size=8.
[INFO] RUNTIME(110933,npu_reader):2026-09-21-12:13:46.081.677 [elf.cc:1076] 110933 UpdateCachedParamInfos: Restore cached param info: kernel_name=min_Ascend910b_int64_210010000, ordinal=3, offset=24, size=8.
[INFO] RUNTIME(110933,npu_reader):2026-09-21-12:13:46.081.680 [elf.cc:1145] 110933 UpdateKernelsInfo: update meta info, kernel_name=min_Ascend910b_int64_210010000, dfxAddr=0xaaab4f60bc38, dfxSize=176, funcType=0, elfDataFlag=1, userArgsNum=0, crossCoreSync=0, kernelVfType=0, shareMemSize=0, minStackSize=0, funcEntryType=0, functionEntry=0, schedMode=0, taskRation_0=0, taskRation_1=0, hasParamSummary=1, paramCount=4, paramTotalSize=32.
[INFO] RUNTIME(110933,npu_reader):2026-09-21-12:13:46.081.683 [elf.cc:1076] 110933 UpdateCachedParamInfos: Restore cached param info: kernel_name=min_Ascend910b_int64_210000000, ordinal=0, offset=0, size=8.
[INFO] RUNTIME(110933,npu_reader):2026-09-21-12:13:46.081.685 [elf.cc:1076] 110933 UpdateCachedParamInfos: Restore cached param info: kernel_name=min_Ascend910b_int64_210000000, ordinal=1, offset=8, size=8.
[INFO] RUNTIME(110933,npu_reader):2026-09-21-12:13:46.081.688 [elf.cc:1076] 110933 UpdateCachedParamInfos: Restore cached param info: kernel_name=min_Ascend910b_int64_210000000, ordinal=2, offset=16, size=8.
[INFO] RUNTIME(110933,npu_reader):2026-09-21-12:13:46.081.690 [elf.cc:1076] 110933 UpdateCachedParamInfos: Restore cached param info: kernel_name=min_Ascend910b_int64_210000000, ordinal=3, offset=24, size=8.
[INFO] RUNTIME(110933,npu_reader):2026-09-21-12:13:46.081.692 [elf.cc:1145] 110933 UpdateKernelsInfo: update meta info, kernel_name=min_Ascend910b_int64_210000000, dfxAddr=0xaaab4f60bce8, dfxSize=176, funcType=0, elfDataFlag=1, userArgsNum=0, crossCoreSync=0, kernelVfType=0, shareMemSize=0, minStackSize=0, funcEntryType=0, functionEntry=0, schedMode=0, taskRation_0=0, taskRation_1=0, hasParamSummary=1, paramCount=4, paramTotalSize=32.
[INFO] RUNTIME(110933,npu_reader):2026-09-21-12:13:46.081.697 [runtime.cc:1448] 110933 AddProgramToPool: progId=2
[INFO] RUNTIME(110933,npu_reader):2026-09-21-12:13:46.081.700 [program.cc:1649] 110933 GetKernelTypeAndMixType: Get kernel type success, kernelName=min_Ascend910b_int64_2147483647, funcType=0, kernelAttrType=2, mixType=0
[INFO] RUNTIME(110933,npu_reader):2026-09-21-12:13:46.081.703 [program.cc:1119] 110933 SetKernelAttribute: kernel_name=min_Ascend910b_int64_2147483647, kernelAttrType=2, userParamNum=0, sysParamNum=1, IsNeedSetFftsAddrInArg=0, isSupportOverFlow=1, elfDataFlag=1
[INFO] RUNTIME(110933,npu_reader):2026-09-21-12:13:46.081.706 [program.cc:1690] 110933 BuildNewKernel: new kernel success, size=1320, programId=2, original kernel_name=min_Ascend910b_int64_2147483647, register kernel_name=min_Ascend910b_int64_2147483647, tilingKey=2147483647, functionEntry=0, funcType=0, kernelAttrType=2, mixType=0, taskRation=2, offset=0, dfxAddr=187652747868996, dfxSize=176
[INFO] RUNTIME(110933,npu_reader):2026-09-21-12:13:46.081.710 [program.cc:1649] 110933 GetKernelTypeAndMixType: Get kernel type success, kernelName=min_Ascend910b_int64_210010000, funcType=0, kernelAttrType=2, mixType=0
[INFO] RUNTIME(110933,npu_reader):2026-09-21-12:13:46.081.713 [program.cc:1119] 110933 SetKernelAttribute: kernel_name=min_Ascend910b_int64_210010000, kernelAttrType=2, userParamNum=0, sysParamNum=1, IsNeedSetFftsAddrInArg=0, isSupportOverFlow=1, elfDataFlag=1
[INFO] RUNTIME(110933,npu_reader):2026-09-21-12:13:46.081.716 [program.cc:1690] 110933 BuildNewKernel: new kernel success, size=1320, programId=2, original kernel_name=min_Ascend910b_int64_210010000, register kernel_name=min_Ascend910b_int64_210010000, tilingKey=210010000, functionEntry=0, funcType=0, kernelAttrType=2, mixType=0, taskRation=2, offset=116, dfxAddr=187652747869240, dfxSize=176
[INFO] RUNTIME(110933,npu_reader):2026-09-21-12:13:46.081.719 [program.cc:1649] 110933 GetKernelTypeAndMixType: Get kernel type success, kernelName=min_Ascend910b_int64_210000000, funcType=0, kernelAttrType=2, mixType=0
[INFO] RUNTIME(110933,npu_reader):2026-09-21-12:13:46.081.723 [program.cc:1119] 110933 SetKernelAttribute: kernel_name=min_Ascend910b_int64_210000000, kernelAttrType=2, userParamNum=0, sysParamNum=1, IsNeedSetFftsAddrInArg=0, isSupportOverFlow=1, elfDataFlag=1
[INFO] RUNTIME(110933,npu_reader):2026-09-21-12:13:46.081.725 [program.cc:1690] 110933 BuildNewKernel: new kernel success, size=1320, programId=2, original kernel_name=min_Ascend910b_int64_210000000, register kernel_name=min_Ascend910b_int64_210000000, tilingKey=210000000, functionEntry=0, funcType=0, kernelAttrType=2, mixType=0, taskRation=2, offset=8136, dfxAddr=187652747869416, dfxSize=176
[INFO] RUNTIME(110933,npu_reader):2026-09-21-12:13:46.081.756 [binary_loader.cc:364] 110933 LoadFromData: New ElfProgram ok, magic=1094799942, kernelAttrType=2, Runtime_alloc_size=11072
[INFO] RUNTIME(110933,npu_reader):2026-09-21-12:13:46.081.762 [program.cc:204] 110933 SaveBinaryData: Malloc the buffer for elfData, len=14920
[INFO] RUNTIME(110933,npu_reader):2026-09-21-12:13:46.081.766 [elf.cc:884] 110933 ParseKernelMetaData: section name = .text.
[INFO] RUNTIME(110933,npu_reader):2026-09-21-12:13:46.081.768 [elf.cc:884] 110933 ParseKernelMetaData: section name = .ascend.stack.size.record.
[INFO] RUNTIME(110933,npu_reader):2026-09-21-12:13:46.081.771 [elf.cc:884] 110933 ParseKernelMetaData: section name = __CCE_KernelArgSize.
[INFO] RUNTIME(110933,npu_reader):2026-09-21-12:13:46.081.773 [elf.cc:884] 110933 ParseKernelMetaData: section name = .ascend.meta.mul_Ascend910B1_float16_232010000.
[INFO] RUNTIME(110933,npu_reader):2026-09-21-12:13:46.081.775 [elf.cc:575] 110933 ElfParseParamSummary: paramCount=4, paramTotalSize=32.
[INFO] RUNTIME(110933,npu_reader):2026-09-21-12:13:46.081.777 [elf.cc:610] 110933 ElfParseParamInfo: Cache param info: ordinal=0, offset=0, size=8, align=8, paramType=2, spaceIndex=0.
[INFO] RUNTIME(110933,npu_reader):2026-09-21-12:13:46.081.781 [elf.cc:610] 110933 ElfParseParamInfo: Cache param info: ordinal=1, offset=8, size=8, align=8, paramType=2, spaceIndex=0.
[INFO] RUNTIME(110933,npu_reader):2026-09-21-12:13:46.081.784 [elf.cc:610] 110933 ElfParseParamInfo: Cache param info: ordinal=2, offset=16, size=8, align=8, paramType=2, spaceIndex=0.
[INFO] RUNTIME(110933,npu_reader):2026-09-21-12:13:46.081.786 [elf.cc:610] 110933 ElfParseParamInfo: Cache param info: ordinal=3, offset=24, size=8, align=8, paramType=2, spaceIndex=0.
[INFO] RUNTIME(110933,npu_reader):2026-09-21-12:13:46.081.789 [elf.cc:916] 110933 ParseKernelMetaData: kernel_name=mul_Ascend910B1_float16_232010000, ration[0]=0, ration[1]=0, dfxAddr=0xaaab4f616e40, dfxSize=176, funcType=0, crossCoreSync=0, kernelVfType=0, shareMemSize=0, minStackSize=0, isSupportFuncEntry=0, functionEntryFlag=128, functionEntry=0.
[INFO] RUNTIME(110933,npu_reader):2026-09-21-12:13:46.081.792 [elf.cc:884] 110933 ParseKernelMetaData: section name = .comment.
[INFO] RUNTIME(110933,npu_reader):2026-09-21-12:13:46.081.794 [elf.cc:884] 110933 ParseKernelMetaData: section name = .ascend.meta.mul_Ascend910B1_float16_232000000.
[INFO] RUNTIME(110933,npu_reader):2026-09-21-12:13:46.081.796 [elf.cc:575] 110933 ElfParseParamSummary: paramCount=4, paramTotalSize=32.
[INFO] RUNTIME(110933,npu_reader):2026-09-21-12:13:46.081.798 [elf.cc:610] 110933 ElfParseParamInfo: Cache param info: ordinal=0, offset=0, size=8, align=8, paramType=2, spaceIndex=0.
[INFO] RUNTIME(110933,npu_reader):2026-09-21-12:13:46.081.801 [elf.cc:610] 110933 ElfParseParamInfo: Cache param info: ordinal=1, offset=8, size=8, align=8, paramType=2, spaceIndex=0.
[INFO] RUNTIME(110933,npu_reader):2026-09-21-12:13:46.081.803 [elf.cc:610] 110933 ElfParseParamInfo: Cache param info: ordinal=2, offset=16, size=8, align=8, paramType=2, spaceIndex=0.
[INFO] RUNTIME(110933,npu_reader):2026-09-21-12:13:46.081.806 [elf.cc:610] 110933 ElfParseParamInfo: Cache param info: ordinal=3, offset=24, size=8, align=8, paramType=2, spaceIndex=0.
[INFO] RUNTIME(110933,npu_reader):2026-09-21-12:13:46.081.808 [elf.cc:916] 110933 ParseKernelMetaData: kernel_name=mul_Ascend910B1_float16_232000000, ration[0]=0, ration[1]=0, dfxAddr=0xaaab4f616f34, dfxSize=176, funcType=0, crossCoreSync=0, kernelVfType=0, shareMemSize=0, minStackSize=0, isSupportFuncEntry=0, functionEntryFlag=128, functionEntry=0.
[INFO] RUNTIME(110933,npu_reader):2026-09-21-12:13:46.081.811 [elf.cc:884] 110933 ParseKernelMetaData: section name = .ascend.meta.mul_Ascend910B1_float16_223010000.
[INFO] RUNTIME(110933,npu_reader):2026-09-21-12:13:46.081.814 [elf.cc:575] 110933 ElfParseParamSummary: paramCount=4, paramTotalSize=32.
[INFO] RUNTIME(110933,npu_reader):2026-09-21-12:13:46.081.816 [elf.cc:610] 110933 ElfParseParamInfo: Cache param info: ordinal=0, offset=0, size=8, align=8, paramType=2, spaceIndex=0.
[INFO] RUNTIME(110933,npu_reader):2026-09-21-12:13:46.081.818 [elf.cc:610] 110933 ElfParseParamInfo: Cache param info: ordinal=1, offset=8, size=8, align=8, paramType=2, spaceIndex=0.
[INFO] RUNTIME(110933,npu_reader):2026-09-21-12:13:46.081.821 [elf.cc:610] 110933 ElfParseParamInfo: Cache param info: ordinal=2, offset=16, size=8, align=8, paramType=2, spaceIndex=0.
[INFO] RUNTIME(110933,npu_reader):2026-09-21-12:13:46.081.823 [elf.cc:610] 110933 ElfParseParamInfo: Cache param info: ordinal=3, offset=24, size=8, align=8, paramType=2, spaceIndex=0.
[INFO] RUNTIME(110933,npu_reader):2026-09-21-12:13:46.081.825 [elf.cc:916] 110933 ParseKernelMetaData: kernel_name=mul_Ascend910B1_float16_223010000, ration[0]=0, ration[1]=0, dfxAddr=0xaaab4f616fe4, dfxSize=176, funcType=0, crossCoreSync=0, kernelVfType=0, shareMemSize=0, minStackSize=0, isSupportFuncEntry=0, functionEntryFlag=128, functionEntry=0.
[INFO] RUNTIME(110933,npu_reader):2026-09-21-12:13:46.081.828 [elf.cc:884] 110933 ParseKernelMetaData: section name = .ascend.meta.mul_Ascend910B1_float16_223000000.
[INFO] RUNTIME(110933,npu_reader):2026-09-21-12:13:46.081.831 [elf.cc:575] 110933 ElfParseParamSummary: paramCount=4, paramTotalSize=32.
[INFO] RUNTIME(110933,npu_reader):2026-09-21-12:13:46.081.834 [elf.cc:610] 110933 ElfParseParamInfo: Cache param info: ordinal=0, offset=0, size=8, align=8, paramType=2, spaceIndex=0.
[INFO] RUNTIME(110933,npu_reader):2026-09-21-12:13:46.081.837 [elf.cc:610] 110933 ElfParseParamInfo: Cache param info: ordinal=1, offset=8, size=8, align=8, paramType=2, spaceIndex=0.
[INFO] RUNTIME(110933,npu_reader):2026-09-21-12:13:46.081.839 [elf.cc:610] 110933 ElfParseParamInfo: Cache param info: ordinal=2, offset=16, size=8, align=8, paramType=2, spaceIndex=0.
[INFO] RUNTIME(110933,npu_reader):2026-09-21-12:13:46.081.842 [elf.cc:610] 110933 ElfParseParamInfo: Cache param info: ordinal=3, offset=24, size=8, align=8, paramType=2, spaceIndex=0.
[INFO] RUNTIME(110933,npu_reader):2026-09-21-12:13:46.081.844 [elf.cc:916] 110933 ParseKernelMetaData: kernel_name=mul_Ascend910B1_float16_223000000, ration[0]=0, ration[1]=0, dfxAddr=0xaaab4f617094, dfxSize=176, funcType=0, crossCoreSync=0, kernelVfType=0, shareMemSize=0, minStackSize=0, isSupportFuncEntry=0, functionEntryFlag=128, functionEntry=0.
[INFO] RUNTIME(110933,npu_reader):2026-09-21-12:13:46.081.847 [elf.cc:884] 110933 ParseKernelMetaData: section name = .ascend.meta.mul_Ascend910B1_float16_210010000.
[INFO] RUNTIME(110933,npu_reader):2026-09-21-12:13:46.081.849 [elf.cc:575] 110933 ElfParseParamSummary: paramCount=4, paramTotalSize=32.
[INFO] RUNTIME(110933,npu_reader):2026-09-21-12:13:46.081.851 [elf.cc:610] 110933 ElfParseParamInfo: Cache param info: ordinal=0, offset=0, size=8, align=8, paramType=2, spaceIndex=0.
[INFO] RUNTIME(110933,npu_reader):2026-09-21-12:13:46.081.854 [elf.cc:610] 110933 ElfParseParamInfo: Cache param info: ordinal=1, offset=8, size=8, align=8, paramType=2, spaceIndex=0.
[INFO] RUNTIME(110933,npu_reader):2026-09-21-12:13:46.081.856 [elf.cc:610] 110933 ElfParseParamInfo: Cache param info: ordinal=2, offset=16, size=8, align=8, paramType=2, spaceIndex=0.
[INFO] RUNTIME(110933,npu_reader):2026-09-21-12:13:46.081.859 [elf.cc:610] 110933 ElfParseParamInfo: Cache param info: ordinal=3, offset=24, size=8, align=8, paramType=2, spaceIndex=0.
[INFO] RUNTIME(110933,npu_reader):2026-09-21-12:13:46.081.861 [elf.cc:916] 110933 ParseKernelMetaData: kernel_name=mul_Ascend910B1_float16_210010000, ration[0]=0, ration[1]=0, dfxAddr=0xaaab4f617144, dfxSize=176, funcType=0, crossCoreSync=0, kernelVfType=0, shareMemSize=0, minStackSize=0, isSupportFuncEntry=0, functionEntryFlag=128, functionEntry=0.
[INFO] RUNTIME(110933,npu_reader):2026-09-21-12:13:46.081.864 [elf.cc:884] 110933 ParseKernelMetaData: section name = .ascend.meta.mul_Ascend910B1_float16_210000000.
[INFO] RUNTIME(110933,npu_reader):2026-09-21-12:13:46.081.866 [elf.cc:575] 110933 ElfParseParamSummary: paramCount=4, paramTotalSize=32.
[INFO] RUNTIME(110933,npu_reader):2026-09-21-12:13:46.081.868 [elf.cc:610] 110933 ElfParseParamInfo: Cache param info: ordinal=0, offset=0, size=8, align=8, paramType=2, spaceIndex=0.
[INFO] RUNTIME(110933,npu_reader):2026-09-21-12:13:46.081.871 [elf.cc:610] 110933 ElfParseParamInfo: Cache param info: ordinal=1, offset=8, size=8, align=8, paramType=2, spaceIndex=0.
[INFO] RUNTIME(110933,npu_reader):2026-09-21-12:13:46.081.873 [elf.cc:610] 110933 ElfParseParamInfo: Cache param info: ordinal=2, offset=16, size=8, align=8, paramType=2, spaceIndex=0.
[INFO] RUNTIME(110933,npu_reader):2026-09-21-12:13:46.081.876 [elf.cc:610] 110933 ElfParseParamInfo: Cache param info: ordinal=3, offset=24, size=8, align=8, paramType=2, spaceIndex=0.
[INFO] RUNTIME(110933,npu_reader):2026-09-21-12:13:46.081.878 [elf.cc:916] 110933 ParseKernelMetaData: kernel_name=mul_Ascend910B1_float16_210000000, ration[0]=0, ration[1]=0, dfxAddr=0xaaab4f6171f4, dfxSize=176, funcType=0, crossCoreSync=0, kernelVfType=0, shareMemSize=0, minStackSize=0, isSupportFuncEntry=0, functionEntryFlag=128, functionEntry=0.
[INFO] RUNTIME(110933,npu_reader):2026-09-21-12:13:46.081.892 [elf.cc:1076] 110933 UpdateCachedParamInfos: Restore cached param info: kernel_name=mul_Ascend910B1_float16_232010000, ordinal=0, offset=0, size=8.
[INFO] RUNTIME(110933,npu_reader):2026-09-21-12:13:46.081.895 [elf.cc:1076] 110933 UpdateCachedParamInfos: Restore cached param info: kernel_name=mul_Ascend910B1_float16_232010000, ordinal=1, offset=8, size=8.
[INFO] RUNTIME(110933,npu_reader):2026-09-21-12:13:46.081.898 [elf.cc:1076] 110933 UpdateCachedParamInfos: Restore cached param info: kernel_name=mul_Ascend910B1_float16_232010000, ordinal=2, offset=16, size=8.
[INFO] RUNTIME(110933,npu_reader):2026-09-21-12:13:46.081.900 [elf.cc:1076] 110933 UpdateCachedParamInfos: Restore cached param info: kernel_name=mul_Ascend910B1_float16_232010000, ordinal=3, offset=24, size=8.
[INFO] RUNTIME(110933,npu_reader):2026-09-21-12:13:46.081.902 [elf.cc:1145] 110933 UpdateKernelsInfo: update meta info, kernel_name=mul_Ascend910B1_float16_232010000, dfxAddr=0xaaab4f616e40, dfxSize=176, funcType=0, elfDataFlag=1, userArgsNum=0, crossCoreSync=0, kernelVfType=0, shareMemSize=0, minStackSize=0, funcEntryType=0, functionEntry=0, schedMode=0, taskRation_0=0, taskRation_1=0, hasParamSummary=1, paramCount=4, paramTotalSize=32.
[INFO] RUNTIME(110933,npu_reader):2026-09-21-12:13:46.081.906 [elf.cc:1076] 110933 UpdateCachedParamInfos: Restore cached param info: kernel_name=mul_Ascend910B1_float16_232000000, ordinal=0, offset=0, size=8.
[INFO] RUNTIME(110933,npu_reader):2026-09-21-12:13:46.081.909 [elf.cc:1076] 110933 UpdateCachedParamInfos: Restore cached param info: kernel_name=mul_Ascend910B1_float16_232000000, ordinal=1, offset=8, size=8.
[INFO] RUNTIME(110933,npu_reader):2026-09-21-12:13:46.081.911 [elf.cc:1076] 110933 UpdateCachedParamInfos: Restore cached param info: kernel_name=mul_Ascend910B1_float16_232000000, ordinal=2, offset=16, size=8.
[INFO] RUNTIME(110933,npu_reader):2026-09-21-12:13:46.081.913 [elf.cc:1076] 110933 UpdateCachedParamInfos: Restore cached param info: kernel_name=mul_Ascend910B1_float16_232000000, ordinal=3, offset=24, size=8.
[INFO] RUNTIME(110933,npu_reader):2026-09-21-12:13:46.081.915 [elf.cc:1145] 110933 UpdateKernelsInfo: update meta info, kernel_name=mul_Ascend910B1_float16_232000000, dfxAddr=0xaaab4f616f34, dfxSize=176, funcType=0, elfDataFlag=1, userArgsNum=0, crossCoreSync=0, kernelVfType=0, shareMemSize=0, minStackSize=0, funcEntryType=0, functionEntry=0, schedMode=0, taskRation_0=0, taskRation_1=0, hasParamSummary=1, paramCount=4, paramTotalSize=32.
[INFO] RUNTIME(110933,npu_reader):2026-09-21-12:13:46.081.919 [elf.cc:1076] 110933 UpdateCachedParamInfos: Restore cached param info: kernel_name=mul_Ascend910B1_float16_223010000, ordinal=0, offset=0, size=8.
[INFO] RUNTIME(110933,npu_reader):2026-09-21-12:13:46.081.921 [elf.cc:1076] 110933 UpdateCachedParamInfos: Restore cached param info: kernel_name=mul_Ascend910B1_float16_223010000, ordinal=1, offset=8, size=8.
[INFO] RUNTIME(110933,npu_reader):2026-09-21-12:13:46.081.923 [elf.cc:1076] 110933 UpdateCachedParamInfos: Restore cached param info: kernel_name=mul_Ascend910B1_float16_223010000, ordinal=2, offset=16, size=8.
[INFO] RUNTIME(110933,npu_reader):2026-09-21-12:13:46.081.925 [elf.cc:1076] 110933 UpdateCachedParamInfos: Restore cached param info: kernel_name=mul_Ascend910B1_float16_223010000, ordinal=3, offset=24, size=8.
[INFO] RUNTIME(110933,npu_reader):2026-09-21-12:13:46.081.928 [elf.cc:1145] 110933 UpdateKernelsInfo: update meta info, kernel_name=mul_Ascend910B1_float16_223010000, dfxAddr=0xaaab4f616fe4, dfxSize=176, funcType=0, elfDataFlag=1, userArgsNum=0, crossCoreSync=0, kernelVfType=0, shareMemSize=0, minStackSize=0, funcEntryType=0, functionEntry=0, schedMode=0, taskRation_0=0, taskRation_1=0, hasParamSummary=1, paramCount=4, paramTotalSize=32.
[INFO] RUNTIME(110933,npu_reader):2026-09-21-12:13:46.081.931 [elf.cc:1076] 110933 UpdateCachedParamInfos: Restore cached param info: kernel_name=mul_Ascend910B1_float16_223000000, ordinal=0, offset=0, size=8.
[INFO] RUNTIME(110933,npu_reader):2026-09-21-12:13:46.081.933 [elf.cc:1076] 110933 UpdateCachedParamInfos: Restore cached param info: kernel_name=mul_Ascend910B1_float16_223000000, ordinal=1, offset=8, size=8.
[INFO] RUNTIME(110933,npu_reader):2026-09-21-12:13:46.081.937 [elf.cc:1076] 110933 UpdateCachedParamInfos: Restore cached param info: kernel_name=mul_Ascend910B1_float16_223000000, ordinal=2, offset=16, size=8.
[INFO] RUNTIME(110933,npu_reader):2026-09-21-12:13:46.081.939 [elf.cc:1076] 110933 UpdateCachedParamInfos: Restore cached param info: kernel_name=mul_Ascend910B1_float16_223000000, ordinal=3, offset=24, size=8.
[INFO] RUNTIME(110933,npu_reader):2026-09-21-12:13:46.081.941 [elf.cc:1145] 110933 UpdateKernelsInfo: update meta info, kernel_name=mul_Ascend910B1_float16_223000000, dfxAddr=0xaaab4f617094, dfxSize=176, funcType=0, elfDataFlag=1, userArgsNum=0, crossCoreSync=0, kernelVfType=0, shareMemSize=0, minStackSize=0, funcEntryType=0, functionEntry=0, schedMode=0, taskRation_0=0, taskRation_1=0, hasParamSummary=1, paramCount=4, paramTotalSize=32.
[INFO] RUNTIME(110933,npu_reader):2026-09-21-12:13:46.081.945 [elf.cc:1076] 110933 UpdateCachedParamInfos: Restore cached param info: kernel_name=mul_Ascend910B1_float16_210010000, ordinal=0, offset=0, size=8.
[INFO] RUNTIME(110933,npu_reader):2026-09-21-12:13:46.081.947 [elf.cc:1076] 110933 UpdateCachedParamInfos: Restore cached param info: kernel_name=mul_Ascend910B1_float16_210010000, ordinal=1, offset=8, size=8.
[INFO] RUNTIME(110933,npu_reader):2026-09-21-12:13:46.081.949 [elf.cc:1076] 110933 UpdateCachedParamInfos: Restore cached param info: kernel_name=mul_Ascend910B1_float16_210010000, ordinal=2, offset=16, size=8.
[INFO] RUNTIME(110933,npu_reader):2026-09-21-12:13:46.081.951 [elf.cc:1076] 110933 UpdateCachedParamInfos: Restore cached param info: kernel_name=mul_Ascend910B1_float16_210010000, ordinal=3, offset=24, size=8.
[INFO] RUNTIME(110933,npu_reader):2026-09-21-12:13:46.081.953 [elf.cc:1145] 110933 UpdateKernelsInfo: update meta info, kernel_name=mul_Ascend910B1_float16_210010000, dfxAddr=0xaaab4f617144, dfxSize=176, funcType=0, elfDataFlag=1, userArgsNum=0, crossCoreSync=0, kernelVfType=0, shareMemSize=0, minStackSize=0, funcEntryType=0, functionEntry=0, schedMode=0, taskRation_0=0, taskRation_1=0, hasParamSummary=1, paramCount=4, paramTotalSize=32.
[INFO] RUNTIME(110933,npu_reader):2026-09-21-12:13:46.081.957 [elf.cc:1076] 110933 UpdateCachedParamInfos: Restore cached param info: kernel_name=mul_Ascend910B1_float16_210000000, ordinal=0, offset=0, size=8.
[INFO] RUNTIME(110933,npu_reader):2026-09-21-12:13:46.081.959 [elf.cc:1076] 110933 UpdateCachedParamInfos: Restore cached param info: kernel_name=mul_Ascend910B1_float16_210000000, ordinal=1, offset=8, size=8.
[INFO] RUNTIME(110933,npu_reader):2026-09-21-12:13:46.081.961 [elf.cc:1076] 110933 UpdateCachedParamInfos: Restore cached param info: kernel_name=mul_Ascend910B1_float16_210000000, ordinal=2, offset=16, size=8.
[INFO] RUNTIME(110933,npu_reader):2026-09-21-12:13:46.081.963 [elf.cc:1076] 110933 UpdateCachedParamInfos: Restore cached param info: kernel_name=mul_Ascend910B1_float16_210000000, ordinal=3, offset=24, size=8.
[INFO] RUNTIME(110933,npu_reader):2026-09-21-12:13:46.081.966 [elf.cc:1145] 110933 UpdateKernelsInfo: update meta info, kernel_name=mul_Ascend910B1_float16_210000000, dfxAddr=0xaaab4f6171f4, dfxSize=176, funcType=0, elfDataFlag=1, userArgsNum=0, crossCoreSync=0, kernelVfType=0, shareMemSize=0, minStackSize=0, funcEntryType=0, functionEntry=0, schedMode=0, taskRation_0=0, taskRation_1=0, hasParamSummary=1, paramCount=4, paramTotalSize=32.
[INFO] RUNTIME(110933,npu_reader):2026-09-21-12:13:46.081.969 [runtime.cc:1448] 110933 AddProgramToPool: progId=3
[INFO] RUNTIME(110933,npu_reader):2026-09-21-12:13:46.081.972 [program.cc:1649] 110933 GetKernelTypeAndMixType: Get kernel type success, kernelName=mul_Ascend910B1_float16_232010000, funcType=0, kernelAttrType=2, mixType=0
[INFO] RUNTIME(110933,npu_reader):2026-09-21-12:13:46.081.976 [program.cc:1119] 110933 SetKernelAttribute: kernel_name=mul_Ascend910B1_float16_232010000, kernelAttrType=2, userParamNum=0, sysParamNum=1, IsNeedSetFftsAddrInArg=0, isSupportOverFlow=1, elfDataFlag=1
[INFO] RUNTIME(110933,npu_reader):2026-09-21-12:13:46.081.979 [program.cc:1690] 110933 BuildNewKernel: new kernel success, size=1320, programId=3, original kernel_name=mul_Ascend910B1_float16_232010000, register kernel_name=mul_Ascend910B1_float16_232010000, tilingKey=232010000, functionEntry=0, funcType=0, kernelAttrType=2, mixType=0, taskRation=2, offset=0, dfxAddr=187652747914816, dfxSize=176
[INFO] RUNTIME(110933,npu_reader):2026-09-21-12:13:46.081.984 [program.cc:1649] 110933 GetKernelTypeAndMixType: Get kernel type success, kernelName=mul_Ascend910B1_float16_232000000, funcType=0, kernelAttrType=2, mixType=0
[INFO] RUNTIME(110933,npu_reader):2026-09-21-12:13:46.081.988 [program.cc:1119] 110933 SetKernelAttribute: kernel_name=mul_Ascend910B1_float16_232000000, kernelAttrType=2, userParamNum=0, sysParamNum=1, IsNeedSetFftsAddrInArg=0, isSupportOverFlow=1, elfDataFlag=1
[INFO] RUNTIME(110933,npu_reader):2026-09-21-12:13:46.081.990 [program.cc:1690] 110933 BuildNewKernel: new kernel success, size=1320, programId=3, original kernel_name=mul_Ascend910B1_float16_232000000, register kernel_name=mul_Ascend910B1_float16_232000000, tilingKey=232000000, functionEntry=0, funcType=0, kernelAttrType=2, mixType=0, taskRation=2, offset=1520, dfxAddr=187652747915060, dfxSize=176
[INFO] RUNTIME(110933,npu_reader):2026-09-21-12:13:46.081.994 [program.cc:1649] 110933 GetKernelTypeAndMixType: Get kernel type success, kernelName=mul_Ascend910B1_float16_223010000, funcType=0, kernelAttrType=2, mixType=0
[INFO] RUNTIME(110933,npu_reader):2026-09-21-12:13:46.081.997 [program.cc:1119] 110933 SetKernelAttribute: kernel_name=mul_Ascend910B1_float16_223010000, kernelAttrType=2, userParamNum=0, sysParamNum=1, IsNeedSetFftsAddrInArg=0, isSupportOverFlow=1, elfDataFlag=1
[INFO] RUNTIME(110933,npu_reader):2026-09-21-12:13:46.082.000 [program.cc:1690] 110933 BuildNewKernel: new kernel success, size=1320, programId=3, original kernel_name=mul_Ascend910B1_float16_223010000, register kernel_name=mul_Ascend910B1_float16_223010000, tilingKey=223010000, functionEntry=0, funcType=0, kernelAttrType=2, mixType=0, taskRation=2, offset=2448, dfxAddr=187652747915236, dfxSize=176
[INFO] RUNTIME(110933,npu_reader):2026-09-21-12:13:46.082.003 [program.cc:1649] 110933 GetKernelTypeAndMixType: Get kernel type success, kernelName=mul_Ascend910B1_float16_223000000, funcType=0, kernelAttrType=2, mixType=0
[INFO] RUNTIME(110933,npu_reader):2026-09-21-12:13:46.082.007 [program.cc:1119] 110933 SetKernelAttribute: kernel_name=mul_Ascend910B1_float16_223000000, kernelAttrType=2, userParamNum=0, sysParamNum=1, IsNeedSetFftsAddrInArg=0, isSupportOverFlow=1, elfDataFlag=1
[INFO] RUNTIME(110933,npu_reader):2026-09-21-12:13:46.082.010 [program.cc:1690] 110933 BuildNewKernel: new kernel success, size=1320, programId=3, original kernel_name=mul_Ascend910B1_float16_223000000, register kernel_name=mul_Ascend910B1_float16_223000000, tilingKey=223000000, functionEntry=0, funcType=0, kernelAttrType=2, mixType=0, taskRation=2, offset=4028, dfxAddr=187652747915412, dfxSize=176
[INFO] RUNTIME(110933,npu_reader):2026-09-21-12:13:46.082.013 [program.cc:1649] 110933 GetKernelTypeAndMixType: Get kernel type success, kernelName=mul_Ascend910B1_float16_210010000, funcType=0, kernelAttrType=2, mixType=0
[INFO] RUNTIME(110933,npu_reader):2026-09-21-12:13:46.082.017 [program.cc:1119] 110933 SetKernelAttribute: kernel_name=mul_Ascend910B1_float16_210010000, kernelAttrType=2, userParamNum=0, sysParamNum=1, IsNeedSetFftsAddrInArg=0, isSupportOverFlow=1, elfDataFlag=1
[INFO] RUNTIME(110933,npu_reader):2026-09-21-12:13:46.082.019 [program.cc:1690] 110933 BuildNewKernel: new kernel success, size=1320, programId=3, original kernel_name=mul_Ascend910B1_float16_210010000, register kernel_name=mul_Ascend910B1_float16_210010000, tilingKey=210010000, functionEntry=0, funcType=0, kernelAttrType=2, mixType=0, taskRation=2, offset=4944, dfxAddr=187652747915588, dfxSize=176
[INFO] RUNTIME(110933,npu_reader):2026-09-21-12:13:46.082.023 [program.cc:1649] 110933 GetKernelTypeAndMixType: Get kernel type success, kernelName=mul_Ascend910B1_float16_210000000, funcType=0, kernelAttrType=2, mixType=0
[INFO] RUNTIME(110933,npu_reader):2026-09-21-12:13:46.082.027 [program.cc:1119] 110933 SetKernelAttribute: kernel_name=mul_Ascend910B1_float16_210000000, kernelAttrType=2, userParamNum=0, sysParamNum=1, IsNeedSetFftsAddrInArg=0, isSupportOverFlow=1, elfDataFlag=1
[INFO] RUNTIME(110933,npu_reader):2026-09-21-12:13:46.082.030 [program.cc:1690] 110933 BuildNewKernel: new kernel success, size=1320, programId=3, original kernel_name=mul_Ascend910B1_float16_210000000, register kernel_name=mul_Ascend910B1_float16_210000000, tilingKey=210000000, functionEntry=0, funcType=0, kernelAttrType=2, mixType=0, taskRation=2, offset=6540, dfxAddr=187652747915764, dfxSize=176
[INFO] RUNTIME(110933,npu_reader):2026-09-21-12:13:46.082.085 [binary_loader.cc:364] 110933 LoadFromData: New ElfProgram ok, magic=1094799942, kernelAttrType=2, Runtime_alloc_size=11072
[INFO] RUNTIME(110933,npu_reader):2026-09-21-12:13:46.082.089 [program.cc:204] 110933 SaveBinaryData: Malloc the buffer for elfData, len=14920
[INFO] RUNTIME(110933,npu_reader):2026-09-21-12:13:46.082.093 [elf.cc:884] 110933 ParseKernelMetaData: section name = .text.
[INFO] RUNTIME(110933,npu_reader):2026-09-21-12:13:46.082.095 [elf.cc:884] 110933 ParseKernelMetaData: section name = .ascend.stack.size.record.
[INFO] RUNTIME(110933,npu_reader):2026-09-21-12:13:46.082.098 [elf.cc:884] 110933 ParseKernelMetaData: section name = __CCE_KernelArgSize.
[INFO] RUNTIME(110933,npu_reader):2026-09-21-12:13:46.082.100 [elf.cc:884] 110933 ParseKernelMetaData: section name = .ascend.meta.mul_Ascend910B2_float16_232010000.
[INFO] RUNTIME(110933,npu_reader):2026-09-21-12:13:46.082.102 [elf.cc:575] 110933 ElfParseParamSummary: paramCount=4, paramTotalSize=32.
[INFO] RUNTIME(110933,npu_reader):2026-09-21-12:13:46.082.105 [elf.cc:610] 110933 ElfParseParamInfo: Cache param info: ordinal=0, offset=0, size=8, align=8, paramType=2, spaceIndex=0.
[INFO] RUNTIME(110933,npu_reader):2026-09-21-12:13:46.082.107 [elf.cc:610] 110933 ElfParseParamInfo: Cache param info: ordinal=1, offset=8, size=8, align=8, paramType=2, spaceIndex=0.
[INFO] RUNTIME(110933,npu_reader):2026-09-21-12:13:46.082.110 [elf.cc:610] 110933 ElfParseParamInfo: Cache param info: ordinal=2, offset=16, size=8, align=8, paramType=2, spaceIndex=0.
[INFO] RUNTIME(110933,npu_reader):2026-09-21-12:13:46.082.112 [elf.cc:610] 110933 ElfParseParamInfo: Cache param info: ordinal=3, offset=24, size=8, align=8, paramType=2, spaceIndex=0.
[INFO] RUNTIME(110933,npu_reader):2026-09-21-12:13:46.082.115 [elf.cc:916] 110933 ParseKernelMetaData: kernel_name=mul_Ascend910B2_float16_232010000, ration[0]=0, ration[1]=0, dfxAddr=0xaaab4f622e40, dfxSize=176, funcType=0, crossCoreSync=0, kernelVfType=0, shareMemSize=0, minStackSize=0, isSupportFuncEntry=0, functionEntryFlag=128, functionEntry=0.
[INFO] RUNTIME(110933,npu_reader):2026-09-21-12:13:46.082.118 [elf.cc:884] 110933 ParseKernelMetaData: section name = .comment.
[INFO] RUNTIME(110933,npu_reader):2026-09-21-12:13:46.082.120 [elf.cc:884] 110933 ParseKernelMetaData: section name = .ascend.meta.mul_Ascend910B2_float16_232000000.
[INFO] RUNTIME(110933,npu_reader):2026-09-21-12:13:46.082.122 [elf.cc:575] 110933 ElfParseParamSummary: paramCount=4, paramTotalSize=32.
[INFO] RUNTIME(110933,npu_reader):2026-09-21-12:13:46.082.125 [elf.cc:610] 110933 ElfParseParamInfo: Cache param info: ordinal=0, offset=0, size=8, align=8, paramType=2, spaceIndex=0.
[INFO] RUNTIME(110933,npu_reader):2026-09-21-12:13:46.082.127 [elf.cc:610] 110933 ElfParseParamInfo: Cache param info: ordinal=1, offset=8, size=8, align=8, paramType=2, spaceIndex=0.
[INFO] RUNTIME(110933,npu_reader):2026-09-21-12:13:46.082.130 [elf.cc:610] 110933 ElfParseParamInfo: Cache param info: ordinal=2, offset=16, size=8, align=8, paramType=2, spaceIndex=0.
[INFO] RUNTIME(110933,npu_reader):2026-09-21-12:13:46.082.132 [elf.cc:610] 110933 ElfParseParamInfo: Cache param info: ordinal=3, offset=24, size=8, align=8, paramType=2, spaceIndex=0.
[INFO] RUNTIME(110933,npu_reader):2026-09-21-12:13:46.082.135 [elf.cc:916] 110933 ParseKernelMetaData: kernel_name=mul_Ascend910B2_float16_232000000, ration[0]=0, ration[1]=0, dfxAddr=0xaaab4f622f34, dfxSize=176, funcType=0, crossCoreSync=0, kernelVfType=0, shareMemSize=0, minStackSize=0, isSupportFuncEntry=0, functionEntryFlag=128, functionEntry=0.
[INFO] RUNTIME(110933,npu_reader):2026-09-21-12:13:46.082.157 [elf.cc:884] 110933 ParseKernelMetaData: section name = .ascend.meta.mul_Ascend910B2_float16_223010000.
[INFO] RUNTIME(110933,npu_reader):2026-09-21-12:13:46.082.160 [elf.cc:575] 110933 ElfParseParamSummary: paramCount=4, paramTotalSize=32.
[INFO] RUNTIME(110933,npu_reader):2026-09-21-12:13:46.082.162 [elf.cc:610] 110933 ElfParseParamInfo: Cache param info: ordinal=0, offset=0, size=8, align=8, paramType=2, spaceIndex=0.
[INFO] RUNTIME(110933,npu_reader):2026-09-21-12:13:46.082.164 [elf.cc:610] 110933 ElfParseParamInfo: Cache param info: ordinal=1, offset=8, size=8, align=8, paramType=2, spaceIndex=0.
[INFO] RUNTIME(110933,npu_reader):2026-09-21-12:13:46.082.167 [elf.cc:610] 110933 ElfParseParamInfo: Cache param info: ordinal=2, offset=16, size=8, align=8, paramType=2, spaceIndex=0.
[INFO] RUNTIME(110933,npu_reader):2026-09-21-12:13:46.082.169 [elf.cc:610] 110933 ElfParseParamInfo: Cache param info: ordinal=3, offset=24, size=8, align=8, paramType=2, spaceIndex=0.
[INFO] RUNTIME(110933,npu_reader):2026-09-21-12:13:46.082.172 [elf.cc:916] 110933 ParseKernelMetaData: kernel_name=mul_Ascend910B2_float16_223010000, ration[0]=0, ration[1]=0, dfxAddr=0xaaab4f622fe4, dfxSize=176, funcType=0, crossCoreSync=0, kernelVfType=0, shareMemSize=0, minStackSize=0, isSupportFuncEntry=0, functionEntryFlag=128, functionEntry=0.
[INFO] RUNTIME(110933,npu_reader):2026-09-21-12:13:46.082.175 [elf.cc:884] 110933 ParseKernelMetaData: section name = .ascend.meta.mul_Ascend910B2_float16_223000000.
[INFO] RUNTIME(110933,npu_reader):2026-09-21-12:13:46.082.177 [elf.cc:575] 110933 ElfParseParamSummary: paramCount=4, paramTotalSize=32.
[INFO] RUNTIME(110933,npu_reader):2026-09-21-12:13:46.082.179 [elf.cc:610] 110933 ElfParseParamInfo: Cache param info: ordinal=0, offset=0, size=8, align=8, paramType=2, spaceIndex=0.
[INFO] RUNTIME(110933,npu_reader):2026-09-21-12:13:46.082.181 [elf.cc:610] 110933 ElfParseParamInfo: Cache param info: ordinal=1, offset=8, size=8, align=8, paramType=2, spaceIndex=0.
[INFO] RUNTIME(110933,npu_reader):2026-09-21-12:13:46.082.184 [elf.cc:610] 110933 ElfParseParamInfo: Cache param info: ordinal=2, offset=16, size=8, align=8, paramType=2, spaceIndex=0.
[INFO] RUNTIME(110933,npu_reader):2026-09-21-12:13:46.082.186 [elf.cc:610] 110933 ElfParseParamInfo: Cache param info: ordinal=3, offset=24, size=8, align=8, paramType=2, spaceIndex=0.
[INFO] RUNTIME(110933,npu_reader):2026-09-21-12:13:46.082.189 [elf.cc:916] 110933 ParseKernelMetaData: kernel_name=mul_Ascend910B2_float16_223000000, ration[0]=0, ration[1]=0, dfxAddr=0xaaab4f623094, dfxSize=176, funcType=0, crossCoreSync=0, kernelVfType=0, shareMemSize=0, minStackSize=0, isSupportFuncEntry=0, functionEntryFlag=128, functionEntry=0.
[INFO] RUNTIME(110933,npu_reader):2026-09-21-12:13:46.082.192 [elf.cc:884] 110933 ParseKernelMetaData: section name = .ascend.meta.mul_Ascend910B2_float16_210010000.
[INFO] RUNTIME(110933,npu_reader):2026-09-21-12:13:46.082.194 [elf.cc:575] 110933 ElfParseParamSummary: paramCount=4, paramTotalSize=32.
[INFO] RUNTIME(110933,npu_reader):2026-09-21-12:13:46.082.196 [elf.cc:610] 110933 ElfParseParamInfo: Cache param info: ordinal=0, offset=0, size=8, align=8, paramType=2, spaceIndex=0.
[INFO] RUNTIME(110933,npu_reader):2026-09-21-12:13:46.082.198 [elf.cc:610] 110933 ElfParseParamInfo: Cache param info: ordinal=1, offset=8, size=8, align=8, paramType=2, spaceIndex=0.
[INFO] RUNTIME(110933,npu_reader):2026-09-21-12:13:46.082.201 [elf.cc:610] 110933 ElfParseParamInfo: Cache param info: ordinal=2, offset=16, size=8, align=8, paramType=2, spaceIndex=0.
[INFO] RUNTIME(110933,npu_reader):2026-09-21-12:13:46.082.203 [elf.cc:610] 110933 ElfParseParamInfo: Cache param info: ordinal=3, offset=24, size=8, align=8, paramType=2, spaceIndex=0.
[INFO] RUNTIME(110933,npu_reader):2026-09-21-12:13:46.082.207 [elf.cc:916] 110933 ParseKernelMetaData: kernel_name=mul_Ascend910B2_float16_210010000, ration[0]=0, ration[1]=0, dfxAddr=0xaaab4f623144, dfxSize=176, funcType=0, crossCoreSync=0, kernelVfType=0, shareMemSize=0, minStackSize=0, isSupportFuncEntry=0, functionEntryFlag=128, functionEntry=0.
[INFO] RUNTIME(110933,npu_reader):2026-09-21-12:13:46.082.210 [elf.cc:884] 110933 ParseKernelMetaData: section name = .ascend.meta.mul_Ascend910B2_float16_210000000.
[INFO] RUNTIME(110933,npu_reader):2026-09-21-12:13:46.082.212 [elf.cc:575] 110933 ElfParseParamSummary: paramCount=4, paramTotalSize=32.
[INFO] RUNTIME(110933,npu_reader):2026-09-21-12:13:46.082.214 [elf.cc:610] 110933 ElfParseParamInfo: Cache param info: ordinal=0, offset=0, size=8, align=8, paramType=2, spaceIndex=0.
[INFO] RUNTIME(110933,npu_reader):2026-09-21-12:13:46.082.216 [elf.cc:610] 110933 ElfParseParamInfo: Cache param info: ordinal=1, offset=8, size=8, align=8, paramType=2, spaceIndex=0.
[INFO] RUNTIME(110933,npu_reader):2026-09-21-12:13:46.082.219 [elf.cc:610] 110933 ElfParseParamInfo: Cache param info: ordinal=2, offset=16, size=8, align=8, paramType=2, spaceIndex=0.
[INFO] RUNTIME(110933,npu_reader):2026-09-21-12:13:46.082.221 [elf.cc:610] 110933 ElfParseParamInfo: Cache param info: ordinal=3, offset=24, size=8, align=8, paramType=2, spaceIndex=0.
[INFO] RUNTIME(110933,npu_reader):2026-09-21-12:13:46.082.223 [elf.cc:916] 110933 ParseKernelMetaData: kernel_name=mul_Ascend910B2_float16_210000000, ration[0]=0, ration[1]=0, dfxAddr=0xaaab4f6231f4, dfxSize=176, funcType=0, crossCoreSync=0, kernelVfType=0, shareMemSize=0, minStackSize=0, isSupportFuncEntry=0, functionEntryFlag=128, functionEntry=0.
[INFO] RUNTIME(110933,npu_reader):2026-09-21-12:13:46.082.236 [elf.cc:1076] 110933 UpdateCachedParamInfos: Restore cached param info: kernel_name=mul_Ascend910B2_float16_232010000, ordinal=0, offset=0, size=8.
[INFO] RUNTIME(110933,npu_reader):2026-09-21-12:13:46.082.238 [elf.cc:1076] 110933 UpdateCachedParamInfos: Restore cached param info: kernel_name=mul_Ascend910B2_float16_232010000, ordinal=1, offset=8, size=8.
[INFO] RUNTIME(110933,npu_reader):2026-09-21-12:13:46.082.241 [elf.cc:1076] 110933 UpdateCachedParamInfos: Restore cached param info: kernel_name=mul_Ascend910B2_float16_232010000, ordinal=2, offset=16, size=8.
[INFO] RUNTIME(110933,npu_reader):2026-09-21-12:13:46.082.243 [elf.cc:1076] 110933 UpdateCachedParamInfos: Restore cached param info: kernel_name=mul_Ascend910B2_float16_232010000, ordinal=3, offset=24, size=8.
[INFO] RUNTIME(110933,npu_reader):2026-09-21-12:13:46.082.245 [elf.cc:1145] 110933 UpdateKernelsInfo: update meta info, kernel_name=mul_Ascend910B2_float16_232010000, dfxAddr=0xaaab4f622e40, dfxSize=176, funcType=0, elfDataFlag=1, userArgsNum=0, crossCoreSync=0, kernelVfType=0, shareMemSize=0, minStackSize=0, funcEntryType=0, functionEntry=0, schedMode=0, taskRation_0=0, taskRation_1=0, hasParamSummary=1, paramCount=4, paramTotalSize=32.
[INFO] RUNTIME(110933,npu_reader):2026-09-21-12:13:46.082.249 [elf.cc:1076] 110933 UpdateCachedParamInfos: Restore cached param info: kernel_name=mul_Ascend910B2_float16_232000000, ordinal=0, offset=0, size=8.
[INFO] RUNTIME(110933,npu_reader):2026-09-21-12:13:46.082.251 [elf.cc:1076] 110933 UpdateCachedParamInfos: Restore cached param info: kernel_name=mul_Ascend910B2_float16_232000000, ordinal=1, offset=8, size=8.
[INFO] RUNTIME(110933,npu_reader):2026-09-21-12:13:46.082.253 [elf.cc:1076] 110933 UpdateCachedParamInfos: Restore cached param info: kernel_name=mul_Ascend910B2_float16_232000000, ordinal=2, offset=16, size=8.
[INFO] RUNTIME(110933,npu_reader):2026-09-21-12:13:46.082.255 [elf.cc:1076] 110933 UpdateCachedParamInfos: Restore cached param info: kernel_name=mul_Ascend910B2_float16_232000000, ordinal=3, offset=24, size=8.
[INFO] RUNTIME(110933,npu_reader):2026-09-21-12:13:46.082.258 [elf.cc:1145] 110933 UpdateKernelsInfo: update meta info, kernel_name=mul_Ascend910B2_float16_232000000, dfxAddr=0xaaab4f622f34, dfxSize=176, funcType=0, elfDataFlag=1, userArgsNum=0, crossCoreSync=0, kernelVfType=0, shareMemSize=0, minStackSize=0, funcEntryType=0, functionEntry=0, schedMode=0, taskRation_0=0, taskRation_1=0, hasParamSummary=1, paramCount=4, paramTotalSize=32.
[INFO] RUNTIME(110933,npu_reader):2026-09-21-12:13:46.082.262 [elf.cc:1076] 110933 UpdateCachedParamInfos: Restore cached param info: kernel_name=mul_Ascend910B2_float16_223010000, ordinal=0, offset=0, size=8.
[INFO] RUNTIME(110933,npu_reader):2026-09-21-12:13:46.082.264 [elf.cc:1076] 110933 UpdateCachedParamInfos: Restore cached param info: kernel_name=mul_Ascend910B2_float16_223010000, ordinal=1, offset=8, size=8.
[INFO] RUNTIME(110933,npu_reader):2026-09-21-12:13:46.082.266 [elf.cc:1076] 110933 UpdateCachedParamInfos: Restore cached param info: kernel_name=mul_Ascend910B2_float16_223010000, ordinal=2, offset=16, size=8.
[INFO] RUNTIME(110933,npu_reader):2026-09-21-12:13:46.082.269 [elf.cc:1076] 110933 UpdateCachedParamInfos: Restore cached param info: kernel_name=mul_Ascend910B2_float16_223010000, ordinal=3, offset=24, size=8.
[INFO] RUNTIME(110933,npu_reader):2026-09-21-12:13:46.082.271 [elf.cc:1145] 110933 UpdateKernelsInfo: update meta info, kernel_name=mul_Ascend910B2_float16_223010000, dfxAddr=0xaaab4f622fe4, dfxSize=176, funcType=0, elfDataFlag=1, userArgsNum=0, crossCoreSync=0, kernelVfType=0, shareMemSize=0, minStackSize=0, funcEntryType=0, functionEntry=0, schedMode=0, taskRation_0=0, taskRation_1=0, hasParamSummary=1, paramCount=4, paramTotalSize=32.
[INFO] RUNTIME(110933,npu_reader):2026-09-21-12:13:46.082.274 [elf.cc:1076] 110933 UpdateCachedParamInfos: Restore cached param info: kernel_name=mul_Ascend910B2_float16_223000000, ordinal=0, offset=0, size=8.
[INFO] RUNTIME(110933,npu_reader):2026-09-21-12:13:46.082.276 [elf.cc:1076] 110933 UpdateCachedParamInfos: Restore cached param info: kernel_name=mul_Ascend910B2_float16_223000000, ordinal=1, offset=8, size=8.
[INFO] RUNTIME(110933,npu_reader):2026-09-21-12:13:46.082.278 [elf.cc:1076] 110933 UpdateCachedParamInfos: Restore cached param info: kernel_name=mul_Ascend910B2_float16_223000000, ordinal=2, offset=16, size=8.
[INFO] RUNTIME(110933,npu_reader):2026-09-21-12:13:46.082.281 [elf.cc:1076] 110933 UpdateCachedParamInfos: Restore cached param info: kernel_name=mul_Ascend910B2_float16_223000000, ordinal=3, offset=24, size=8.
[INFO] RUNTIME(110933,npu_reader):2026-09-21-12:13:46.082.283 [elf.cc:1145] 110933 UpdateKernelsInfo: update meta info, kernel_name=mul_Ascend910B2_float16_223000000, dfxAddr=0xaaab4f623094, dfxSize=176, funcType=0, elfDataFlag=1, userArgsNum=0, crossCoreSync=0, kernelVfType=0, shareMemSize=0, minStackSize=0, funcEntryType=0, functionEntry=0, schedMode=0, taskRation_0=0, taskRation_1=0, hasParamSummary=1, paramCount=4, paramTotalSize=32.
[INFO] RUNTIME(110933,npu_reader):2026-09-21-12:13:46.082.286 [elf.cc:1076] 110933 UpdateCachedParamInfos: Restore cached param info: kernel_name=mul_Ascend910B2_float16_210010000, ordinal=0, offset=0, size=8.
[INFO] RUNTIME(110933,npu_reader):2026-09-21-12:13:46.082.288 [elf.cc:1076] 110933 UpdateCachedParamInfos: Restore cached param info: kernel_name=mul_Ascend910B2_float16_210010000, ordinal=1, offset=8, size=8.
[INFO] RUNTIME(110933,npu_reader):2026-09-21-12:13:46.082.290 [elf.cc:1076] 110933 UpdateCachedParamInfos: Restore cached param info: kernel_name=mul_Ascend910B2_float16_210010000, ordinal=2, offset=16, size=8.
[INFO] RUNTIME(110933,npu_reader):2026-09-21-12:13:46.082.293 [elf.cc:1076] 110933 UpdateCachedParamInfos: Restore cached param info: kernel_name=mul_Ascend910B2_float16_210010000, ordinal=3, offset=24, size=8.
[INFO] RUNTIME(110933,npu_reader):2026-09-21-12:13:46.082.295 [elf.cc:1145] 110933 UpdateKernelsInfo: update meta info, kernel_name=mul_Ascend910B2_float16_210010000, dfxAddr=0xaaab4f623144, dfxSize=176, funcType=0, elfDataFlag=1, userArgsNum=0, crossCoreSync=0, kernelVfType=0, shareMemSize=0, minStackSize=0, funcEntryType=0, functionEntry=0, schedMode=0, taskRation_0=0, taskRation_1=0, hasParamSummary=1, paramCount=4, paramTotalSize=32.
[INFO] RUNTIME(110933,npu_reader):2026-09-21-12:13:46.082.299 [elf.cc:1076] 110933 UpdateCachedParamInfos: Restore cached param info: kernel_name=mul_Ascend910B2_float16_210000000, ordinal=0, offset=0, size=8.
[INFO] RUNTIME(110933,npu_reader):2026-09-21-12:13:46.082.301 [elf.cc:1076] 110933 UpdateCachedParamInfos: Restore cached param info: kernel_name=mul_Ascend910B2_float16_210000000, ordinal=1, offset=8, size=8.
[INFO] RUNTIME(110933,npu_reader):2026-09-21-12:13:46.082.303 [elf.cc:1076] 110933 UpdateCachedParamInfos: Restore cached param info: kernel_name=mul_Ascend910B2_float16_210000000, ordinal=2, offset=16, size=8.
[INFO] RUNTIME(110933,npu_reader):2026-09-21-12:13:46.082.305 [elf.cc:1076] 110933 UpdateCachedParamInfos: Restore cached param info: kernel_name=mul_Ascend910B2_float16_210000000, ordinal=3, offset=24, size=8.
[INFO] RUNTIME(110933,npu_reader):2026-09-21-12:13:46.082.308 [elf.cc:1145] 110933 UpdateKernelsInfo: update meta info, kernel_name=mul_Ascend910B2_float16_210000000, dfxAddr=0xaaab4f6231f4, dfxSize=176, funcType=0, elfDataFlag=1, userArgsNum=0, crossCoreSync=0, kernelVfType=0, shareMemSize=0, minStackSize=0, funcEntryType=0, functionEntry=0, schedMode=0, taskRation_0=0, taskRation_1=0, hasParamSummary=1, paramCount=4, paramTotalSize=32.
[INFO] RUNTIME(110933,npu_reader):2026-09-21-12:13:46.082.312 [runtime.cc:1448] 110933 AddProgramToPool: progId=4
[INFO] RUNTIME(110933,npu_reader):2026-09-21-12:13:46.082.315 [program.cc:1649] 110933 GetKernelTypeAndMixType: Get kernel type success, kernelName=mul_Ascend910B2_float16_232010000, funcType=0, kernelAttrType=2, mixType=0
[INFO] RUNTIME(110933,npu_reader):2026-09-21-12:13:46.082.318 [program.cc:1119] 110933 SetKernelAttribute: kernel_name=mul_Ascend910B2_float16_232010000, kernelAttrType=2, userParamNum=0, sysParamNum=1, IsNeedSetFftsAddrInArg=0, isSupportOverFlow=1, elfDataFlag=1
[INFO] RUNTIME(110933,npu_reader):2026-09-21-12:13:46.082.321 [program.cc:1690] 110933 BuildNewKernel: new kernel success, size=1320, programId=4, original kernel_name=mul_Ascend910B2_float16_232010000, register kernel_name=mul_Ascend910B2_float16_232010000, tilingKey=232010000, functionEntry=0, funcType=0, kernelAttrType=2, mixType=0, taskRation=2, offset=0, dfxAddr=187652747963968, dfxSize=176
[INFO] RUNTIME(110933,npu_reader):2026-09-21-12:13:46.082.325 [program.cc:1649] 110933 GetKernelTypeAndMixType: Get kernel type success, kernelName=mul_Ascend910B2_float16_232000000, funcType=0, kernelAttrType=2, mixType=0
[INFO] RUNTIME(110933,npu_reader):2026-09-21-12:13:46.082.328 [program.cc:1119] 110933 SetKernelAttribute: kernel_name=mul_Ascend910B2_float16_232000000, kernelAttrType=2, userParamNum=0, sysParamNum=1, IsNeedSetFftsAddrInArg=0, isSupportOverFlow=1, elfDataFlag=1
[INFO] RUNTIME(110933,npu_reader):2026-09-21-12:13:46.082.330 [program.cc:1690] 110933 BuildNewKernel: new kernel success, size=1320, programId=4, original kernel_name=mul_Ascend910B2_float16_232000000, register kernel_name=mul_Ascend910B2_float16_232000000, tilingKey=232000000, functionEntry=0, funcType=0, kernelAttrType=2, mixType=0, taskRation=2, offset=1520, dfxAddr=187652747964212, dfxSize=176
[INFO] RUNTIME(110933,npu_reader):2026-09-21-12:13:46.082.334 [program.cc:1649] 110933 GetKernelTypeAndMixType: Get kernel type success, kernelName=mul_Ascend910B2_float16_223010000, funcType=0, kernelAttrType=2, mixType=0
[INFO] RUNTIME(110933,npu_reader):2026-09-21-12:13:46.082.337 [program.cc:1119] 110933 SetKernelAttribute: kernel_name=mul_Ascend910B2_float16_223010000, kernelAttrType=2, userParamNum=0, sysParamNum=1, IsNeedSetFftsAddrInArg=0, isSupportOverFlow=1, elfDataFlag=1
[INFO] RUNTIME(110933,npu_reader):2026-09-21-12:13:46.082.340 [program.cc:1690] 110933 BuildNewKernel: new kernel success, size=1320, programId=4, original kernel_name=mul_Ascend910B2_float16_223010000, register kernel_name=mul_Ascend910B2_float16_223010000, tilingKey=223010000, functionEntry=0, funcType=0, kernelAttrType=2, mixType=0, taskRation=2, offset=2448, dfxAddr=187652747964388, dfxSize=176
[INFO] RUNTIME(110933,npu_reader):2026-09-21-12:13:46.082.343 [program.cc:1649] 110933 GetKernelTypeAndMixType: Get kernel type success, kernelName=mul_Ascend910B2_float16_223000000, funcType=0, kernelAttrType=2, mixType=0
[INFO] RUNTIME(110933,npu_reader):2026-09-21-12:13:46.082.349 [program.cc:1119] 110933 SetKernelAttribute: kernel_name=mul_Ascend910B2_float16_223000000, kernelAttrType=2, userParamNum=0, sysParamNum=1, IsNeedSetFftsAddrInArg=0, isSupportOverFlow=1, elfDataFlag=1
[INFO] RUNTIME(110933,npu_reader):2026-09-21-12:13:46.082.352 [program.cc:1690] 110933 BuildNewKernel: new kernel success, size=1320, programId=4, original kernel_name=mul_Ascend910B2_float16_223000000, register kernel_name=mul_Ascend910B2_float16_223000000, tilingKey=223000000, functionEntry=0, funcType=0, kernelAttrType=2, mixType=0, taskRation=2, offset=4028, dfxAddr=187652747964564, dfxSize=176
[INFO] RUNTIME(110933,npu_reader):2026-09-21-12:13:46.082.356 [program.cc:1649] 110933 GetKernelTypeAndMixType: Get kernel type success, kernelName=mul_Ascend910B2_float16_210010000, funcType=0, kernelAttrType=2, mixType=0
[INFO] RUNTIME(110933,npu_reader):2026-09-21-12:13:46.082.359 [program.cc:1119] 110933 SetKernelAttribute: kernel_name=mul_Ascend910B2_float16_210010000, kernelAttrType=2, userParamNum=0, sysParamNum=1, IsNeedSetFftsAddrInArg=0, isSupportOverFlow=1, elfDataFlag=1
[INFO] RUNTIME(110933,npu_reader):2026-09-21-12:13:46.082.362 [program.cc:1690] 110933 BuildNewKernel: new kernel success, size=1320, programId=4, original kernel_name=mul_Ascend910B2_float16_210010000, register kernel_name=mul_Ascend910B2_float16_210010000, tilingKey=210010000, functionEntry=0, funcType=0, kernelAttrType=2, mixType=0, taskRation=2, offset=4944, dfxAddr=187652747964740, dfxSize=176
[INFO] RUNTIME(110933,npu_reader):2026-09-21-12:13:46.082.365 [program.cc:1649] 110933 GetKernelTypeAndMixType: Get kernel type success, kernelName=mul_Ascend910B2_float16_210000000, funcType=0, kernelAttrType=2, mixType=0
[INFO] RUNTIME(110933,npu_reader):2026-09-21-12:13:46.082.368 [program.cc:1119] 110933 SetKernelAttribute: kernel_name=mul_Ascend910B2_float16_210000000, kernelAttrType=2, userParamNum=0, sysParamNum=1, IsNeedSetFftsAddrInArg=0, isSupportOverFlow=1, elfDataFlag=1
[INFO] RUNTIME(110933,npu_reader):2026-09-21-12:13:46.082.371 [program.cc:1690] 110933 BuildNewKernel: new kernel success, size=1320, programId=4, original kernel_name=mul_Ascend910B2_float16_210000000, register kernel_name=mul_Ascend910B2_float16_210000000, tilingKey=210000000, functionEntry=0, funcType=0, kernelAttrType=2, mixType=0, taskRation=2, offset=6540, dfxAddr=187652747964916, dfxSize=176
[INFO] RUNTIME(110933,npu_reader):2026-09-21-12:13:46.082.400 [binary_loader.cc:364] 110933 LoadFromData: New ElfProgram ok, magic=1094799942, kernelAttrType=2, Runtime_alloc_size=11072
[INFO] RUNTIME(110933,npu_reader):2026-09-21-12:13:46.082.430 [program.cc:204] 110933 SaveBinaryData: Malloc the buffer for elfData, len=14920
[INFO] RUNTIME(110933,npu_reader):2026-09-21-12:13:46.082.434 [elf.cc:884] 110933 ParseKernelMetaData: section name = .text.
[INFO] RUNTIME(110933,npu_reader):2026-09-21-12:13:46.082.436 [elf.cc:884] 110933 ParseKernelMetaData: section name = .ascend.stack.size.record.
[INFO] RUNTIME(110933,npu_reader):2026-09-21-12:13:46.082.439 [elf.cc:884] 110933 ParseKernelMetaData: section name = __CCE_KernelArgSize.
[INFO] RUNTIME(110933,npu_reader):2026-09-21-12:13:46.082.441 [elf.cc:884] 110933 ParseKernelMetaData: section name = .ascend.meta.mul_Ascend910B3_float16_232010000.
[INFO] RUNTIME(110933,npu_reader):2026-09-21-12:13:46.082.443 [elf.cc:575] 110933 ElfParseParamSummary: paramCount=4, paramTotalSize=32.
[INFO] RUNTIME(110933,npu_reader):2026-09-21-12:13:46.082.445 [elf.cc:610] 110933 ElfParseParamInfo: Cache param info: ordinal=0, offset=0, size=8, align=8, paramType=2, spaceIndex=0.
[INFO] RUNTIME(110933,npu_reader):2026-09-21-12:13:46.082.448 [elf.cc:610] 110933 ElfParseParamInfo: Cache param info: ordinal=1, offset=8, size=8, align=8, paramType=2, spaceIndex=0.
[INFO] RUNTIME(110933,npu_reader):2026-09-21-12:13:46.082.450 [elf.cc:610] 110933 ElfParseParamInfo: Cache param info: ordinal=2, offset=16, size=8, align=8, paramType=2, spaceIndex=0.
[INFO] RUNTIME(110933,npu_reader):2026-09-21-12:13:46.082.454 [elf.cc:610] 110933 ElfParseParamInfo: Cache param info: ordinal=3, offset=24, size=8, align=8, paramType=2, spaceIndex=0.
[INFO] RUNTIME(110933,npu_reader):2026-09-21-12:13:46.082.456 [elf.cc:916] 110933 ParseKernelMetaData: kernel_name=mul_Ascend910B3_float16_232010000, ration[0]=0, ration[1]=0, dfxAddr=0xaaab4f62f8a0, dfxSize=176, funcType=0, crossCoreSync=0, kernelVfType=0, shareMemSize=0, minStackSize=0, isSupportFuncEntry=0, functionEntryFlag=128, functionEntry=0.
[INFO] RUNTIME(110933,npu_reader):2026-09-21-12:13:46.082.460 [elf.cc:884] 110933 ParseKernelMetaData: section name = .comment.
[INFO] RUNTIME(110933,npu_reader):2026-09-21-12:13:46.082.462 [elf.cc:884] 110933 ParseKernelMetaData: section name = .ascend.meta.mul_Ascend910B3_float16_232000000.
[INFO] RUNTIME(110933,npu_reader):2026-09-21-12:13:46.082.464 [elf.cc:575] 110933 ElfParseParamSummary: paramCount=4, paramTotalSize=32.
[INFO] RUNTIME(110933,npu_reader):2026-09-21-12:13:46.082.466 [elf.cc:610] 110933 ElfParseParamInfo: Cache param info: ordinal=0, offset=0, size=8, align=8, paramType=2, spaceIndex=0.
[INFO] RUNTIME(110933,npu_reader):2026-09-21-12:13:46.082.468 [elf.cc:610] 110933 ElfParseParamInfo: Cache param info: ordinal=1, offset=8, size=8, align=8, paramType=2, spaceIndex=0.
[INFO] RUNTIME(110933,npu_reader):2026-09-21-12:13:46.082.471 [elf.cc:610] 110933 ElfParseParamInfo: Cache param info: ordinal=2, offset=16, size=8, align=8, paramType=2, spaceIndex=0.
[INFO] RUNTIME(110933,npu_reader):2026-09-21-12:13:46.082.473 [elf.cc:610] 110933 ElfParseParamInfo: Cache param info: ordinal=3, offset=24, size=8, align=8, paramType=2, spaceIndex=0.
[INFO] RUNTIME(110933,npu_reader):2026-09-21-12:13:46.082.476 [elf.cc:916] 110933 ParseKernelMetaData: kernel_name=mul_Ascend910B3_float16_232000000, ration[0]=0, ration[1]=0, dfxAddr=0xaaab4f62f994, dfxSize=176, funcType=0, crossCoreSync=0, kernelVfType=0, shareMemSize=0, minStackSize=0, isSupportFuncEntry=0, functionEntryFlag=128, functionEntry=0.
[INFO] RUNTIME(110933,npu_reader):2026-09-21-12:13:46.082.479 [elf.cc:884] 110933 ParseKernelMetaData: section name = .ascend.meta.mul_Ascend910B3_float16_223010000.
[INFO] RUNTIME(110933,npu_reader):2026-09-21-12:13:46.082.481 [elf.cc:575] 110933 ElfParseParamSummary: paramCount=4, paramTotalSize=32.
[INFO] RUNTIME(110933,npu_reader):2026-09-21-12:13:46.082.483 [elf.cc:610] 110933 ElfParseParamInfo: Cache param info: ordinal=0, offset=0, size=8, align=8, paramType=2, spaceIndex=0.
[INFO] RUNTIME(110933,npu_reader):2026-09-21-12:13:46.082.485 [elf.cc:610] 110933 ElfParseParamInfo: Cache param info: ordinal=1, offset=8, size=8, align=8, paramType=2, spaceIndex=0.
[INFO] RUNTIME(110933,npu_reader):2026-09-21-12:13:46.082.488 [elf.cc:610] 110933 ElfParseParamInfo: Cache param info: ordinal=2, offset=16, size=8, align=8, paramType=2, spaceIndex=0.
[INFO] RUNTIME(110933,npu_reader):2026-09-21-12:13:46.082.490 [elf.cc:610] 110933 ElfParseParamInfo: Cache param info: ordinal=3, offset=24, size=8, align=8, paramType=2, spaceIndex=0.
[INFO] RUNTIME(110933,npu_reader):2026-09-21-12:13:46.082.492 [elf.cc:916] 110933 ParseKernelMetaData: kernel_name=mul_Ascend910B3_float16_223010000, ration[0]=0, ration[1]=0, dfxAddr=0xaaab4f62fa44, dfxSize=176, funcType=0, crossCoreSync=0, kernelVfType=0, shareMemSize=0, minStackSize=0, isSupportFuncEntry=0, functionEntryFlag=128, functionEntry=0.
[INFO] RUNTIME(110933,npu_reader):2026-09-21-12:13:46.082.495 [elf.cc:884] 110933 ParseKernelMetaData: section name = .ascend.meta.mul_Ascend910B3_float16_223000000.
[INFO] RUNTIME(110933,npu_reader):2026-09-21-12:13:46.082.498 [elf.cc:575] 110933 ElfParseParamSummary: paramCount=4, paramTotalSize=32.
[INFO] RUNTIME(110933,npu_reader):2026-09-21-12:13:46.082.500 [elf.cc:610] 110933 ElfParseParamInfo: Cache param info: ordinal=0, offset=0, size=8, align=8, paramType=2, spaceIndex=0.
[INFO] RUNTIME(110933,npu_reader):2026-09-21-12:13:46.082.502 [elf.cc:610] 110933 ElfParseParamInfo: Cache param info: ordinal=1, offset=8, size=8, align=8, paramType=2, spaceIndex=0.
[INFO] RUNTIME(110933,npu_reader):2026-09-21-12:13:46.082.505 [elf.cc:610] 110933 ElfParseParamInfo: Cache param info: ordinal=2, offset=16, size=8, align=8, paramType=2, spaceIndex=0.
[INFO] RUNTIME(110933,npu_reader):2026-09-21-12:13:46.082.508 [elf.cc:610] 110933 ElfParseParamInfo: Cache param info: ordinal=3, offset=24, size=8, align=8, paramType=2, spaceIndex=0.
[INFO] RUNTIME(110933,npu_reader):2026-09-21-12:13:46.082.510 [elf.cc:916] 110933 ParseKernelMetaData: kernel_name=mul_Ascend910B3_float16_223000000, ration[0]=0, ration[1]=0, dfxAddr=0xaaab4f62faf4, dfxSize=176, funcType=0, crossCoreSync=0, kernelVfType=0, shareMemSize=0, minStackSize=0, isSupportFuncEntry=0, functionEntryFlag=128, functionEntry=0.
[INFO] RUNTIME(110933,npu_reader):2026-09-21-12:13:46.082.513 [elf.cc:884] 110933 ParseKernelMetaData: section name = .ascend.meta.mul_Ascend910B3_float16_210010000.
[INFO] RUNTIME(110933,npu_reader):2026-09-21-12:13:46.082.515 [elf.cc:575] 110933 ElfParseParamSummary: paramCount=4, paramTotalSize=32.
[INFO] RUNTIME(110933,npu_reader):2026-09-21-12:13:46.082.517 [elf.cc:610] 110933 ElfParseParamInfo: Cache param info: ordinal=0, offset=0, size=8, align=8, paramType=2, spaceIndex=0.
[INFO] RUNTIME(110933,npu_reader):2026-09-21-12:13:46.082.520 [elf.cc:610] 110933 ElfParseParamInfo: Cache param info: ordinal=1, offset=8, size=8, align=8, paramType=2, spaceIndex=0.
[INFO] RUNTIME(110933,npu_reader):2026-09-21-12:13:46.082.522 [elf.cc:610] 110933 ElfParseParamInfo: Cache param info: ordinal=2, offset=16, size=8, align=8, paramType=2, spaceIndex=0.
[INFO] RUNTIME(110933,npu_reader):2026-09-21-12:13:46.082.525 [elf.cc:610] 110933 ElfParseParamInfo: Cache param info: ordinal=3, offset=24, size=8, align=8, paramType=2, spaceIndex=0.
[INFO] RUNTIME(110933,npu_reader):2026-09-21-12:13:46.082.527 [elf.cc:916] 110933 ParseKernelMetaData: kernel_name=mul_Ascend910B3_float16_210010000, ration[0]=0, ration[1]=0, dfxAddr=0xaaab4f62fba4, dfxSize=176, funcType=0, crossCoreSync=0, kernelVfType=0, shareMemSize=0, minStackSize=0, isSupportFuncEntry=0, functionEntryFlag=128, functionEntry=0.
[INFO] RUNTIME(110933,npu_reader):2026-09-21-12:13:46.082.530 [elf.cc:884] 110933 ParseKernelMetaData: section name = .ascend.meta.mul_Ascend910B3_float16_210000000.
[INFO] RUNTIME(110933,npu_reader):2026-09-21-12:13:46.082.532 [elf.cc:575] 110933 ElfParseParamSummary: paramCount=4, paramTotalSize=32.
[INFO] RUNTIME(110933,npu_reader):2026-09-21-12:13:46.082.534 [elf.cc:610] 110933 ElfParseParamInfo: Cache param info: ordinal=0, offset=0, size=8, align=8, paramType=2, spaceIndex=0.
[INFO] RUNTIME(110933,npu_reader):2026-09-21-12:13:46.082.537 [elf.cc:610] 110933 ElfParseParamInfo: Cache param info: ordinal=1, offset=8, size=8, align=8, paramType=2, spaceIndex=0.
[INFO] RUNTIME(110933,npu_reader):2026-09-21-12:13:46.082.539 [elf.cc:610] 110933 ElfParseParamInfo: Cache param info: ordinal=2, offset=16, size=8, align=8, paramType=2, spaceIndex=0.
[INFO] RUNTIME(110933,npu_reader):2026-09-21-12:13:46.082.541 [elf.cc:610] 110933 ElfParseParamInfo: Cache param info: ordinal=3, offset=24, size=8, align=8, paramType=2, spaceIndex=0.
[INFO] RUNTIME(110933,npu_reader):2026-09-21-12:13:46.082.544 [elf.cc:916] 110933 ParseKernelMetaData: kernel_name=mul_Ascend910B3_float16_210000000, ration[0]=0, ration[1]=0, dfxAddr=0xaaab4f62fc54, dfxSize=176, funcType=0, crossCoreSync=0, kernelVfType=0, shareMemSize=0, minStackSize=0, isSupportFuncEntry=0, functionEntryFlag=128, functionEntry=0.
[INFO] RUNTIME(110933,npu_reader):2026-09-21-12:13:46.082.556 [elf.cc:1076] 110933 UpdateCachedParamInfos: Restore cached param info: kernel_name=mul_Ascend910B3_float16_232010000, ordinal=0, offset=0, size=8.
[INFO] RUNTIME(110933,npu_reader):2026-09-21-12:13:46.082.559 [elf.cc:1076] 110933 UpdateCachedParamInfos: Restore cached param info: kernel_name=mul_Ascend910B3_float16_232010000, ordinal=1, offset=8, size=8.
[INFO] RUNTIME(110933,npu_reader):2026-09-21-12:13:46.082.561 [elf.cc:1076] 110933 UpdateCachedParamInfos: Restore cached param info: kernel_name=mul_Ascend910B3_float16_232010000, ordinal=2, offset=16, size=8.
[INFO] RUNTIME(110933,npu_reader):2026-09-21-12:13:46.082.564 [elf.cc:1076] 110933 UpdateCachedParamInfos: Restore cached param info: kernel_name=mul_Ascend910B3_float16_232010000, ordinal=3, offset=24, size=8.
[INFO] RUNTIME(110933,npu_reader):2026-09-21-12:13:46.082.567 [elf.cc:1145] 110933 UpdateKernelsInfo: update meta info, kernel_name=mul_Ascend910B3_float16_232010000, dfxAddr=0xaaab4f62f8a0, dfxSize=176, funcType=0, elfDataFlag=1, userArgsNum=0, crossCoreSync=0, kernelVfType=0, shareMemSize=0, minStackSize=0, funcEntryType=0, functionEntry=0, schedMode=0, taskRation_0=0, taskRation_1=0, hasParamSummary=1, paramCount=4, paramTotalSize=32.
[INFO] RUNTIME(110933,npu_reader):2026-09-21-12:13:46.082.570 [elf.cc:1076] 110933 UpdateCachedParamInfos: Restore cached param info: kernel_name=mul_Ascend910B3_float16_232000000, ordinal=0, offset=0, size=8.
[INFO] RUNTIME(110933,npu_reader):2026-09-21-12:13:46.082.573 [elf.cc:1076] 110933 UpdateCachedParamInfos: Restore cached param info: kernel_name=mul_Ascend910B3_float16_232000000, ordinal=1, offset=8, size=8.
[INFO] RUNTIME(110933,npu_reader):2026-09-21-12:13:46.082.575 [elf.cc:1076] 110933 UpdateCachedParamInfos: Restore cached param info: kernel_name=mul_Ascend910B3_float16_232000000, ordinal=2, offset=16, size=8.
[INFO] RUNTIME(110933,npu_reader):2026-09-21-12:13:46.082.577 [elf.cc:1076] 110933 UpdateCachedParamInfos: Restore cached param info: kernel_name=mul_Ascend910B3_float16_232000000, ordinal=3, offset=24, size=8.
[INFO] RUNTIME(110933,npu_reader):2026-09-21-12:13:46.082.580 [elf.cc:1145] 110933 UpdateKernelsInfo: update meta info, kernel_name=mul_Ascend910B3_float16_232000000, dfxAddr=0xaaab4f62f994, dfxSize=176, funcType=0, elfDataFlag=1, userArgsNum=0, crossCoreSync=0, kernelVfType=0, shareMemSize=0, minStackSize=0, funcEntryType=0, functionEntry=0, schedMode=0, taskRation_0=0, taskRation_1=0, hasParamSummary=1, paramCount=4, paramTotalSize=32.
[INFO] RUNTIME(110933,npu_reader):2026-09-21-12:13:46.082.583 [elf.cc:1076] 110933 UpdateCachedParamInfos: Restore cached param info: kernel_name=mul_Ascend910B3_float16_223010000, ordinal=0, offset=0, size=8.
[INFO] RUNTIME(110933,npu_reader):2026-09-21-12:13:46.082.585 [elf.cc:1076] 110933 UpdateCachedParamInfos: Restore cached param info: kernel_name=mul_Ascend910B3_float16_223010000, ordinal=1, offset=8, size=8.
[INFO] RUNTIME(110933,npu_reader):2026-09-21-12:13:46.082.588 [elf.cc:1076] 110933 UpdateCachedParamInfos: Restore cached param info: kernel_name=mul_Ascend910B3_float16_223010000, ordinal=2, offset=16, size=8.
[INFO] RUNTIME(110933,npu_reader):2026-09-21-12:13:46.082.590 [elf.cc:1076] 110933 UpdateCachedParamInfos: Restore cached param info: kernel_name=mul_Ascend910B3_float16_223010000, ordinal=3, offset=24, size=8.
[INFO] RUNTIME(110933,npu_reader):2026-09-21-12:13:46.082.592 [elf.cc:1145] 110933 UpdateKernelsInfo: update meta info, kernel_name=mul_Ascend910B3_float16_223010000, dfxAddr=0xaaab4f62fa44, dfxSize=176, funcType=0, elfDataFlag=1, userArgsNum=0, crossCoreSync=0, kernelVfType=0, shareMemSize=0, minStackSize=0, funcEntryType=0, functionEntry=0, schedMode=0, taskRation_0=0, taskRation_1=0, hasParamSummary=1, paramCount=4, paramTotalSize=32.
[INFO] RUNTIME(110933,npu_reader):2026-09-21-12:13:46.082.595 [elf.cc:1076] 110933 UpdateCachedParamInfos: Restore cached param info: kernel_name=mul_Ascend910B3_float16_223000000, ordinal=0, offset=0, size=8.
[INFO] RUNTIME(110933,npu_reader):2026-09-21-12:13:46.082.598 [elf.cc:1076] 110933 UpdateCachedParamInfos: Restore cached param info: kernel_name=mul_Ascend910B3_float16_223000000, ordinal=1, offset=8, size=8.
[INFO] RUNTIME(110933,npu_reader):2026-09-21-12:13:46.082.600 [elf.cc:1076] 110933 UpdateCachedParamInfos: Restore cached param info: kernel_name=mul_Ascend910B3_float16_223000000, ordinal=2, offset=16, size=8.
[INFO] RUNTIME(110933,npu_reader):2026-09-21-12:13:46.082.602 [elf.cc:1076] 110933 UpdateCachedParamInfos: Restore cached param info: kernel_name=mul_Ascend910B3_float16_223000000, ordinal=3, offset=24, size=8.
[INFO] RUNTIME(110933,npu_reader):2026-09-21-12:13:46.082.605 [elf.cc:1145] 110933 UpdateKernelsInfo: update meta info, kernel_name=mul_Ascend910B3_float16_223000000, dfxAddr=0xaaab4f62faf4, dfxSize=176, funcType=0, elfDataFlag=1, userArgsNum=0, crossCoreSync=0, kernelVfType=0, shareMemSize=0, minStackSize=0, funcEntryType=0, functionEntry=0, schedMode=0, taskRation_0=0, taskRation_1=0, hasParamSummary=1, paramCount=4, paramTotalSize=32.
[INFO] RUNTIME(110933,npu_reader):2026-09-21-12:13:46.082.609 [elf.cc:1076] 110933 UpdateCachedParamInfos: Restore cached param info: kernel_name=mul_Ascend910B3_float16_210010000, ordinal=0, offset=0, size=8.
[INFO] RUNTIME(110933,npu_reader):2026-09-21-12:13:46.082.611 [elf.cc:1076] 110933 UpdateCachedParamInfos: Restore cached param info: kernel_name=mul_Ascend910B3_float16_210010000, ordinal=1, offset=8, size=8.
[INFO] RUNTIME(110933,npu_reader):2026-09-21-12:13:46.082.613 [elf.cc:1076] 110933 UpdateCachedParamInfos: Restore cached param info: kernel_name=mul_Ascend910B3_float16_210010000, ordinal=2, offset=16, size=8.
[INFO] RUNTIME(110933,npu_reader):2026-09-21-12:13:46.082.615 [elf.cc:1076] 110933 UpdateCachedParamInfos: Restore cached param info: kernel_name=mul_Ascend910B3_float16_210010000, ordinal=3, offset=24, size=8.
[INFO] RUNTIME(110933,npu_reader):2026-09-21-12:13:46.082.617 [elf.cc:1145] 110933 UpdateKernelsInfo: update meta info, kernel_name=mul_Ascend910B3_float16_210010000, dfxAddr=0xaaab4f62fba4, dfxSize=176, funcType=0, elfDataFlag=1, userArgsNum=0, crossCoreSync=0, kernelVfType=0, shareMemSize=0, minStackSize=0, funcEntryType=0, functionEntry=0, schedMode=0, taskRation_0=0, taskRation_1=0, hasParamSummary=1, paramCount=4, paramTotalSize=32.
[INFO] RUNTIME(110933,npu_reader):2026-09-21-12:13:46.082.621 [elf.cc:1076] 110933 UpdateCachedParamInfos: Restore cached param info: kernel_name=mul_Ascend910B3_float16_210000000, ordinal=0, offset=0, size=8.
[INFO] RUNTIME(110933,npu_reader):2026-09-21-12:13:46.082.623 [elf.cc:1076] 110933 UpdateCachedParamInfos: Restore cached param info: kernel_name=mul_Ascend910B3_float16_210000000, ordinal=1, offset=8, size=8.
[INFO] RUNTIME(110933,npu_reader):2026-09-21-12:13:46.082.625 [elf.cc:1076] 110933 UpdateCachedParamInfos: Restore cached param info: kernel_name=mul_Ascend910B3_float16_210000000, ordinal=2, offset=16, size=8.
[INFO] RUNTIME(110933,npu_reader):2026-09-21-12:13:46.082.627 [elf.cc:1076] 110933 UpdateCachedParamInfos: Restore cached param info: kernel_name=mul_Ascend910B3_float16_210000000, ordinal=3, offset=24, size=8.
[INFO] RUNTIME(110933,npu_reader):2026-09-21-12:13:46.082.630 [elf.cc:1145] 110933 UpdateKernelsInfo: update meta info, kernel_name=mul_Ascend910B3_float16_210000000, dfxAddr=0xaaab4f62fc54, dfxSize=176, funcType=0, elfDataFlag=1, userArgsNum=0, crossCoreSync=0, kernelVfType=0, shareMemSize=0, minStackSize=0, funcEntryType=0, functionEntry=0, schedMode=0, taskRation_0=0, taskRation_1=0, hasParamSummary=1, paramCount=4, paramTotalSize=32.
[INFO] RUNTIME(110933,npu_reader):2026-09-21-12:13:46.082.633 [runtime.cc:1448] 110933 AddProgramToPool: progId=5
[INFO] RUNTIME(110933,npu_reader):2026-09-21-12:13:46.082.636 [program.cc:1649] 110933 GetKernelTypeAndMixType: Get kernel type success, kernelName=mul_Ascend910B3_float16_232010000, funcType=0, kernelAttrType=2, mixType=0
[INFO] RUNTIME(110933,npu_reader):2026-09-21-12:13:46.082.639 [program.cc:1119] 110933 SetKernelAttribute: kernel_name=mul_Ascend910B3_float16_232010000, kernelAttrType=2, userParamNum=0, sysParamNum=1, IsNeedSetFftsAddrInArg=0, isSupportOverFlow=1, elfDataFlag=1
[INFO] RUNTIME(110933,npu_reader):2026-09-21-12:13:46.082.642 [program.cc:1690] 110933 BuildNewKernel: new kernel success, size=1320, programId=5, original kernel_name=mul_Ascend910B3_float16_232010000, register kernel_name=mul_Ascend910B3_float16_232010000, tilingKey=232010000, functionEntry=0, funcType=0, kernelAttrType=2, mixType=0, taskRation=2, offset=0, dfxAddr=187652748015776, dfxSize=176
[INFO] RUNTIME(110933,npu_reader):2026-09-21-12:13:46.082.647 [program.cc:1649] 110933 GetKernelTypeAndMixType: Get kernel type success, kernelName=mul_Ascend910B3_float16_232000000, funcType=0, kernelAttrType=2, mixType=0
[INFO] RUNTIME(110933,npu_reader):2026-09-21-12:13:46.082.650 [program.cc:1119] 110933 SetKernelAttribute: kernel_name=mul_Ascend910B3_float16_232000000, kernelAttrType=2, userParamNum=0, sysParamNum=1, IsNeedSetFftsAddrInArg=0, isSupportOverFlow=1, elfDataFlag=1
[INFO] RUNTIME(110933,npu_reader):2026-09-21-12:13:46.082.652 [program.cc:1690] 110933 BuildNewKernel: new kernel success, size=1320, programId=5, original kernel_name=mul_Ascend910B3_float16_232000000, register kernel_name=mul_Ascend910B3_float16_232000000, tilingKey=232000000, functionEntry=0, funcType=0, kernelAttrType=2, mixType=0, taskRation=2, offset=1520, dfxAddr=187652748016020, dfxSize=176
[INFO] RUNTIME(110933,npu_reader):2026-09-21-12:13:46.082.656 [program.cc:1649] 110933 GetKernelTypeAndMixType: Get kernel type success, kernelName=mul_Ascend910B3_float16_223010000, funcType=0, kernelAttrType=2, mixType=0
[INFO] RUNTIME(110933,npu_reader):2026-09-21-12:13:46.082.659 [program.cc:1119] 110933 SetKernelAttribute: kernel_name=mul_Ascend910B3_float16_223010000, kernelAttrType=2, userParamNum=0, sysParamNum=1, IsNeedSetFftsAddrInArg=0, isSupportOverFlow=1, elfDataFlag=1
[INFO] RUNTIME(110933,npu_reader):2026-09-21-12:13:46.082.662 [program.cc:1690] 110933 BuildNewKernel: new kernel success, size=1320, programId=5, original kernel_name=mul_Ascend910B3_float16_223010000, register kernel_name=mul_Ascend910B3_float16_223010000, tilingKey=223010000, functionEntry=0, funcType=0, kernelAttrType=2, mixType=0, taskRation=2, offset=2448, dfxAddr=187652748016196, dfxSize=176
[INFO] RUNTIME(110933,npu_reader):2026-09-21-12:13:46.082.665 [program.cc:1649] 110933 GetKernelTypeAndMixType: Get kernel type success, kernelName=mul_Ascend910B3_float16_223000000, funcType=0, kernelAttrType=2, mixType=0
[INFO] RUNTIME(110933,npu_reader):2026-09-21-12:13:46.082.670 [program.cc:1119] 110933 SetKernelAttribute: kernel_name=mul_Ascend910B3_float16_223000000, kernelAttrType=2, userParamNum=0, sysParamNum=1, IsNeedSetFftsAddrInArg=0, isSupportOverFlow=1, elfDataFlag=1
[INFO] RUNTIME(110933,npu_reader):2026-09-21-12:13:46.082.672 [program.cc:1690] 110933 BuildNewKernel: new kernel success, size=1320, programId=5, original kernel_name=mul_Ascend910B3_float16_223000000, register kernel_name=mul_Ascend910B3_float16_223000000, tilingKey=223000000, functionEntry=0, funcType=0, kernelAttrType=2, mixType=0, taskRation=2, offset=4028, dfxAddr=187652748016372, dfxSize=176
[INFO] RUNTIME(110933,npu_reader):2026-09-21-12:13:46.082.676 [program.cc:1649] 110933 GetKernelTypeAndMixType: Get kernel type success, kernelName=mul_Ascend910B3_float16_210010000, funcType=0, kernelAttrType=2, mixType=0
[INFO] RUNTIME(110933,npu_reader):2026-09-21-12:13:46.082.679 [program.cc:1119] 110933 SetKernelAttribute: kernel_name=mul_Ascend910B3_float16_210010000, kernelAttrType=2, userParamNum=0, sysParamNum=1, IsNeedSetFftsAddrInArg=0, isSupportOverFlow=1, elfDataFlag=1
[INFO] RUNTIME(110933,npu_reader):2026-09-21-12:13:46.082.682 [program.cc:1690] 110933 BuildNewKernel: new kernel success, size=1320, programId=5, original kernel_name=mul_Ascend910B3_float16_210010000, register kernel_name=mul_Ascend910B3_float16_210010000, tilingKey=210010000, functionEntry=0, funcType=0, kernelAttrType=2, mixType=0, taskRation=2, offset=4944, dfxAddr=187652748016548, dfxSize=176
[INFO] RUNTIME(110933,npu_reader):2026-09-21-12:13:46.082.685 [program.cc:1649] 110933 GetKernelTypeAndMixType: Get kernel type success, kernelName=mul_Ascend910B3_float16_210000000, funcType=0, kernelAttrType=2, mixType=0
[INFO] RUNTIME(110933,npu_reader):2026-09-21-12:13:46.082.689 [program.cc:1119] 110933 SetKernelAttribute: kernel_name=mul_Ascend910B3_float16_210000000, kernelAttrType=2, userParamNum=0, sysParamNum=1, IsNeedSetFftsAddrInArg=0, isSupportOverFlow=1, elfDataFlag=1
[INFO] RUNTIME(110933,npu_reader):2026-09-21-12:13:46.082.692 [program.cc:1690] 110933 BuildNewKernel: new kernel success, size=1320, programId=5, original kernel_name=mul_Ascend910B3_float16_210000000, register kernel_name=mul_Ascend910B3_float16_210000000, tilingKey=210000000, functionEntry=0, funcType=0, kernelAttrType=2, mixType=0, taskRation=2, offset=6540, dfxAddr=187652748016724, dfxSize=176
[INFO] RUNTIME(110933,npu_reader):2026-09-21-12:13:46.082.720 [binary_loader.cc:364] 110933 LoadFromData: New ElfProgram ok, magic=1094799942, kernelAttrType=2, Runtime_alloc_size=11072
[INFO] RUNTIME(110933,npu_reader):2026-09-21-12:13:46.082.724 [program.cc:204] 110933 SaveBinaryData: Malloc the buffer for elfData, len=14920
[INFO] RUNTIME(110933,npu_reader):2026-09-21-12:13:46.082.727 [elf.cc:884] 110933 ParseKernelMetaData: section name = .text.
[INFO] RUNTIME(110933,npu_reader):2026-09-21-12:13:46.082.730 [elf.cc:884] 110933 ParseKernelMetaData: section name = .ascend.stack.size.record.
[INFO] RUNTIME(110933,npu_reader):2026-09-21-12:13:46.082.732 [elf.cc:884] 110933 ParseKernelMetaData: section name = __CCE_KernelArgSize.
[INFO] RUNTIME(110933,npu_reader):2026-09-21-12:13:46.082.734 [elf.cc:884] 110933 ParseKernelMetaData: section name = .ascend.meta.mul_Ascend910B4_float16_232010000.
[INFO] RUNTIME(110933,npu_reader):2026-09-21-12:13:46.082.737 [elf.cc:575] 110933 ElfParseParamSummary: paramCount=4, paramTotalSize=32.
[INFO] RUNTIME(110933,npu_reader):2026-09-21-12:13:46.082.739 [elf.cc:610] 110933 ElfParseParamInfo: Cache param info: ordinal=0, offset=0, size=8, align=8, paramType=2, spaceIndex=0.
[INFO] RUNTIME(110933,npu_reader):2026-09-21-12:13:46.082.741 [elf.cc:610] 110933 ElfParseParamInfo: Cache param info: ordinal=1, offset=8, size=8, align=8, paramType=2, spaceIndex=0.
[INFO] RUNTIME(110933,npu_reader):2026-09-21-12:13:46.082.744 [elf.cc:610] 110933 ElfParseParamInfo: Cache param info: ordinal=2, offset=16, size=8, align=8, paramType=2, spaceIndex=0.
[INFO] RUNTIME(110933,npu_reader):2026-09-21-12:13:46.082.746 [elf.cc:610] 110933 ElfParseParamInfo: Cache param info: ordinal=3, offset=24, size=8, align=8, paramType=2, spaceIndex=0.
[INFO] RUNTIME(110933,npu_reader):2026-09-21-12:13:46.082.749 [elf.cc:916] 110933 ParseKernelMetaData: kernel_name=mul_Ascend910B4_float16_232010000, ration[0]=0, ration[1]=0, dfxAddr=0xaaab4f63c300, dfxSize=176, funcType=0, crossCoreSync=0, kernelVfType=0, shareMemSize=0, minStackSize=0, isSupportFuncEntry=0, functionEntryFlag=128, functionEntry=0.
[INFO] RUNTIME(110933,npu_reader):2026-09-21-12:13:46.082.752 [elf.cc:884] 110933 ParseKernelMetaData: section name = .comment.
[INFO] RUNTIME(110933,npu_reader):2026-09-21-12:13:46.082.754 [elf.cc:884] 110933 ParseKernelMetaData: section name = .ascend.meta.mul_Ascend910B4_float16_232000000.
[INFO] RUNTIME(110933,npu_reader):2026-09-21-12:13:46.082.756 [elf.cc:575] 110933 ElfParseParamSummary: paramCount=4, paramTotalSize=32.
[INFO] RUNTIME(110933,npu_reader):2026-09-21-12:13:46.082.758 [elf.cc:610] 110933 ElfParseParamInfo: Cache param info: ordinal=0, offset=0, size=8, align=8, paramType=2, spaceIndex=0.
[INFO] RUNTIME(110933,npu_reader):2026-09-21-12:13:46.082.761 [elf.cc:610] 110933 ElfParseParamInfo: Cache param info: ordinal=1, offset=8, size=8, align=8, paramType=2, spaceIndex=0.
[INFO] RUNTIME(110933,npu_reader):2026-09-21-12:13:46.082.763 [elf.cc:610] 110933 ElfParseParamInfo: Cache param info: ordinal=2, offset=16, size=8, align=8, paramType=2, spaceIndex=0.
[INFO] RUNTIME(110933,npu_reader):2026-09-21-12:13:46.082.765 [elf.cc:610] 110933 ElfParseParamInfo: Cache param info: ordinal=3, offset=24, size=8, align=8, paramType=2, spaceIndex=0.
[INFO] RUNTIME(110933,npu_reader):2026-09-21-12:13:46.082.768 [elf.cc:916] 110933 ParseKernelMetaData: kernel_name=mul_Ascend910B4_float16_232000000, ration[0]=0, ration[1]=0, dfxAddr=0xaaab4f63c3f4, dfxSize=176, funcType=0, crossCoreSync=0, kernelVfType=0, shareMemSize=0, minStackSize=0, isSupportFuncEntry=0, functionEntryFlag=128, functionEntry=0.
[INFO] RUNTIME(110933,npu_reader):2026-09-21-12:13:46.082.771 [elf.cc:884] 110933 ParseKernelMetaData: section name = .ascend.meta.mul_Ascend910B4_float16_223010000.
[INFO] RUNTIME(110933,npu_reader):2026-09-21-12:13:46.082.774 [elf.cc:575] 110933 ElfParseParamSummary: paramCount=4, paramTotalSize=32.
[INFO] RUNTIME(110933,npu_reader):2026-09-21-12:13:46.082.776 [elf.cc:610] 110933 ElfParseParamInfo: Cache param info: ordinal=0, offset=0, size=8, align=8, paramType=2, spaceIndex=0.
[INFO] RUNTIME(110933,npu_reader):2026-09-21-12:13:46.082.779 [elf.cc:610] 110933 ElfParseParamInfo: Cache param info: ordinal=1, offset=8, size=8, align=8, paramType=2, spaceIndex=0.
[INFO] RUNTIME(110933,npu_reader):2026-09-21-12:13:46.082.781 [elf.cc:610] 110933 ElfParseParamInfo: Cache param info: ordinal=2, offset=16, size=8, align=8, paramType=2, spaceIndex=0.
[INFO] RUNTIME(110933,npu_reader):2026-09-21-12:13:46.082.784 [elf.cc:610] 110933 ElfParseParamInfo: Cache param info: ordinal=3, offset=24, size=8, align=8, paramType=2, spaceIndex=0.
[INFO] RUNTIME(110933,npu_reader):2026-09-21-12:13:46.082.786 [elf.cc:916] 110933 ParseKernelMetaData: kernel_name=mul_Ascend910B4_float16_223010000, ration[0]=0, ration[1]=0, dfxAddr=0xaaab4f63c4a4, dfxSize=176, funcType=0, crossCoreSync=0, kernelVfType=0, shareMemSize=0, minStackSize=0, isSupportFuncEntry=0, functionEntryFlag=128, functionEntry=0.
[INFO] RUNTIME(110933,npu_reader):2026-09-21-12:13:46.082.789 [elf.cc:884] 110933 ParseKernelMetaData: section name = .ascend.meta.mul_Ascend910B4_float16_223000000.
[INFO] RUNTIME(110933,npu_reader):2026-09-21-12:13:46.082.791 [elf.cc:575] 110933 ElfParseParamSummary: paramCount=4, paramTotalSize=32.
[INFO] RUNTIME(110933,npu_reader):2026-09-21-12:13:46.082.793 [elf.cc:610] 110933 ElfParseParamInfo: Cache param info: ordinal=0, offset=0, size=8, align=8, paramType=2, spaceIndex=0.
[INFO] RUNTIME(110933,npu_reader):2026-09-21-12:13:46.082.796 [elf.cc:610] 110933 ElfParseParamInfo: Cache param info: ordinal=1, offset=8, size=8, align=8, paramType=2, spaceIndex=0.
[INFO] RUNTIME(110933,npu_reader):2026-09-21-12:13:46.082.798 [elf.cc:610] 110933 ElfParseParamInfo: Cache param info: ordinal=2, offset=16, size=8, align=8, paramType=2, spaceIndex=0.
[INFO] RUNTIME(110933,npu_reader):2026-09-21-12:13:46.082.800 [elf.cc:610] 110933 ElfParseParamInfo: Cache param info: ordinal=3, offset=24, size=8, align=8, paramType=2, spaceIndex=0.
[INFO] RUNTIME(110933,npu_reader):2026-09-21-12:13:46.082.803 [elf.cc:916] 110933 ParseKernelMetaData: kernel_name=mul_Ascend910B4_float16_223000000, ration[0]=0, ration[1]=0, dfxAddr=0xaaab4f63c554, dfxSize=176, funcType=0, crossCoreSync=0, kernelVfType=0, shareMemSize=0, minStackSize=0, isSupportFuncEntry=0, functionEntryFlag=128, functionEntry=0.
[INFO] RUNTIME(110933,npu_reader):2026-09-21-12:13:46.082.806 [elf.cc:884] 110933 ParseKernelMetaData: section name = .ascend.meta.mul_Ascend910B4_float16_210010000.
[INFO] RUNTIME(110933,npu_reader):2026-09-21-12:13:46.082.808 [elf.cc:575] 110933 ElfParseParamSummary: paramCount=4, paramTotalSize=32.
[INFO] RUNTIME(110933,npu_reader):2026-09-21-12:13:46.082.810 [elf.cc:610] 110933 ElfParseParamInfo: Cache param info: ordinal=0, offset=0, size=8, align=8, paramType=2, spaceIndex=0.
[INFO] RUNTIME(110933,npu_reader):2026-09-21-12:13:46.082.812 [elf.cc:610] 110933 ElfParseParamInfo: Cache param info: ordinal=1, offset=8, size=8, align=8, paramType=2, spaceIndex=0.
[INFO] RUNTIME(110933,npu_reader):2026-09-21-12:13:46.082.815 [elf.cc:610] 110933 ElfParseParamInfo: Cache param info: ordinal=2, offset=16, size=8, align=8, paramType=2, spaceIndex=0.
[INFO] RUNTIME(110933,npu_reader):2026-09-21-12:13:46.082.817 [elf.cc:610] 110933 ElfParseParamInfo: Cache param info: ordinal=3, offset=24, size=8, align=8, paramType=2, spaceIndex=0.
[INFO] RUNTIME(110933,npu_reader):2026-09-21-12:13:46.082.820 [elf.cc:916] 110933 ParseKernelMetaData: kernel_name=mul_Ascend910B4_float16_210010000, ration[0]=0, ration[1]=0, dfxAddr=0xaaab4f63c604, dfxSize=176, funcType=0, crossCoreSync=0, kernelVfType=0, shareMemSize=0, minStackSize=0, isSupportFuncEntry=0, functionEntryFlag=128, functionEntry=0.
[INFO] RUNTIME(110933,npu_reader):2026-09-21-12:13:46.082.823 [elf.cc:884] 110933 ParseKernelMetaData: section name = .ascend.meta.mul_Ascend910B4_float16_210000000.
[INFO] RUNTIME(110933,npu_reader):2026-09-21-12:13:46.082.826 [elf.cc:575] 110933 ElfParseParamSummary: paramCount=4, paramTotalSize=32.
[INFO] RUNTIME(110933,npu_reader):2026-09-21-12:13:46.082.828 [elf.cc:610] 110933 ElfParseParamInfo: Cache param info: ordinal=0, offset=0, size=8, align=8, paramType=2, spaceIndex=0.
[INFO] RUNTIME(110933,npu_reader):2026-09-21-12:13:46.082.830 [elf.cc:610] 110933 ElfParseParamInfo: Cache param info: ordinal=1, offset=8, size=8, align=8, paramType=2, spaceIndex=0.
[INFO] RUNTIME(110933,npu_reader):2026-09-21-12:13:46.082.833 [elf.cc:610] 110933 ElfParseParamInfo: Cache param info: ordinal=2, offset=16, size=8, align=8, paramType=2, spaceIndex=0.
[INFO] RUNTIME(110933,npu_reader):2026-09-21-12:13:46.082.835 [elf.cc:610] 110933 ElfParseParamInfo: Cache param info: ordinal=3, offset=24, size=8, align=8, paramType=2, spaceIndex=0.
[INFO] RUNTIME(110933,npu_reader):2026-09-21-12:13:46.082.837 [elf.cc:916] 110933 ParseKernelMetaData: kernel_name=mul_Ascend910B4_float16_210000000, ration[0]=0, ration[1]=0, dfxAddr=0xaaab4f63c6b4, dfxSize=176, funcType=0, crossCoreSync=0, kernelVfType=0, shareMemSize=0, minStackSize=0, isSupportFuncEntry=0, functionEntryFlag=128, functionEntry=0.
[INFO] RUNTIME(110933,npu_reader):2026-09-21-12:13:46.082.850 [elf.cc:1076] 110933 UpdateCachedParamInfos: Restore cached param info: kernel_name=mul_Ascend910B4_float16_232010000, ordinal=0, offset=0, size=8.
[INFO] RUNTIME(110933,npu_reader):2026-09-21-12:13:46.082.852 [elf.cc:1076] 110933 UpdateCachedParamInfos: Restore cached param info: kernel_name=mul_Ascend910B4_float16_232010000, ordinal=1, offset=8, size=8.
[INFO] RUNTIME(110933,npu_reader):2026-09-21-12:13:46.082.854 [elf.cc:1076] 110933 UpdateCachedParamInfos: Restore cached param info: kernel_name=mul_Ascend910B4_float16_232010000, ordinal=2, offset=16, size=8.
[INFO] RUNTIME(110933,npu_reader):2026-09-21-12:13:46.082.857 [elf.cc:1076] 110933 UpdateCachedParamInfos: Restore cached param info: kernel_name=mul_Ascend910B4_float16_232010000, ordinal=3, offset=24, size=8.
[INFO] RUNTIME(110933,npu_reader):2026-09-21-12:13:46.082.859 [elf.cc:1145] 110933 UpdateKernelsInfo: update meta info, kernel_name=mul_Ascend910B4_float16_232010000, dfxAddr=0xaaab4f63c300, dfxSize=176, funcType=0, elfDataFlag=1, userArgsNum=0, crossCoreSync=0, kernelVfType=0, shareMemSize=0, minStackSize=0, funcEntryType=0, functionEntry=0, schedMode=0, taskRation_0=0, taskRation_1=0, hasParamSummary=1, paramCount=4, paramTotalSize=32.
[INFO] RUNTIME(110933,npu_reader):2026-09-21-12:13:46.082.862 [elf.cc:1076] 110933 UpdateCachedParamInfos: Restore cached param info: kernel_name=mul_Ascend910B4_float16_232000000, ordinal=0, offset=0, size=8.
[INFO] RUNTIME(110933,npu_reader):2026-09-21-12:13:46.082.865 [elf.cc:1076] 110933 UpdateCachedParamInfos: Restore cached param info: kernel_name=mul_Ascend910B4_float16_232000000, ordinal=1, offset=8, size=8.
[INFO] RUNTIME(110933,npu_reader):2026-09-21-12:13:46.082.867 [elf.cc:1076] 110933 UpdateCachedParamInfos: Restore cached param info: kernel_name=mul_Ascend910B4_float16_232000000, ordinal=2, offset=16, size=8.
[INFO] RUNTIME(110933,npu_reader):2026-09-21-12:13:46.082.869 [elf.cc:1076] 110933 UpdateCachedParamInfos: Restore cached param info: kernel_name=mul_Ascend910B4_float16_232000000, ordinal=3, offset=24, size=8.
[INFO] RUNTIME(110933,npu_reader):2026-09-21-12:13:46.082.871 [elf.cc:1145] 110933 UpdateKernelsInfo: update meta info, kernel_name=mul_Ascend910B4_float16_232000000, dfxAddr=0xaaab4f63c3f4, dfxSize=176, funcType=0, elfDataFlag=1, userArgsNum=0, crossCoreSync=0, kernelVfType=0, shareMemSize=0, minStackSize=0, funcEntryType=0, functionEntry=0, schedMode=0, taskRation_0=0, taskRation_1=0, hasParamSummary=1, paramCount=4, paramTotalSize=32.
[INFO] RUNTIME(110933,npu_reader):2026-09-21-12:13:46.082.875 [elf.cc:1076] 110933 UpdateCachedParamInfos: Restore cached param info: kernel_name=mul_Ascend910B4_float16_223010000, ordinal=0, offset=0, size=8.
[INFO] RUNTIME(110933,npu_reader):2026-09-21-12:13:46.082.878 [elf.cc:1076] 110933 UpdateCachedParamInfos: Restore cached param info: kernel_name=mul_Ascend910B4_float16_223010000, ordinal=1, offset=8, size=8.
[INFO] RUNTIME(110933,npu_reader):2026-09-21-12:13:46.082.880 [elf.cc:1076] 110933 UpdateCachedParamInfos: Restore cached param info: kernel_name=mul_Ascend910B4_float16_223010000, ordinal=2, offset=16, size=8.
[INFO] RUNTIME(110933,npu_reader):2026-09-21-12:13:46.082.882 [elf.cc:1076] 110933 UpdateCachedParamInfos: Restore cached param info: kernel_name=mul_Ascend910B4_float16_223010000, ordinal=3, offset=24, size=8.
[INFO] RUNTIME(110933,npu_reader):2026-09-21-12:13:46.082.885 [elf.cc:1145] 110933 UpdateKernelsInfo: update meta info, kernel_name=mul_Ascend910B4_float16_223010000, dfxAddr=0xaaab4f63c4a4, dfxSize=176, funcType=0, elfDataFlag=1, userArgsNum=0, crossCoreSync=0, kernelVfType=0, shareMemSize=0, minStackSize=0, funcEntryType=0, functionEntry=0, schedMode=0, taskRation_0=0, taskRation_1=0, hasParamSummary=1, paramCount=4, paramTotalSize=32.
[INFO] RUNTIME(110933,npu_reader):2026-09-21-12:13:46.082.888 [elf.cc:1076] 110933 UpdateCachedParamInfos: Restore cached param info: kernel_name=mul_Ascend910B4_float16_223000000, ordinal=0, offset=0, size=8.
[INFO] RUNTIME(110933,npu_reader):2026-09-21-12:13:46.082.890 [elf.cc:1076] 110933 UpdateCachedParamInfos: Restore cached param info: kernel_name=mul_Ascend910B4_float16_223000000, ordinal=1, offset=8, size=8.
[INFO] RUNTIME(110933,npu_reader):2026-09-21-12:13:46.082.893 [elf.cc:1076] 110933 UpdateCachedParamInfos: Restore cached param info: kernel_name=mul_Ascend910B4_float16_223000000, ordinal=2, offset=16, size=8.
[INFO] RUNTIME(110933,npu_reader):2026-09-21-12:13:46.082.895 [elf.cc:1076] 110933 UpdateCachedParamInfos: Restore cached param info: kernel_name=mul_Ascend910B4_float16_223000000, ordinal=3, offset=24, size=8.
[INFO] RUNTIME(110933,npu_reader):2026-09-21-12:13:46.082.897 [elf.cc:1145] 110933 UpdateKernelsInfo: update meta info, kernel_name=mul_Ascend910B4_float16_223000000, dfxAddr=0xaaab4f63c554, dfxSize=176, funcType=0, elfDataFlag=1, userArgsNum=0, crossCoreSync=0, kernelVfType=0, shareMemSize=0, minStackSize=0, funcEntryType=0, functionEntry=0, schedMode=0, taskRation_0=0, taskRation_1=0, hasParamSummary=1, paramCount=4, paramTotalSize=32.
[INFO] RUNTIME(110933,npu_reader):2026-09-21-12:13:46.082.900 [elf.cc:1076] 110933 UpdateCachedParamInfos: Restore cached param info: kernel_name=mul_Ascend910B4_float16_210010000, ordinal=0, offset=0, size=8.
[INFO] RUNTIME(110933,npu_reader):2026-09-21-12:13:46.082.903 [elf.cc:1076] 110933 UpdateCachedParamInfos: Restore cached param info: kernel_name=mul_Ascend910B4_float16_210010000, ordinal=1, offset=8, size=8.
[INFO] RUNTIME(110933,npu_reader):2026-09-21-12:13:46.082.905 [elf.cc:1076] 110933 UpdateCachedParamInfos: Restore cached param info: kernel_name=mul_Ascend910B4_float16_210010000, ordinal=2, offset=16, size=8.
[INFO] RUNTIME(110933,npu_reader):2026-09-21-12:13:46.082.907 [elf.cc:1076] 110933 UpdateCachedParamInfos: Restore cached param info: kernel_name=mul_Ascend910B4_float16_210010000, ordinal=3, offset=24, size=8.
[INFO] RUNTIME(110933,npu_reader):2026-09-21-12:13:46.082.909 [elf.cc:1145] 110933 UpdateKernelsInfo: update meta info, kernel_name=mul_Ascend910B4_float16_210010000, dfxAddr=0xaaab4f63c604, dfxSize=176, funcType=0, elfDataFlag=1, userArgsNum=0, crossCoreSync=0, kernelVfType=0, shareMemSize=0, minStackSize=0, funcEntryType=0, functionEntry=0, schedMode=0, taskRation_0=0, taskRation_1=0, hasParamSummary=1, paramCount=4, paramTotalSize=32.
[INFO] RUNTIME(110933,npu_reader):2026-09-21-12:13:46.082.912 [elf.cc:1076] 110933 UpdateCachedParamInfos: Restore cached param info: kernel_name=mul_Ascend910B4_float16_210000000, ordinal=0, offset=0, size=8.
[INFO] RUNTIME(110933,npu_reader):2026-09-21-12:13:46.082.915 [elf.cc:1076] 110933 UpdateCachedParamInfos: Restore cached param info: kernel_name=mul_Ascend910B4_float16_210000000, ordinal=1, offset=8, size=8.
[INFO] RUNTIME(110933,npu_reader):2026-09-21-12:13:46.082.918 [elf.cc:1076] 110933 UpdateCachedParamInfos: Restore cached param info: kernel_name=mul_Ascend910B4_float16_210000000, ordinal=2, offset=16, size=8.
[INFO] RUNTIME(110933,npu_reader):2026-09-21-12:13:46.082.920 [elf.cc:1076] 110933 UpdateCachedParamInfos: Restore cached param info: kernel_name=mul_Ascend910B4_float16_210000000, ordinal=3, offset=24, size=8.
[INFO] RUNTIME(110933,npu_reader):2026-09-21-12:13:46.082.922 [elf.cc:1145] 110933 UpdateKernelsInfo: update meta info, kernel_name=mul_Ascend910B4_float16_210000000, dfxAddr=0xaaab4f63c6b4, dfxSize=176, funcType=0, elfDataFlag=1, userArgsNum=0, crossCoreSync=0, kernelVfType=0, shareMemSize=0, minStackSize=0, funcEntryType=0, functionEntry=0, schedMode=0, taskRation_0=0, taskRation_1=0, hasParamSummary=1, paramCount=4, paramTotalSize=32.
[INFO] RUNTIME(110933,npu_reader):2026-09-21-12:13:46.082.927 [runtime.cc:1448] 110933 AddProgramToPool: progId=6
[INFO] RUNTIME(110933,npu_reader):2026-09-21-12:13:46.082.929 [program.cc:1649] 110933 GetKernelTypeAndMixType: Get kernel type success, kernelName=mul_Ascend910B4_float16_232010000, funcType=0, kernelAttrType=2, mixType=0
[INFO] RUNTIME(110933,npu_reader):2026-09-21-12:13:46.082.933 [program.cc:1119] 110933 SetKernelAttribute: kernel_name=mul_Ascend910B4_float16_232010000, kernelAttrType=2, userParamNum=0, sysParamNum=1, IsNeedSetFftsAddrInArg=0, isSupportOverFlow=1, elfDataFlag=1
[INFO] RUNTIME(110933,npu_reader):2026-09-21-12:13:46.082.935 [program.cc:1690] 110933 BuildNewKernel: new kernel success, size=1320, programId=6, original kernel_name=mul_Ascend910B4_float16_232010000, register kernel_name=mul_Ascend910B4_float16_232010000, tilingKey=232010000, functionEntry=0, funcType=0, kernelAttrType=2, mixType=0, taskRation=2, offset=0, dfxAddr=187652748067584, dfxSize=176
[INFO] RUNTIME(110933,npu_reader):2026-09-21-12:13:46.082.939 [program.cc:1649] 110933 GetKernelTypeAndMixType: Get kernel type success, kernelName=mul_Ascend910B4_float16_232000000, funcType=0, kernelAttrType=2, mixType=0
[INFO] RUNTIME(110933,npu_reader):2026-09-21-12:13:46.082.942 [program.cc:1119] 110933 SetKernelAttribute: kernel_name=mul_Ascend910B4_float16_232000000, kernelAttrType=2, userParamNum=0, sysParamNum=1, IsNeedSetFftsAddrInArg=0, isSupportOverFlow=1, elfDataFlag=1
[INFO] RUNTIME(110933,npu_reader):2026-09-21-12:13:46.082.945 [program.cc:1690] 110933 BuildNewKernel: new kernel success, size=1320, programId=6, original kernel_name=mul_Ascend910B4_float16_232000000, register kernel_name=mul_Ascend910B4_float16_232000000, tilingKey=232000000, functionEntry=0, funcType=0, kernelAttrType=2, mixType=0, taskRation=2, offset=1520, dfxAddr=187652748067828, dfxSize=176
[INFO] RUNTIME(110933,npu_reader):2026-09-21-12:13:46.082.948 [program.cc:1649] 110933 GetKernelTypeAndMixType: Get kernel type success, kernelName=mul_Ascend910B4_float16_223010000, funcType=0, kernelAttrType=2, mixType=0
[INFO] RUNTIME(110933,npu_reader):2026-09-21-12:13:46.082.951 [program.cc:1119] 110933 SetKernelAttribute: kernel_name=mul_Ascend910B4_float16_223010000, kernelAttrType=2, userParamNum=0, sysParamNum=1, IsNeedSetFftsAddrInArg=0, isSupportOverFlow=1, elfDataFlag=1
[INFO] RUNTIME(110933,npu_reader):2026-09-21-12:13:46.082.954 [program.cc:1690] 110933 BuildNewKernel: new kernel success, size=1320, programId=6, original kernel_name=mul_Ascend910B4_float16_223010000, register kernel_name=mul_Ascend910B4_float16_223010000, tilingKey=223010000, functionEntry=0, funcType=0, kernelAttrType=2, mixType=0, taskRation=2, offset=2448, dfxAddr=187652748068004, dfxSize=176
[INFO] RUNTIME(110933,npu_reader):2026-09-21-12:13:46.082.957 [program.cc:1649] 110933 GetKernelTypeAndMixType: Get kernel type success, kernelName=mul_Ascend910B4_float16_223000000, funcType=0, kernelAttrType=2, mixType=0
[INFO] RUNTIME(110933,npu_reader):2026-09-21-12:13:46.082.962 [program.cc:1119] 110933 SetKernelAttribute: kernel_name=mul_Ascend910B4_float16_223000000, kernelAttrType=2, userParamNum=0, sysParamNum=1, IsNeedSetFftsAddrInArg=0, isSupportOverFlow=1, elfDataFlag=1
[INFO] RUNTIME(110933,npu_reader):2026-09-21-12:13:46.082.966 [program.cc:1690] 110933 BuildNewKernel: new kernel success, size=1320, programId=6, original kernel_name=mul_Ascend910B4_float16_223000000, register kernel_name=mul_Ascend910B4_float16_223000000, tilingKey=223000000, functionEntry=0, funcType=0, kernelAttrType=2, mixType=0, taskRation=2, offset=4028, dfxAddr=187652748068180, dfxSize=176
[INFO] RUNTIME(110933,npu_reader):2026-09-21-12:13:46.082.969 [program.cc:1649] 110933 GetKernelTypeAndMixType: Get kernel type success, kernelName=mul_Ascend910B4_float16_210010000, funcType=0, kernelAttrType=2, mixType=0
[INFO] RUNTIME(110933,npu_reader):2026-09-21-12:13:46.082.973 [program.cc:1119] 110933 SetKernelAttribute: kernel_name=mul_Ascend910B4_float16_210010000, kernelAttrType=2, userParamNum=0, sysParamNum=1, IsNeedSetFftsAddrInArg=0, isSupportOverFlow=1, elfDataFlag=1
[INFO] RUNTIME(110933,npu_reader):2026-09-21-12:13:46.082.975 [program.cc:1690] 110933 BuildNewKernel: new kernel success, size=1320, programId=6, original kernel_name=mul_Ascend910B4_float16_210010000, register kernel_name=mul_Ascend910B4_float16_210010000, tilingKey=210010000, functionEntry=0, funcType=0, kernelAttrType=2, mixType=0, taskRation=2, offset=4944, dfxAddr=187652748068356, dfxSize=176
[INFO] RUNTIME(110933,npu_reader):2026-09-21-12:13:46.082.979 [program.cc:1649] 110933 GetKernelTypeAndMixType: Get kernel type success, kernelName=mul_Ascend910B4_float16_210000000, funcType=0, kernelAttrType=2, mixType=0
[INFO] RUNTIME(110933,npu_reader):2026-09-21-12:13:46.082.982 [program.cc:1119] 110933 SetKernelAttribute: kernel_name=mul_Ascend910B4_float16_210000000, kernelAttrType=2, userParamNum=0, sysParamNum=1, IsNeedSetFftsAddrInArg=0, isSupportOverFlow=1, elfDataFlag=1
[INFO] RUNTIME(110933,npu_reader):2026-09-21-12:13:46.082.985 [program.cc:1690] 110933 BuildNewKernel: new kernel success, size=1320, programId=6, original kernel_name=mul_Ascend910B4_float16_210000000, register kernel_name=mul_Ascend910B4_float16_210000000, tilingKey=210000000, functionEntry=0, funcType=0, kernelAttrType=2, mixType=0, taskRation=2, offset=6540, dfxAddr=187652748068532, dfxSize=176
[INFO] RUNTIME(110933,npu_reader):2026-09-21-12:13:46.083.023 [binary_loader.cc:364] 110933 LoadFromData: New ElfProgram ok, magic=1094799942, kernelAttrType=2, Runtime_alloc_size=11072
[INFO] RUNTIME(110933,npu_reader):2026-09-21-12:13:46.083.027 [program.cc:204] 110933 SaveBinaryData: Malloc the buffer for elfData, len=14976
[INFO] RUNTIME(110933,npu_reader):2026-09-21-12:13:46.083.030 [elf.cc:884] 110933 ParseKernelMetaData: section name = .text.
[INFO] RUNTIME(110933,npu_reader):2026-09-21-12:13:46.083.033 [elf.cc:884] 110933 ParseKernelMetaData: section name = .ascend.stack.size.record.
[INFO] RUNTIME(110933,npu_reader):2026-09-21-12:13:46.083.035 [elf.cc:884] 110933 ParseKernelMetaData: section name = __CCE_KernelArgSize.
[INFO] RUNTIME(110933,npu_reader):2026-09-21-12:13:46.083.038 [elf.cc:884] 110933 ParseKernelMetaData: section name = .ascend.meta.mul_Ascend910B1_float32_232010000.
[INFO] RUNTIME(110933,npu_reader):2026-09-21-12:13:46.083.040 [elf.cc:575] 110933 ElfParseParamSummary: paramCount=4, paramTotalSize=32.
[INFO] RUNTIME(110933,npu_reader):2026-09-21-12:13:46.083.042 [elf.cc:610] 110933 ElfParseParamInfo: Cache param info: ordinal=0, offset=0, size=8, align=8, paramType=2, spaceIndex=0.
[INFO] RUNTIME(110933,npu_reader):2026-09-21-12:13:46.083.045 [elf.cc:610] 110933 ElfParseParamInfo: Cache param info: ordinal=1, offset=8, size=8, align=8, paramType=2, spaceIndex=0.
[INFO] RUNTIME(110933,npu_reader):2026-09-21-12:13:46.083.047 [elf.cc:610] 110933 ElfParseParamInfo: Cache param info: ordinal=2, offset=16, size=8, align=8, paramType=2, spaceIndex=0.
[INFO] RUNTIME(110933,npu_reader):2026-09-21-12:13:46.083.050 [elf.cc:610] 110933 ElfParseParamInfo: Cache param info: ordinal=3, offset=24, size=8, align=8, paramType=2, spaceIndex=0.
[INFO] RUNTIME(110933,npu_reader):2026-09-21-12:13:46.083.064 [elf.cc:916] 110933 ParseKernelMetaData: kernel_name=mul_Ascend910B1_float32_232010000, ration[0]=0, ration[1]=0, dfxAddr=0xaaab4f6495e8, dfxSize=176, funcType=0, crossCoreSync=0, kernelVfType=0, shareMemSize=0, minStackSize=0, isSupportFuncEntry=0, functionEntryFlag=128, functionEntry=0.
[INFO] RUNTIME(110933,npu_reader):2026-09-21-12:13:46.083.067 [elf.cc:884] 110933 ParseKernelMetaData: section name = .comment.
[INFO] RUNTIME(110933,npu_reader):2026-09-21-12:13:46.083.069 [elf.cc:884] 110933 ParseKernelMetaData: section name = .ascend.meta.mul_Ascend910B1_float32_232000000.
[INFO] RUNTIME(110933,npu_reader):2026-09-21-12:13:46.083.071 [elf.cc:575] 110933 ElfParseParamSummary: paramCount=4, paramTotalSize=32.
[INFO] RUNTIME(110933,npu_reader):2026-09-21-12:13:46.083.074 [elf.cc:610] 110933 ElfParseParamInfo: Cache param info: ordinal=0, offset=0, size=8, align=8, paramType=2, spaceIndex=0.
[INFO] RUNTIME(110933,npu_reader):2026-09-21-12:13:46.083.076 [elf.cc:610] 110933 ElfParseParamInfo: Cache param info: ordinal=1, offset=8, size=8, align=8, paramType=2, spaceIndex=0.
[INFO] RUNTIME(110933,npu_reader):2026-09-21-12:13:46.083.078 [elf.cc:610] 110933 ElfParseParamInfo: Cache param info: ordinal=2, offset=16, size=8, align=8, paramType=2, spaceIndex=0.
[INFO] RUNTIME(110933,npu_reader):2026-09-21-12:13:46.083.081 [elf.cc:610] 110933 ElfParseParamInfo: Cache param info: ordinal=3, offset=24, size=8, align=8, paramType=2, spaceIndex=0.
[INFO] RUNTIME(110933,npu_reader):2026-09-21-12:13:46.083.084 [elf.cc:916] 110933 ParseKernelMetaData: kernel_name=mul_Ascend910B1_float32_232000000, ration[0]=0, ration[1]=0, dfxAddr=0xaaab4f6496dc, dfxSize=176, funcType=0, crossCoreSync=0, kernelVfType=0, shareMemSize=0, minStackSize=0, isSupportFuncEntry=0, functionEntryFlag=128, functionEntry=0.
[INFO] RUNTIME(110933,npu_reader):2026-09-21-12:13:46.083.086 [elf.cc:884] 110933 ParseKernelMetaData: section name = .ascend.meta.mul_Ascend910B1_float32_223010000.
[INFO] RUNTIME(110933,npu_reader):2026-09-21-12:13:46.083.089 [elf.cc:575] 110933 ElfParseParamSummary: paramCount=4, paramTotalSize=32.
[INFO] RUNTIME(110933,npu_reader):2026-09-21-12:13:46.083.091 [elf.cc:610] 110933 ElfParseParamInfo: Cache param info: ordinal=0, offset=0, size=8, align=8, paramType=2, spaceIndex=0.
[INFO] RUNTIME(110933,npu_reader):2026-09-21-12:13:46.083.093 [elf.cc:610] 110933 ElfParseParamInfo: Cache param info: ordinal=1, offset=8, size=8, align=8, paramType=2, spaceIndex=0.
[INFO] RUNTIME(110933,npu_reader):2026-09-21-12:13:46.083.095 [elf.cc:610] 110933 ElfParseParamInfo: Cache param info: ordinal=2, offset=16, size=8, align=8, paramType=2, spaceIndex=0.
[INFO] RUNTIME(110933,npu_reader):2026-09-21-12:13:46.083.098 [elf.cc:610] 110933 ElfParseParamInfo: Cache param info: ordinal=3, offset=24, size=8, align=8, paramType=2, spaceIndex=0.
[INFO] RUNTIME(110933,npu_reader):2026-09-21-12:13:46.083.100 [elf.cc:916] 110933 ParseKernelMetaData: kernel_name=mul_Ascend910B1_float32_223010000, ration[0]=0, ration[1]=0, dfxAddr=0xaaab4f64978c, dfxSize=176, funcType=0, crossCoreSync=0, kernelVfType=0, shareMemSize=0, minStackSize=0, isSupportFuncEntry=0, functionEntryFlag=128, functionEntry=0.
[INFO] RUNTIME(110933,npu_reader):2026-09-21-12:13:46.083.103 [elf.cc:884] 110933 ParseKernelMetaData: section name = .ascend.meta.mul_Ascend910B1_float32_223000000.
[INFO] RUNTIME(110933,npu_reader):2026-09-21-12:13:46.083.105 [elf.cc:575] 110933 ElfParseParamSummary: paramCount=4, paramTotalSize=32.
[INFO] RUNTIME(110933,npu_reader):2026-09-21-12:13:46.083.107 [elf.cc:610] 110933 ElfParseParamInfo: Cache param info: ordinal=0, offset=0, size=8, align=8, paramType=2, spaceIndex=0.
[INFO] RUNTIME(110933,npu_reader):2026-09-21-12:13:46.083.110 [elf.cc:610] 110933 ElfParseParamInfo: Cache param info: ordinal=1, offset=8, size=8, align=8, paramType=2, spaceIndex=0.
[INFO] RUNTIME(110933,npu_reader):2026-09-21-12:13:46.083.112 [elf.cc:610] 110933 ElfParseParamInfo: Cache param info: ordinal=2, offset=16, size=8, align=8, paramType=2, spaceIndex=0.
[INFO] RUNTIME(110933,npu_reader):2026-09-21-12:13:46.083.116 [elf.cc:610] 110933 ElfParseParamInfo: Cache param info: ordinal=3, offset=24, size=8, align=8, paramType=2, spaceIndex=0.
[INFO] RUNTIME(110933,npu_reader):2026-09-21-12:13:46.083.119 [elf.cc:916] 110933 ParseKernelMetaData: kernel_name=mul_Ascend910B1_float32_223000000, ration[0]=0, ration[1]=0, dfxAddr=0xaaab4f64983c, dfxSize=176, funcType=0, crossCoreSync=0, kernelVfType=0, shareMemSize=0, minStackSize=0, isSupportFuncEntry=0, functionEntryFlag=128, functionEntry=0.
[INFO] RUNTIME(110933,npu_reader):2026-09-21-12:13:46.083.122 [elf.cc:884] 110933 ParseKernelMetaData: section name = .ascend.meta.mul_Ascend910B1_float32_210010000.
[INFO] RUNTIME(110933,npu_reader):2026-09-21-12:13:46.083.124 [elf.cc:575] 110933 ElfParseParamSummary: paramCount=4, paramTotalSize=32.
[INFO] RUNTIME(110933,npu_reader):2026-09-21-12:13:46.083.126 [elf.cc:610] 110933 ElfParseParamInfo: Cache param info: ordinal=0, offset=0, size=8, align=8, paramType=2, spaceIndex=0.
[INFO] RUNTIME(110933,npu_reader):2026-09-21-12:13:46.083.128 [elf.cc:610] 110933 ElfParseParamInfo: Cache param info: ordinal=1, offset=8, size=8, align=8, paramType=2, spaceIndex=0.
[INFO] RUNTIME(110933,npu_reader):2026-09-21-12:13:46.083.131 [elf.cc:610] 110933 ElfParseParamInfo: Cache param info: ordinal=2, offset=16, size=8, align=8, paramType=2, spaceIndex=0.
[INFO] RUNTIME(110933,npu_reader):2026-09-21-12:13:46.083.133 [elf.cc:610] 110933 ElfParseParamInfo: Cache param info: ordinal=3, offset=24, size=8, align=8, paramType=2, spaceIndex=0.
[INFO] RUNTIME(110933,npu_reader):2026-09-21-12:13:46.083.135 [elf.cc:916] 110933 ParseKernelMetaData: kernel_name=mul_Ascend910B1_float32_210010000, ration[0]=0, ration[1]=0, dfxAddr=0xaaab4f6498ec, dfxSize=176, funcType=0, crossCoreSync=0, kernelVfType=0, shareMemSize=0, minStackSize=0, isSupportFuncEntry=0, functionEntryFlag=128, functionEntry=0.
[INFO] RUNTIME(110933,npu_reader):2026-09-21-12:13:46.083.138 [elf.cc:884] 110933 ParseKernelMetaData: section name = .ascend.meta.mul_Ascend910B1_float32_210000000.
[INFO] RUNTIME(110933,npu_reader):2026-09-21-12:13:46.083.140 [elf.cc:575] 110933 ElfParseParamSummary: paramCount=4, paramTotalSize=32.
[INFO] RUNTIME(110933,npu_reader):2026-09-21-12:13:46.083.143 [elf.cc:610] 110933 ElfParseParamInfo: Cache param info: ordinal=0, offset=0, size=8, align=8, paramType=2, spaceIndex=0.
[INFO] RUNTIME(110933,npu_reader):2026-09-21-12:13:46.083.145 [elf.cc:610] 110933 ElfParseParamInfo: Cache param info: ordinal=1, offset=8, size=8, align=8, paramType=2, spaceIndex=0.
[INFO] RUNTIME(110933,npu_reader):2026-09-21-12:13:46.083.147 [elf.cc:610] 110933 ElfParseParamInfo: Cache param info: ordinal=2, offset=16, size=8, align=8, paramType=2, spaceIndex=0.
[INFO] RUNTIME(110933,npu_reader):2026-09-21-12:13:46.083.150 [elf.cc:610] 110933 ElfParseParamInfo: Cache param info: ordinal=3, offset=24, size=8, align=8, paramType=2, spaceIndex=0.
[INFO] RUNTIME(110933,npu_reader):2026-09-21-12:13:46.083.152 [elf.cc:916] 110933 ParseKernelMetaData: kernel_name=mul_Ascend910B1_float32_210000000, ration[0]=0, ration[1]=0, dfxAddr=0xaaab4f64999c, dfxSize=176, funcType=0, crossCoreSync=0, kernelVfType=0, shareMemSize=0, minStackSize=0, isSupportFuncEntry=0, functionEntryFlag=128, functionEntry=0.
[INFO] RUNTIME(110933,npu_reader):2026-09-21-12:13:46.083.164 [elf.cc:1076] 110933 UpdateCachedParamInfos: Restore cached param info: kernel_name=mul_Ascend910B1_float32_232010000, ordinal=0, offset=0, size=8.
[INFO] RUNTIME(110933,npu_reader):2026-09-21-12:13:46.083.166 [elf.cc:1076] 110933 UpdateCachedParamInfos: Restore cached param info: kernel_name=mul_Ascend910B1_float32_232010000, ordinal=1, offset=8, size=8.
[INFO] RUNTIME(110933,npu_reader):2026-09-21-12:13:46.083.168 [elf.cc:1076] 110933 UpdateCachedParamInfos: Restore cached param info: kernel_name=mul_Ascend910B1_float32_232010000, ordinal=2, offset=16, size=8.
[INFO] RUNTIME(110933,npu_reader):2026-09-21-12:13:46.083.171 [elf.cc:1076] 110933 UpdateCachedParamInfos: Restore cached param info: kernel_name=mul_Ascend910B1_float32_232010000, ordinal=3, offset=24, size=8.
[INFO] RUNTIME(110933,npu_reader):2026-09-21-12:13:46.083.174 [elf.cc:1145] 110933 UpdateKernelsInfo: update meta info, kernel_name=mul_Ascend910B1_float32_232010000, dfxAddr=0xaaab4f6495e8, dfxSize=176, funcType=0, elfDataFlag=1, userArgsNum=0, crossCoreSync=0, kernelVfType=0, shareMemSize=0, minStackSize=0, funcEntryType=0, functionEntry=0, schedMode=0, taskRation_0=0, taskRation_1=0, hasParamSummary=1, paramCount=4, paramTotalSize=32.
[INFO] RUNTIME(110933,npu_reader):2026-09-21-12:13:46.083.178 [elf.cc:1076] 110933 UpdateCachedParamInfos: Restore cached param info: kernel_name=mul_Ascend910B1_float32_232000000, ordinal=0, offset=0, size=8.
[INFO] RUNTIME(110933,npu_reader):2026-09-21-12:13:46.083.180 [elf.cc:1076] 110933 UpdateCachedParamInfos: Restore cached param info: kernel_name=mul_Ascend910B1_float32_232000000, ordinal=1, offset=8, size=8.
[INFO] RUNTIME(110933,npu_reader):2026-09-21-12:13:46.083.182 [elf.cc:1076] 110933 UpdateCachedParamInfos: Restore cached param info: kernel_name=mul_Ascend910B1_float32_232000000, ordinal=2, offset=16, size=8.
[INFO] RUNTIME(110933,npu_reader):2026-09-21-12:13:46.083.184 [elf.cc:1076] 110933 UpdateCachedParamInfos: Restore cached param info: kernel_name=mul_Ascend910B1_float32_232000000, ordinal=3, offset=24, size=8.
[INFO] RUNTIME(110933,npu_reader):2026-09-21-12:13:46.083.187 [elf.cc:1145] 110933 UpdateKernelsInfo: update meta info, kernel_name=mul_Ascend910B1_float32_232000000, dfxAddr=0xaaab4f6496dc, dfxSize=176, funcType=0, elfDataFlag=1, userArgsNum=0, crossCoreSync=0, kernelVfType=0, shareMemSize=0, minStackSize=0, funcEntryType=0, functionEntry=0, schedMode=0, taskRation_0=0, taskRation_1=0, hasParamSummary=1, paramCount=4, paramTotalSize=32.
[INFO] RUNTIME(110933,npu_reader):2026-09-21-12:13:46.083.190 [elf.cc:1076] 110933 UpdateCachedParamInfos: Restore cached param info: kernel_name=mul_Ascend910B1_float32_223010000, ordinal=0, offset=0, size=8.
[INFO] RUNTIME(110933,npu_reader):2026-09-21-12:13:46.083.192 [elf.cc:1076] 110933 UpdateCachedParamInfos: Restore cached param info: kernel_name=mul_Ascend910B1_float32_223010000, ordinal=1, offset=8, size=8.
[INFO] RUNTIME(110933,npu_reader):2026-09-21-12:13:46.083.194 [elf.cc:1076] 110933 UpdateCachedParamInfos: Restore cached param info: kernel_name=mul_Ascend910B1_float32_223010000, ordinal=2, offset=16, size=8.
[INFO] RUNTIME(110933,npu_reader):2026-09-21-12:13:46.083.196 [elf.cc:1076] 110933 UpdateCachedParamInfos: Restore cached param info: kernel_name=mul_Ascend910B1_float32_223010000, ordinal=3, offset=24, size=8.
[INFO] RUNTIME(110933,npu_reader):2026-09-21-12:13:46.083.199 [elf.cc:1145] 110933 UpdateKernelsInfo: update meta info, kernel_name=mul_Ascend910B1_float32_223010000, dfxAddr=0xaaab4f64978c, dfxSize=176, funcType=0, elfDataFlag=1, userArgsNum=0, crossCoreSync=0, kernelVfType=0, shareMemSize=0, minStackSize=0, funcEntryType=0, functionEntry=0, schedMode=0, taskRation_0=0, taskRation_1=0, hasParamSummary=1, paramCount=4, paramTotalSize=32.
[INFO] RUNTIME(110933,npu_reader):2026-09-21-12:13:46.083.202 [elf.cc:1076] 110933 UpdateCachedParamInfos: Restore cached param info: kernel_name=mul_Ascend910B1_float32_223000000, ordinal=0, offset=0, size=8.
[INFO] RUNTIME(110933,npu_reader):2026-09-21-12:13:46.083.204 [elf.cc:1076] 110933 UpdateCachedParamInfos: Restore cached param info: kernel_name=mul_Ascend910B1_float32_223000000, ordinal=1, offset=8, size=8.
[INFO] RUNTIME(110933,npu_reader):2026-09-21-12:13:46.083.207 [elf.cc:1076] 110933 UpdateCachedParamInfos: Restore cached param info: kernel_name=mul_Ascend910B1_float32_223000000, ordinal=2, offset=16, size=8.
[INFO] RUNTIME(110933,npu_reader):2026-09-21-12:13:46.083.209 [elf.cc:1076] 110933 UpdateCachedParamInfos: Restore cached param info: kernel_name=mul_Ascend910B1_float32_223000000, ordinal=3, offset=24, size=8.
[INFO] RUNTIME(110933,npu_reader):2026-09-21-12:13:46.083.211 [elf.cc:1145] 110933 UpdateKernelsInfo: update meta info, kernel_name=mul_Ascend910B1_float32_223000000, dfxAddr=0xaaab4f64983c, dfxSize=176, funcType=0, elfDataFlag=1, userArgsNum=0, crossCoreSync=0, kernelVfType=0, shareMemSize=0, minStackSize=0, funcEntryType=0, functionEntry=0, schedMode=0, taskRation_0=0, taskRation_1=0, hasParamSummary=1, paramCount=4, paramTotalSize=32.
[INFO] RUNTIME(110933,npu_reader):2026-09-21-12:13:46.083.215 [elf.cc:1076] 110933 UpdateCachedParamInfos: Restore cached param info: kernel_name=mul_Ascend910B1_float32_210010000, ordinal=0, offset=0, size=8.
[INFO] RUNTIME(110933,npu_reader):2026-09-21-12:13:46.083.217 [elf.cc:1076] 110933 UpdateCachedParamInfos: Restore cached param info: kernel_name=mul_Ascend910B1_float32_210010000, ordinal=1, offset=8, size=8.
[INFO] RUNTIME(110933,npu_reader):2026-09-21-12:13:46.083.220 [elf.cc:1076] 110933 UpdateCachedParamInfos: Restore cached param info: kernel_name=mul_Ascend910B1_float32_210010000, ordinal=2, offset=16, size=8.
[INFO] RUNTIME(110933,npu_reader):2026-09-21-12:13:46.083.222 [elf.cc:1076] 110933 UpdateCachedParamInfos: Restore cached param info: kernel_name=mul_Ascend910B1_float32_210010000, ordinal=3, offset=24, size=8.
[INFO] RUNTIME(110933,npu_reader):2026-09-21-12:13:46.083.224 [elf.cc:1145] 110933 UpdateKernelsInfo: update meta info, kernel_name=mul_Ascend910B1_float32_210010000, dfxAddr=0xaaab4f6498ec, dfxSize=176, funcType=0, elfDataFlag=1, userArgsNum=0, crossCoreSync=0, kernelVfType=0, shareMemSize=0, minStackSize=0, funcEntryType=0, functionEntry=0, schedMode=0, taskRation_0=0, taskRation_1=0, hasParamSummary=1, paramCount=4, paramTotalSize=32.
[INFO] RUNTIME(110933,npu_reader):2026-09-21-12:13:46.083.227 [elf.cc:1076] 110933 UpdateCachedParamInfos: Restore cached param info: kernel_name=mul_Ascend910B1_float32_210000000, ordinal=0, offset=0, size=8.
[INFO] RUNTIME(110933,npu_reader):2026-09-21-12:13:46.083.230 [elf.cc:1076] 110933 UpdateCachedParamInfos: Restore cached param info: kernel_name=mul_Ascend910B1_float32_210000000, ordinal=1, offset=8, size=8.
[INFO] RUNTIME(110933,npu_reader):2026-09-21-12:13:46.083.232 [elf.cc:1076] 110933 UpdateCachedParamInfos: Restore cached param info: kernel_name=mul_Ascend910B1_float32_210000000, ordinal=2, offset=16, size=8.
[INFO] RUNTIME(110933,npu_reader):2026-09-21-12:13:46.083.234 [elf.cc:1076] 110933 UpdateCachedParamInfos: Restore cached param info: kernel_name=mul_Ascend910B1_float32_210000000, ordinal=3, offset=24, size=8.
[INFO] RUNTIME(110933,npu_reader):2026-09-21-12:13:46.083.236 [elf.cc:1145] 110933 UpdateKernelsInfo: update meta info, kernel_name=mul_Ascend910B1_float32_210000000, dfxAddr=0xaaab4f64999c, dfxSize=176, funcType=0, elfDataFlag=1, userArgsNum=0, crossCoreSync=0, kernelVfType=0, shareMemSize=0, minStackSize=0, funcEntryType=0, functionEntry=0, schedMode=0, taskRation_0=0, taskRation_1=0, hasParamSummary=1, paramCount=4, paramTotalSize=32.
[INFO] RUNTIME(110933,npu_reader):2026-09-21-12:13:46.083.240 [runtime.cc:1448] 110933 AddProgramToPool: progId=7
[INFO] RUNTIME(110933,npu_reader):2026-09-21-12:13:46.083.243 [program.cc:1649] 110933 GetKernelTypeAndMixType: Get kernel type success, kernelName=mul_Ascend910B1_float32_232010000, funcType=0, kernelAttrType=2, mixType=0
[INFO] RUNTIME(110933,npu_reader):2026-09-21-12:13:46.083.246 [program.cc:1119] 110933 SetKernelAttribute: kernel_name=mul_Ascend910B1_float32_232010000, kernelAttrType=2, userParamNum=0, sysParamNum=1, IsNeedSetFftsAddrInArg=0, isSupportOverFlow=1, elfDataFlag=1
[INFO] RUNTIME(110933,npu_reader):2026-09-21-12:13:46.083.249 [program.cc:1690] 110933 BuildNewKernel: new kernel success, size=1320, programId=7, original kernel_name=mul_Ascend910B1_float32_232010000, register kernel_name=mul_Ascend910B1_float32_232010000, tilingKey=232010000, functionEntry=0, funcType=0, kernelAttrType=2, mixType=0, taskRation=2, offset=0, dfxAddr=187652748121576, dfxSize=176
[INFO] RUNTIME(110933,npu_reader):2026-09-21-12:13:46.083.253 [program.cc:1649] 110933 GetKernelTypeAndMixType: Get kernel type success, kernelName=mul_Ascend910B1_float32_232000000, funcType=0, kernelAttrType=2, mixType=0
[INFO] RUNTIME(110933,npu_reader):2026-09-21-12:13:46.083.257 [program.cc:1119] 110933 SetKernelAttribute: kernel_name=mul_Ascend910B1_float32_232000000, kernelAttrType=2, userParamNum=0, sysParamNum=1, IsNeedSetFftsAddrInArg=0, isSupportOverFlow=1, elfDataFlag=1
[INFO] RUNTIME(110933,npu_reader):2026-09-21-12:13:46.083.259 [program.cc:1690] 110933 BuildNewKernel: new kernel success, size=1320, programId=7, original kernel_name=mul_Ascend910B1_float32_232000000, register kernel_name=mul_Ascend910B1_float32_232000000, tilingKey=232000000, functionEntry=0, funcType=0, kernelAttrType=2, mixType=0, taskRation=2, offset=1536, dfxAddr=187652748121820, dfxSize=176
[INFO] RUNTIME(110933,npu_reader):2026-09-21-12:13:46.083.263 [program.cc:1649] 110933 GetKernelTypeAndMixType: Get kernel type success, kernelName=mul_Ascend910B1_float32_223010000, funcType=0, kernelAttrType=2, mixType=0
[INFO] RUNTIME(110933,npu_reader):2026-09-21-12:13:46.083.266 [program.cc:1119] 110933 SetKernelAttribute: kernel_name=mul_Ascend910B1_float32_223010000, kernelAttrType=2, userParamNum=0, sysParamNum=1, IsNeedSetFftsAddrInArg=0, isSupportOverFlow=1, elfDataFlag=1
[INFO] RUNTIME(110933,npu_reader):2026-09-21-12:13:46.083.269 [program.cc:1690] 110933 BuildNewKernel: new kernel success, size=1320, programId=7, original kernel_name=mul_Ascend910B1_float32_223010000, register kernel_name=mul_Ascend910B1_float32_223010000, tilingKey=223010000, functionEntry=0, funcType=0, kernelAttrType=2, mixType=0, taskRation=2, offset=2472, dfxAddr=187652748121996, dfxSize=176
[INFO] RUNTIME(110933,npu_reader):2026-09-21-12:13:46.083.272 [program.cc:1649] 110933 GetKernelTypeAndMixType: Get kernel type success, kernelName=mul_Ascend910B1_float32_223000000, funcType=0, kernelAttrType=2, mixType=0
[INFO] RUNTIME(110933,npu_reader):2026-09-21-12:13:46.083.277 [program.cc:1119] 110933 SetKernelAttribute: kernel_name=mul_Ascend910B1_float32_223000000, kernelAttrType=2, userParamNum=0, sysParamNum=1, IsNeedSetFftsAddrInArg=0, isSupportOverFlow=1, elfDataFlag=1
[INFO] RUNTIME(110933,npu_reader):2026-09-21-12:13:46.083.279 [program.cc:1690] 110933 BuildNewKernel: new kernel success, size=1320, programId=7, original kernel_name=mul_Ascend910B1_float32_223000000, register kernel_name=mul_Ascend910B1_float32_223000000, tilingKey=223000000, functionEntry=0, funcType=0, kernelAttrType=2, mixType=0, taskRation=2, offset=4068, dfxAddr=187652748122172, dfxSize=176
[INFO] RUNTIME(110933,npu_reader):2026-09-21-12:13:46.083.283 [program.cc:1649] 110933 GetKernelTypeAndMixType: Get kernel type success, kernelName=mul_Ascend910B1_float32_210010000, funcType=0, kernelAttrType=2, mixType=0
[INFO] RUNTIME(110933,npu_reader):2026-09-21-12:13:46.083.286 [program.cc:1119] 110933 SetKernelAttribute: kernel_name=mul_Ascend910B1_float32_210010000, kernelAttrType=2, userParamNum=0, sysParamNum=1, IsNeedSetFftsAddrInArg=0, isSupportOverFlow=1, elfDataFlag=1
[INFO] RUNTIME(110933,npu_reader):2026-09-21-12:13:46.083.288 [program.cc:1690] 110933 BuildNewKernel: new kernel success, size=1320, programId=7, original kernel_name=mul_Ascend910B1_float32_210010000, register kernel_name=mul_Ascend910B1_float32_210010000, tilingKey=210010000, functionEntry=0, funcType=0, kernelAttrType=2, mixType=0, taskRation=2, offset=4992, dfxAddr=187652748122348, dfxSize=176
[INFO] RUNTIME(110933,npu_reader):2026-09-21-12:13:46.083.292 [program.cc:1649] 110933 GetKernelTypeAndMixType: Get kernel type success, kernelName=mul_Ascend910B1_float32_210000000, funcType=0, kernelAttrType=2, mixType=0
[INFO] RUNTIME(110933,npu_reader):2026-09-21-12:13:46.083.295 [program.cc:1119] 110933 SetKernelAttribute: kernel_name=mul_Ascend910B1_float32_210000000, kernelAttrType=2, userParamNum=0, sysParamNum=1, IsNeedSetFftsAddrInArg=0, isSupportOverFlow=1, elfDataFlag=1
[INFO] RUNTIME(110933,npu_reader):2026-09-21-12:13:46.083.297 [program.cc:1690] 110933 BuildNewKernel: new kernel success, size=1320, programId=7, original kernel_name=mul_Ascend910B1_float32_210000000, register kernel_name=mul_Ascend910B1_float32_210000000, tilingKey=210000000, functionEntry=0, funcType=0, kernelAttrType=2, mixType=0, taskRation=2, offset=6596, dfxAddr=187652748122524, dfxSize=176
[INFO] RUNTIME(110933,npu_reader):2026-09-21-12:13:46.083.337 [binary_loader.cc:364] 110933 LoadFromData: New ElfProgram ok, magic=1094799942, kernelAttrType=2, Runtime_alloc_size=11072
[INFO] RUNTIME(110933,npu_reader):2026-09-21-12:13:46.083.340 [program.cc:204] 110933 SaveBinaryData: Malloc the buffer for elfData, len=14976
[INFO] RUNTIME(110933,npu_reader):2026-09-21-12:13:46.083.344 [elf.cc:884] 110933 ParseKernelMetaData: section name = .text.
[INFO] RUNTIME(110933,npu_reader):2026-09-21-12:13:46.083.346 [elf.cc:884] 110933 ParseKernelMetaData: section name = .ascend.stack.size.record.
[INFO] RUNTIME(110933,npu_reader):2026-09-21-12:13:46.083.349 [elf.cc:884] 110933 ParseKernelMetaData: section name = __CCE_KernelArgSize.
[INFO] RUNTIME(110933,npu_reader):2026-09-21-12:13:46.083.351 [elf.cc:884] 110933 ParseKernelMetaData: section name = .ascend.meta.mul_Ascend910B2_float32_232010000.
[INFO] RUNTIME(110933,npu_reader):2026-09-21-12:13:46.083.353 [elf.cc:575] 110933 ElfParseParamSummary: paramCount=4, paramTotalSize=32.
[INFO] RUNTIME(110933,npu_reader):2026-09-21-12:13:46.083.355 [elf.cc:610] 110933 ElfParseParamInfo: Cache param info: ordinal=0, offset=0, size=8, align=8, paramType=2, spaceIndex=0.
[INFO] RUNTIME(110933,npu_reader):2026-09-21-12:13:46.083.358 [elf.cc:610] 110933 ElfParseParamInfo: Cache param info: ordinal=1, offset=8, size=8, align=8, paramType=2, spaceIndex=0.
[INFO] RUNTIME(110933,npu_reader):2026-09-21-12:13:46.083.360 [elf.cc:610] 110933 ElfParseParamInfo: Cache param info: ordinal=2, offset=16, size=8, align=8, paramType=2, spaceIndex=0.
[INFO] RUNTIME(110933,npu_reader):2026-09-21-12:13:46.083.362 [elf.cc:610] 110933 ElfParseParamInfo: Cache param info: ordinal=3, offset=24, size=8, align=8, paramType=2, spaceIndex=0.
[INFO] RUNTIME(110933,npu_reader):2026-09-21-12:13:46.083.365 [elf.cc:916] 110933 ParseKernelMetaData: kernel_name=mul_Ascend910B2_float32_232010000, ration[0]=0, ration[1]=0, dfxAddr=0xaaab4f6565f8, dfxSize=176, funcType=0, crossCoreSync=0, kernelVfType=0, shareMemSize=0, minStackSize=0, isSupportFuncEntry=0, functionEntryFlag=128, functionEntry=0.
[INFO] RUNTIME(110933,npu_reader):2026-09-21-12:13:46.083.368 [elf.cc:884] 110933 ParseKernelMetaData: section name = .comment.
[INFO] RUNTIME(110933,npu_reader):2026-09-21-12:13:46.083.370 [elf.cc:884] 110933 ParseKernelMetaData: section name = .ascend.meta.mul_Ascend910B2_float32_232000000.
[INFO] RUNTIME(110933,npu_reader):2026-09-21-12:13:46.083.372 [elf.cc:575] 110933 ElfParseParamSummary: paramCount=4, paramTotalSize=32.
[INFO] RUNTIME(110933,npu_reader):2026-09-21-12:13:46.083.375 [elf.cc:610] 110933 ElfParseParamInfo: Cache param info: ordinal=0, offset=0, size=8, align=8, paramType=2, spaceIndex=0.
[INFO] RUNTIME(110933,npu_reader):2026-09-21-12:13:46.083.377 [elf.cc:610] 110933 ElfParseParamInfo: Cache param info: ordinal=1, offset=8, size=8, align=8, paramType=2, spaceIndex=0.
[INFO] RUNTIME(110933,npu_reader):2026-09-21-12:13:46.083.380 [elf.cc:610] 110933 ElfParseParamInfo: Cache param info: ordinal=2, offset=16, size=8, align=8, paramType=2, spaceIndex=0.
[INFO] RUNTIME(110933,npu_reader):2026-09-21-12:13:46.083.382 [elf.cc:610] 110933 ElfParseParamInfo: Cache param info: ordinal=3, offset=24, size=8, align=8, paramType=2, spaceIndex=0.
[INFO] RUNTIME(110933,npu_reader):2026-09-21-12:13:46.083.384 [elf.cc:916] 110933 ParseKernelMetaData: kernel_name=mul_Ascend910B2_float32_232000000, ration[0]=0, ration[1]=0, dfxAddr=0xaaab4f6566ec, dfxSize=176, funcType=0, crossCoreSync=0, kernelVfType=0, shareMemSize=0, minStackSize=0, isSupportFuncEntry=0, functionEntryFlag=128, functionEntry=0.
[INFO] RUNTIME(110933,npu_reader):2026-09-21-12:13:46.083.387 [elf.cc:884] 110933 ParseKernelMetaData: section name = .ascend.meta.mul_Ascend910B2_float32_223010000.
[INFO] RUNTIME(110933,npu_reader):2026-09-21-12:13:46.083.390 [elf.cc:575] 110933 ElfParseParamSummary: paramCount=4, paramTotalSize=32.
[INFO] RUNTIME(110933,npu_reader):2026-09-21-12:13:46.083.392 [elf.cc:610] 110933 ElfParseParamInfo: Cache param info: ordinal=0, offset=0, size=8, align=8, paramType=2, spaceIndex=0.
[INFO] RUNTIME(110933,npu_reader):2026-09-21-12:13:46.083.395 [elf.cc:610] 110933 ElfParseParamInfo: Cache param info: ordinal=1, offset=8, size=8, align=8, paramType=2, spaceIndex=0.
[INFO] RUNTIME(110933,npu_reader):2026-09-21-12:13:46.083.398 [elf.cc:610] 110933 ElfParseParamInfo: Cache param info: ordinal=2, offset=16, size=8, align=8, paramType=2, spaceIndex=0.
[INFO] RUNTIME(110933,npu_reader):2026-09-21-12:13:46.083.400 [elf.cc:610] 110933 ElfParseParamInfo: Cache param info: ordinal=3, offset=24, size=8, align=8, paramType=2, spaceIndex=0.
[INFO] RUNTIME(110933,npu_reader):2026-09-21-12:13:46.083.403 [elf.cc:916] 110933 ParseKernelMetaData: kernel_name=mul_Ascend910B2_float32_223010000, ration[0]=0, ration[1]=0, dfxAddr=0xaaab4f65679c, dfxSize=176, funcType=0, crossCoreSync=0, kernelVfType=0, shareMemSize=0, minStackSize=0, isSupportFuncEntry=0, functionEntryFlag=128, functionEntry=0.
[INFO] RUNTIME(110933,npu_reader):2026-09-21-12:13:46.083.406 [elf.cc:884] 110933 ParseKernelMetaData: section name = .ascend.meta.mul_Ascend910B2_float32_223000000.
[INFO] RUNTIME(110933,npu_reader):2026-09-21-12:13:46.083.408 [elf.cc:575] 110933 ElfParseParamSummary: paramCount=4, paramTotalSize=32.
[INFO] RUNTIME(110933,npu_reader):2026-09-21-12:13:46.083.410 [elf.cc:610] 110933 ElfParseParamInfo: Cache param info: ordinal=0, offset=0, size=8, align=8, paramType=2, spaceIndex=0.
[INFO] RUNTIME(110933,npu_reader):2026-09-21-12:13:46.083.413 [elf.cc:610] 110933 ElfParseParamInfo: Cache param info: ordinal=1, offset=8, size=8, align=8, paramType=2, spaceIndex=0.
[INFO] RUNTIME(110933,npu_reader):2026-09-21-12:13:46.083.415 [elf.cc:610] 110933 ElfParseParamInfo: Cache param info: ordinal=2, offset=16, size=8, align=8, paramType=2, spaceIndex=0.
[INFO] RUNTIME(110933,npu_reader):2026-09-21-12:13:46.083.417 [elf.cc:610] 110933 ElfParseParamInfo: Cache param info: ordinal=3, offset=24, size=8, align=8, paramType=2, spaceIndex=0.
[INFO] RUNTIME(110933,npu_reader):2026-09-21-12:13:46.083.420 [elf.cc:916] 110933 ParseKernelMetaData: kernel_name=mul_Ascend910B2_float32_223000000, ration[0]=0, ration[1]=0, dfxAddr=0xaaab4f65684c, dfxSize=176, funcType=0, crossCoreSync=0, kernelVfType=0, shareMemSize=0, minStackSize=0, isSupportFuncEntry=0, functionEntryFlag=128, functionEntry=0.
[INFO] RUNTIME(110933,npu_reader):2026-09-21-12:13:46.083.423 [elf.cc:884] 110933 ParseKernelMetaData: section name = .ascend.meta.mul_Ascend910B2_float32_210010000.
[INFO] RUNTIME(110933,npu_reader):2026-09-21-12:13:46.083.425 [elf.cc:575] 110933 ElfParseParamSummary: paramCount=4, paramTotalSize=32.
[INFO] RUNTIME(110933,npu_reader):2026-09-21-12:13:46.083.427 [elf.cc:610] 110933 ElfParseParamInfo: Cache param info: ordinal=0, offset=0, size=8, align=8, paramType=2, spaceIndex=0.
[INFO] RUNTIME(110933,npu_reader):2026-09-21-12:13:46.083.429 [elf.cc:610] 110933 ElfParseParamInfo: Cache param info: ordinal=1, offset=8, size=8, align=8, paramType=2, spaceIndex=0.
[INFO] RUNTIME(110933,npu_reader):2026-09-21-12:13:46.083.432 [elf.cc:610] 110933 ElfParseParamInfo: Cache param info: ordinal=2, offset=16, size=8, align=8, paramType=2, spaceIndex=0.
[INFO] RUNTIME(110933,npu_reader):2026-09-21-12:13:46.083.434 [elf.cc:610] 110933 ElfParseParamInfo: Cache param info: ordinal=3, offset=24, size=8, align=8, paramType=2, spaceIndex=0.
[INFO] RUNTIME(110933,npu_reader):2026-09-21-12:13:46.083.437 [elf.cc:916] 110933 ParseKernelMetaData: kernel_name=mul_Ascend910B2_float32_210010000, ration[0]=0, ration[1]=0, dfxAddr=0xaaab4f6568fc, dfxSize=176, funcType=0, crossCoreSync=0, kernelVfType=0, shareMemSize=0, minStackSize=0, isSupportFuncEntry=0, functionEntryFlag=128, functionEntry=0.
[INFO] RUNTIME(110933,npu_reader):2026-09-21-12:13:46.083.440 [elf.cc:884] 110933 ParseKernelMetaData: section name = .ascend.meta.mul_Ascend910B2_float32_210000000.
[INFO] RUNTIME(110933,npu_reader):2026-09-21-12:13:46.083.442 [elf.cc:575] 110933 ElfParseParamSummary: paramCount=4, paramTotalSize=32.
[INFO] RUNTIME(110933,npu_reader):2026-09-21-12:13:46.083.445 [elf.cc:610] 110933 ElfParseParamInfo: Cache param info: ordinal=0, offset=0, size=8, align=8, paramType=2, spaceIndex=0.
[INFO] RUNTIME(110933,npu_reader):2026-09-21-12:13:46.083.447 [elf.cc:610] 110933 ElfParseParamInfo: Cache param info: ordinal=1, offset=8, size=8, align=8, paramType=2, spaceIndex=0.
[INFO] RUNTIME(110933,npu_reader):2026-09-21-12:13:46.083.450 [elf.cc:610] 110933 ElfParseParamInfo: Cache param info: ordinal=2, offset=16, size=8, align=8, paramType=2, spaceIndex=0.
[INFO] RUNTIME(110933,npu_reader):2026-09-21-12:13:46.083.452 [elf.cc:610] 110933 ElfParseParamInfo: Cache param info: ordinal=3, offset=24, size=8, align=8, paramType=2, spaceIndex=0.
[INFO] RUNTIME(110933,npu_reader):2026-09-21-12:13:46.083.455 [elf.cc:916] 110933 ParseKernelMetaData: kernel_name=mul_Ascend910B2_float32_210000000, ration[0]=0, ration[1]=0, dfxAddr=0xaaab4f6569ac, dfxSize=176, funcType=0, crossCoreSync=0, kernelVfType=0, shareMemSize=0, minStackSize=0, isSupportFuncEntry=0, functionEntryFlag=128, functionEntry=0.
[INFO] RUNTIME(110933,npu_reader):2026-09-21-12:13:46.083.467 [elf.cc:1076] 110933 UpdateCachedParamInfos: Restore cached param info: kernel_name=mul_Ascend910B2_float32_232010000, ordinal=0, offset=0, size=8.
[INFO] RUNTIME(110933,npu_reader):2026-09-21-12:13:46.083.469 [elf.cc:1076] 110933 UpdateCachedParamInfos: Restore cached param info: kernel_name=mul_Ascend910B2_float32_232010000, ordinal=1, offset=8, size=8.
[INFO] RUNTIME(110933,npu_reader):2026-09-21-12:13:46.083.471 [elf.cc:1076] 110933 UpdateCachedParamInfos: Restore cached param info: kernel_name=mul_Ascend910B2_float32_232010000, ordinal=2, offset=16, size=8.
[INFO] RUNTIME(110933,npu_reader):2026-09-21-12:13:46.083.474 [elf.cc:1076] 110933 UpdateCachedParamInfos: Restore cached param info: kernel_name=mul_Ascend910B2_float32_232010000, ordinal=3, offset=24, size=8.
[INFO] RUNTIME(110933,npu_reader):2026-09-21-12:13:46.083.476 [elf.cc:1145] 110933 UpdateKernelsInfo: update meta info, kernel_name=mul_Ascend910B2_float32_232010000, dfxAddr=0xaaab4f6565f8, dfxSize=176, funcType=0, elfDataFlag=1, userArgsNum=0, crossCoreSync=0, kernelVfType=0, shareMemSize=0, minStackSize=0, funcEntryType=0, functionEntry=0, schedMode=0, taskRation_0=0, taskRation_1=0, hasParamSummary=1, paramCount=4, paramTotalSize=32.
[INFO] RUNTIME(110933,npu_reader):2026-09-21-12:13:46.083.479 [elf.cc:1076] 110933 UpdateCachedParamInfos: Restore cached param info: kernel_name=mul_Ascend910B2_float32_232000000, ordinal=0, offset=0, size=8.
[INFO] RUNTIME(110933,npu_reader):2026-09-21-12:13:46.083.482 [elf.cc:1076] 110933 UpdateCachedParamInfos: Restore cached param info: kernel_name=mul_Ascend910B2_float32_232000000, ordinal=1, offset=8, size=8.
[INFO] RUNTIME(110933,npu_reader):2026-09-21-12:13:46.083.484 [elf.cc:1076] 110933 UpdateCachedParamInfos: Restore cached param info: kernel_name=mul_Ascend910B2_float32_232000000, ordinal=2, offset=16, size=8.
[INFO] RUNTIME(110933,npu_reader):2026-09-21-12:13:46.083.486 [elf.cc:1076] 110933 UpdateCachedParamInfos: Restore cached param info: kernel_name=mul_Ascend910B2_float32_232000000, ordinal=3, offset=24, size=8.
[INFO] RUNTIME(110933,npu_reader):2026-09-21-12:13:46.083.488 [elf.cc:1145] 110933 UpdateKernelsInfo: update meta info, kernel_name=mul_Ascend910B2_float32_232000000, dfxAddr=0xaaab4f6566ec, dfxSize=176, funcType=0, elfDataFlag=1, userArgsNum=0, crossCoreSync=0, kernelVfType=0, shareMemSize=0, minStackSize=0, funcEntryType=0, functionEntry=0, schedMode=0, taskRation_0=0, taskRation_1=0, hasParamSummary=1, paramCount=4, paramTotalSize=32.
[INFO] RUNTIME(110933,npu_reader):2026-09-21-12:13:46.083.492 [elf.cc:1076] 110933 UpdateCachedParamInfos: Restore cached param info: kernel_name=mul_Ascend910B2_float32_223010000, ordinal=0, offset=0, size=8.
[INFO] RUNTIME(110933,npu_reader):2026-09-21-12:13:46.083.494 [elf.cc:1076] 110933 UpdateCachedParamInfos: Restore cached param info: kernel_name=mul_Ascend910B2_float32_223010000, ordinal=1, offset=8, size=8.
[INFO] RUNTIME(110933,npu_reader):2026-09-21-12:13:46.083.497 [elf.cc:1076] 110933 UpdateCachedParamInfos: Restore cached param info: kernel_name=mul_Ascend910B2_float32_223010000, ordinal=2, offset=16, size=8.
[INFO] RUNTIME(110933,npu_reader):2026-09-21-12:13:46.083.499 [elf.cc:1076] 110933 UpdateCachedParamInfos: Restore cached param info: kernel_name=mul_Ascend910B2_float32_223010000, ordinal=3, offset=24, size=8.
[INFO] RUNTIME(110933,npu_reader):2026-09-21-12:13:46.083.502 [elf.cc:1145] 110933 UpdateKernelsInfo: update meta info, kernel_name=mul_Ascend910B2_float32_223010000, dfxAddr=0xaaab4f65679c, dfxSize=176, funcType=0, elfDataFlag=1, userArgsNum=0, crossCoreSync=0, kernelVfType=0, shareMemSize=0, minStackSize=0, funcEntryType=0, functionEntry=0, schedMode=0, taskRation_0=0, taskRation_1=0, hasParamSummary=1, paramCount=4, paramTotalSize=32.
[INFO] RUNTIME(110933,npu_reader):2026-09-21-12:13:46.083.505 [elf.cc:1076] 110933 UpdateCachedParamInfos: Restore cached param info: kernel_name=mul_Ascend910B2_float32_223000000, ordinal=0, offset=0, size=8.
[INFO] RUNTIME(110933,npu_reader):2026-09-21-12:13:46.083.507 [elf.cc:1076] 110933 UpdateCachedParamInfos: Restore cached param info: kernel_name=mul_Ascend910B2_float32_223000000, ordinal=1, offset=8, size=8.
[INFO] RUNTIME(110933,npu_reader):2026-09-21-12:13:46.083.509 [elf.cc:1076] 110933 UpdateCachedParamInfos: Restore cached param info: kernel_name=mul_Ascend910B2_float32_223000000, ordinal=2, offset=16, size=8.
[INFO] RUNTIME(110933,npu_reader):2026-09-21-12:13:46.083.512 [elf.cc:1076] 110933 UpdateCachedParamInfos: Restore cached param info: kernel_name=mul_Ascend910B2_float32_223000000, ordinal=3, offset=24, size=8.
[INFO] RUNTIME(110933,npu_reader):2026-09-21-12:13:46.083.514 [elf.cc:1145] 110933 UpdateKernelsInfo: update meta info, kernel_name=mul_Ascend910B2_float32_223000000, dfxAddr=0xaaab4f65684c, dfxSize=176, funcType=0, elfDataFlag=1, userArgsNum=0, crossCoreSync=0, kernelVfType=0, shareMemSize=0, minStackSize=0, funcEntryType=0, functionEntry=0, schedMode=0, taskRation_0=0, taskRation_1=0, hasParamSummary=1, paramCount=4, paramTotalSize=32.
[INFO] RUNTIME(110933,npu_reader):2026-09-21-12:13:46.083.517 [elf.cc:1076] 110933 UpdateCachedParamInfos: Restore cached param info: kernel_name=mul_Ascend910B2_float32_210010000, ordinal=0, offset=0, size=8.
[INFO] RUNTIME(110933,npu_reader):2026-09-21-12:13:46.083.520 [elf.cc:1076] 110933 UpdateCachedParamInfos: Restore cached param info: kernel_name=mul_Ascend910B2_float32_210010000, ordinal=1, offset=8, size=8.
[INFO] RUNTIME(110933,npu_reader):2026-09-21-12:13:46.083.522 [elf.cc:1076] 110933 UpdateCachedParamInfos: Restore cached param info: kernel_name=mul_Ascend910B2_float32_210010000, ordinal=2, offset=16, size=8.
[INFO] RUNTIME(110933,npu_reader):2026-09-21-12:13:46.083.524 [elf.cc:1076] 110933 UpdateCachedParamInfos: Restore cached param info: kernel_name=mul_Ascend910B2_float32_210010000, ordinal=3, offset=24, size=8.
[INFO] RUNTIME(110933,npu_reader):2026-09-21-12:13:46.083.526 [elf.cc:1145] 110933 UpdateKernelsInfo: update meta info, kernel_name=mul_Ascend910B2_float32_210010000, dfxAddr=0xaaab4f6568fc, dfxSize=176, funcType=0, elfDataFlag=1, userArgsNum=0, crossCoreSync=0, kernelVfType=0, shareMemSize=0, minStackSize=0, funcEntryType=0, functionEntry=0, schedMode=0, taskRation_0=0, taskRation_1=0, hasParamSummary=1, paramCount=4, paramTotalSize=32.
[INFO] RUNTIME(110933,npu_reader):2026-09-21-12:13:46.083.530 [elf.cc:1076] 110933 UpdateCachedParamInfos: Restore cached param info: kernel_name=mul_Ascend910B2_float32_210000000, ordinal=0, offset=0, size=8.
[INFO] RUNTIME(110933,npu_reader):2026-09-21-12:13:46.083.532 [elf.cc:1076] 110933 UpdateCachedParamInfos: Restore cached param info: kernel_name=mul_Ascend910B2_float32_210000000, ordinal=1, offset=8, size=8.
[INFO] RUNTIME(110933,npu_reader):2026-09-21-12:13:46.083.534 [elf.cc:1076] 110933 UpdateCachedParamInfos: Restore cached param info: kernel_name=mul_Ascend910B2_float32_210000000, ordinal=2, offset=16, size=8.
[INFO] RUNTIME(110933,npu_reader):2026-09-21-12:13:46.083.537 [elf.cc:1076] 110933 UpdateCachedParamInfos: Restore cached param info: kernel_name=mul_Ascend910B2_float32_210000000, ordinal=3, offset=24, size=8.
[INFO] RUNTIME(110933,npu_reader):2026-09-21-12:13:46.083.540 [elf.cc:1145] 110933 UpdateKernelsInfo: update meta info, kernel_name=mul_Ascend910B2_float32_210000000, dfxAddr=0xaaab4f6569ac, dfxSize=176, funcType=0, elfDataFlag=1, userArgsNum=0, crossCoreSync=0, kernelVfType=0, shareMemSize=0, minStackSize=0, funcEntryType=0, functionEntry=0, schedMode=0, taskRation_0=0, taskRation_1=0, hasParamSummary=1, paramCount=4, paramTotalSize=32.
[INFO] RUNTIME(110933,npu_reader):2026-09-21-12:13:46.083.543 [runtime.cc:1448] 110933 AddProgramToPool: progId=8
[INFO] RUNTIME(110933,npu_reader):2026-09-21-12:13:46.083.546 [program.cc:1649] 110933 GetKernelTypeAndMixType: Get kernel type success, kernelName=mul_Ascend910B2_float32_232010000, funcType=0, kernelAttrType=2, mixType=0
[INFO] RUNTIME(110933,npu_reader):2026-09-21-12:13:46.083.550 [program.cc:1119] 110933 SetKernelAttribute: kernel_name=mul_Ascend910B2_float32_232010000, kernelAttrType=2, userParamNum=0, sysParamNum=1, IsNeedSetFftsAddrInArg=0, isSupportOverFlow=1, elfDataFlag=1
[INFO] RUNTIME(110933,npu_reader):2026-09-21-12:13:46.083.552 [program.cc:1690] 110933 BuildNewKernel: new kernel success, size=1320, programId=8, original kernel_name=mul_Ascend910B2_float32_232010000, register kernel_name=mul_Ascend910B2_float32_232010000, tilingKey=232010000, functionEntry=0, funcType=0, kernelAttrType=2, mixType=0, taskRation=2, offset=0, dfxAddr=187652748174840, dfxSize=176
[INFO] RUNTIME(110933,npu_reader):2026-09-21-12:13:46.083.556 [program.cc:1649] 110933 GetKernelTypeAndMixType: Get kernel type success, kernelName=mul_Ascend910B2_float32_232000000, funcType=0, kernelAttrType=2, mixType=0
[INFO] RUNTIME(110933,npu_reader):2026-09-21-12:13:46.083.559 [program.cc:1119] 110933 SetKernelAttribute: kernel_name=mul_Ascend910B2_float32_232000000, kernelAttrType=2, userParamNum=0, sysParamNum=1, IsNeedSetFftsAddrInArg=0, isSupportOverFlow=1, elfDataFlag=1
[INFO] RUNTIME(110933,npu_reader):2026-09-21-12:13:46.083.562 [program.cc:1690] 110933 BuildNewKernel: new kernel success, size=1320, programId=8, original kernel_name=mul_Ascend910B2_float32_232000000, register kernel_name=mul_Ascend910B2_float32_232000000, tilingKey=232000000, functionEntry=0, funcType=0, kernelAttrType=2, mixType=0, taskRation=2, offset=1536, dfxAddr=187652748175084, dfxSize=176
[INFO] RUNTIME(110933,npu_reader):2026-09-21-12:13:46.083.565 [program.cc:1649] 110933 GetKernelTypeAndMixType: Get kernel type success, kernelName=mul_Ascend910B2_float32_223010000, funcType=0, kernelAttrType=2, mixType=0
[INFO] RUNTIME(110933,npu_reader):2026-09-21-12:13:46.083.568 [program.cc:1119] 110933 SetKernelAttribute: kernel_name=mul_Ascend910B2_float32_223010000, kernelAttrType=2, userParamNum=0, sysParamNum=1, IsNeedSetFftsAddrInArg=0, isSupportOverFlow=1, elfDataFlag=1
[INFO] RUNTIME(110933,npu_reader):2026-09-21-12:13:46.083.571 [program.cc:1690] 110933 BuildNewKernel: new kernel success, size=1320, programId=8, original kernel_name=mul_Ascend910B2_float32_223010000, register kernel_name=mul_Ascend910B2_float32_223010000, tilingKey=223010000, functionEntry=0, funcType=0, kernelAttrType=2, mixType=0, taskRation=2, offset=2472, dfxAddr=187652748175260, dfxSize=176
[INFO] RUNTIME(110933,npu_reader):2026-09-21-12:13:46.083.574 [program.cc:1649] 110933 GetKernelTypeAndMixType: Get kernel type success, kernelName=mul_Ascend910B2_float32_223000000, funcType=0, kernelAttrType=2, mixType=0
[INFO] RUNTIME(110933,npu_reader):2026-09-21-12:13:46.083.577 [program.cc:1119] 110933 SetKernelAttribute: kernel_name=mul_Ascend910B2_float32_223000000, kernelAttrType=2, userParamNum=0, sysParamNum=1, IsNeedSetFftsAddrInArg=0, isSupportOverFlow=1, elfDataFlag=1
[INFO] RUNTIME(110933,npu_reader):2026-09-21-12:13:46.083.580 [program.cc:1690] 110933 BuildNewKernel: new kernel success, size=1320, programId=8, original kernel_name=mul_Ascend910B2_float32_223000000, register kernel_name=mul_Ascend910B2_float32_223000000, tilingKey=223000000, functionEntry=0, funcType=0, kernelAttrType=2, mixType=0, taskRation=2, offset=4068, dfxAddr=187652748175436, dfxSize=176
[INFO] RUNTIME(110933,npu_reader):2026-09-21-12:13:46.083.584 [program.cc:1649] 110933 GetKernelTypeAndMixType: Get kernel type success, kernelName=mul_Ascend910B2_float32_210010000, funcType=0, kernelAttrType=2, mixType=0
[INFO] RUNTIME(110933,npu_reader):2026-09-21-12:13:46.083.587 [program.cc:1119] 110933 SetKernelAttribute: kernel_name=mul_Ascend910B2_float32_210010000, kernelAttrType=2, userParamNum=0, sysParamNum=1, IsNeedSetFftsAddrInArg=0, isSupportOverFlow=1, elfDataFlag=1
[INFO] RUNTIME(110933,npu_reader):2026-09-21-12:13:46.083.590 [program.cc:1690] 110933 BuildNewKernel: new kernel success, size=1320, programId=8, original kernel_name=mul_Ascend910B2_float32_210010000, register kernel_name=mul_Ascend910B2_float32_210010000, tilingKey=210010000, functionEntry=0, funcType=0, kernelAttrType=2, mixType=0, taskRation=2, offset=4992, dfxAddr=187652748175612, dfxSize=176
[INFO] RUNTIME(110933,npu_reader):2026-09-21-12:13:46.083.594 [program.cc:1649] 110933 GetKernelTypeAndMixType: Get kernel type success, kernelName=mul_Ascend910B2_float32_210000000, funcType=0, kernelAttrType=2, mixType=0
[INFO] RUNTIME(110933,npu_reader):2026-09-21-12:13:46.083.596 [program.cc:1119] 110933 SetKernelAttribute: kernel_name=mul_Ascend910B2_float32_210000000, kernelAttrType=2, userParamNum=0, sysParamNum=1, IsNeedSetFftsAddrInArg=0, isSupportOverFlow=1, elfDataFlag=1
[INFO] RUNTIME(110933,npu_reader):2026-09-21-12:13:46.083.599 [program.cc:1690] 110933 BuildNewKernel: new kernel success, size=1320, programId=8, original kernel_name=mul_Ascend910B2_float32_210000000, register kernel_name=mul_Ascend910B2_float32_210000000, tilingKey=210000000, functionEntry=0, funcType=0, kernelAttrType=2, mixType=0, taskRation=2, offset=6596, dfxAddr=187652748175788, dfxSize=176
[INFO] RUNTIME(110933,npu_reader):2026-09-21-12:13:46.083.644 [binary_loader.cc:364] 110933 LoadFromData: New ElfProgram ok, magic=1094799942, kernelAttrType=2, Runtime_alloc_size=11072
[INFO] RUNTIME(110933,npu_reader):2026-09-21-12:13:46.083.649 [program.cc:204] 110933 SaveBinaryData: Malloc the buffer for elfData, len=14976
[INFO] RUNTIME(110933,npu_reader):2026-09-21-12:13:46.083.652 [elf.cc:884] 110933 ParseKernelMetaData: section name = .text.
[INFO] RUNTIME(110933,npu_reader):2026-09-21-12:13:46.083.655 [elf.cc:884] 110933 ParseKernelMetaData: section name = .ascend.stack.size.record.
[INFO] RUNTIME(110933,npu_reader):2026-09-21-12:13:46.083.657 [elf.cc:884] 110933 ParseKernelMetaData: section name = __CCE_KernelArgSize.
[INFO] RUNTIME(110933,npu_reader):2026-09-21-12:13:46.083.659 [elf.cc:884] 110933 ParseKernelMetaData: section name = .ascend.meta.mul_Ascend910B3_float32_232010000.
[INFO] RUNTIME(110933,npu_reader):2026-09-21-12:13:46.083.661 [elf.cc:575] 110933 ElfParseParamSummary: paramCount=4, paramTotalSize=32.
[INFO] RUNTIME(110933,npu_reader):2026-09-21-12:13:46.083.664 [elf.cc:610] 110933 ElfParseParamInfo: Cache param info: ordinal=0, offset=0, size=8, align=8, paramType=2, spaceIndex=0.
[INFO] RUNTIME(110933,npu_reader):2026-09-21-12:13:46.083.666 [elf.cc:610] 110933 ElfParseParamInfo: Cache param info: ordinal=1, offset=8, size=8, align=8, paramType=2, spaceIndex=0.
[INFO] RUNTIME(110933,npu_reader):2026-09-21-12:13:46.083.669 [elf.cc:610] 110933 ElfParseParamInfo: Cache param info: ordinal=2, offset=16, size=8, align=8, paramType=2, spaceIndex=0.
[INFO] RUNTIME(110933,npu_reader):2026-09-21-12:13:46.083.671 [elf.cc:610] 110933 ElfParseParamInfo: Cache param info: ordinal=3, offset=24, size=8, align=8, paramType=2, spaceIndex=0.
[INFO] RUNTIME(110933,npu_reader):2026-09-21-12:13:46.083.673 [elf.cc:916] 110933 ParseKernelMetaData: kernel_name=mul_Ascend910B3_float32_232010000, ration[0]=0, ration[1]=0, dfxAddr=0xaaab4f663738, dfxSize=176, funcType=0, crossCoreSync=0, kernelVfType=0, shareMemSize=0, minStackSize=0, isSupportFuncEntry=0, functionEntryFlag=128, functionEntry=0.
[INFO] RUNTIME(110933,npu_reader):2026-09-21-12:13:46.083.678 [elf.cc:884] 110933 ParseKernelMetaData: section name = .comment.
[INFO] RUNTIME(110933,npu_reader):2026-09-21-12:13:46.083.680 [elf.cc:884] 110933 ParseKernelMetaData: section name = .ascend.meta.mul_Ascend910B3_float32_232000000.
[INFO] RUNTIME(110933,npu_reader):2026-09-21-12:13:46.083.682 [elf.cc:575] 110933 ElfParseParamSummary: paramCount=4, paramTotalSize=32.
[INFO] RUNTIME(110933,npu_reader):2026-09-21-12:13:46.083.684 [elf.cc:610] 110933 ElfParseParamInfo: Cache param info: ordinal=0, offset=0, size=8, align=8, paramType=2, spaceIndex=0.
[INFO] RUNTIME(110933,npu_reader):2026-09-21-12:13:46.083.687 [elf.cc:610] 110933 ElfParseParamInfo: Cache param info: ordinal=1, offset=8, size=8, align=8, paramType=2, spaceIndex=0.
[INFO] RUNTIME(110933,npu_reader):2026-09-21-12:13:46.083.689 [elf.cc:610] 110933 ElfParseParamInfo: Cache param info: ordinal=2, offset=16, size=8, align=8, paramType=2, spaceIndex=0.
[INFO] RUNTIME(110933,npu_reader):2026-09-21-12:13:46.083.691 [elf.cc:610] 110933 ElfParseParamInfo: Cache param info: ordinal=3, offset=24, size=8, align=8, paramType=2, spaceIndex=0.
[INFO] RUNTIME(110933,npu_reader):2026-09-21-12:13:46.083.694 [elf.cc:916] 110933 ParseKernelMetaData: kernel_name=mul_Ascend910B3_float32_232000000, ration[0]=0, ration[1]=0, dfxAddr=0xaaab4f66382c, dfxSize=176, funcType=0, crossCoreSync=0, kernelVfType=0, shareMemSize=0, minStackSize=0, isSupportFuncEntry=0, functionEntryFlag=128, functionEntry=0.
[INFO] RUNTIME(110933,npu_reader):2026-09-21-12:13:46.083.697 [elf.cc:884] 110933 ParseKernelMetaData: section name = .ascend.meta.mul_Ascend910B3_float32_223010000.
[INFO] RUNTIME(110933,npu_reader):2026-09-21-12:13:46.083.699 [elf.cc:575] 110933 ElfParseParamSummary: paramCount=4, paramTotalSize=32.
[INFO] RUNTIME(110933,npu_reader):2026-09-21-12:13:46.083.701 [elf.cc:610] 110933 ElfParseParamInfo: Cache param info: ordinal=0, offset=0, size=8, align=8, paramType=2, spaceIndex=0.
[INFO] RUNTIME(110933,npu_reader):2026-09-21-12:13:46.083.704 [elf.cc:610] 110933 ElfParseParamInfo: Cache param info: ordinal=1, offset=8, size=8, align=8, paramType=2, spaceIndex=0.
[INFO] RUNTIME(110933,npu_reader):2026-09-21-12:13:46.083.706 [elf.cc:610] 110933 ElfParseParamInfo: Cache param info: ordinal=2, offset=16, size=8, align=8, paramType=2, spaceIndex=0.
[INFO] RUNTIME(110933,npu_reader):2026-09-21-12:13:46.083.708 [elf.cc:610] 110933 ElfParseParamInfo: Cache param info: ordinal=3, offset=24, size=8, align=8, paramType=2, spaceIndex=0.
[INFO] RUNTIME(110933,npu_reader):2026-09-21-12:13:46.083.711 [elf.cc:916] 110933 ParseKernelMetaData: kernel_name=mul_Ascend910B3_float32_223010000, ration[0]=0, ration[1]=0, dfxAddr=0xaaab4f6638dc, dfxSize=176, funcType=0, crossCoreSync=0, kernelVfType=0, shareMemSize=0, minStackSize=0, isSupportFuncEntry=0, functionEntryFlag=128, functionEntry=0.
[INFO] RUNTIME(110933,npu_reader):2026-09-21-12:13:46.083.714 [elf.cc:884] 110933 ParseKernelMetaData: section name = .ascend.meta.mul_Ascend910B3_float32_223000000.
[INFO] RUNTIME(110933,npu_reader):2026-09-21-12:13:46.083.716 [elf.cc:575] 110933 ElfParseParamSummary: paramCount=4, paramTotalSize=32.
[INFO] RUNTIME(110933,npu_reader):2026-09-21-12:13:46.083.718 [elf.cc:610] 110933 ElfParseParamInfo: Cache param info: ordinal=0, offset=0, size=8, align=8, paramType=2, spaceIndex=0.
[INFO] RUNTIME(110933,npu_reader):2026-09-21-12:13:46.083.721 [elf.cc:610] 110933 ElfParseParamInfo: Cache param info: ordinal=1, offset=8, size=8, align=8, paramType=2, spaceIndex=0.
[INFO] RUNTIME(110933,npu_reader):2026-09-21-12:13:46.083.723 [elf.cc:610] 110933 ElfParseParamInfo: Cache param info: ordinal=2, offset=16, size=8, align=8, paramType=2, spaceIndex=0.
[INFO] RUNTIME(110933,npu_reader):2026-09-21-12:13:46.083.725 [elf.cc:610] 110933 ElfParseParamInfo: Cache param info: ordinal=3, offset=24, size=8, align=8, paramType=2, spaceIndex=0.
[INFO] RUNTIME(110933,npu_reader):2026-09-21-12:13:46.083.728 [elf.cc:916] 110933 ParseKernelMetaData: kernel_name=mul_Ascend910B3_float32_223000000, ration[0]=0, ration[1]=0, dfxAddr=0xaaab4f66398c, dfxSize=176, funcType=0, crossCoreSync=0, kernelVfType=0, shareMemSize=0, minStackSize=0, isSupportFuncEntry=0, functionEntryFlag=128, functionEntry=0.
[INFO] RUNTIME(110933,npu_reader):2026-09-21-12:13:46.083.732 [elf.cc:884] 110933 ParseKernelMetaData: section name = .ascend.meta.mul_Ascend910B3_float32_210010000.
[INFO] RUNTIME(110933,npu_reader):2026-09-21-12:13:46.083.734 [elf.cc:575] 110933 ElfParseParamSummary: paramCount=4, paramTotalSize=32.
[INFO] RUNTIME(110933,npu_reader):2026-09-21-12:13:46.083.737 [elf.cc:610] 110933 ElfParseParamInfo: Cache param info: ordinal=0, offset=0, size=8, align=8, paramType=2, spaceIndex=0.
[INFO] RUNTIME(110933,npu_reader):2026-09-21-12:13:46.083.739 [elf.cc:610] 110933 ElfParseParamInfo: Cache param info: ordinal=1, offset=8, size=8, align=8, paramType=2, spaceIndex=0.
[INFO] RUNTIME(110933,npu_reader):2026-09-21-12:13:46.083.741 [elf.cc:610] 110933 ElfParseParamInfo: Cache param info: ordinal=2, offset=16, size=8, align=8, paramType=2, spaceIndex=0.
[INFO] RUNTIME(110933,npu_reader):2026-09-21-12:13:46.083.744 [elf.cc:610] 110933 ElfParseParamInfo: Cache param info: ordinal=3, offset=24, size=8, align=8, paramType=2, spaceIndex=0.
[INFO] RUNTIME(110933,npu_reader):2026-09-21-12:13:46.083.746 [elf.cc:916] 110933 ParseKernelMetaData: kernel_name=mul_Ascend910B3_float32_210010000, ration[0]=0, ration[1]=0, dfxAddr=0xaaab4f663a3c, dfxSize=176, funcType=0, crossCoreSync=0, kernelVfType=0, shareMemSize=0, minStackSize=0, isSupportFuncEntry=0, functionEntryFlag=128, functionEntry=0.
[INFO] RUNTIME(110933,npu_reader):2026-09-21-12:13:46.083.749 [elf.cc:884] 110933 ParseKernelMetaData: section name = .ascend.meta.mul_Ascend910B3_float32_210000000.
[INFO] RUNTIME(110933,npu_reader):2026-09-21-12:13:46.083.751 [elf.cc:575] 110933 ElfParseParamSummary: paramCount=4, paramTotalSize=32.
[INFO] RUNTIME(110933,npu_reader):2026-09-21-12:13:46.083.754 [elf.cc:610] 110933 ElfParseParamInfo: Cache param info: ordinal=0, offset=0, size=8, align=8, paramType=2, spaceIndex=0.
[INFO] RUNTIME(110933,npu_reader):2026-09-21-12:13:46.083.756 [elf.cc:610] 110933 ElfParseParamInfo: Cache param info: ordinal=1, offset=8, size=8, align=8, paramType=2, spaceIndex=0.
[INFO] RUNTIME(110933,npu_reader):2026-09-21-12:13:46.083.758 [elf.cc:610] 110933 ElfParseParamInfo: Cache param info: ordinal=2, offset=16, size=8, align=8, paramType=2, spaceIndex=0.
[INFO] RUNTIME(110933,npu_reader):2026-09-21-12:13:46.083.761 [elf.cc:610] 110933 ElfParseParamInfo: Cache param info: ordinal=3, offset=24, size=8, align=8, paramType=2, spaceIndex=0.
[INFO] RUNTIME(110933,npu_reader):2026-09-21-12:13:46.083.763 [elf.cc:916] 110933 ParseKernelMetaData: kernel_name=mul_Ascend910B3_float32_210000000, ration[0]=0, ration[1]=0, dfxAddr=0xaaab4f663aec, dfxSize=176, funcType=0, crossCoreSync=0, kernelVfType=0, shareMemSize=0, minStackSize=0, isSupportFuncEntry=0, functionEntryFlag=128, functionEntry=0.
[INFO] RUNTIME(110933,npu_reader):2026-09-21-12:13:46.083.776 [elf.cc:1076] 110933 UpdateCachedParamInfos: Restore cached param info: kernel_name=mul_Ascend910B3_float32_232010000, ordinal=0, offset=0, size=8.
[INFO] RUNTIME(110933,npu_reader):2026-09-21-12:13:46.083.778 [elf.cc:1076] 110933 UpdateCachedParamInfos: Restore cached param info: kernel_name=mul_Ascend910B3_float32_232010000, ordinal=1, offset=8, size=8.
[INFO] RUNTIME(110933,npu_reader):2026-09-21-12:13:46.083.780 [elf.cc:1076] 110933 UpdateCachedParamInfos: Restore cached param info: kernel_name=mul_Ascend910B3_float32_232010000, ordinal=2, offset=16, size=8.
[INFO] RUNTIME(110933,npu_reader):2026-09-21-12:13:46.083.782 [elf.cc:1076] 110933 UpdateCachedParamInfos: Restore cached param info: kernel_name=mul_Ascend910B3_float32_232010000, ordinal=3, offset=24, size=8.
[INFO] RUNTIME(110933,npu_reader):2026-09-21-12:13:46.083.785 [elf.cc:1145] 110933 UpdateKernelsInfo: update meta info, kernel_name=mul_Ascend910B3_float32_232010000, dfxAddr=0xaaab4f663738, dfxSize=176, funcType=0, elfDataFlag=1, userArgsNum=0, crossCoreSync=0, kernelVfType=0, shareMemSize=0, minStackSize=0, funcEntryType=0, functionEntry=0, schedMode=0, taskRation_0=0, taskRation_1=0, hasParamSummary=1, paramCount=4, paramTotalSize=32.
[INFO] RUNTIME(110933,npu_reader):2026-09-21-12:13:46.083.789 [elf.cc:1076] 110933 UpdateCachedParamInfos: Restore cached param info: kernel_name=mul_Ascend910B3_float32_232000000, ordinal=0, offset=0, size=8.
[INFO] RUNTIME(110933,npu_reader):2026-09-21-12:13:46.083.791 [elf.cc:1076] 110933 UpdateCachedParamInfos: Restore cached param info: kernel_name=mul_Ascend910B3_float32_232000000, ordinal=1, offset=8, size=8.
[INFO] RUNTIME(110933,npu_reader):2026-09-21-12:13:46.083.794 [elf.cc:1076] 110933 UpdateCachedParamInfos: Restore cached param info: kernel_name=mul_Ascend910B3_float32_232000000, ordinal=2, offset=16, size=8.
[INFO] RUNTIME(110933,npu_reader):2026-09-21-12:13:46.083.796 [elf.cc:1076] 110933 UpdateCachedParamInfos: Restore cached param info: kernel_name=mul_Ascend910B3_float32_232000000, ordinal=3, offset=24, size=8.
[INFO] RUNTIME(110933,npu_reader):2026-09-21-12:13:46.083.798 [elf.cc:1145] 110933 UpdateKernelsInfo: update meta info, kernel_name=mul_Ascend910B3_float32_232000000, dfxAddr=0xaaab4f66382c, dfxSize=176, funcType=0, elfDataFlag=1, userArgsNum=0, crossCoreSync=0, kernelVfType=0, shareMemSize=0, minStackSize=0, funcEntryType=0, functionEntry=0, schedMode=0, taskRation_0=0, taskRation_1=0, hasParamSummary=1, paramCount=4, paramTotalSize=32.
[INFO] RUNTIME(110933,npu_reader):2026-09-21-12:13:46.083.801 [elf.cc:1076] 110933 UpdateCachedParamInfos: Restore cached param info: kernel_name=mul_Ascend910B3_float32_223010000, ordinal=0, offset=0, size=8.
[INFO] RUNTIME(110933,npu_reader):2026-09-21-12:13:46.083.804 [elf.cc:1076] 110933 UpdateCachedParamInfos: Restore cached param info: kernel_name=mul_Ascend910B3_float32_223010000, ordinal=1, offset=8, size=8.
[INFO] RUNTIME(110933,npu_reader):2026-09-21-12:13:46.083.806 [elf.cc:1076] 110933 UpdateCachedParamInfos: Restore cached param info: kernel_name=mul_Ascend910B3_float32_223010000, ordinal=2, offset=16, size=8.
[INFO] RUNTIME(110933,npu_reader):2026-09-21-12:13:46.083.808 [elf.cc:1076] 110933 UpdateCachedParamInfos: Restore cached param info: kernel_name=mul_Ascend910B3_float32_223010000, ordinal=3, offset=24, size=8.
[INFO] RUNTIME(110933,npu_reader):2026-09-21-12:13:46.083.810 [elf.cc:1145] 110933 UpdateKernelsInfo: update meta info, kernel_name=mul_Ascend910B3_float32_223010000, dfxAddr=0xaaab4f6638dc, dfxSize=176, funcType=0, elfDataFlag=1, userArgsNum=0, crossCoreSync=0, kernelVfType=0, shareMemSize=0, minStackSize=0, funcEntryType=0, functionEntry=0, schedMode=0, taskRation_0=0, taskRation_1=0, hasParamSummary=1, paramCount=4, paramTotalSize=32.
[INFO] RUNTIME(110933,npu_reader):2026-09-21-12:13:46.083.814 [elf.cc:1076] 110933 UpdateCachedParamInfos: Restore cached param info: kernel_name=mul_Ascend910B3_float32_223000000, ordinal=0, offset=0, size=8.
[INFO] RUNTIME(110933,npu_reader):2026-09-21-12:13:46.083.816 [elf.cc:1076] 110933 UpdateCachedParamInfos: Restore cached param info: kernel_name=mul_Ascend910B3_float32_223000000, ordinal=1, offset=8, size=8.
[INFO] RUNTIME(110933,npu_reader):2026-09-21-12:13:46.083.818 [elf.cc:1076] 110933 UpdateCachedParamInfos: Restore cached param info: kernel_name=mul_Ascend910B3_float32_223000000, ordinal=2, offset=16, size=8.
[INFO] RUNTIME(110933,npu_reader):2026-09-21-12:13:46.083.820 [elf.cc:1076] 110933 UpdateCachedParamInfos: Restore cached param info: kernel_name=mul_Ascend910B3_float32_223000000, ordinal=3, offset=24, size=8.
[INFO] RUNTIME(110933,npu_reader):2026-09-21-12:13:46.083.823 [elf.cc:1145] 110933 UpdateKernelsInfo: update meta info, kernel_name=mul_Ascend910B3_float32_223000000, dfxAddr=0xaaab4f66398c, dfxSize=176, funcType=0, elfDataFlag=1, userArgsNum=0, crossCoreSync=0, kernelVfType=0, shareMemSize=0, minStackSize=0, funcEntryType=0, functionEntry=0, schedMode=0, taskRation_0=0, taskRation_1=0, hasParamSummary=1, paramCount=4, paramTotalSize=32.
[INFO] RUNTIME(110933,npu_reader):2026-09-21-12:13:46.083.826 [elf.cc:1076] 110933 UpdateCachedParamInfos: Restore cached param info: kernel_name=mul_Ascend910B3_float32_210010000, ordinal=0, offset=0, size=8.
[INFO] RUNTIME(110933,npu_reader):2026-09-21-12:13:46.083.829 [elf.cc:1076] 110933 UpdateCachedParamInfos: Restore cached param info: kernel_name=mul_Ascend910B3_float32_210010000, ordinal=1, offset=8, size=8.
[INFO] RUNTIME(110933,npu_reader):2026-09-21-12:13:46.083.832 [elf.cc:1076] 110933 UpdateCachedParamInfos: Restore cached param info: kernel_name=mul_Ascend910B3_float32_210010000, ordinal=2, offset=16, size=8.
[INFO] RUNTIME(110933,npu_reader):2026-09-21-12:13:46.083.834 [elf.cc:1076] 110933 UpdateCachedParamInfos: Restore cached param info: kernel_name=mul_Ascend910B3_float32_210010000, ordinal=3, offset=24, size=8.
[INFO] RUNTIME(110933,npu_reader):2026-09-21-12:13:46.083.836 [elf.cc:1145] 110933 UpdateKernelsInfo: update meta info, kernel_name=mul_Ascend910B3_float32_210010000, dfxAddr=0xaaab4f663a3c, dfxSize=176, funcType=0, elfDataFlag=1, userArgsNum=0, crossCoreSync=0, kernelVfType=0, shareMemSize=0, minStackSize=0, funcEntryType=0, functionEntry=0, schedMode=0, taskRation_0=0, taskRation_1=0, hasParamSummary=1, paramCount=4, paramTotalSize=32.
[INFO] RUNTIME(110933,npu_reader):2026-09-21-12:13:46.083.839 [elf.cc:1076] 110933 UpdateCachedParamInfos: Restore cached param info: kernel_name=mul_Ascend910B3_float32_210000000, ordinal=0, offset=0, size=8.
[INFO] RUNTIME(110933,npu_reader):2026-09-21-12:13:46.083.842 [elf.cc:1076] 110933 UpdateCachedParamInfos: Restore cached param info: kernel_name=mul_Ascend910B3_float32_210000000, ordinal=1, offset=8, size=8.
[INFO] RUNTIME(110933,npu_reader):2026-09-21-12:13:46.083.844 [elf.cc:1076] 110933 UpdateCachedParamInfos: Restore cached param info: kernel_name=mul_Ascend910B3_float32_210000000, ordinal=2, offset=16, size=8.
[INFO] RUNTIME(110933,npu_reader):2026-09-21-12:13:46.083.846 [elf.cc:1076] 110933 UpdateCachedParamInfos: Restore cached param info: kernel_name=mul_Ascend910B3_float32_210000000, ordinal=3, offset=24, size=8.
[INFO] RUNTIME(110933,npu_reader):2026-09-21-12:13:46.083.848 [elf.cc:1145] 110933 UpdateKernelsInfo: update meta info, kernel_name=mul_Ascend910B3_float32_210000000, dfxAddr=0xaaab4f663aec, dfxSize=176, funcType=0, elfDataFlag=1, userArgsNum=0, crossCoreSync=0, kernelVfType=0, shareMemSize=0, minStackSize=0, funcEntryType=0, functionEntry=0, schedMode=0, taskRation_0=0, taskRation_1=0, hasParamSummary=1, paramCount=4, paramTotalSize=32.
[INFO] RUNTIME(110933,npu_reader):2026-09-21-12:13:46.083.852 [runtime.cc:1448] 110933 AddProgramToPool: progId=9
[INFO] RUNTIME(110933,npu_reader):2026-09-21-12:13:46.083.855 [program.cc:1649] 110933 GetKernelTypeAndMixType: Get kernel type success, kernelName=mul_Ascend910B3_float32_232010000, funcType=0, kernelAttrType=2, mixType=0
[INFO] RUNTIME(110933,npu_reader):2026-09-21-12:13:46.083.858 [program.cc:1119] 110933 SetKernelAttribute: kernel_name=mul_Ascend910B3_float32_232010000, kernelAttrType=2, userParamNum=0, sysParamNum=1, IsNeedSetFftsAddrInArg=0, isSupportOverFlow=1, elfDataFlag=1
[INFO] RUNTIME(110933,npu_reader):2026-09-21-12:13:46.083.861 [program.cc:1690] 110933 BuildNewKernel: new kernel success, size=1320, programId=9, original kernel_name=mul_Ascend910B3_float32_232010000, register kernel_name=mul_Ascend910B3_float32_232010000, tilingKey=232010000, functionEntry=0, funcType=0, kernelAttrType=2, mixType=0, taskRation=2, offset=0, dfxAddr=187652748228408, dfxSize=176
[INFO] RUNTIME(110933,npu_reader):2026-09-21-12:13:46.083.865 [program.cc:1649] 110933 GetKernelTypeAndMixType: Get kernel type success, kernelName=mul_Ascend910B3_float32_232000000, funcType=0, kernelAttrType=2, mixType=0
[INFO] RUNTIME(110933,npu_reader):2026-09-21-12:13:46.083.868 [program.cc:1119] 110933 SetKernelAttribute: kernel_name=mul_Ascend910B3_float32_232000000, kernelAttrType=2, userParamNum=0, sysParamNum=1, IsNeedSetFftsAddrInArg=0, isSupportOverFlow=1, elfDataFlag=1
[INFO] RUNTIME(110933,npu_reader):2026-09-21-12:13:46.083.870 [program.cc:1690] 110933 BuildNewKernel: new kernel success, size=1320, programId=9, original kernel_name=mul_Ascend910B3_float32_232000000, register kernel_name=mul_Ascend910B3_float32_232000000, tilingKey=232000000, functionEntry=0, funcType=0, kernelAttrType=2, mixType=0, taskRation=2, offset=1536, dfxAddr=187652748228652, dfxSize=176
[INFO] RUNTIME(110933,npu_reader):2026-09-21-12:13:46.083.875 [program.cc:1649] 110933 GetKernelTypeAndMixType: Get kernel type success, kernelName=mul_Ascend910B3_float32_223010000, funcType=0, kernelAttrType=2, mixType=0
[INFO] RUNTIME(110933,npu_reader):2026-09-21-12:13:46.083.878 [program.cc:1119] 110933 SetKernelAttribute: kernel_name=mul_Ascend910B3_float32_223010000, kernelAttrType=2, userParamNum=0, sysParamNum=1, IsNeedSetFftsAddrInArg=0, isSupportOverFlow=1, elfDataFlag=1
[INFO] RUNTIME(110933,npu_reader):2026-09-21-12:13:46.083.881 [program.cc:1690] 110933 BuildNewKernel: new kernel success, size=1320, programId=9, original kernel_name=mul_Ascend910B3_float32_223010000, register kernel_name=mul_Ascend910B3_float32_223010000, tilingKey=223010000, functionEntry=0, funcType=0, kernelAttrType=2, mixType=0, taskRation=2, offset=2472, dfxAddr=187652748228828, dfxSize=176
[INFO] RUNTIME(110933,npu_reader):2026-09-21-12:13:46.083.885 [program.cc:1649] 110933 GetKernelTypeAndMixType: Get kernel type success, kernelName=mul_Ascend910B3_float32_223000000, funcType=0, kernelAttrType=2, mixType=0
[INFO] RUNTIME(110933,npu_reader):2026-09-21-12:13:46.083.888 [program.cc:1119] 110933 SetKernelAttribute: kernel_name=mul_Ascend910B3_float32_223000000, kernelAttrType=2, userParamNum=0, sysParamNum=1, IsNeedSetFftsAddrInArg=0, isSupportOverFlow=1, elfDataFlag=1
[INFO] RUNTIME(110933,npu_reader):2026-09-21-12:13:46.083.890 [program.cc:1690] 110933 BuildNewKernel: new kernel success, size=1320, programId=9, original kernel_name=mul_Ascend910B3_float32_223000000, register kernel_name=mul_Ascend910B3_float32_223000000, tilingKey=223000000, functionEntry=0, funcType=0, kernelAttrType=2, mixType=0, taskRation=2, offset=4068, dfxAddr=187652748229004, dfxSize=176
[INFO] RUNTIME(110933,npu_reader):2026-09-21-12:13:46.083.894 [program.cc:1649] 110933 GetKernelTypeAndMixType: Get kernel type success, kernelName=mul_Ascend910B3_float32_210010000, funcType=0, kernelAttrType=2, mixType=0
[INFO] RUNTIME(110933,npu_reader):2026-09-21-12:13:46.083.897 [program.cc:1119] 110933 SetKernelAttribute: kernel_name=mul_Ascend910B3_float32_210010000, kernelAttrType=2, userParamNum=0, sysParamNum=1, IsNeedSetFftsAddrInArg=0, isSupportOverFlow=1, elfDataFlag=1
[INFO] RUNTIME(110933,npu_reader):2026-09-21-12:13:46.083.899 [program.cc:1690] 110933 BuildNewKernel: new kernel success, size=1320, programId=9, original kernel_name=mul_Ascend910B3_float32_210010000, register kernel_name=mul_Ascend910B3_float32_210010000, tilingKey=210010000, functionEntry=0, funcType=0, kernelAttrType=2, mixType=0, taskRation=2, offset=4992, dfxAddr=187652748229180, dfxSize=176
[INFO] RUNTIME(110933,npu_reader):2026-09-21-12:13:46.083.903 [program.cc:1649] 110933 GetKernelTypeAndMixType: Get kernel type success, kernelName=mul_Ascend910B3_float32_210000000, funcType=0, kernelAttrType=2, mixType=0
[INFO] RUNTIME(110933,npu_reader):2026-09-21-12:13:46.083.906 [program.cc:1119] 110933 SetKernelAttribute: kernel_name=mul_Ascend910B3_float32_210000000, kernelAttrType=2, userParamNum=0, sysParamNum=1, IsNeedSetFftsAddrInArg=0, isSupportOverFlow=1, elfDataFlag=1
[INFO] RUNTIME(110933,npu_reader):2026-09-21-12:13:46.083.909 [program.cc:1690] 110933 BuildNewKernel: new kernel success, size=1320, programId=9, original kernel_name=mul_Ascend910B3_float32_210000000, register kernel_name=mul_Ascend910B3_float32_210000000, tilingKey=210000000, functionEntry=0, funcType=0, kernelAttrType=2, mixType=0, taskRation=2, offset=6596, dfxAddr=187652748229356, dfxSize=176
[INFO] RUNTIME(110933,npu_reader):2026-09-21-12:13:46.083.935 [binary_loader.cc:364] 110933 LoadFromData: New ElfProgram ok, magic=1094799942, kernelAttrType=2, Runtime_alloc_size=11072
[INFO] RUNTIME(110933,npu_reader):2026-09-21-12:13:46.083.963 [program.cc:204] 110933 SaveBinaryData: Malloc the buffer for elfData, len=14976
[INFO] RUNTIME(110933,npu_reader):2026-09-21-12:13:46.083.966 [elf.cc:884] 110933 ParseKernelMetaData: section name = .text.
[INFO] RUNTIME(110933,npu_reader):2026-09-21-12:13:46.083.969 [elf.cc:884] 110933 ParseKernelMetaData: section name = .ascend.stack.size.record.
[INFO] RUNTIME(110933,npu_reader):2026-09-21-12:13:46.083.971 [elf.cc:884] 110933 ParseKernelMetaData: section name = __CCE_KernelArgSize.
[INFO] RUNTIME(110933,npu_reader):2026-09-21-12:13:46.083.973 [elf.cc:884] 110933 ParseKernelMetaData: section name = .ascend.meta.mul_Ascend910B4_float32_232010000.
[INFO] RUNTIME(110933,npu_reader):2026-09-21-12:13:46.083.976 [elf.cc:575] 110933 ElfParseParamSummary: paramCount=4, paramTotalSize=32.
[INFO] RUNTIME(110933,npu_reader):2026-09-21-12:13:46.083.978 [elf.cc:610] 110933 ElfParseParamInfo: Cache param info: ordinal=0, offset=0, size=8, align=8, paramType=2, spaceIndex=0.
[INFO] RUNTIME(110933,npu_reader):2026-09-21-12:13:46.083.980 [elf.cc:610] 110933 ElfParseParamInfo: Cache param info: ordinal=1, offset=8, size=8, align=8, paramType=2, spaceIndex=0.
[INFO] RUNTIME(110933,npu_reader):2026-09-21-12:13:46.083.983 [elf.cc:610] 110933 ElfParseParamInfo: Cache param info: ordinal=2, offset=16, size=8, align=8, paramType=2, spaceIndex=0.
[INFO] RUNTIME(110933,npu_reader):2026-09-21-12:13:46.083.985 [elf.cc:610] 110933 ElfParseParamInfo: Cache param info: ordinal=3, offset=24, size=8, align=8, paramType=2, spaceIndex=0.
[INFO] RUNTIME(110933,npu_reader):2026-09-21-12:13:46.083.988 [elf.cc:916] 110933 ParseKernelMetaData: kernel_name=mul_Ascend910B4_float32_232010000, ration[0]=0, ration[1]=0, dfxAddr=0xaaab4f670938, dfxSize=176, funcType=0, crossCoreSync=0, kernelVfType=0, shareMemSize=0, minStackSize=0, isSupportFuncEntry=0, functionEntryFlag=128, functionEntry=0.
[INFO] RUNTIME(110933,npu_reader):2026-09-21-12:13:46.083.991 [elf.cc:884] 110933 ParseKernelMetaData: section name = .comment.
[INFO] RUNTIME(110933,npu_reader):2026-09-21-12:13:46.083.993 [elf.cc:884] 110933 ParseKernelMetaData: section name = .ascend.meta.mul_Ascend910B4_float32_232000000.
[INFO] RUNTIME(110933,npu_reader):2026-09-21-12:13:46.083.995 [elf.cc:575] 110933 ElfParseParamSummary: paramCount=4, paramTotalSize=32.
[INFO] RUNTIME(110933,npu_reader):2026-09-21-12:13:46.083.998 [elf.cc:610] 110933 ElfParseParamInfo: Cache param info: ordinal=0, offset=0, size=8, align=8, paramType=2, spaceIndex=0.
[INFO] RUNTIME(110933,npu_reader):2026-09-21-12:13:46.084.000 [elf.cc:610] 110933 ElfParseParamInfo: Cache param info: ordinal=1, offset=8, size=8, align=8, paramType=2, spaceIndex=0.
[INFO] RUNTIME(110933,npu_reader):2026-09-21-12:13:46.084.002 [elf.cc:610] 110933 ElfParseParamInfo: Cache param info: ordinal=2, offset=16, size=8, align=8, paramType=2, spaceIndex=0.
[INFO] RUNTIME(110933,npu_reader):2026-09-21-12:13:46.084.005 [elf.cc:610] 110933 ElfParseParamInfo: Cache param info: ordinal=3, offset=24, size=8, align=8, paramType=2, spaceIndex=0.
[INFO] RUNTIME(110933,npu_reader):2026-09-21-12:13:46.084.007 [elf.cc:916] 110933 ParseKernelMetaData: kernel_name=mul_Ascend910B4_float32_232000000, ration[0]=0, ration[1]=0, dfxAddr=0xaaab4f670a2c, dfxSize=176, funcType=0, crossCoreSync=0, kernelVfType=0, shareMemSize=0, minStackSize=0, isSupportFuncEntry=0, functionEntryFlag=128, functionEntry=0.
[INFO] RUNTIME(110933,npu_reader):2026-09-21-12:13:46.084.010 [elf.cc:884] 110933 ParseKernelMetaData: section name = .ascend.meta.mul_Ascend910B4_float32_223010000.
[INFO] RUNTIME(110933,npu_reader):2026-09-21-12:13:46.084.013 [elf.cc:575] 110933 ElfParseParamSummary: paramCount=4, paramTotalSize=32.
[INFO] RUNTIME(110933,npu_reader):2026-09-21-12:13:46.084.015 [elf.cc:610] 110933 ElfParseParamInfo: Cache param info: ordinal=0, offset=0, size=8, align=8, paramType=2, spaceIndex=0.
[INFO] RUNTIME(110933,npu_reader):2026-09-21-12:13:46.084.017 [elf.cc:610] 110933 ElfParseParamInfo: Cache param info: ordinal=1, offset=8, size=8, align=8, paramType=2, spaceIndex=0.
[INFO] RUNTIME(110933,npu_reader):2026-09-21-12:13:46.084.021 [elf.cc:610] 110933 ElfParseParamInfo: Cache param info: ordinal=2, offset=16, size=8, align=8, paramType=2, spaceIndex=0.
[INFO] RUNTIME(110933,npu_reader):2026-09-21-12:13:46.084.023 [elf.cc:610] 110933 ElfParseParamInfo: Cache param info: ordinal=3, offset=24, size=8, align=8, paramType=2, spaceIndex=0.
[INFO] RUNTIME(110933,npu_reader):2026-09-21-12:13:46.084.026 [elf.cc:916] 110933 ParseKernelMetaData: kernel_name=mul_Ascend910B4_float32_223010000, ration[0]=0, ration[1]=0, dfxAddr=0xaaab4f670adc, dfxSize=176, funcType=0, crossCoreSync=0, kernelVfType=0, shareMemSize=0, minStackSize=0, isSupportFuncEntry=0, functionEntryFlag=128, functionEntry=0.
[INFO] RUNTIME(110933,npu_reader):2026-09-21-12:13:46.084.029 [elf.cc:884] 110933 ParseKernelMetaData: section name = .ascend.meta.mul_Ascend910B4_float32_223000000.
[INFO] RUNTIME(110933,npu_reader):2026-09-21-12:13:46.084.031 [elf.cc:575] 110933 ElfParseParamSummary: paramCount=4, paramTotalSize=32.
[INFO] RUNTIME(110933,npu_reader):2026-09-21-12:13:46.084.033 [elf.cc:610] 110933 ElfParseParamInfo: Cache param info: ordinal=0, offset=0, size=8, align=8, paramType=2, spaceIndex=0.
[INFO] RUNTIME(110933,npu_reader):2026-09-21-12:13:46.084.036 [elf.cc:610] 110933 ElfParseParamInfo: Cache param info: ordinal=1, offset=8, size=8, align=8, paramType=2, spaceIndex=0.
[INFO] RUNTIME(110933,npu_reader):2026-09-21-12:13:46.084.038 [elf.cc:610] 110933 ElfParseParamInfo: Cache param info: ordinal=2, offset=16, size=8, align=8, paramType=2, spaceIndex=0.
[INFO] RUNTIME(110933,npu_reader):2026-09-21-12:13:46.084.041 [elf.cc:610] 110933 ElfParseParamInfo: Cache param info: ordinal=3, offset=24, size=8, align=8, paramType=2, spaceIndex=0.
[INFO] RUNTIME(110933,npu_reader):2026-09-21-12:13:46.084.043 [elf.cc:916] 110933 ParseKernelMetaData: kernel_name=mul_Ascend910B4_float32_223000000, ration[0]=0, ration[1]=0, dfxAddr=0xaaab4f670b8c, dfxSize=176, funcType=0, crossCoreSync=0, kernelVfType=0, shareMemSize=0, minStackSize=0, isSupportFuncEntry=0, functionEntryFlag=128, functionEntry=0.
[INFO] RUNTIME(110933,npu_reader):2026-09-21-12:13:46.084.046 [elf.cc:884] 110933 ParseKernelMetaData: section name = .ascend.meta.mul_Ascend910B4_float32_210010000.
[INFO] RUNTIME(110933,npu_reader):2026-09-21-12:13:46.084.048 [elf.cc:575] 110933 ElfParseParamSummary: paramCount=4, paramTotalSize=32.
[INFO] RUNTIME(110933,npu_reader):2026-09-21-12:13:46.084.050 [elf.cc:610] 110933 ElfParseParamInfo: Cache param info: ordinal=0, offset=0, size=8, align=8, paramType=2, spaceIndex=0.
[INFO] RUNTIME(110933,npu_reader):2026-09-21-12:13:46.084.053 [elf.cc:610] 110933 ElfParseParamInfo: Cache param info: ordinal=1, offset=8, size=8, align=8, paramType=2, spaceIndex=0.
[INFO] RUNTIME(110933,npu_reader):2026-09-21-12:13:46.084.055 [elf.cc:610] 110933 ElfParseParamInfo: Cache param info: ordinal=2, offset=16, size=8, align=8, paramType=2, spaceIndex=0.
[INFO] RUNTIME(110933,npu_reader):2026-09-21-12:13:46.084.058 [elf.cc:610] 110933 ElfParseParamInfo: Cache param info: ordinal=3, offset=24, size=8, align=8, paramType=2, spaceIndex=0.
[INFO] RUNTIME(110933,npu_reader):2026-09-21-12:13:46.084.060 [elf.cc:916] 110933 ParseKernelMetaData: kernel_name=mul_Ascend910B4_float32_210010000, ration[0]=0, ration[1]=0, dfxAddr=0xaaab4f670c3c, dfxSize=176, funcType=0, crossCoreSync=0, kernelVfType=0, shareMemSize=0, minStackSize=0, isSupportFuncEntry=0, functionEntryFlag=128, functionEntry=0.
[INFO] RUNTIME(110933,npu_reader):2026-09-21-12:13:46.084.063 [elf.cc:884] 110933 ParseKernelMetaData: section name = .ascend.meta.mul_Ascend910B4_float32_210000000.
[INFO] RUNTIME(110933,npu_reader):2026-09-21-12:13:46.084.065 [elf.cc:575] 110933 ElfParseParamSummary: paramCount=4, paramTotalSize=32.
[INFO] RUNTIME(110933,npu_reader):2026-09-21-12:13:46.084.067 [elf.cc:610] 110933 ElfParseParamInfo: Cache param info: ordinal=0, offset=0, size=8, align=8, paramType=2, spaceIndex=0.
[INFO] RUNTIME(110933,npu_reader):2026-09-21-12:13:46.084.070 [elf.cc:610] 110933 ElfParseParamInfo: Cache param info: ordinal=1, offset=8, size=8, align=8, paramType=2, spaceIndex=0.
[INFO] RUNTIME(110933,npu_reader):2026-09-21-12:13:46.084.073 [elf.cc:610] 110933 ElfParseParamInfo: Cache param info: ordinal=2, offset=16, size=8, align=8, paramType=2, spaceIndex=0.
[INFO] RUNTIME(110933,npu_reader):2026-09-21-12:13:46.084.075 [elf.cc:610] 110933 ElfParseParamInfo: Cache param info: ordinal=3, offset=24, size=8, align=8, paramType=2, spaceIndex=0.
[INFO] RUNTIME(110933,npu_reader):2026-09-21-12:13:46.084.077 [elf.cc:916] 110933 ParseKernelMetaData: kernel_name=mul_Ascend910B4_float32_210000000, ration[0]=0, ration[1]=0, dfxAddr=0xaaab4f670cec, dfxSize=176, funcType=0, crossCoreSync=0, kernelVfType=0, shareMemSize=0, minStackSize=0, isSupportFuncEntry=0, functionEntryFlag=128, functionEntry=0.
[INFO] RUNTIME(110933,npu_reader):2026-09-21-12:13:46.084.089 [elf.cc:1076] 110933 UpdateCachedParamInfos: Restore cached param info: kernel_name=mul_Ascend910B4_float32_232010000, ordinal=0, offset=0, size=8.
[INFO] RUNTIME(110933,npu_reader):2026-09-21-12:13:46.084.091 [elf.cc:1076] 110933 UpdateCachedParamInfos: Restore cached param info: kernel_name=mul_Ascend910B4_float32_232010000, ordinal=1, offset=8, size=8.
[INFO] RUNTIME(110933,npu_reader):2026-09-21-12:13:46.084.094 [elf.cc:1076] 110933 UpdateCachedParamInfos: Restore cached param info: kernel_name=mul_Ascend910B4_float32_232010000, ordinal=2, offset=16, size=8.
[INFO] RUNTIME(110933,npu_reader):2026-09-21-12:13:46.084.096 [elf.cc:1076] 110933 UpdateCachedParamInfos: Restore cached param info: kernel_name=mul_Ascend910B4_float32_232010000, ordinal=3, offset=24, size=8.
[INFO] RUNTIME(110933,npu_reader):2026-09-21-12:13:46.084.098 [elf.cc:1145] 110933 UpdateKernelsInfo: update meta info, kernel_name=mul_Ascend910B4_float32_232010000, dfxAddr=0xaaab4f670938, dfxSize=176, funcType=0, elfDataFlag=1, userArgsNum=0, crossCoreSync=0, kernelVfType=0, shareMemSize=0, minStackSize=0, funcEntryType=0, functionEntry=0, schedMode=0, taskRation_0=0, taskRation_1=0, hasParamSummary=1, paramCount=4, paramTotalSize=32.
[INFO] RUNTIME(110933,npu_reader):2026-09-21-12:13:46.084.102 [elf.cc:1076] 110933 UpdateCachedParamInfos: Restore cached param info: kernel_name=mul_Ascend910B4_float32_232000000, ordinal=0, offset=0, size=8.
[INFO] RUNTIME(110933,npu_reader):2026-09-21-12:13:46.084.104 [elf.cc:1076] 110933 UpdateCachedParamInfos: Restore cached param info: kernel_name=mul_Ascend910B4_float32_232000000, ordinal=1, offset=8, size=8.
[INFO] RUNTIME(110933,npu_reader):2026-09-21-12:13:46.084.106 [elf.cc:1076] 110933 UpdateCachedParamInfos: Restore cached param info: kernel_name=mul_Ascend910B4_float32_232000000, ordinal=2, offset=16, size=8.
[INFO] RUNTIME(110933,npu_reader):2026-09-21-12:13:46.084.109 [elf.cc:1076] 110933 UpdateCachedParamInfos: Restore cached param info: kernel_name=mul_Ascend910B4_float32_232000000, ordinal=3, offset=24, size=8.
[INFO] RUNTIME(110933,npu_reader):2026-09-21-12:13:46.084.111 [elf.cc:1145] 110933 UpdateKernelsInfo: update meta info, kernel_name=mul_Ascend910B4_float32_232000000, dfxAddr=0xaaab4f670a2c, dfxSize=176, funcType=0, elfDataFlag=1, userArgsNum=0, crossCoreSync=0, kernelVfType=0, shareMemSize=0, minStackSize=0, funcEntryType=0, functionEntry=0, schedMode=0, taskRation_0=0, taskRation_1=0, hasParamSummary=1, paramCount=4, paramTotalSize=32.
[INFO] RUNTIME(110933,npu_reader):2026-09-21-12:13:46.084.114 [elf.cc:1076] 110933 UpdateCachedParamInfos: Restore cached param info: kernel_name=mul_Ascend910B4_float32_223010000, ordinal=0, offset=0, size=8.
[INFO] RUNTIME(110933,npu_reader):2026-09-21-12:13:46.084.116 [elf.cc:1076] 110933 UpdateCachedParamInfos: Restore cached param info: kernel_name=mul_Ascend910B4_float32_223010000, ordinal=1, offset=8, size=8.
[INFO] RUNTIME(110933,npu_reader):2026-09-21-12:13:46.084.119 [elf.cc:1076] 110933 UpdateCachedParamInfos: Restore cached param info: kernel_name=mul_Ascend910B4_float32_223010000, ordinal=2, offset=16, size=8.
[INFO] RUNTIME(110933,npu_reader):2026-09-21-12:13:46.084.121 [elf.cc:1076] 110933 UpdateCachedParamInfos: Restore cached param info: kernel_name=mul_Ascend910B4_float32_223010000, ordinal=3, offset=24, size=8.
[INFO] RUNTIME(110933,npu_reader):2026-09-21-12:13:46.084.124 [elf.cc:1145] 110933 UpdateKernelsInfo: update meta info, kernel_name=mul_Ascend910B4_float32_223010000, dfxAddr=0xaaab4f670adc, dfxSize=176, funcType=0, elfDataFlag=1, userArgsNum=0, crossCoreSync=0, kernelVfType=0, shareMemSize=0, minStackSize=0, funcEntryType=0, functionEntry=0, schedMode=0, taskRation_0=0, taskRation_1=0, hasParamSummary=1, paramCount=4, paramTotalSize=32.
[INFO] RUNTIME(110933,npu_reader):2026-09-21-12:13:46.084.127 [elf.cc:1076] 110933 UpdateCachedParamInfos: Restore cached param info: kernel_name=mul_Ascend910B4_float32_223000000, ordinal=0, offset=0, size=8.
[INFO] RUNTIME(110933,npu_reader):2026-09-21-12:13:46.084.130 [elf.cc:1076] 110933 UpdateCachedParamInfos: Restore cached param info: kernel_name=mul_Ascend910B4_float32_223000000, ordinal=1, offset=8, size=8.
[INFO] RUNTIME(110933,npu_reader):2026-09-21-12:13:46.084.132 [elf.cc:1076] 110933 UpdateCachedParamInfos: Restore cached param info: kernel_name=mul_Ascend910B4_float32_223000000, ordinal=2, offset=16, size=8.
[INFO] RUNTIME(110933,npu_reader):2026-09-21-12:13:46.084.134 [elf.cc:1076] 110933 UpdateCachedParamInfos: Restore cached param info: kernel_name=mul_Ascend910B4_float32_223000000, ordinal=3, offset=24, size=8.
[INFO] RUNTIME(110933,npu_reader):2026-09-21-12:13:46.084.136 [elf.cc:1145] 110933 UpdateKernelsInfo: update meta info, kernel_name=mul_Ascend910B4_float32_223000000, dfxAddr=0xaaab4f670b8c, dfxSize=176, funcType=0, elfDataFlag=1, userArgsNum=0, crossCoreSync=0, kernelVfType=0, shareMemSize=0, minStackSize=0, funcEntryType=0, functionEntry=0, schedMode=0, taskRation_0=0, taskRation_1=0, hasParamSummary=1, paramCount=4, paramTotalSize=32.
[INFO] RUNTIME(110933,npu_reader):2026-09-21-12:13:46.084.140 [elf.cc:1076] 110933 UpdateCachedParamInfos: Restore cached param info: kernel_name=mul_Ascend910B4_float32_210010000, ordinal=0, offset=0, size=8.
[INFO] RUNTIME(110933,npu_reader):2026-09-21-12:13:46.084.142 [elf.cc:1076] 110933 UpdateCachedParamInfos: Restore cached param info: kernel_name=mul_Ascend910B4_float32_210010000, ordinal=1, offset=8, size=8.
[INFO] RUNTIME(110933,npu_reader):2026-09-21-12:13:46.084.144 [elf.cc:1076] 110933 UpdateCachedParamInfos: Restore cached param info: kernel_name=mul_Ascend910B4_float32_210010000, ordinal=2, offset=16, size=8.
[INFO] RUNTIME(110933,npu_reader):2026-09-21-12:13:46.084.147 [elf.cc:1076] 110933 UpdateCachedParamInfos: Restore cached param info: kernel_name=mul_Ascend910B4_float32_210010000, ordinal=3, offset=24, size=8.
[INFO] RUNTIME(110933,npu_reader):2026-09-21-12:13:46.084.149 [elf.cc:1145] 110933 UpdateKernelsInfo: update meta info, kernel_name=mul_Ascend910B4_float32_210010000, dfxAddr=0xaaab4f670c3c, dfxSize=176, funcType=0, elfDataFlag=1, userArgsNum=0, crossCoreSync=0, kernelVfType=0, shareMemSize=0, minStackSize=0, funcEntryType=0, functionEntry=0, schedMode=0, taskRation_0=0, taskRation_1=0, hasParamSummary=1, paramCount=4, paramTotalSize=32.
[INFO] RUNTIME(110933,npu_reader):2026-09-21-12:13:46.084.152 [elf.cc:1076] 110933 UpdateCachedParamInfos: Restore cached param info: kernel_name=mul_Ascend910B4_float32_210000000, ordinal=0, offset=0, size=8.
[INFO] RUNTIME(110933,npu_reader):2026-09-21-12:13:46.084.154 [elf.cc:1076] 110933 UpdateCachedParamInfos: Restore cached param info: kernel_name=mul_Ascend910B4_float32_210000000, ordinal=1, offset=8, size=8.
[INFO] RUNTIME(110933,npu_reader):2026-09-21-12:13:46.084.156 [elf.cc:1076] 110933 UpdateCachedParamInfos: Restore cached param info: kernel_name=mul_Ascend910B4_float32_210000000, ordinal=2, offset=16, size=8.
[INFO] RUNTIME(110933,npu_reader):2026-09-21-12:13:46.084.159 [elf.cc:1076] 110933 UpdateCachedParamInfos: Restore cached param info: kernel_name=mul_Ascend910B4_float32_210000000, ordinal=3, offset=24, size=8.
[INFO] RUNTIME(110933,npu_reader):2026-09-21-12:13:46.084.161 [elf.cc:1145] 110933 UpdateKernelsInfo: update meta info, kernel_name=mul_Ascend910B4_float32_210000000, dfxAddr=0xaaab4f670cec, dfxSize=176, funcType=0, elfDataFlag=1, userArgsNum=0, crossCoreSync=0, kernelVfType=0, shareMemSize=0, minStackSize=0, funcEntryType=0, functionEntry=0, schedMode=0, taskRation_0=0, taskRation_1=0, hasParamSummary=1, paramCount=4, paramTotalSize=32.
[INFO] RUNTIME(110933,npu_reader):2026-09-21-12:13:46.084.166 [runtime.cc:1448] 110933 AddProgramToPool: progId=10
[INFO] RUNTIME(110933,npu_reader):2026-09-21-12:13:46.084.169 [program.cc:1649] 110933 GetKernelTypeAndMixType: Get kernel type success, kernelName=mul_Ascend910B4_float32_232010000, funcType=0, kernelAttrType=2, mixType=0
[INFO] RUNTIME(110933,npu_reader):2026-09-21-12:13:46.084.172 [program.cc:1119] 110933 SetKernelAttribute: kernel_name=mul_Ascend910B4_float32_232010000, kernelAttrType=2, userParamNum=0, sysParamNum=1, IsNeedSetFftsAddrInArg=0, isSupportOverFlow=1, elfDataFlag=1
[INFO] RUNTIME(110933,npu_reader):2026-09-21-12:13:46.084.175 [program.cc:1690] 110933 BuildNewKernel: new kernel success, size=1320, programId=10, original kernel_name=mul_Ascend910B4_float32_232010000, register kernel_name=mul_Ascend910B4_float32_232010000, tilingKey=232010000, functionEntry=0, funcType=0, kernelAttrType=2, mixType=0, taskRation=2, offset=0, dfxAddr=187652748282168, dfxSize=176
[INFO] RUNTIME(110933,npu_reader):2026-09-21-12:13:46.084.179 [program.cc:1649] 110933 GetKernelTypeAndMixType: Get kernel type success, kernelName=mul_Ascend910B4_float32_232000000, funcType=0, kernelAttrType=2, mixType=0
[INFO] RUNTIME(110933,npu_reader):2026-09-21-12:13:46.084.182 [program.cc:1119] 110933 SetKernelAttribute: kernel_name=mul_Ascend910B4_float32_232000000, kernelAttrType=2, userParamNum=0, sysParamNum=1, IsNeedSetFftsAddrInArg=0, isSupportOverFlow=1, elfDataFlag=1
[INFO] RUNTIME(110933,npu_reader):2026-09-21-12:13:46.084.184 [program.cc:1690] 110933 BuildNewKernel: new kernel success, size=1320, programId=10, original kernel_name=mul_Ascend910B4_float32_232000000, register kernel_name=mul_Ascend910B4_float32_232000000, tilingKey=232000000, functionEntry=0, funcType=0, kernelAttrType=2, mixType=0, taskRation=2, offset=1536, dfxAddr=187652748282412, dfxSize=176
[INFO] RUNTIME(110933,npu_reader):2026-09-21-12:13:46.084.188 [program.cc:1649] 110933 GetKernelTypeAndMixType: Get kernel type success, kernelName=mul_Ascend910B4_float32_223010000, funcType=0, kernelAttrType=2, mixType=0
[INFO] RUNTIME(110933,npu_reader):2026-09-21-12:13:46.084.191 [program.cc:1119] 110933 SetKernelAttribute: kernel_name=mul_Ascend910B4_float32_223010000, kernelAttrType=2, userParamNum=0, sysParamNum=1, IsNeedSetFftsAddrInArg=0, isSupportOverFlow=1, elfDataFlag=1
[INFO] RUNTIME(110933,npu_reader):2026-09-21-12:13:46.084.194 [program.cc:1690] 110933 BuildNewKernel: new kernel success, size=1320, programId=10, original kernel_name=mul_Ascend910B4_float32_223010000, register kernel_name=mul_Ascend910B4_float32_223010000, tilingKey=223010000, functionEntry=0, funcType=0, kernelAttrType=2, mixType=0, taskRation=2, offset=2472, dfxAddr=187652748282588, dfxSize=176
[INFO] RUNTIME(110933,npu_reader):2026-09-21-12:13:46.084.197 [program.cc:1649] 110933 GetKernelTypeAndMixType: Get kernel type success, kernelName=mul_Ascend910B4_float32_223000000, funcType=0, kernelAttrType=2, mixType=0
[INFO] RUNTIME(110933,npu_reader):2026-09-21-12:13:46.084.200 [program.cc:1119] 110933 SetKernelAttribute: kernel_name=mul_Ascend910B4_float32_223000000, kernelAttrType=2, userParamNum=0, sysParamNum=1, IsNeedSetFftsAddrInArg=0, isSupportOverFlow=1, elfDataFlag=1
[INFO] RUNTIME(110933,npu_reader):2026-09-21-12:13:46.084.203 [program.cc:1690] 110933 BuildNewKernel: new kernel success, size=1320, programId=10, original kernel_name=mul_Ascend910B4_float32_223000000, register kernel_name=mul_Ascend910B4_float32_223000000, tilingKey=223000000, functionEntry=0, funcType=0, kernelAttrType=2, mixType=0, taskRation=2, offset=4068, dfxAddr=187652748282764, dfxSize=176
[INFO] RUNTIME(110933,npu_reader):2026-09-21-12:13:46.084.206 [program.cc:1649] 110933 GetKernelTypeAndMixType: Get kernel type success, kernelName=mul_Ascend910B4_float32_210010000, funcType=0, kernelAttrType=2, mixType=0
[INFO] RUNTIME(110933,npu_reader):2026-09-21-12:13:46.084.210 [program.cc:1119] 110933 SetKernelAttribute: kernel_name=mul_Ascend910B4_float32_210010000, kernelAttrType=2, userParamNum=0, sysParamNum=1, IsNeedSetFftsAddrInArg=0, isSupportOverFlow=1, elfDataFlag=1
[INFO] RUNTIME(110933,npu_reader):2026-09-21-12:13:46.084.213 [program.cc:1690] 110933 BuildNewKernel: new kernel success, size=1320, programId=10, original kernel_name=mul_Ascend910B4_float32_210010000, register kernel_name=mul_Ascend910B4_float32_210010000, tilingKey=210010000, functionEntry=0, funcType=0, kernelAttrType=2, mixType=0, taskRation=2, offset=4992, dfxAddr=187652748282940, dfxSize=176
[INFO] RUNTIME(110933,npu_reader):2026-09-21-12:13:46.084.216 [program.cc:1649] 110933 GetKernelTypeAndMixType: Get kernel type success, kernelName=mul_Ascend910B4_float32_210000000, funcType=0, kernelAttrType=2, mixType=0
[INFO] RUNTIME(110933,npu_reader):2026-09-21-12:13:46.084.219 [program.cc:1119] 110933 SetKernelAttribute: kernel_name=mul_Ascend910B4_float32_210000000, kernelAttrType=2, userParamNum=0, sysParamNum=1, IsNeedSetFftsAddrInArg=0, isSupportOverFlow=1, elfDataFlag=1
[INFO] RUNTIME(110933,npu_reader):2026-09-21-12:13:46.084.222 [program.cc:1690] 110933 BuildNewKernel: new kernel success, size=1320, programId=10, original kernel_name=mul_Ascend910B4_float32_210000000, register kernel_name=mul_Ascend910B4_float32_210000000, tilingKey=210000000, functionEntry=0, funcType=0, kernelAttrType=2, mixType=0, taskRation=2, offset=6596, dfxAddr=187652748283116, dfxSize=176
[INFO] RUNTIME(110933,npu_reader):2026-09-21-12:13:46.084.248 [binary_loader.cc:364] 110933 LoadFromData: New ElfProgram ok, magic=1094799942, kernelAttrType=2, Runtime_alloc_size=11072
[INFO] RUNTIME(110933,npu_reader):2026-09-21-12:13:46.084.251 [program.cc:204] 110933 SaveBinaryData: Malloc the buffer for elfData, len=15288
[INFO] RUNTIME(110933,npu_reader):2026-09-21-12:13:46.084.255 [elf.cc:884] 110933 ParseKernelMetaData: section name = .text.
[INFO] RUNTIME(110933,npu_reader):2026-09-21-12:13:46.084.257 [elf.cc:884] 110933 ParseKernelMetaData: section name = .ascend.stack.size.record.
[INFO] RUNTIME(110933,npu_reader):2026-09-21-12:13:46.084.260 [elf.cc:884] 110933 ParseKernelMetaData: section name = __CCE_KernelArgSize.
[INFO] RUNTIME(110933,npu_reader):2026-09-21-12:13:46.084.262 [elf.cc:884] 110933 ParseKernelMetaData: section name = .ascend.meta.mul_Ascend910B1_int32_232010000.
[INFO] RUNTIME(110933,npu_reader):2026-09-21-12:13:46.084.264 [elf.cc:575] 110933 ElfParseParamSummary: paramCount=4, paramTotalSize=32.
[INFO] RUNTIME(110933,npu_reader):2026-09-21-12:13:46.084.266 [elf.cc:610] 110933 ElfParseParamInfo: Cache param info: ordinal=0, offset=0, size=8, align=8, paramType=2, spaceIndex=0.
[INFO] RUNTIME(110933,npu_reader):2026-09-21-12:13:46.084.269 [elf.cc:610] 110933 ElfParseParamInfo: Cache param info: ordinal=1, offset=8, size=8, align=8, paramType=2, spaceIndex=0.
[INFO] RUNTIME(110933,npu_reader):2026-09-21-12:13:46.084.271 [elf.cc:610] 110933 ElfParseParamInfo: Cache param info: ordinal=2, offset=16, size=8, align=8, paramType=2, spaceIndex=0.
[INFO] RUNTIME(110933,npu_reader):2026-09-21-12:13:46.084.274 [elf.cc:610] 110933 ElfParseParamInfo: Cache param info: ordinal=3, offset=24, size=8, align=8, paramType=2, spaceIndex=0.
[INFO] RUNTIME(110933,npu_reader):2026-09-21-12:13:46.084.276 [elf.cc:916] 110933 ParseKernelMetaData: kernel_name=mul_Ascend910B1_int32_232010000, ration[0]=0, ration[1]=0, dfxAddr=0xaaab4f67de14, dfxSize=176, funcType=0, crossCoreSync=0, kernelVfType=0, shareMemSize=0, minStackSize=0, isSupportFuncEntry=0, functionEntryFlag=128, functionEntry=0.
[INFO] RUNTIME(110933,npu_reader):2026-09-21-12:13:46.084.279 [elf.cc:884] 110933 ParseKernelMetaData: section name = .comment.
[INFO] RUNTIME(110933,npu_reader):2026-09-21-12:13:46.084.281 [elf.cc:884] 110933 ParseKernelMetaData: section name = .ascend.meta.mul_Ascend910B1_int32_232000000.
[INFO] RUNTIME(110933,npu_reader):2026-09-21-12:13:46.084.285 [elf.cc:575] 110933 ElfParseParamSummary: paramCount=4, paramTotalSize=32.
[INFO] RUNTIME(110933,npu_reader):2026-09-21-12:13:46.084.287 [elf.cc:610] 110933 ElfParseParamInfo: Cache param info: ordinal=0, offset=0, size=8, align=8, paramType=2, spaceIndex=0.
[INFO] RUNTIME(110933,npu_reader):2026-09-21-12:13:46.084.289 [elf.cc:610] 110933 ElfParseParamInfo: Cache param info: ordinal=1, offset=8, size=8, align=8, paramType=2, spaceIndex=0.
[INFO] RUNTIME(110933,npu_reader):2026-09-21-12:13:46.084.292 [elf.cc:610] 110933 ElfParseParamInfo: Cache param info: ordinal=2, offset=16, size=8, align=8, paramType=2, spaceIndex=0.
[INFO] RUNTIME(110933,npu_reader):2026-09-21-12:13:46.084.294 [elf.cc:610] 110933 ElfParseParamInfo: Cache param info: ordinal=3, offset=24, size=8, align=8, paramType=2, spaceIndex=0.
[INFO] RUNTIME(110933,npu_reader):2026-09-21-12:13:46.084.297 [elf.cc:916] 110933 ParseKernelMetaData: kernel_name=mul_Ascend910B1_int32_232000000, ration[0]=0, ration[1]=0, dfxAddr=0xaaab4f67df08, dfxSize=176, funcType=0, crossCoreSync=0, kernelVfType=0, shareMemSize=0, minStackSize=0, isSupportFuncEntry=0, functionEntryFlag=128, functionEntry=0.
[INFO] RUNTIME(110933,npu_reader):2026-09-21-12:13:46.084.300 [elf.cc:884] 110933 ParseKernelMetaData: section name = .ascend.meta.mul_Ascend910B1_int32_223010000.
[INFO] RUNTIME(110933,npu_reader):2026-09-21-12:13:46.084.302 [elf.cc:575] 110933 ElfParseParamSummary: paramCount=4, paramTotalSize=32.
[INFO] RUNTIME(110933,npu_reader):2026-09-21-12:13:46.084.304 [elf.cc:610] 110933 ElfParseParamInfo: Cache param info: ordinal=0, offset=0, size=8, align=8, paramType=2, spaceIndex=0.
[INFO] RUNTIME(110933,npu_reader):2026-09-21-12:13:46.084.306 [elf.cc:610] 110933 ElfParseParamInfo: Cache param info: ordinal=1, offset=8, size=8, align=8, paramType=2, spaceIndex=0.
[INFO] RUNTIME(110933,npu_reader):2026-09-21-12:13:46.084.309 [elf.cc:610] 110933 ElfParseParamInfo: Cache param info: ordinal=2, offset=16, size=8, align=8, paramType=2, spaceIndex=0.
[INFO] RUNTIME(110933,npu_reader):2026-09-21-12:13:46.084.311 [elf.cc:610] 110933 ElfParseParamInfo: Cache param info: ordinal=3, offset=24, size=8, align=8, paramType=2, spaceIndex=0.
[INFO] RUNTIME(110933,npu_reader):2026-09-21-12:13:46.084.313 [elf.cc:916] 110933 ParseKernelMetaData: kernel_name=mul_Ascend910B1_int32_223010000, ration[0]=0, ration[1]=0, dfxAddr=0xaaab4f67dfb8, dfxSize=176, funcType=0, crossCoreSync=0, kernelVfType=0, shareMemSize=0, minStackSize=0, isSupportFuncEntry=0, functionEntryFlag=128, functionEntry=0.
[INFO] RUNTIME(110933,npu_reader):2026-09-21-12:13:46.084.316 [elf.cc:884] 110933 ParseKernelMetaData: section name = .ascend.meta.mul_Ascend910B1_int32_223000000.
[INFO] RUNTIME(110933,npu_reader):2026-09-21-12:13:46.084.319 [elf.cc:575] 110933 ElfParseParamSummary: paramCount=4, paramTotalSize=32.
[INFO] RUNTIME(110933,npu_reader):2026-09-21-12:13:46.084.321 [elf.cc:610] 110933 ElfParseParamInfo: Cache param info: ordinal=0, offset=0, size=8, align=8, paramType=2, spaceIndex=0.
[INFO] RUNTIME(110933,npu_reader):2026-09-21-12:13:46.084.323 [elf.cc:610] 110933 ElfParseParamInfo: Cache param info: ordinal=1, offset=8, size=8, align=8, paramType=2, spaceIndex=0.
[INFO] RUNTIME(110933,npu_reader):2026-09-21-12:13:46.084.326 [elf.cc:610] 110933 ElfParseParamInfo: Cache param info: ordinal=2, offset=16, size=8, align=8, paramType=2, spaceIndex=0.
[INFO] RUNTIME(110933,npu_reader):2026-09-21-12:13:46.084.328 [elf.cc:610] 110933 ElfParseParamInfo: Cache param info: ordinal=3, offset=24, size=8, align=8, paramType=2, spaceIndex=0.
[INFO] RUNTIME(110933,npu_reader):2026-09-21-12:13:46.084.330 [elf.cc:916] 110933 ParseKernelMetaData: kernel_name=mul_Ascend910B1_int32_223000000, ration[0]=0, ration[1]=0, dfxAddr=0xaaab4f67e068, dfxSize=176, funcType=0, crossCoreSync=0, kernelVfType=0, shareMemSize=0, minStackSize=0, isSupportFuncEntry=0, functionEntryFlag=128, functionEntry=0.
[INFO] RUNTIME(110933,npu_reader):2026-09-21-12:13:46.084.333 [elf.cc:884] 110933 ParseKernelMetaData: section name = .ascend.meta.mul_Ascend910B1_int32_210010000.
[INFO] RUNTIME(110933,npu_reader):2026-09-21-12:13:46.084.336 [elf.cc:575] 110933 ElfParseParamSummary: paramCount=4, paramTotalSize=32.
[INFO] RUNTIME(110933,npu_reader):2026-09-21-12:13:46.084.339 [elf.cc:610] 110933 ElfParseParamInfo: Cache param info: ordinal=0, offset=0, size=8, align=8, paramType=2, spaceIndex=0.
[INFO] RUNTIME(110933,npu_reader):2026-09-21-12:13:46.084.341 [elf.cc:610] 110933 ElfParseParamInfo: Cache param info: ordinal=1, offset=8, size=8, align=8, paramType=2, spaceIndex=0.
[INFO] RUNTIME(110933,npu_reader):2026-09-21-12:13:46.084.343 [elf.cc:610] 110933 ElfParseParamInfo: Cache param info: ordinal=2, offset=16, size=8, align=8, paramType=2, spaceIndex=0.
[INFO] RUNTIME(110933,npu_reader):2026-09-21-12:13:46.084.346 [elf.cc:610] 110933 ElfParseParamInfo: Cache param info: ordinal=3, offset=24, size=8, align=8, paramType=2, spaceIndex=0.
[INFO] RUNTIME(110933,npu_reader):2026-09-21-12:13:46.084.348 [elf.cc:916] 110933 ParseKernelMetaData: kernel_name=mul_Ascend910B1_int32_210010000, ration[0]=0, ration[1]=0, dfxAddr=0xaaab4f67e118, dfxSize=176, funcType=0, crossCoreSync=0, kernelVfType=0, shareMemSize=0, minStackSize=0, isSupportFuncEntry=0, functionEntryFlag=128, functionEntry=0.
[INFO] RUNTIME(110933,npu_reader):2026-09-21-12:13:46.084.351 [elf.cc:884] 110933 ParseKernelMetaData: section name = .ascend.meta.mul_Ascend910B1_int32_210000000.
[INFO] RUNTIME(110933,npu_reader):2026-09-21-12:13:46.084.353 [elf.cc:575] 110933 ElfParseParamSummary: paramCount=4, paramTotalSize=32.
[INFO] RUNTIME(110933,npu_reader):2026-09-21-12:13:46.084.356 [elf.cc:610] 110933 ElfParseParamInfo: Cache param info: ordinal=0, offset=0, size=8, align=8, paramType=2, spaceIndex=0.
[INFO] RUNTIME(110933,npu_reader):2026-09-21-12:13:46.084.358 [elf.cc:610] 110933 ElfParseParamInfo: Cache param info: ordinal=1, offset=8, size=8, align=8, paramType=2, spaceIndex=0.
[INFO] RUNTIME(110933,npu_reader):2026-09-21-12:13:46.084.360 [elf.cc:610] 110933 ElfParseParamInfo: Cache param info: ordinal=2, offset=16, size=8, align=8, paramType=2, spaceIndex=0.
[INFO] RUNTIME(110933,npu_reader):2026-09-21-12:13:46.084.363 [elf.cc:610] 110933 ElfParseParamInfo: Cache param info: ordinal=3, offset=24, size=8, align=8, paramType=2, spaceIndex=0.
[INFO] RUNTIME(110933,npu_reader):2026-09-21-12:13:46.084.365 [elf.cc:916] 110933 ParseKernelMetaData: kernel_name=mul_Ascend910B1_int32_210000000, ration[0]=0, ration[1]=0, dfxAddr=0xaaab4f67e1c8, dfxSize=176, funcType=0, crossCoreSync=0, kernelVfType=0, shareMemSize=0, minStackSize=0, isSupportFuncEntry=0, functionEntryFlag=128, functionEntry=0.
[INFO] RUNTIME(110933,npu_reader):2026-09-21-12:13:46.084.377 [elf.cc:1076] 110933 UpdateCachedParamInfos: Restore cached param info: kernel_name=mul_Ascend910B1_int32_232010000, ordinal=0, offset=0, size=8.
[INFO] RUNTIME(110933,npu_reader):2026-09-21-12:13:46.084.379 [elf.cc:1076] 110933 UpdateCachedParamInfos: Restore cached param info: kernel_name=mul_Ascend910B1_int32_232010000, ordinal=1, offset=8, size=8.
[INFO] RUNTIME(110933,npu_reader):2026-09-21-12:13:46.084.382 [elf.cc:1076] 110933 UpdateCachedParamInfos: Restore cached param info: kernel_name=mul_Ascend910B1_int32_232010000, ordinal=2, offset=16, size=8.
[INFO] RUNTIME(110933,npu_reader):2026-09-21-12:13:46.084.384 [elf.cc:1076] 110933 UpdateCachedParamInfos: Restore cached param info: kernel_name=mul_Ascend910B1_int32_232010000, ordinal=3, offset=24, size=8.
[INFO] RUNTIME(110933,npu_reader):2026-09-21-12:13:46.084.386 [elf.cc:1145] 110933 UpdateKernelsInfo: update meta info, kernel_name=mul_Ascend910B1_int32_232010000, dfxAddr=0xaaab4f67de14, dfxSize=176, funcType=0, elfDataFlag=1, userArgsNum=0, crossCoreSync=0, kernelVfType=0, shareMemSize=0, minStackSize=0, funcEntryType=0, functionEntry=0, schedMode=0, taskRation_0=0, taskRation_1=0, hasParamSummary=1, paramCount=4, paramTotalSize=32.
[INFO] RUNTIME(110933,npu_reader):2026-09-21-12:13:46.084.390 [elf.cc:1076] 110933 UpdateCachedParamInfos: Restore cached param info: kernel_name=mul_Ascend910B1_int32_232000000, ordinal=0, offset=0, size=8.
[INFO] RUNTIME(110933,npu_reader):2026-09-21-12:13:46.084.393 [elf.cc:1076] 110933 UpdateCachedParamInfos: Restore cached param info: kernel_name=mul_Ascend910B1_int32_232000000, ordinal=1, offset=8, size=8.
[INFO] RUNTIME(110933,npu_reader):2026-09-21-12:13:46.084.395 [elf.cc:1076] 110933 UpdateCachedParamInfos: Restore cached param info: kernel_name=mul_Ascend910B1_int32_232000000, ordinal=2, offset=16, size=8.
[INFO] RUNTIME(110933,npu_reader):2026-09-21-12:13:46.084.397 [elf.cc:1076] 110933 UpdateCachedParamInfos: Restore cached param info: kernel_name=mul_Ascend910B1_int32_232000000, ordinal=3, offset=24, size=8.
[INFO] RUNTIME(110933,npu_reader):2026-09-21-12:13:46.084.400 [elf.cc:1145] 110933 UpdateKernelsInfo: update meta info, kernel_name=mul_Ascend910B1_int32_232000000, dfxAddr=0xaaab4f67df08, dfxSize=176, funcType=0, elfDataFlag=1, userArgsNum=0, crossCoreSync=0, kernelVfType=0, shareMemSize=0, minStackSize=0, funcEntryType=0, functionEntry=0, schedMode=0, taskRation_0=0, taskRation_1=0, hasParamSummary=1, paramCount=4, paramTotalSize=32.
[INFO] RUNTIME(110933,npu_reader):2026-09-21-12:13:46.084.403 [elf.cc:1076] 110933 UpdateCachedParamInfos: Restore cached param info: kernel_name=mul_Ascend910B1_int32_223010000, ordinal=0, offset=0, size=8.
[INFO] RUNTIME(110933,npu_reader):2026-09-21-12:13:46.084.405 [elf.cc:1076] 110933 UpdateCachedParamInfos: Restore cached param info: kernel_name=mul_Ascend910B1_int32_223010000, ordinal=1, offset=8, size=8.
[INFO] RUNTIME(110933,npu_reader):2026-09-21-12:13:46.084.408 [elf.cc:1076] 110933 UpdateCachedParamInfos: Restore cached param info: kernel_name=mul_Ascend910B1_int32_223010000, ordinal=2, offset=16, size=8.
[INFO] RUNTIME(110933,npu_reader):2026-09-21-12:13:46.084.410 [elf.cc:1076] 110933 UpdateCachedParamInfos: Restore cached param info: kernel_name=mul_Ascend910B1_int32_223010000, ordinal=3, offset=24, size=8.
[INFO] RUNTIME(110933,npu_reader):2026-09-21-12:13:46.084.412 [elf.cc:1145] 110933 UpdateKernelsInfo: update meta info, kernel_name=mul_Ascend910B1_int32_223010000, dfxAddr=0xaaab4f67dfb8, dfxSize=176, funcType=0, elfDataFlag=1, userArgsNum=0, crossCoreSync=0, kernelVfType=0, shareMemSize=0, minStackSize=0, funcEntryType=0, functionEntry=0, schedMode=0, taskRation_0=0, taskRation_1=0, hasParamSummary=1, paramCount=4, paramTotalSize=32.
[INFO] RUNTIME(110933,npu_reader):2026-09-21-12:13:46.084.415 [elf.cc:1076] 110933 UpdateCachedParamInfos: Restore cached param info: kernel_name=mul_Ascend910B1_int32_223000000, ordinal=0, offset=0, size=8.
[INFO] RUNTIME(110933,npu_reader):2026-09-21-12:13:46.084.418 [elf.cc:1076] 110933 UpdateCachedParamInfos: Restore cached param info: kernel_name=mul_Ascend910B1_int32_223000000, ordinal=1, offset=8, size=8.
[INFO] RUNTIME(110933,npu_reader):2026-09-21-12:13:46.084.420 [elf.cc:1076] 110933 UpdateCachedParamInfos: Restore cached param info: kernel_name=mul_Ascend910B1_int32_223000000, ordinal=2, offset=16, size=8.
[INFO] RUNTIME(110933,npu_reader):2026-09-21-12:13:46.084.422 [elf.cc:1076] 110933 UpdateCachedParamInfos: Restore cached param info: kernel_name=mul_Ascend910B1_int32_223000000, ordinal=3, offset=24, size=8.
[INFO] RUNTIME(110933,npu_reader):2026-09-21-12:13:46.084.424 [elf.cc:1145] 110933 UpdateKernelsInfo: update meta info, kernel_name=mul_Ascend910B1_int32_223000000, dfxAddr=0xaaab4f67e068, dfxSize=176, funcType=0, elfDataFlag=1, userArgsNum=0, crossCoreSync=0, kernelVfType=0, shareMemSize=0, minStackSize=0, funcEntryType=0, functionEntry=0, schedMode=0, taskRation_0=0, taskRation_1=0, hasParamSummary=1, paramCount=4, paramTotalSize=32.
[INFO] RUNTIME(110933,npu_reader):2026-09-21-12:13:46.084.427 [elf.cc:1076] 110933 UpdateCachedParamInfos: Restore cached param info: kernel_name=mul_Ascend910B1_int32_210010000, ordinal=0, offset=0, size=8.
[INFO] RUNTIME(110933,npu_reader):2026-09-21-12:13:46.084.430 [elf.cc:1076] 110933 UpdateCachedParamInfos: Restore cached param info: kernel_name=mul_Ascend910B1_int32_210010000, ordinal=1, offset=8, size=8.
[INFO] RUNTIME(110933,npu_reader):2026-09-21-12:13:46.084.433 [elf.cc:1076] 110933 UpdateCachedParamInfos: Restore cached param info: kernel_name=mul_Ascend910B1_int32_210010000, ordinal=2, offset=16, size=8.
[INFO] RUNTIME(110933,npu_reader):2026-09-21-12:13:46.084.435 [elf.cc:1076] 110933 UpdateCachedParamInfos: Restore cached param info: kernel_name=mul_Ascend910B1_int32_210010000, ordinal=3, offset=24, size=8.
[INFO] RUNTIME(110933,npu_reader):2026-09-21-12:13:46.084.437 [elf.cc:1145] 110933 UpdateKernelsInfo: update meta info, kernel_name=mul_Ascend910B1_int32_210010000, dfxAddr=0xaaab4f67e118, dfxSize=176, funcType=0, elfDataFlag=1, userArgsNum=0, crossCoreSync=0, kernelVfType=0, shareMemSize=0, minStackSize=0, funcEntryType=0, functionEntry=0, schedMode=0, taskRation_0=0, taskRation_1=0, hasParamSummary=1, paramCount=4, paramTotalSize=32.
[INFO] RUNTIME(110933,npu_reader):2026-09-21-12:13:46.084.441 [elf.cc:1076] 110933 UpdateCachedParamInfos: Restore cached param info: kernel_name=mul_Ascend910B1_int32_210000000, ordinal=0, offset=0, size=8.
[INFO] RUNTIME(110933,npu_reader):2026-09-21-12:13:46.084.443 [elf.cc:1076] 110933 UpdateCachedParamInfos: Restore cached param info: kernel_name=mul_Ascend910B1_int32_210000000, ordinal=1, offset=8, size=8.
[INFO] RUNTIME(110933,npu_reader):2026-09-21-12:13:46.084.445 [elf.cc:1076] 110933 UpdateCachedParamInfos: Restore cached param info: kernel_name=mul_Ascend910B1_int32_210000000, ordinal=2, offset=16, size=8.
[INFO] RUNTIME(110933,npu_reader):2026-09-21-12:13:46.084.447 [elf.cc:1076] 110933 UpdateCachedParamInfos: Restore cached param info: kernel_name=mul_Ascend910B1_int32_210000000, ordinal=3, offset=24, size=8.
[INFO] RUNTIME(110933,npu_reader):2026-09-21-12:13:46.084.449 [elf.cc:1145] 110933 UpdateKernelsInfo: update meta info, kernel_name=mul_Ascend910B1_int32_210000000, dfxAddr=0xaaab4f67e1c8, dfxSize=176, funcType=0, elfDataFlag=1, userArgsNum=0, crossCoreSync=0, kernelVfType=0, shareMemSize=0, minStackSize=0, funcEntryType=0, functionEntry=0, schedMode=0, taskRation_0=0, taskRation_1=0, hasParamSummary=1, paramCount=4, paramTotalSize=32.
[INFO] RUNTIME(110933,npu_reader):2026-09-21-12:13:46.084.453 [runtime.cc:1448] 110933 AddProgramToPool: progId=11
[INFO] RUNTIME(110933,npu_reader):2026-09-21-12:13:46.084.456 [program.cc:1649] 110933 GetKernelTypeAndMixType: Get kernel type success, kernelName=mul_Ascend910B1_int32_232010000, funcType=0, kernelAttrType=2, mixType=0
[INFO] RUNTIME(110933,npu_reader):2026-09-21-12:13:46.084.459 [program.cc:1119] 110933 SetKernelAttribute: kernel_name=mul_Ascend910B1_int32_232010000, kernelAttrType=2, userParamNum=0, sysParamNum=1, IsNeedSetFftsAddrInArg=0, isSupportOverFlow=1, elfDataFlag=1
[INFO] RUNTIME(110933,npu_reader):2026-09-21-12:13:46.084.462 [program.cc:1690] 110933 BuildNewKernel: new kernel success, size=1320, programId=11, original kernel_name=mul_Ascend910B1_int32_232010000, register kernel_name=mul_Ascend910B1_int32_232010000, tilingKey=232010000, functionEntry=0, funcType=0, kernelAttrType=2, mixType=0, taskRation=2, offset=0, dfxAddr=187652748336660, dfxSize=176
[INFO] RUNTIME(110933,npu_reader):2026-09-21-12:13:46.084.466 [program.cc:1649] 110933 GetKernelTypeAndMixType: Get kernel type success, kernelName=mul_Ascend910B1_int32_232000000, funcType=0, kernelAttrType=2, mixType=0
[INFO] RUNTIME(110933,npu_reader):2026-09-21-12:13:46.084.469 [program.cc:1119] 110933 SetKernelAttribute: kernel_name=mul_Ascend910B1_int32_232000000, kernelAttrType=2, userParamNum=0, sysParamNum=1, IsNeedSetFftsAddrInArg=0, isSupportOverFlow=1, elfDataFlag=1
[INFO] RUNTIME(110933,npu_reader):2026-09-21-12:13:46.084.472 [program.cc:1690] 110933 BuildNewKernel: new kernel success, size=1320, programId=11, original kernel_name=mul_Ascend910B1_int32_232000000, register kernel_name=mul_Ascend910B1_int32_232000000, tilingKey=232000000, functionEntry=0, funcType=0, kernelAttrType=2, mixType=0, taskRation=2, offset=1760, dfxAddr=187652748336904, dfxSize=176
[INFO] RUNTIME(110933,npu_reader):2026-09-21-12:13:46.084.475 [program.cc:1649] 110933 GetKernelTypeAndMixType: Get kernel type success, kernelName=mul_Ascend910B1_int32_223010000, funcType=0, kernelAttrType=2, mixType=0
[INFO] RUNTIME(110933,npu_reader):2026-09-21-12:13:46.084.479 [program.cc:1119] 110933 SetKernelAttribute: kernel_name=mul_Ascend910B1_int32_223010000, kernelAttrType=2, userParamNum=0, sysParamNum=1, IsNeedSetFftsAddrInArg=0, isSupportOverFlow=1, elfDataFlag=1
[INFO] RUNTIME(110933,npu_reader):2026-09-21-12:13:46.084.482 [program.cc:1690] 110933 BuildNewKernel: new kernel success, size=1320, programId=11, original kernel_name=mul_Ascend910B1_int32_223010000, register kernel_name=mul_Ascend910B1_int32_223010000, tilingKey=223010000, functionEntry=0, funcType=0, kernelAttrType=2, mixType=0, taskRation=2, offset=2740, dfxAddr=187652748337080, dfxSize=176
[INFO] RUNTIME(110933,npu_reader):2026-09-21-12:13:46.084.486 [program.cc:1649] 110933 GetKernelTypeAndMixType: Get kernel type success, kernelName=mul_Ascend910B1_int32_223000000, funcType=0, kernelAttrType=2, mixType=0
[INFO] RUNTIME(110933,npu_reader):2026-09-21-12:13:46.084.504 [program.cc:1119] 110933 SetKernelAttribute: kernel_name=mul_Ascend910B1_int32_223000000, kernelAttrType=2, userParamNum=0, sysParamNum=1, IsNeedSetFftsAddrInArg=0, isSupportOverFlow=1, elfDataFlag=1
[INFO] RUNTIME(110933,npu_reader):2026-09-21-12:13:46.084.506 [program.cc:1690] 110933 BuildNewKernel: new kernel success, size=1320, programId=11, original kernel_name=mul_Ascend910B1_int32_223000000, register kernel_name=mul_Ascend910B1_int32_223000000, tilingKey=223000000, functionEntry=0, funcType=0, kernelAttrType=2, mixType=0, taskRation=2, offset=4452, dfxAddr=187652748337256, dfxSize=176
[INFO] RUNTIME(110933,npu_reader):2026-09-21-12:13:46.084.510 [program.cc:1649] 110933 GetKernelTypeAndMixType: Get kernel type success, kernelName=mul_Ascend910B1_int32_210010000, funcType=0, kernelAttrType=2, mixType=0
[INFO] RUNTIME(110933,npu_reader):2026-09-21-12:13:46.084.513 [program.cc:1119] 110933 SetKernelAttribute: kernel_name=mul_Ascend910B1_int32_210010000, kernelAttrType=2, userParamNum=0, sysParamNum=1, IsNeedSetFftsAddrInArg=0, isSupportOverFlow=1, elfDataFlag=1
[INFO] RUNTIME(110933,npu_reader):2026-09-21-12:13:46.084.516 [program.cc:1690] 110933 BuildNewKernel: new kernel success, size=1320, programId=11, original kernel_name=mul_Ascend910B1_int32_210010000, register kernel_name=mul_Ascend910B1_int32_210010000, tilingKey=210010000, functionEntry=0, funcType=0, kernelAttrType=2, mixType=0, taskRation=2, offset=5420, dfxAddr=187652748337432, dfxSize=176
[INFO] RUNTIME(110933,npu_reader):2026-09-21-12:13:46.084.520 [program.cc:1649] 110933 GetKernelTypeAndMixType: Get kernel type success, kernelName=mul_Ascend910B1_int32_210000000, funcType=0, kernelAttrType=2, mixType=0
[INFO] RUNTIME(110933,npu_reader):2026-09-21-12:13:46.084.523 [program.cc:1119] 110933 SetKernelAttribute: kernel_name=mul_Ascend910B1_int32_210000000, kernelAttrType=2, userParamNum=0, sysParamNum=1, IsNeedSetFftsAddrInArg=0, isSupportOverFlow=1, elfDataFlag=1
[INFO] RUNTIME(110933,npu_reader):2026-09-21-12:13:46.084.525 [program.cc:1690] 110933 BuildNewKernel: new kernel success, size=1320, programId=11, original kernel_name=mul_Ascend910B1_int32_210000000, register kernel_name=mul_Ascend910B1_int32_210000000, tilingKey=210000000, functionEntry=0, funcType=0, kernelAttrType=2, mixType=0, taskRation=2, offset=7024, dfxAddr=187652748337608, dfxSize=176
[INFO] RUNTIME(110933,npu_reader):2026-09-21-12:13:46.084.552 [binary_loader.cc:364] 110933 LoadFromData: New ElfProgram ok, magic=1094799942, kernelAttrType=2, Runtime_alloc_size=11072
[INFO] RUNTIME(110933,npu_reader):2026-09-21-12:13:46.084.555 [program.cc:204] 110933 SaveBinaryData: Malloc the buffer for elfData, len=15288
[INFO] RUNTIME(110933,npu_reader):2026-09-21-12:13:46.084.559 [elf.cc:884] 110933 ParseKernelMetaData: section name = .text.
[INFO] RUNTIME(110933,npu_reader):2026-09-21-12:13:46.084.562 [elf.cc:884] 110933 ParseKernelMetaData: section name = .ascend.stack.size.record.
[INFO] RUNTIME(110933,npu_reader):2026-09-21-12:13:46.084.564 [elf.cc:884] 110933 ParseKernelMetaData: section name = __CCE_KernelArgSize.
[INFO] RUNTIME(110933,npu_reader):2026-09-21-12:13:46.084.568 [elf.cc:884] 110933 ParseKernelMetaData: section name = .ascend.meta.mul_Ascend910B2_int32_232010000.
[INFO] RUNTIME(110933,npu_reader):2026-09-21-12:13:46.084.570 [elf.cc:575] 110933 ElfParseParamSummary: paramCount=4, paramTotalSize=32.
[INFO] RUNTIME(110933,npu_reader):2026-09-21-12:13:46.084.572 [elf.cc:610] 110933 ElfParseParamInfo: Cache param info: ordinal=0, offset=0, size=8, align=8, paramType=2, spaceIndex=0.
[INFO] RUNTIME(110933,npu_reader):2026-09-21-12:13:46.084.575 [elf.cc:610] 110933 ElfParseParamInfo: Cache param info: ordinal=1, offset=8, size=8, align=8, paramType=2, spaceIndex=0.
[INFO] RUNTIME(110933,npu_reader):2026-09-21-12:13:46.084.577 [elf.cc:610] 110933 ElfParseParamInfo: Cache param info: ordinal=2, offset=16, size=8, align=8, paramType=2, spaceIndex=0.
[INFO] RUNTIME(110933,npu_reader):2026-09-21-12:13:46.084.580 [elf.cc:610] 110933 ElfParseParamInfo: Cache param info: ordinal=3, offset=24, size=8, align=8, paramType=2, spaceIndex=0.
[INFO] RUNTIME(110933,npu_reader):2026-09-21-12:13:46.084.582 [elf.cc:916] 110933 ParseKernelMetaData: kernel_name=mul_Ascend910B2_int32_232010000, ration[0]=0, ration[1]=0, dfxAddr=0xaaab4f68b364, dfxSize=176, funcType=0, crossCoreSync=0, kernelVfType=0, shareMemSize=0, minStackSize=0, isSupportFuncEntry=0, functionEntryFlag=128, functionEntry=0.
[INFO] RUNTIME(110933,npu_reader):2026-09-21-12:13:46.084.585 [elf.cc:884] 110933 ParseKernelMetaData: section name = .comment.
[INFO] RUNTIME(110933,npu_reader):2026-09-21-12:13:46.084.587 [elf.cc:884] 110933 ParseKernelMetaData: section name = .ascend.meta.mul_Ascend910B2_int32_232000000.
[INFO] RUNTIME(110933,npu_reader):2026-09-21-12:13:46.084.589 [elf.cc:575] 110933 ElfParseParamSummary: paramCount=4, paramTotalSize=32.
[INFO] RUNTIME(110933,npu_reader):2026-09-21-12:13:46.084.592 [elf.cc:610] 110933 ElfParseParamInfo: Cache param info: ordinal=0, offset=0, size=8, align=8, paramType=2, spaceIndex=0.
[INFO] RUNTIME(110933,npu_reader):2026-09-21-12:13:46.084.594 [elf.cc:610] 110933 ElfParseParamInfo: Cache param info: ordinal=1, offset=8, size=8, align=8, paramType=2, spaceIndex=0.
[INFO] RUNTIME(110933,npu_reader):2026-09-21-12:13:46.084.597 [elf.cc:610] 110933 ElfParseParamInfo: Cache param info: ordinal=2, offset=16, size=8, align=8, paramType=2, spaceIndex=0.
[INFO] RUNTIME(110933,npu_reader):2026-09-21-12:13:46.084.599 [elf.cc:610] 110933 ElfParseParamInfo: Cache param info: ordinal=3, offset=24, size=8, align=8, paramType=2, spaceIndex=0.
[INFO] RUNTIME(110933,npu_reader):2026-09-21-12:13:46.084.601 [elf.cc:916] 110933 ParseKernelMetaData: kernel_name=mul_Ascend910B2_int32_232000000, ration[0]=0, ration[1]=0, dfxAddr=0xaaab4f68b458, dfxSize=176, funcType=0, crossCoreSync=0, kernelVfType=0, shareMemSize=0, minStackSize=0, isSupportFuncEntry=0, functionEntryFlag=128, functionEntry=0.
[INFO] RUNTIME(110933,npu_reader):2026-09-21-12:13:46.084.604 [elf.cc:884] 110933 ParseKernelMetaData: section name = .ascend.meta.mul_Ascend910B2_int32_223010000.
[INFO] RUNTIME(110933,npu_reader):2026-09-21-12:13:46.084.606 [elf.cc:575] 110933 ElfParseParamSummary: paramCount=4, paramTotalSize=32.
[INFO] RUNTIME(110933,npu_reader):2026-09-21-12:13:46.084.609 [elf.cc:610] 110933 ElfParseParamInfo: Cache param info: ordinal=0, offset=0, size=8, align=8, paramType=2, spaceIndex=0.
[INFO] RUNTIME(110933,npu_reader):2026-09-21-12:13:46.084.611 [elf.cc:610] 110933 ElfParseParamInfo: Cache param info: ordinal=1, offset=8, size=8, align=8, paramType=2, spaceIndex=0.
[INFO] RUNTIME(110933,npu_reader):2026-09-21-12:13:46.084.613 [elf.cc:610] 110933 ElfParseParamInfo: Cache param info: ordinal=2, offset=16, size=8, align=8, paramType=2, spaceIndex=0.
[INFO] RUNTIME(110933,npu_reader):2026-09-21-12:13:46.084.616 [elf.cc:610] 110933 ElfParseParamInfo: Cache param info: ordinal=3, offset=24, size=8, align=8, paramType=2, spaceIndex=0.
[INFO] RUNTIME(110933,npu_reader):2026-09-21-12:13:46.084.618 [elf.cc:916] 110933 ParseKernelMetaData: kernel_name=mul_Ascend910B2_int32_223010000, ration[0]=0, ration[1]=0, dfxAddr=0xaaab4f68b508, dfxSize=176, funcType=0, crossCoreSync=0, kernelVfType=0, shareMemSize=0, minStackSize=0, isSupportFuncEntry=0, functionEntryFlag=128, functionEntry=0.
[INFO] RUNTIME(110933,npu_reader):2026-09-21-12:13:46.084.622 [elf.cc:884] 110933 ParseKernelMetaData: section name = .ascend.meta.mul_Ascend910B2_int32_223000000.
[INFO] RUNTIME(110933,npu_reader):2026-09-21-12:13:46.084.624 [elf.cc:575] 110933 ElfParseParamSummary: paramCount=4, paramTotalSize=32.
[INFO] RUNTIME(110933,npu_reader):2026-09-21-12:13:46.084.626 [elf.cc:610] 110933 ElfParseParamInfo: Cache param info: ordinal=0, offset=0, size=8, align=8, paramType=2, spaceIndex=0.
[INFO] RUNTIME(110933,npu_reader):2026-09-21-12:13:46.084.629 [elf.cc:610] 110933 ElfParseParamInfo: Cache param info: ordinal=1, offset=8, size=8, align=8, paramType=2, spaceIndex=0.
[INFO] RUNTIME(110933,npu_reader):2026-09-21-12:13:46.084.631 [elf.cc:610] 110933 ElfParseParamInfo: Cache param info: ordinal=2, offset=16, size=8, align=8, paramType=2, spaceIndex=0.
[INFO] RUNTIME(110933,npu_reader):2026-09-21-12:13:46.084.633 [elf.cc:610] 110933 ElfParseParamInfo: Cache param info: ordinal=3, offset=24, size=8, align=8, paramType=2, spaceIndex=0.
[INFO] RUNTIME(110933,npu_reader):2026-09-21-12:13:46.084.636 [elf.cc:916] 110933 ParseKernelMetaData: kernel_name=mul_Ascend910B2_int32_223000000, ration[0]=0, ration[1]=0, dfxAddr=0xaaab4f68b5b8, dfxSize=176, funcType=0, crossCoreSync=0, kernelVfType=0, shareMemSize=0, minStackSize=0, isSupportFuncEntry=0, functionEntryFlag=128, functionEntry=0.
[INFO] RUNTIME(110933,npu_reader):2026-09-21-12:13:46.084.639 [elf.cc:884] 110933 ParseKernelMetaData: section name = .ascend.meta.mul_Ascend910B2_int32_210010000.
[INFO] RUNTIME(110933,npu_reader):2026-09-21-12:13:46.084.641 [elf.cc:575] 110933 ElfParseParamSummary: paramCount=4, paramTotalSize=32.
[INFO] RUNTIME(110933,npu_reader):2026-09-21-12:13:46.084.643 [elf.cc:610] 110933 ElfParseParamInfo: Cache param info: ordinal=0, offset=0, size=8, align=8, paramType=2, spaceIndex=0.
[INFO] RUNTIME(110933,npu_reader):2026-09-21-12:13:46.084.646 [elf.cc:610] 110933 ElfParseParamInfo: Cache param info: ordinal=1, offset=8, size=8, align=8, paramType=2, spaceIndex=0.
[INFO] RUNTIME(110933,npu_reader):2026-09-21-12:13:46.084.648 [elf.cc:610] 110933 ElfParseParamInfo: Cache param info: ordinal=2, offset=16, size=8, align=8, paramType=2, spaceIndex=0.
[INFO] RUNTIME(110933,npu_reader):2026-09-21-12:13:46.084.651 [elf.cc:610] 110933 ElfParseParamInfo: Cache param info: ordinal=3, offset=24, size=8, align=8, paramType=2, spaceIndex=0.
[INFO] RUNTIME(110933,npu_reader):2026-09-21-12:13:46.084.653 [elf.cc:916] 110933 ParseKernelMetaData: kernel_name=mul_Ascend910B2_int32_210010000, ration[0]=0, ration[1]=0, dfxAddr=0xaaab4f68b668, dfxSize=176, funcType=0, crossCoreSync=0, kernelVfType=0, shareMemSize=0, minStackSize=0, isSupportFuncEntry=0, functionEntryFlag=128, functionEntry=0.
[INFO] RUNTIME(110933,npu_reader):2026-09-21-12:13:46.084.656 [elf.cc:884] 110933 ParseKernelMetaData: section name = .ascend.meta.mul_Ascend910B2_int32_210000000.
[INFO] RUNTIME(110933,npu_reader):2026-09-21-12:13:46.084.658 [elf.cc:575] 110933 ElfParseParamSummary: paramCount=4, paramTotalSize=32.
[INFO] RUNTIME(110933,npu_reader):2026-09-21-12:13:46.084.660 [elf.cc:610] 110933 ElfParseParamInfo: Cache param info: ordinal=0, offset=0, size=8, align=8, paramType=2, spaceIndex=0.
[INFO] RUNTIME(110933,npu_reader):2026-09-21-12:13:46.084.663 [elf.cc:610] 110933 ElfParseParamInfo: Cache param info: ordinal=1, offset=8, size=8, align=8, paramType=2, spaceIndex=0.
[INFO] RUNTIME(110933,npu_reader):2026-09-21-12:13:46.084.665 [elf.cc:610] 110933 ElfParseParamInfo: Cache param info: ordinal=2, offset=16, size=8, align=8, paramType=2, spaceIndex=0.
[INFO] RUNTIME(110933,npu_reader):2026-09-21-12:13:46.084.668 [elf.cc:610] 110933 ElfParseParamInfo: Cache param info: ordinal=3, offset=24, size=8, align=8, paramType=2, spaceIndex=0.
[INFO] RUNTIME(110933,npu_reader):2026-09-21-12:13:46.084.671 [elf.cc:916] 110933 ParseKernelMetaData: kernel_name=mul_Ascend910B2_int32_210000000, ration[0]=0, ration[1]=0, dfxAddr=0xaaab4f68b718, dfxSize=176, funcType=0, crossCoreSync=0, kernelVfType=0, shareMemSize=0, minStackSize=0, isSupportFuncEntry=0, functionEntryFlag=128, functionEntry=0.
[INFO] RUNTIME(110933,npu_reader):2026-09-21-12:13:46.084.682 [elf.cc:1076] 110933 UpdateCachedParamInfos: Restore cached param info: kernel_name=mul_Ascend910B2_int32_232010000, ordinal=0, offset=0, size=8.
[INFO] RUNTIME(110933,npu_reader):2026-09-21-12:13:46.084.685 [elf.cc:1076] 110933 UpdateCachedParamInfos: Restore cached param info: kernel_name=mul_Ascend910B2_int32_232010000, ordinal=1, offset=8, size=8.
[INFO] RUNTIME(110933,npu_reader):2026-09-21-12:13:46.084.687 [elf.cc:1076] 110933 UpdateCachedParamInfos: Restore cached param info: kernel_name=mul_Ascend910B2_int32_232010000, ordinal=2, offset=16, size=8.
[INFO] RUNTIME(110933,npu_reader):2026-09-21-12:13:46.084.690 [elf.cc:1076] 110933 UpdateCachedParamInfos: Restore cached param info: kernel_name=mul_Ascend910B2_int32_232010000, ordinal=3, offset=24, size=8.
[INFO] RUNTIME(110933,npu_reader):2026-09-21-12:13:46.084.692 [elf.cc:1145] 110933 UpdateKernelsInfo: update meta info, kernel_name=mul_Ascend910B2_int32_232010000, dfxAddr=0xaaab4f68b364, dfxSize=176, funcType=0, elfDataFlag=1, userArgsNum=0, crossCoreSync=0, kernelVfType=0, shareMemSize=0, minStackSize=0, funcEntryType=0, functionEntry=0, schedMode=0, taskRation_0=0, taskRation_1=0, hasParamSummary=1, paramCount=4, paramTotalSize=32.
[INFO] RUNTIME(110933,npu_reader):2026-09-21-12:13:46.084.695 [elf.cc:1076] 110933 UpdateCachedParamInfos: Restore cached param info: kernel_name=mul_Ascend910B2_int32_232000000, ordinal=0, offset=0, size=8.
[INFO] RUNTIME(110933,npu_reader):2026-09-21-12:13:46.084.698 [elf.cc:1076] 110933 UpdateCachedParamInfos: Restore cached param info: kernel_name=mul_Ascend910B2_int32_232000000, ordinal=1, offset=8, size=8.
[INFO] RUNTIME(110933,npu_reader):2026-09-21-12:13:46.084.700 [elf.cc:1076] 110933 UpdateCachedParamInfos: Restore cached param info: kernel_name=mul_Ascend910B2_int32_232000000, ordinal=2, offset=16, size=8.
[INFO] RUNTIME(110933,npu_reader):2026-09-21-12:13:46.084.702 [elf.cc:1076] 110933 UpdateCachedParamInfos: Restore cached param info: kernel_name=mul_Ascend910B2_int32_232000000, ordinal=3, offset=24, size=8.
[INFO] RUNTIME(110933,npu_reader):2026-09-21-12:13:46.084.704 [elf.cc:1145] 110933 UpdateKernelsInfo: update meta info, kernel_name=mul_Ascend910B2_int32_232000000, dfxAddr=0xaaab4f68b458, dfxSize=176, funcType=0, elfDataFlag=1, userArgsNum=0, crossCoreSync=0, kernelVfType=0, shareMemSize=0, minStackSize=0, funcEntryType=0, functionEntry=0, schedMode=0, taskRation_0=0, taskRation_1=0, hasParamSummary=1, paramCount=4, paramTotalSize=32.
[INFO] RUNTIME(110933,npu_reader):2026-09-21-12:13:46.084.708 [elf.cc:1076] 110933 UpdateCachedParamInfos: Restore cached param info: kernel_name=mul_Ascend910B2_int32_223010000, ordinal=0, offset=0, size=8.
[INFO] RUNTIME(110933,npu_reader):2026-09-21-12:13:46.084.710 [elf.cc:1076] 110933 UpdateCachedParamInfos: Restore cached param info: kernel_name=mul_Ascend910B2_int32_223010000, ordinal=1, offset=8, size=8.
[INFO] RUNTIME(110933,npu_reader):2026-09-21-12:13:46.084.712 [elf.cc:1076] 110933 UpdateCachedParamInfos: Restore cached param info: kernel_name=mul_Ascend910B2_int32_223010000, ordinal=2, offset=16, size=8.
[INFO] RUNTIME(110933,npu_reader):2026-09-21-12:13:46.084.714 [elf.cc:1076] 110933 UpdateCachedParamInfos: Restore cached param info: kernel_name=mul_Ascend910B2_int32_223010000, ordinal=3, offset=24, size=8.
[INFO] RUNTIME(110933,npu_reader):2026-09-21-12:13:46.084.717 [elf.cc:1145] 110933 UpdateKernelsInfo: update meta info, kernel_name=mul_Ascend910B2_int32_223010000, dfxAddr=0xaaab4f68b508, dfxSize=176, funcType=0, elfDataFlag=1, userArgsNum=0, crossCoreSync=0, kernelVfType=0, shareMemSize=0, minStackSize=0, funcEntryType=0, functionEntry=0, schedMode=0, taskRation_0=0, taskRation_1=0, hasParamSummary=1, paramCount=4, paramTotalSize=32.
[INFO] RUNTIME(110933,npu_reader):2026-09-21-12:13:46.084.721 [elf.cc:1076] 110933 UpdateCachedParamInfos: Restore cached param info: kernel_name=mul_Ascend910B2_int32_223000000, ordinal=0, offset=0, size=8.
[INFO] RUNTIME(110933,npu_reader):2026-09-21-12:13:46.084.723 [elf.cc:1076] 110933 UpdateCachedParamInfos: Restore cached param info: kernel_name=mul_Ascend910B2_int32_223000000, ordinal=1, offset=8, size=8.
[INFO] RUNTIME(110933,npu_reader):2026-09-21-12:13:46.084.725 [elf.cc:1076] 110933 UpdateCachedParamInfos: Restore cached param info: kernel_name=mul_Ascend910B2_int32_223000000, ordinal=2, offset=16, size=8.
[INFO] RUNTIME(110933,npu_reader):2026-09-21-12:13:46.084.727 [elf.cc:1076] 110933 UpdateCachedParamInfos: Restore cached param info: kernel_name=mul_Ascend910B2_int32_223000000, ordinal=3, offset=24, size=8.
[INFO] RUNTIME(110933,npu_reader):2026-09-21-12:13:46.084.730 [elf.cc:1145] 110933 UpdateKernelsInfo: update meta info, kernel_name=mul_Ascend910B2_int32_223000000, dfxAddr=0xaaab4f68b5b8, dfxSize=176, funcType=0, elfDataFlag=1, userArgsNum=0, crossCoreSync=0, kernelVfType=0, shareMemSize=0, minStackSize=0, funcEntryType=0, functionEntry=0, schedMode=0, taskRation_0=0, taskRation_1=0, hasParamSummary=1, paramCount=4, paramTotalSize=32.
[INFO] RUNTIME(110933,npu_reader):2026-09-21-12:13:46.084.733 [elf.cc:1076] 110933 UpdateCachedParamInfos: Restore cached param info: kernel_name=mul_Ascend910B2_int32_210010000, ordinal=0, offset=0, size=8.
[INFO] RUNTIME(110933,npu_reader):2026-09-21-12:13:46.084.735 [elf.cc:1076] 110933 UpdateCachedParamInfos: Restore cached param info: kernel_name=mul_Ascend910B2_int32_210010000, ordinal=1, offset=8, size=8.
[INFO] RUNTIME(110933,npu_reader):2026-09-21-12:13:46.084.737 [elf.cc:1076] 110933 UpdateCachedParamInfos: Restore cached param info: kernel_name=mul_Ascend910B2_int32_210010000, ordinal=2, offset=16, size=8.
[INFO] RUNTIME(110933,npu_reader):2026-09-21-12:13:46.084.740 [elf.cc:1076] 110933 UpdateCachedParamInfos: Restore cached param info: kernel_name=mul_Ascend910B2_int32_210010000, ordinal=3, offset=24, size=8.
[INFO] RUNTIME(110933,npu_reader):2026-09-21-12:13:46.084.742 [elf.cc:1145] 110933 UpdateKernelsInfo: update meta info, kernel_name=mul_Ascend910B2_int32_210010000, dfxAddr=0xaaab4f68b668, dfxSize=176, funcType=0, elfDataFlag=1, userArgsNum=0, crossCoreSync=0, kernelVfType=0, shareMemSize=0, minStackSize=0, funcEntryType=0, functionEntry=0, schedMode=0, taskRation_0=0, taskRation_1=0, hasParamSummary=1, paramCount=4, paramTotalSize=32.
[INFO] RUNTIME(110933,npu_reader):2026-09-21-12:13:46.084.745 [elf.cc:1076] 110933 UpdateCachedParamInfos: Restore cached param info: kernel_name=mul_Ascend910B2_int32_210000000, ordinal=0, offset=0, size=8.
[INFO] RUNTIME(110933,npu_reader):2026-09-21-12:13:46.084.747 [elf.cc:1076] 110933 UpdateCachedParamInfos: Restore cached param info: kernel_name=mul_Ascend910B2_int32_210000000, ordinal=1, offset=8, size=8.
[INFO] RUNTIME(110933,npu_reader):2026-09-21-12:13:46.084.750 [elf.cc:1076] 110933 UpdateCachedParamInfos: Restore cached param info: kernel_name=mul_Ascend910B2_int32_210000000, ordinal=2, offset=16, size=8.
[INFO] RUNTIME(110933,npu_reader):2026-09-21-12:13:46.084.752 [elf.cc:1076] 110933 UpdateCachedParamInfos: Restore cached param info: kernel_name=mul_Ascend910B2_int32_210000000, ordinal=3, offset=24, size=8.
[INFO] RUNTIME(110933,npu_reader):2026-09-21-12:13:46.084.754 [elf.cc:1145] 110933 UpdateKernelsInfo: update meta info, kernel_name=mul_Ascend910B2_int32_210000000, dfxAddr=0xaaab4f68b718, dfxSize=176, funcType=0, elfDataFlag=1, userArgsNum=0, crossCoreSync=0, kernelVfType=0, shareMemSize=0, minStackSize=0, funcEntryType=0, functionEntry=0, schedMode=0, taskRation_0=0, taskRation_1=0, hasParamSummary=1, paramCount=4, paramTotalSize=32.
[INFO] RUNTIME(110933,npu_reader):2026-09-21-12:13:46.084.758 [runtime.cc:1448] 110933 AddProgramToPool: progId=12
[INFO] RUNTIME(110933,npu_reader):2026-09-21-12:13:46.084.761 [program.cc:1649] 110933 GetKernelTypeAndMixType: Get kernel type success, kernelName=mul_Ascend910B2_int32_232010000, funcType=0, kernelAttrType=2, mixType=0
[INFO] RUNTIME(110933,npu_reader):2026-09-21-12:13:46.084.765 [program.cc:1119] 110933 SetKernelAttribute: kernel_name=mul_Ascend910B2_int32_232010000, kernelAttrType=2, userParamNum=0, sysParamNum=1, IsNeedSetFftsAddrInArg=0, isSupportOverFlow=1, elfDataFlag=1
[INFO] RUNTIME(110933,npu_reader):2026-09-21-12:13:46.084.768 [program.cc:1690] 110933 BuildNewKernel: new kernel success, size=1320, programId=12, original kernel_name=mul_Ascend910B2_int32_232010000, register kernel_name=mul_Ascend910B2_int32_232010000, tilingKey=232010000, functionEntry=0, funcType=0, kernelAttrType=2, mixType=0, taskRation=2, offset=0, dfxAddr=187652748391268, dfxSize=176
[INFO] RUNTIME(110933,npu_reader):2026-09-21-12:13:46.084.771 [program.cc:1649] 110933 GetKernelTypeAndMixType: Get kernel type success, kernelName=mul_Ascend910B2_int32_232000000, funcType=0, kernelAttrType=2, mixType=0
[INFO] RUNTIME(110933,npu_reader):2026-09-21-12:13:46.084.775 [program.cc:1119] 110933 SetKernelAttribute: kernel_name=mul_Ascend910B2_int32_232000000, kernelAttrType=2, userParamNum=0, sysParamNum=1, IsNeedSetFftsAddrInArg=0, isSupportOverFlow=1, elfDataFlag=1
[INFO] RUNTIME(110933,npu_reader):2026-09-21-12:13:46.084.777 [program.cc:1690] 110933 BuildNewKernel: new kernel success, size=1320, programId=12, original kernel_name=mul_Ascend910B2_int32_232000000, register kernel_name=mul_Ascend910B2_int32_232000000, tilingKey=232000000, functionEntry=0, funcType=0, kernelAttrType=2, mixType=0, taskRation=2, offset=1760, dfxAddr=187652748391512, dfxSize=176
[INFO] RUNTIME(110933,npu_reader):2026-09-21-12:13:46.084.781 [program.cc:1649] 110933 GetKernelTypeAndMixType: Get kernel type success, kernelName=mul_Ascend910B2_int32_223010000, funcType=0, kernelAttrType=2, mixType=0
[INFO] RUNTIME(110933,npu_reader):2026-09-21-12:13:46.084.784 [program.cc:1119] 110933 SetKernelAttribute: kernel_name=mul_Ascend910B2_int32_223010000, kernelAttrType=2, userParamNum=0, sysParamNum=1, IsNeedSetFftsAddrInArg=0, isSupportOverFlow=1, elfDataFlag=1
[INFO] RUNTIME(110933,npu_reader):2026-09-21-12:13:46.084.787 [program.cc:1690] 110933 BuildNewKernel: new kernel success, size=1320, programId=12, original kernel_name=mul_Ascend910B2_int32_223010000, register kernel_name=mul_Ascend910B2_int32_223010000, tilingKey=223010000, functionEntry=0, funcType=0, kernelAttrType=2, mixType=0, taskRation=2, offset=2740, dfxAddr=187652748391688, dfxSize=176
[INFO] RUNTIME(110933,npu_reader):2026-09-21-12:13:46.084.790 [program.cc:1649] 110933 GetKernelTypeAndMixType: Get kernel type success, kernelName=mul_Ascend910B2_int32_223000000, funcType=0, kernelAttrType=2, mixType=0
[INFO] RUNTIME(110933,npu_reader):2026-09-21-12:13:46.084.793 [program.cc:1119] 110933 SetKernelAttribute: kernel_name=mul_Ascend910B2_int32_223000000, kernelAttrType=2, userParamNum=0, sysParamNum=1, IsNeedSetFftsAddrInArg=0, isSupportOverFlow=1, elfDataFlag=1
[INFO] RUNTIME(110933,npu_reader):2026-09-21-12:13:46.084.796 [program.cc:1690] 110933 BuildNewKernel: new kernel success, size=1320, programId=12, original kernel_name=mul_Ascend910B2_int32_223000000, register kernel_name=mul_Ascend910B2_int32_223000000, tilingKey=223000000, functionEntry=0, funcType=0, kernelAttrType=2, mixType=0, taskRation=2, offset=4452, dfxAddr=187652748391864, dfxSize=176
[INFO] RUNTIME(110933,npu_reader):2026-09-21-12:13:46.084.800 [program.cc:1649] 110933 GetKernelTypeAndMixType: Get kernel type success, kernelName=mul_Ascend910B2_int32_210010000, funcType=0, kernelAttrType=2, mixType=0
[INFO] RUNTIME(110933,npu_reader):2026-09-21-12:13:46.084.803 [program.cc:1119] 110933 SetKernelAttribute: kernel_name=mul_Ascend910B2_int32_210010000, kernelAttrType=2, userParamNum=0, sysParamNum=1, IsNeedSetFftsAddrInArg=0, isSupportOverFlow=1, elfDataFlag=1
[INFO] RUNTIME(110933,npu_reader):2026-09-21-12:13:46.084.806 [program.cc:1690] 110933 BuildNewKernel: new kernel success, size=1320, programId=12, original kernel_name=mul_Ascend910B2_int32_210010000, register kernel_name=mul_Ascend910B2_int32_210010000, tilingKey=210010000, functionEntry=0, funcType=0, kernelAttrType=2, mixType=0, taskRation=2, offset=5420, dfxAddr=187652748392040, dfxSize=176
[INFO] RUNTIME(110933,npu_reader):2026-09-21-12:13:46.084.819 [program.cc:1649] 110933 GetKernelTypeAndMixType: Get kernel type success, kernelName=mul_Ascend910B2_int32_210000000, funcType=0, kernelAttrType=2, mixType=0
[INFO] RUNTIME(110933,npu_reader):2026-09-21-12:13:46.084.822 [program.cc:1119] 110933 SetKernelAttribute: kernel_name=mul_Ascend910B2_int32_210000000, kernelAttrType=2, userParamNum=0, sysParamNum=1, IsNeedSetFftsAddrInArg=0, isSupportOverFlow=1, elfDataFlag=1
[INFO] RUNTIME(110933,npu_reader):2026-09-21-12:13:46.084.825 [program.cc:1690] 110933 BuildNewKernel: new kernel success, size=1320, programId=12, original kernel_name=mul_Ascend910B2_int32_210000000, register kernel_name=mul_Ascend910B2_int32_210000000, tilingKey=210000000, functionEntry=0, funcType=0, kernelAttrType=2, mixType=0, taskRation=2, offset=7024, dfxAddr=187652748392216, dfxSize=176
[INFO] RUNTIME(110933,npu_reader):2026-09-21-12:13:46.084.865 [binary_loader.cc:364] 110933 LoadFromData: New ElfProgram ok, magic=1094799942, kernelAttrType=2, Runtime_alloc_size=11072
[INFO] RUNTIME(110933,npu_reader):2026-09-21-12:13:46.084.870 [program.cc:204] 110933 SaveBinaryData: Malloc the buffer for elfData, len=15288
[INFO] RUNTIME(110933,npu_reader):2026-09-21-12:13:46.084.873 [elf.cc:884] 110933 ParseKernelMetaData: section name = .text.
[INFO] RUNTIME(110933,npu_reader):2026-09-21-12:13:46.084.876 [elf.cc:884] 110933 ParseKernelMetaData: section name = .ascend.stack.size.record.
[INFO] RUNTIME(110933,npu_reader):2026-09-21-12:13:46.084.878 [elf.cc:884] 110933 ParseKernelMetaData: section name = __CCE_KernelArgSize.
[INFO] RUNTIME(110933,npu_reader):2026-09-21-12:13:46.084.880 [elf.cc:884] 110933 ParseKernelMetaData: section name = .ascend.meta.mul_Ascend910B3_int32_232010000.
[INFO] RUNTIME(110933,npu_reader):2026-09-21-12:13:46.084.883 [elf.cc:575] 110933 ElfParseParamSummary: paramCount=4, paramTotalSize=32.
[INFO] RUNTIME(110933,npu_reader):2026-09-21-12:13:46.084.885 [elf.cc:610] 110933 ElfParseParamInfo: Cache param info: ordinal=0, offset=0, size=8, align=8, paramType=2, spaceIndex=0.
[INFO] RUNTIME(110933,npu_reader):2026-09-21-12:13:46.084.887 [elf.cc:610] 110933 ElfParseParamInfo: Cache param info: ordinal=1, offset=8, size=8, align=8, paramType=2, spaceIndex=0.
[INFO] RUNTIME(110933,npu_reader):2026-09-21-12:13:46.084.890 [elf.cc:610] 110933 ElfParseParamInfo: Cache param info: ordinal=2, offset=16, size=8, align=8, paramType=2, spaceIndex=0.
[INFO] RUNTIME(110933,npu_reader):2026-09-21-12:13:46.084.892 [elf.cc:610] 110933 ElfParseParamInfo: Cache param info: ordinal=3, offset=24, size=8, align=8, paramType=2, spaceIndex=0.
[INFO] RUNTIME(110933,npu_reader):2026-09-21-12:13:46.084.895 [elf.cc:916] 110933 ParseKernelMetaData: kernel_name=mul_Ascend910B3_int32_232010000, ration[0]=0, ration[1]=0, dfxAddr=0xaaab4f698734, dfxSize=176, funcType=0, crossCoreSync=0, kernelVfType=0, shareMemSize=0, minStackSize=0, isSupportFuncEntry=0, functionEntryFlag=128, functionEntry=0.
[INFO] RUNTIME(110933,npu_reader):2026-09-21-12:13:46.084.898 [elf.cc:884] 110933 ParseKernelMetaData: section name = .comment.
[INFO] RUNTIME(110933,npu_reader):2026-09-21-12:13:46.084.900 [elf.cc:884] 110933 ParseKernelMetaData: section name = .ascend.meta.mul_Ascend910B3_int32_232000000.
[INFO] RUNTIME(110933,npu_reader):2026-09-21-12:13:46.084.902 [elf.cc:575] 110933 ElfParseParamSummary: paramCount=4, paramTotalSize=32.
[INFO] RUNTIME(110933,npu_reader):2026-09-21-12:13:46.084.905 [elf.cc:610] 110933 ElfParseParamInfo: Cache param info: ordinal=0, offset=0, size=8, align=8, paramType=2, spaceIndex=0.
[INFO] RUNTIME(110933,npu_reader):2026-09-21-12:13:46.084.907 [elf.cc:610] 110933 ElfParseParamInfo: Cache param info: ordinal=1, offset=8, size=8, align=8, paramType=2, spaceIndex=0.
[INFO] RUNTIME(110933,npu_reader):2026-09-21-12:13:46.084.910 [elf.cc:610] 110933 ElfParseParamInfo: Cache param info: ordinal=2, offset=16, size=8, align=8, paramType=2, spaceIndex=0.
[INFO] RUNTIME(110933,npu_reader):2026-09-21-12:13:46.084.913 [elf.cc:610] 110933 ElfParseParamInfo: Cache param info: ordinal=3, offset=24, size=8, align=8, paramType=2, spaceIndex=0.
[INFO] RUNTIME(110933,npu_reader):2026-09-21-12:13:46.084.916 [elf.cc:916] 110933 ParseKernelMetaData: kernel_name=mul_Ascend910B3_int32_232000000, ration[0]=0, ration[1]=0, dfxAddr=0xaaab4f698828, dfxSize=176, funcType=0, crossCoreSync=0, kernelVfType=0, shareMemSize=0, minStackSize=0, isSupportFuncEntry=0, functionEntryFlag=128, functionEntry=0.
[INFO] RUNTIME(110933,npu_reader):2026-09-21-12:13:46.084.919 [elf.cc:884] 110933 ParseKernelMetaData: section name = .ascend.meta.mul_Ascend910B3_int32_223010000.
[INFO] RUNTIME(110933,npu_reader):2026-09-21-12:13:46.084.921 [elf.cc:575] 110933 ElfParseParamSummary: paramCount=4, paramTotalSize=32.
[INFO] RUNTIME(110933,npu_reader):2026-09-21-12:13:46.084.923 [elf.cc:610] 110933 ElfParseParamInfo: Cache param info: ordinal=0, offset=0, size=8, align=8, paramType=2, spaceIndex=0.
[INFO] RUNTIME(110933,npu_reader):2026-09-21-12:13:46.084.926 [elf.cc:610] 110933 ElfParseParamInfo: Cache param info: ordinal=1, offset=8, size=8, align=8, paramType=2, spaceIndex=0.
[INFO] RUNTIME(110933,npu_reader):2026-09-21-12:13:46.084.928 [elf.cc:610] 110933 ElfParseParamInfo: Cache param info: ordinal=2, offset=16, size=8, align=8, paramType=2, spaceIndex=0.
[INFO] RUNTIME(110933,npu_reader):2026-09-21-12:13:46.084.930 [elf.cc:610] 110933 ElfParseParamInfo: Cache param info: ordinal=3, offset=24, size=8, align=8, paramType=2, spaceIndex=0.
[INFO] RUNTIME(110933,npu_reader):2026-09-21-12:13:46.084.933 [elf.cc:916] 110933 ParseKernelMetaData: kernel_name=mul_Ascend910B3_int32_223010000, ration[0]=0, ration[1]=0, dfxAddr=0xaaab4f6988d8, dfxSize=176, funcType=0, crossCoreSync=0, kernelVfType=0, shareMemSize=0, minStackSize=0, isSupportFuncEntry=0, functionEntryFlag=128, functionEntry=0.
[INFO] RUNTIME(110933,npu_reader):2026-09-21-12:13:46.084.936 [elf.cc:884] 110933 ParseKernelMetaData: section name = .ascend.meta.mul_Ascend910B3_int32_223000000.
[INFO] RUNTIME(110933,npu_reader):2026-09-21-12:13:46.084.938 [elf.cc:575] 110933 ElfParseParamSummary: paramCount=4, paramTotalSize=32.
[INFO] RUNTIME(110933,npu_reader):2026-09-21-12:13:46.084.940 [elf.cc:610] 110933 ElfParseParamInfo: Cache param info: ordinal=0, offset=0, size=8, align=8, paramType=2, spaceIndex=0.
[INFO] RUNTIME(110933,npu_reader):2026-09-21-12:13:46.084.943 [elf.cc:610] 110933 ElfParseParamInfo: Cache param info: ordinal=1, offset=8, size=8, align=8, paramType=2, spaceIndex=0.
[INFO] RUNTIME(110933,npu_reader):2026-09-21-12:13:46.084.945 [elf.cc:610] 110933 ElfParseParamInfo: Cache param info: ordinal=2, offset=16, size=8, align=8, paramType=2, spaceIndex=0.
[INFO] RUNTIME(110933,npu_reader):2026-09-21-12:13:46.084.947 [elf.cc:610] 110933 ElfParseParamInfo: Cache param info: ordinal=3, offset=24, size=8, align=8, paramType=2, spaceIndex=0.
[INFO] RUNTIME(110933,npu_reader):2026-09-21-12:13:46.084.950 [elf.cc:916] 110933 ParseKernelMetaData: kernel_name=mul_Ascend910B3_int32_223000000, ration[0]=0, ration[1]=0, dfxAddr=0xaaab4f698988, dfxSize=176, funcType=0, crossCoreSync=0, kernelVfType=0, shareMemSize=0, minStackSize=0, isSupportFuncEntry=0, functionEntryFlag=128, functionEntry=0.
[INFO] RUNTIME(110933,npu_reader):2026-09-21-12:13:46.084.953 [elf.cc:884] 110933 ParseKernelMetaData: section name = .ascend.meta.mul_Ascend910B3_int32_210010000.
[INFO] RUNTIME(110933,npu_reader):2026-09-21-12:13:46.084.955 [elf.cc:575] 110933 ElfParseParamSummary: paramCount=4, paramTotalSize=32.
[INFO] RUNTIME(110933,npu_reader):2026-09-21-12:13:46.084.957 [elf.cc:610] 110933 ElfParseParamInfo: Cache param info: ordinal=0, offset=0, size=8, align=8, paramType=2, spaceIndex=0.
[INFO] RUNTIME(110933,npu_reader):2026-09-21-12:13:46.084.959 [elf.cc:610] 110933 ElfParseParamInfo: Cache param info: ordinal=1, offset=8, size=8, align=8, paramType=2, spaceIndex=0.
[INFO] RUNTIME(110933,npu_reader):2026-09-21-12:13:46.084.963 [elf.cc:610] 110933 ElfParseParamInfo: Cache param info: ordinal=2, offset=16, size=8, align=8, paramType=2, spaceIndex=0.
[INFO] RUNTIME(110933,npu_reader):2026-09-21-12:13:46.084.965 [elf.cc:610] 110933 ElfParseParamInfo: Cache param info: ordinal=3, offset=24, size=8, align=8, paramType=2, spaceIndex=0.
[INFO] RUNTIME(110933,npu_reader):2026-09-21-12:13:46.084.968 [elf.cc:916] 110933 ParseKernelMetaData: kernel_name=mul_Ascend910B3_int32_210010000, ration[0]=0, ration[1]=0, dfxAddr=0xaaab4f698a38, dfxSize=176, funcType=0, crossCoreSync=0, kernelVfType=0, shareMemSize=0, minStackSize=0, isSupportFuncEntry=0, functionEntryFlag=128, functionEntry=0.
[INFO] RUNTIME(110933,npu_reader):2026-09-21-12:13:46.084.971 [elf.cc:884] 110933 ParseKernelMetaData: section name = .ascend.meta.mul_Ascend910B3_int32_210000000.
[INFO] RUNTIME(110933,npu_reader):2026-09-21-12:13:46.084.973 [elf.cc:575] 110933 ElfParseParamSummary: paramCount=4, paramTotalSize=32.
[INFO] RUNTIME(110933,npu_reader):2026-09-21-12:13:46.084.975 [elf.cc:610] 110933 ElfParseParamInfo: Cache param info: ordinal=0, offset=0, size=8, align=8, paramType=2, spaceIndex=0.
[INFO] RUNTIME(110933,npu_reader):2026-09-21-12:13:46.084.978 [elf.cc:610] 110933 ElfParseParamInfo: Cache param info: ordinal=1, offset=8, size=8, align=8, paramType=2, spaceIndex=0.
[INFO] RUNTIME(110933,npu_reader):2026-09-21-12:13:46.084.980 [elf.cc:610] 110933 ElfParseParamInfo: Cache param info: ordinal=2, offset=16, size=8, align=8, paramType=2, spaceIndex=0.
[INFO] RUNTIME(110933,npu_reader):2026-09-21-12:13:46.084.983 [elf.cc:610] 110933 ElfParseParamInfo: Cache param info: ordinal=3, offset=24, size=8, align=8, paramType=2, spaceIndex=0.
[INFO] RUNTIME(110933,npu_reader):2026-09-21-12:13:46.084.985 [elf.cc:916] 110933 ParseKernelMetaData: kernel_name=mul_Ascend910B3_int32_210000000, ration[0]=0, ration[1]=0, dfxAddr=0xaaab4f698ae8, dfxSize=176, funcType=0, crossCoreSync=0, kernelVfType=0, shareMemSize=0, minStackSize=0, isSupportFuncEntry=0, functionEntryFlag=128, functionEntry=0.
[INFO] RUNTIME(110933,npu_reader):2026-09-21-12:13:46.084.997 [elf.cc:1076] 110933 UpdateCachedParamInfos: Restore cached param info: kernel_name=mul_Ascend910B3_int32_232010000, ordinal=0, offset=0, size=8.
[INFO] RUNTIME(110933,npu_reader):2026-09-21-12:13:46.084.999 [elf.cc:1076] 110933 UpdateCachedParamInfos: Restore cached param info: kernel_name=mul_Ascend910B3_int32_232010000, ordinal=1, offset=8, size=8.
[INFO] RUNTIME(110933,npu_reader):2026-09-21-12:13:46.085.002 [elf.cc:1076] 110933 UpdateCachedParamInfos: Restore cached param info: kernel_name=mul_Ascend910B3_int32_232010000, ordinal=2, offset=16, size=8.
[INFO] RUNTIME(110933,npu_reader):2026-09-21-12:13:46.085.004 [elf.cc:1076] 110933 UpdateCachedParamInfos: Restore cached param info: kernel_name=mul_Ascend910B3_int32_232010000, ordinal=3, offset=24, size=8.
[INFO] RUNTIME(110933,npu_reader):2026-09-21-12:13:46.085.006 [elf.cc:1145] 110933 UpdateKernelsInfo: update meta info, kernel_name=mul_Ascend910B3_int32_232010000, dfxAddr=0xaaab4f698734, dfxSize=176, funcType=0, elfDataFlag=1, userArgsNum=0, crossCoreSync=0, kernelVfType=0, shareMemSize=0, minStackSize=0, funcEntryType=0, functionEntry=0, schedMode=0, taskRation_0=0, taskRation_1=0, hasParamSummary=1, paramCount=4, paramTotalSize=32.
[INFO] RUNTIME(110933,npu_reader):2026-09-21-12:13:46.085.010 [elf.cc:1076] 110933 UpdateCachedParamInfos: Restore cached param info: kernel_name=mul_Ascend910B3_int32_232000000, ordinal=0, offset=0, size=8.
[INFO] RUNTIME(110933,npu_reader):2026-09-21-12:13:46.085.012 [elf.cc:1076] 110933 UpdateCachedParamInfos: Restore cached param info: kernel_name=mul_Ascend910B3_int32_232000000, ordinal=1, offset=8, size=8.
[INFO] RUNTIME(110933,npu_reader):2026-09-21-12:13:46.085.014 [elf.cc:1076] 110933 UpdateCachedParamInfos: Restore cached param info: kernel_name=mul_Ascend910B3_int32_232000000, ordinal=2, offset=16, size=8.
[INFO] RUNTIME(110933,npu_reader):2026-09-21-12:13:46.085.016 [elf.cc:1076] 110933 UpdateCachedParamInfos: Restore cached param info: kernel_name=mul_Ascend910B3_int32_232000000, ordinal=3, offset=24, size=8.
[INFO] RUNTIME(110933,npu_reader):2026-09-21-12:13:46.085.020 [elf.cc:1145] 110933 UpdateKernelsInfo: update meta info, kernel_name=mul_Ascend910B3_int32_232000000, dfxAddr=0xaaab4f698828, dfxSize=176, funcType=0, elfDataFlag=1, userArgsNum=0, crossCoreSync=0, kernelVfType=0, shareMemSize=0, minStackSize=0, funcEntryType=0, functionEntry=0, schedMode=0, taskRation_0=0, taskRation_1=0, hasParamSummary=1, paramCount=4, paramTotalSize=32.
[INFO] RUNTIME(110933,npu_reader):2026-09-21-12:13:46.085.023 [elf.cc:1076] 110933 UpdateCachedParamInfos: Restore cached param info: kernel_name=mul_Ascend910B3_int32_223010000, ordinal=0, offset=0, size=8.
[INFO] RUNTIME(110933,npu_reader):2026-09-21-12:13:46.085.025 [elf.cc:1076] 110933 UpdateCachedParamInfos: Restore cached param info: kernel_name=mul_Ascend910B3_int32_223010000, ordinal=1, offset=8, size=8.
[INFO] RUNTIME(110933,npu_reader):2026-09-21-12:13:46.085.028 [elf.cc:1076] 110933 UpdateCachedParamInfos: Restore cached param info: kernel_name=mul_Ascend910B3_int32_223010000, ordinal=2, offset=16, size=8.
[INFO] RUNTIME(110933,npu_reader):2026-09-21-12:13:46.085.030 [elf.cc:1076] 110933 UpdateCachedParamInfos: Restore cached param info: kernel_name=mul_Ascend910B3_int32_223010000, ordinal=3, offset=24, size=8.
[INFO] RUNTIME(110933,npu_reader):2026-09-21-12:13:46.085.032 [elf.cc:1145] 110933 UpdateKernelsInfo: update meta info, kernel_name=mul_Ascend910B3_int32_223010000, dfxAddr=0xaaab4f6988d8, dfxSize=176, funcType=0, elfDataFlag=1, userArgsNum=0, crossCoreSync=0, kernelVfType=0, shareMemSize=0, minStackSize=0, funcEntryType=0, functionEntry=0, schedMode=0, taskRation_0=0, taskRation_1=0, hasParamSummary=1, paramCount=4, paramTotalSize=32.
[INFO] RUNTIME(110933,npu_reader):2026-09-21-12:13:46.085.035 [elf.cc:1076] 110933 UpdateCachedParamInfos: Restore cached param info: kernel_name=mul_Ascend910B3_int32_223000000, ordinal=0, offset=0, size=8.
[INFO] RUNTIME(110933,npu_reader):2026-09-21-12:13:46.085.038 [elf.cc:1076] 110933 UpdateCachedParamInfos: Restore cached param info: kernel_name=mul_Ascend910B3_int32_223000000, ordinal=1, offset=8, size=8.
[INFO] RUNTIME(110933,npu_reader):2026-09-21-12:13:46.085.040 [elf.cc:1076] 110933 UpdateCachedParamInfos: Restore cached param info: kernel_name=mul_Ascend910B3_int32_223000000, ordinal=2, offset=16, size=8.
[INFO] RUNTIME(110933,npu_reader):2026-09-21-12:13:46.085.042 [elf.cc:1076] 110933 UpdateCachedParamInfos: Restore cached param info: kernel_name=mul_Ascend910B3_int32_223000000, ordinal=3, offset=24, size=8.
[INFO] RUNTIME(110933,npu_reader):2026-09-21-12:13:46.085.044 [elf.cc:1145] 110933 UpdateKernelsInfo: update meta info, kernel_name=mul_Ascend910B3_int32_223000000, dfxAddr=0xaaab4f698988, dfxSize=176, funcType=0, elfDataFlag=1, userArgsNum=0, crossCoreSync=0, kernelVfType=0, shareMemSize=0, minStackSize=0, funcEntryType=0, functionEntry=0, schedMode=0, taskRation_0=0, taskRation_1=0, hasParamSummary=1, paramCount=4, paramTotalSize=32.
[INFO] RUNTIME(110933,npu_reader):2026-09-21-12:13:46.085.047 [elf.cc:1076] 110933 UpdateCachedParamInfos: Restore cached param info: kernel_name=mul_Ascend910B3_int32_210010000, ordinal=0, offset=0, size=8.
[INFO] RUNTIME(110933,npu_reader):2026-09-21-12:13:46.085.050 [elf.cc:1076] 110933 UpdateCachedParamInfos: Restore cached param info: kernel_name=mul_Ascend910B3_int32_210010000, ordinal=1, offset=8, size=8.
[INFO] RUNTIME(110933,npu_reader):2026-09-21-12:13:46.085.052 [elf.cc:1076] 110933 UpdateCachedParamInfos: Restore cached param info: kernel_name=mul_Ascend910B3_int32_210010000, ordinal=2, offset=16, size=8.
[INFO] RUNTIME(110933,npu_reader):2026-09-21-12:13:46.085.054 [elf.cc:1076] 110933 UpdateCachedParamInfos: Restore cached param info: kernel_name=mul_Ascend910B3_int32_210010000, ordinal=3, offset=24, size=8.
[INFO] RUNTIME(110933,npu_reader):2026-09-21-12:13:46.085.056 [elf.cc:1145] 110933 UpdateKernelsInfo: update meta info, kernel_name=mul_Ascend910B3_int32_210010000, dfxAddr=0xaaab4f698a38, dfxSize=176, funcType=0, elfDataFlag=1, userArgsNum=0, crossCoreSync=0, kernelVfType=0, shareMemSize=0, minStackSize=0, funcEntryType=0, functionEntry=0, schedMode=0, taskRation_0=0, taskRation_1=0, hasParamSummary=1, paramCount=4, paramTotalSize=32.
[INFO] RUNTIME(110933,npu_reader):2026-09-21-12:13:46.085.061 [elf.cc:1076] 110933 UpdateCachedParamInfos: Restore cached param info: kernel_name=mul_Ascend910B3_int32_210000000, ordinal=0, offset=0, size=8.
[INFO] RUNTIME(110933,npu_reader):2026-09-21-12:13:46.085.063 [elf.cc:1076] 110933 UpdateCachedParamInfos: Restore cached param info: kernel_name=mul_Ascend910B3_int32_210000000, ordinal=1, offset=8, size=8.
[INFO] RUNTIME(110933,npu_reader):2026-09-21-12:13:46.085.065 [elf.cc:1076] 110933 UpdateCachedParamInfos: Restore cached param info: kernel_name=mul_Ascend910B3_int32_210000000, ordinal=2, offset=16, size=8.
[INFO] RUNTIME(110933,npu_reader):2026-09-21-12:13:46.085.067 [elf.cc:1076] 110933 UpdateCachedParamInfos: Restore cached param info: kernel_name=mul_Ascend910B3_int32_210000000, ordinal=3, offset=24, size=8.
[INFO] RUNTIME(110933,npu_reader):2026-09-21-12:13:46.085.070 [elf.cc:1145] 110933 UpdateKernelsInfo: update meta info, kernel_name=mul_Ascend910B3_int32_210000000, dfxAddr=0xaaab4f698ae8, dfxSize=176, funcType=0, elfDataFlag=1, userArgsNum=0, crossCoreSync=0, kernelVfType=0, shareMemSize=0, minStackSize=0, funcEntryType=0, functionEntry=0, schedMode=0, taskRation_0=0, taskRation_1=0, hasParamSummary=1, paramCount=4, paramTotalSize=32.
[INFO] RUNTIME(110933,npu_reader):2026-09-21-12:13:46.085.073 [runtime.cc:1448] 110933 AddProgramToPool: progId=13
[INFO] RUNTIME(110933,npu_reader):2026-09-21-12:13:46.085.076 [program.cc:1649] 110933 GetKernelTypeAndMixType: Get kernel type success, kernelName=mul_Ascend910B3_int32_232010000, funcType=0, kernelAttrType=2, mixType=0
[INFO] RUNTIME(110933,npu_reader):2026-09-21-12:13:46.085.080 [program.cc:1119] 110933 SetKernelAttribute: kernel_name=mul_Ascend910B3_int32_232010000, kernelAttrType=2, userParamNum=0, sysParamNum=1, IsNeedSetFftsAddrInArg=0, isSupportOverFlow=1, elfDataFlag=1
[INFO] RUNTIME(110933,npu_reader):2026-09-21-12:13:46.085.082 [program.cc:1690] 110933 BuildNewKernel: new kernel success, size=1320, programId=13, original kernel_name=mul_Ascend910B3_int32_232010000, register kernel_name=mul_Ascend910B3_int32_232010000, tilingKey=232010000, functionEntry=0, funcType=0, kernelAttrType=2, mixType=0, taskRation=2, offset=0, dfxAddr=187652748445492, dfxSize=176
[INFO] RUNTIME(110933,npu_reader):2026-09-21-12:13:46.085.086 [program.cc:1649] 110933 GetKernelTypeAndMixType: Get kernel type success, kernelName=mul_Ascend910B3_int32_232000000, funcType=0, kernelAttrType=2, mixType=0
[INFO] RUNTIME(110933,npu_reader):2026-09-21-12:13:46.085.089 [program.cc:1119] 110933 SetKernelAttribute: kernel_name=mul_Ascend910B3_int32_232000000, kernelAttrType=2, userParamNum=0, sysParamNum=1, IsNeedSetFftsAddrInArg=0, isSupportOverFlow=1, elfDataFlag=1
[INFO] RUNTIME(110933,npu_reader):2026-09-21-12:13:46.085.092 [program.cc:1690] 110933 BuildNewKernel: new kernel success, size=1320, programId=13, original kernel_name=mul_Ascend910B3_int32_232000000, register kernel_name=mul_Ascend910B3_int32_232000000, tilingKey=232000000, functionEntry=0, funcType=0, kernelAttrType=2, mixType=0, taskRation=2, offset=1760, dfxAddr=187652748445736, dfxSize=176
[INFO] RUNTIME(110933,npu_reader):2026-09-21-12:13:46.085.096 [program.cc:1649] 110933 GetKernelTypeAndMixType: Get kernel type success, kernelName=mul_Ascend910B3_int32_223010000, funcType=0, kernelAttrType=2, mixType=0
[INFO] RUNTIME(110933,npu_reader):2026-09-21-12:13:46.085.098 [program.cc:1119] 110933 SetKernelAttribute: kernel_name=mul_Ascend910B3_int32_223010000, kernelAttrType=2, userParamNum=0, sysParamNum=1, IsNeedSetFftsAddrInArg=0, isSupportOverFlow=1, elfDataFlag=1
[INFO] RUNTIME(110933,npu_reader):2026-09-21-12:13:46.085.101 [program.cc:1690] 110933 BuildNewKernel: new kernel success, size=1320, programId=13, original kernel_name=mul_Ascend910B3_int32_223010000, register kernel_name=mul_Ascend910B3_int32_223010000, tilingKey=223010000, functionEntry=0, funcType=0, kernelAttrType=2, mixType=0, taskRation=2, offset=2740, dfxAddr=187652748445912, dfxSize=176
[INFO] RUNTIME(110933,npu_reader):2026-09-21-12:13:46.085.106 [program.cc:1649] 110933 GetKernelTypeAndMixType: Get kernel type success, kernelName=mul_Ascend910B3_int32_223000000, funcType=0, kernelAttrType=2, mixType=0
[INFO] RUNTIME(110933,npu_reader):2026-09-21-12:13:46.085.109 [program.cc:1119] 110933 SetKernelAttribute: kernel_name=mul_Ascend910B3_int32_223000000, kernelAttrType=2, userParamNum=0, sysParamNum=1, IsNeedSetFftsAddrInArg=0, isSupportOverFlow=1, elfDataFlag=1
[INFO] RUNTIME(110933,npu_reader):2026-09-21-12:13:46.085.112 [program.cc:1690] 110933 BuildNewKernel: new kernel success, size=1320, programId=13, original kernel_name=mul_Ascend910B3_int32_223000000, register kernel_name=mul_Ascend910B3_int32_223000000, tilingKey=223000000, functionEntry=0, funcType=0, kernelAttrType=2, mixType=0, taskRation=2, offset=4452, dfxAddr=187652748446088, dfxSize=176
[INFO] RUNTIME(110933,npu_reader):2026-09-21-12:13:46.085.116 [program.cc:1649] 110933 GetKernelTypeAndMixType: Get kernel type success, kernelName=mul_Ascend910B3_int32_210010000, funcType=0, kernelAttrType=2, mixType=0
[INFO] RUNTIME(110933,npu_reader):2026-09-21-12:13:46.085.119 [program.cc:1119] 110933 SetKernelAttribute: kernel_name=mul_Ascend910B3_int32_210010000, kernelAttrType=2, userParamNum=0, sysParamNum=1, IsNeedSetFftsAddrInArg=0, isSupportOverFlow=1, elfDataFlag=1
[INFO] RUNTIME(110933,npu_reader):2026-09-21-12:13:46.085.121 [program.cc:1690] 110933 BuildNewKernel: new kernel success, size=1320, programId=13, original kernel_name=mul_Ascend910B3_int32_210010000, register kernel_name=mul_Ascend910B3_int32_210010000, tilingKey=210010000, functionEntry=0, funcType=0, kernelAttrType=2, mixType=0, taskRation=2, offset=5420, dfxAddr=187652748446264, dfxSize=176
[INFO] RUNTIME(110933,npu_reader):2026-09-21-12:13:46.085.125 [program.cc:1649] 110933 GetKernelTypeAndMixType: Get kernel type success, kernelName=mul_Ascend910B3_int32_210000000, funcType=0, kernelAttrType=2, mixType=0
[INFO] RUNTIME(110933,npu_reader):2026-09-21-12:13:46.085.128 [program.cc:1119] 110933 SetKernelAttribute: kernel_name=mul_Ascend910B3_int32_210000000, kernelAttrType=2, userParamNum=0, sysParamNum=1, IsNeedSetFftsAddrInArg=0, isSupportOverFlow=1, elfDataFlag=1
[INFO] RUNTIME(110933,npu_reader):2026-09-21-12:13:46.085.130 [program.cc:1690] 110933 BuildNewKernel: new kernel success, size=1320, programId=13, original kernel_name=mul_Ascend910B3_int32_210000000, register kernel_name=mul_Ascend910B3_int32_210000000, tilingKey=210000000, functionEntry=0, funcType=0, kernelAttrType=2, mixType=0, taskRation=2, offset=7024, dfxAddr=187652748446440, dfxSize=176
[INFO] RUNTIME(110933,npu_reader):2026-09-21-12:13:46.085.173 [binary_loader.cc:364] 110933 LoadFromData: New ElfProgram ok, magic=1094799942, kernelAttrType=2, Runtime_alloc_size=11072
[INFO] RUNTIME(110933,npu_reader):2026-09-21-12:13:46.085.177 [program.cc:204] 110933 SaveBinaryData: Malloc the buffer for elfData, len=15288
[INFO] RUNTIME(110933,npu_reader):2026-09-21-12:13:46.085.180 [elf.cc:884] 110933 ParseKernelMetaData: section name = .text.
[INFO] RUNTIME(110933,npu_reader):2026-09-21-12:13:46.085.183 [elf.cc:884] 110933 ParseKernelMetaData: section name = .ascend.stack.size.record.
[INFO] RUNTIME(110933,npu_reader):2026-09-21-12:13:46.085.185 [elf.cc:884] 110933 ParseKernelMetaData: section name = __CCE_KernelArgSize.
[INFO] RUNTIME(110933,npu_reader):2026-09-21-12:13:46.085.187 [elf.cc:884] 110933 ParseKernelMetaData: section name = .ascend.meta.mul_Ascend910B4_int32_232010000.
[INFO] RUNTIME(110933,npu_reader):2026-09-21-12:13:46.085.190 [elf.cc:575] 110933 ElfParseParamSummary: paramCount=4, paramTotalSize=32.
[INFO] RUNTIME(110933,npu_reader):2026-09-21-12:13:46.085.192 [elf.cc:610] 110933 ElfParseParamInfo: Cache param info: ordinal=0, offset=0, size=8, align=8, paramType=2, spaceIndex=0.
[INFO] RUNTIME(110933,npu_reader):2026-09-21-12:13:46.085.196 [elf.cc:610] 110933 ElfParseParamInfo: Cache param info: ordinal=1, offset=8, size=8, align=8, paramType=2, spaceIndex=0.
[INFO] RUNTIME(110933,npu_reader):2026-09-21-12:13:46.085.198 [elf.cc:610] 110933 ElfParseParamInfo: Cache param info: ordinal=2, offset=16, size=8, align=8, paramType=2, spaceIndex=0.
[INFO] RUNTIME(110933,npu_reader):2026-09-21-12:13:46.085.201 [elf.cc:610] 110933 ElfParseParamInfo: Cache param info: ordinal=3, offset=24, size=8, align=8, paramType=2, spaceIndex=0.
[INFO] RUNTIME(110933,npu_reader):2026-09-21-12:13:46.085.203 [elf.cc:916] 110933 ParseKernelMetaData: kernel_name=mul_Ascend910B4_int32_232010000, ration[0]=0, ration[1]=0, dfxAddr=0xaaab4f6a5b64, dfxSize=176, funcType=0, crossCoreSync=0, kernelVfType=0, shareMemSize=0, minStackSize=0, isSupportFuncEntry=0, functionEntryFlag=128, functionEntry=0.
[INFO] RUNTIME(110933,npu_reader):2026-09-21-12:13:46.085.206 [elf.cc:884] 110933 ParseKernelMetaData: section name = .comment.
[INFO] RUNTIME(110933,npu_reader):2026-09-21-12:13:46.085.208 [elf.cc:884] 110933 ParseKernelMetaData: section name = .ascend.meta.mul_Ascend910B4_int32_232000000.
[INFO] RUNTIME(110933,npu_reader):2026-09-21-12:13:46.085.211 [elf.cc:575] 110933 ElfParseParamSummary: paramCount=4, paramTotalSize=32.
[INFO] RUNTIME(110933,npu_reader):2026-09-21-12:13:46.085.213 [elf.cc:610] 110933 ElfParseParamInfo: Cache param info: ordinal=0, offset=0, size=8, align=8, paramType=2, spaceIndex=0.
[INFO] RUNTIME(110933,npu_reader):2026-09-21-12:13:46.085.215 [elf.cc:610] 110933 ElfParseParamInfo: Cache param info: ordinal=1, offset=8, size=8, align=8, paramType=2, spaceIndex=0.
[INFO] RUNTIME(110933,npu_reader):2026-09-21-12:13:46.085.218 [elf.cc:610] 110933 ElfParseParamInfo: Cache param info: ordinal=2, offset=16, size=8, align=8, paramType=2, spaceIndex=0.
[INFO] RUNTIME(110933,npu_reader):2026-09-21-12:13:46.085.220 [elf.cc:610] 110933 ElfParseParamInfo: Cache param info: ordinal=3, offset=24, size=8, align=8, paramType=2, spaceIndex=0.
[INFO] RUNTIME(110933,npu_reader):2026-09-21-12:13:46.085.223 [elf.cc:916] 110933 ParseKernelMetaData: kernel_name=mul_Ascend910B4_int32_232000000, ration[0]=0, ration[1]=0, dfxAddr=0xaaab4f6a5c58, dfxSize=176, funcType=0, crossCoreSync=0, kernelVfType=0, shareMemSize=0, minStackSize=0, isSupportFuncEntry=0, functionEntryFlag=128, functionEntry=0.
[INFO] RUNTIME(110933,npu_reader):2026-09-21-12:13:46.085.226 [elf.cc:884] 110933 ParseKernelMetaData: section name = .ascend.meta.mul_Ascend910B4_int32_223010000.
[INFO] RUNTIME(110933,npu_reader):2026-09-21-12:13:46.085.228 [elf.cc:575] 110933 ElfParseParamSummary: paramCount=4, paramTotalSize=32.
[INFO] RUNTIME(110933,npu_reader):2026-09-21-12:13:46.085.230 [elf.cc:610] 110933 ElfParseParamInfo: Cache param info: ordinal=0, offset=0, size=8, align=8, paramType=2, spaceIndex=0.
[INFO] RUNTIME(110933,npu_reader):2026-09-21-12:13:46.085.232 [elf.cc:610] 110933 ElfParseParamInfo: Cache param info: ordinal=1, offset=8, size=8, align=8, paramType=2, spaceIndex=0.
[INFO] RUNTIME(110933,npu_reader):2026-09-21-12:13:46.085.235 [elf.cc:610] 110933 ElfParseParamInfo: Cache param info: ordinal=2, offset=16, size=8, align=8, paramType=2, spaceIndex=0.
[INFO] RUNTIME(110933,npu_reader):2026-09-21-12:13:46.085.237 [elf.cc:610] 110933 ElfParseParamInfo: Cache param info: ordinal=3, offset=24, size=8, align=8, paramType=2, spaceIndex=0.
[INFO] RUNTIME(110933,npu_reader):2026-09-21-12:13:46.085.240 [elf.cc:916] 110933 ParseKernelMetaData: kernel_name=mul_Ascend910B4_int32_223010000, ration[0]=0, ration[1]=0, dfxAddr=0xaaab4f6a5d08, dfxSize=176, funcType=0, crossCoreSync=0, kernelVfType=0, shareMemSize=0, minStackSize=0, isSupportFuncEntry=0, functionEntryFlag=128, functionEntry=0.
[INFO] RUNTIME(110933,npu_reader):2026-09-21-12:13:46.085.243 [elf.cc:884] 110933 ParseKernelMetaData: section name = .ascend.meta.mul_Ascend910B4_int32_223000000.
[INFO] RUNTIME(110933,npu_reader):2026-09-21-12:13:46.085.245 [elf.cc:575] 110933 ElfParseParamSummary: paramCount=4, paramTotalSize=32.
[INFO] RUNTIME(110933,npu_reader):2026-09-21-12:13:46.085.248 [elf.cc:610] 110933 ElfParseParamInfo: Cache param info: ordinal=0, offset=0, size=8, align=8, paramType=2, spaceIndex=0.
[INFO] RUNTIME(110933,npu_reader):2026-09-21-12:13:46.085.251 [elf.cc:610] 110933 ElfParseParamInfo: Cache param info: ordinal=1, offset=8, size=8, align=8, paramType=2, spaceIndex=0.
[INFO] RUNTIME(110933,npu_reader):2026-09-21-12:13:46.085.253 [elf.cc:610] 110933 ElfParseParamInfo: Cache param info: ordinal=2, offset=16, size=8, align=8, paramType=2, spaceIndex=0.
[INFO] RUNTIME(110933,npu_reader):2026-09-21-12:13:46.085.255 [elf.cc:610] 110933 ElfParseParamInfo: Cache param info: ordinal=3, offset=24, size=8, align=8, paramType=2, spaceIndex=0.
[INFO] RUNTIME(110933,npu_reader):2026-09-21-12:13:46.085.258 [elf.cc:916] 110933 ParseKernelMetaData: kernel_name=mul_Ascend910B4_int32_223000000, ration[0]=0, ration[1]=0, dfxAddr=0xaaab4f6a5db8, dfxSize=176, funcType=0, crossCoreSync=0, kernelVfType=0, shareMemSize=0, minStackSize=0, isSupportFuncEntry=0, functionEntryFlag=128, functionEntry=0.
[INFO] RUNTIME(110933,npu_reader):2026-09-21-12:13:46.085.261 [elf.cc:884] 110933 ParseKernelMetaData: section name = .ascend.meta.mul_Ascend910B4_int32_210010000.
[INFO] RUNTIME(110933,npu_reader):2026-09-21-12:13:46.085.263 [elf.cc:575] 110933 ElfParseParamSummary: paramCount=4, paramTotalSize=32.
[INFO] RUNTIME(110933,npu_reader):2026-09-21-12:13:46.085.265 [elf.cc:610] 110933 ElfParseParamInfo: Cache param info: ordinal=0, offset=0, size=8, align=8, paramType=2, spaceIndex=0.
[INFO] RUNTIME(110933,npu_reader):2026-09-21-12:13:46.085.268 [elf.cc:610] 110933 ElfParseParamInfo: Cache param info: ordinal=1, offset=8, size=8, align=8, paramType=2, spaceIndex=0.
[INFO] RUNTIME(110933,npu_reader):2026-09-21-12:13:46.085.270 [elf.cc:610] 110933 ElfParseParamInfo: Cache param info: ordinal=2, offset=16, size=8, align=8, paramType=2, spaceIndex=0.
[INFO] RUNTIME(110933,npu_reader):2026-09-21-12:13:46.085.272 [elf.cc:610] 110933 ElfParseParamInfo: Cache param info: ordinal=3, offset=24, size=8, align=8, paramType=2, spaceIndex=0.
[INFO] RUNTIME(110933,npu_reader):2026-09-21-12:13:46.085.275 [elf.cc:916] 110933 ParseKernelMetaData: kernel_name=mul_Ascend910B4_int32_210010000, ration[0]=0, ration[1]=0, dfxAddr=0xaaab4f6a5e68, dfxSize=176, funcType=0, crossCoreSync=0, kernelVfType=0, shareMemSize=0, minStackSize=0, isSupportFuncEntry=0, functionEntryFlag=128, functionEntry=0.
[INFO] RUNTIME(110933,npu_reader):2026-09-21-12:13:46.085.278 [elf.cc:884] 110933 ParseKernelMetaData: section name = .ascend.meta.mul_Ascend910B4_int32_210000000.
[INFO] RUNTIME(110933,npu_reader):2026-09-21-12:13:46.085.280 [elf.cc:575] 110933 ElfParseParamSummary: paramCount=4, paramTotalSize=32.
[INFO] RUNTIME(110933,npu_reader):2026-09-21-12:13:46.085.282 [elf.cc:610] 110933 ElfParseParamInfo: Cache param info: ordinal=0, offset=0, size=8, align=8, paramType=2, spaceIndex=0.
[INFO] RUNTIME(110933,npu_reader):2026-09-21-12:13:46.085.284 [elf.cc:610] 110933 ElfParseParamInfo: Cache param info: ordinal=1, offset=8, size=8, align=8, paramType=2, spaceIndex=0.
[INFO] RUNTIME(110933,npu_reader):2026-09-21-12:13:46.085.287 [elf.cc:610] 110933 ElfParseParamInfo: Cache param info: ordinal=2, offset=16, size=8, align=8, paramType=2, spaceIndex=0.
[INFO] RUNTIME(110933,npu_reader):2026-09-21-12:13:46.085.289 [elf.cc:610] 110933 ElfParseParamInfo: Cache param info: ordinal=3, offset=24, size=8, align=8, paramType=2, spaceIndex=0.
[INFO] RUNTIME(110933,npu_reader):2026-09-21-12:13:46.085.292 [elf.cc:916] 110933 ParseKernelMetaData: kernel_name=mul_Ascend910B4_int32_210000000, ration[0]=0, ration[1]=0, dfxAddr=0xaaab4f6a5f18, dfxSize=176, funcType=0, crossCoreSync=0, kernelVfType=0, shareMemSize=0, minStackSize=0, isSupportFuncEntry=0, functionEntryFlag=128, functionEntry=0.
[INFO] RUNTIME(110933,npu_reader):2026-09-21-12:13:46.085.303 [elf.cc:1076] 110933 UpdateCachedParamInfos: Restore cached param info: kernel_name=mul_Ascend910B4_int32_232010000, ordinal=0, offset=0, size=8.
[INFO] RUNTIME(110933,npu_reader):2026-09-21-12:13:46.085.308 [elf.cc:1076] 110933 UpdateCachedParamInfos: Restore cached param info: kernel_name=mul_Ascend910B4_int32_232010000, ordinal=1, offset=8, size=8.
[INFO] RUNTIME(110933,npu_reader):2026-09-21-12:13:46.085.310 [elf.cc:1076] 110933 UpdateCachedParamInfos: Restore cached param info: kernel_name=mul_Ascend910B4_int32_232010000, ordinal=2, offset=16, size=8.
[INFO] RUNTIME(110933,npu_reader):2026-09-21-12:13:46.085.312 [elf.cc:1076] 110933 UpdateCachedParamInfos: Restore cached param info: kernel_name=mul_Ascend910B4_int32_232010000, ordinal=3, offset=24, size=8.
[INFO] RUNTIME(110933,npu_reader):2026-09-21-12:13:46.085.315 [elf.cc:1145] 110933 UpdateKernelsInfo: update meta info, kernel_name=mul_Ascend910B4_int32_232010000, dfxAddr=0xaaab4f6a5b64, dfxSize=176, funcType=0, elfDataFlag=1, userArgsNum=0, crossCoreSync=0, kernelVfType=0, shareMemSize=0, minStackSize=0, funcEntryType=0, functionEntry=0, schedMode=0, taskRation_0=0, taskRation_1=0, hasParamSummary=1, paramCount=4, paramTotalSize=32.
[INFO] RUNTIME(110933,npu_reader):2026-09-21-12:13:46.085.318 [elf.cc:1076] 110933 UpdateCachedParamInfos: Restore cached param info: kernel_name=mul_Ascend910B4_int32_232000000, ordinal=0, offset=0, size=8.
[INFO] RUNTIME(110933,npu_reader):2026-09-21-12:13:46.085.320 [elf.cc:1076] 110933 UpdateCachedParamInfos: Restore cached param info: kernel_name=mul_Ascend910B4_int32_232000000, ordinal=1, offset=8, size=8.
[INFO] RUNTIME(110933,npu_reader):2026-09-21-12:13:46.085.322 [elf.cc:1076] 110933 UpdateCachedParamInfos: Restore cached param info: kernel_name=mul_Ascend910B4_int32_232000000, ordinal=2, offset=16, size=8.
[INFO] RUNTIME(110933,npu_reader):2026-09-21-12:13:46.085.325 [elf.cc:1076] 110933 UpdateCachedParamInfos: Restore cached param info: kernel_name=mul_Ascend910B4_int32_232000000, ordinal=3, offset=24, size=8.
[INFO] RUNTIME(110933,npu_reader):2026-09-21-12:13:46.085.327 [elf.cc:1145] 110933 UpdateKernelsInfo: update meta info, kernel_name=mul_Ascend910B4_int32_232000000, dfxAddr=0xaaab4f6a5c58, dfxSize=176, funcType=0, elfDataFlag=1, userArgsNum=0, crossCoreSync=0, kernelVfType=0, shareMemSize=0, minStackSize=0, funcEntryType=0, functionEntry=0, schedMode=0, taskRation_0=0, taskRation_1=0, hasParamSummary=1, paramCount=4, paramTotalSize=32.
[INFO] RUNTIME(110933,npu_reader):2026-09-21-12:13:46.085.330 [elf.cc:1076] 110933 UpdateCachedParamInfos: Restore cached param info: kernel_name=mul_Ascend910B4_int32_223010000, ordinal=0, offset=0, size=8.
[INFO] RUNTIME(110933,npu_reader):2026-09-21-12:13:46.085.332 [elf.cc:1076] 110933 UpdateCachedParamInfos: Restore cached param info: kernel_name=mul_Ascend910B4_int32_223010000, ordinal=1, offset=8, size=8.
[INFO] RUNTIME(110933,npu_reader):2026-09-21-12:13:46.085.335 [elf.cc:1076] 110933 UpdateCachedParamInfos: Restore cached param info: kernel_name=mul_Ascend910B4_int32_223010000, ordinal=2, offset=16, size=8.
[INFO] RUNTIME(110933,npu_reader):2026-09-21-12:13:46.085.337 [elf.cc:1076] 110933 UpdateCachedParamInfos: Restore cached param info: kernel_name=mul_Ascend910B4_int32_223010000, ordinal=3, offset=24, size=8.
[INFO] RUNTIME(110933,npu_reader):2026-09-21-12:13:46.085.339 [elf.cc:1145] 110933 UpdateKernelsInfo: update meta info, kernel_name=mul_Ascend910B4_int32_223010000, dfxAddr=0xaaab4f6a5d08, dfxSize=176, funcType=0, elfDataFlag=1, userArgsNum=0, crossCoreSync=0, kernelVfType=0, shareMemSize=0, minStackSize=0, funcEntryType=0, functionEntry=0, schedMode=0, taskRation_0=0, taskRation_1=0, hasParamSummary=1, paramCount=4, paramTotalSize=32.
[INFO] RUNTIME(110933,npu_reader):2026-09-21-12:13:46.085.342 [elf.cc:1076] 110933 UpdateCachedParamInfos: Restore cached param info: kernel_name=mul_Ascend910B4_int32_223000000, ordinal=0, offset=0, size=8.
[INFO] RUNTIME(110933,npu_reader):2026-09-21-12:13:46.085.345 [elf.cc:1076] 110933 UpdateCachedParamInfos: Restore cached param info: kernel_name=mul_Ascend910B4_int32_223000000, ordinal=1, offset=8, size=8.
[INFO] RUNTIME(110933,npu_reader):2026-09-21-12:13:46.085.347 [elf.cc:1076] 110933 UpdateCachedParamInfos: Restore cached param info: kernel_name=mul_Ascend910B4_int32_223000000, ordinal=2, offset=16, size=8.
[INFO] RUNTIME(110933,npu_reader):2026-09-21-12:13:46.085.350 [elf.cc:1076] 110933 UpdateCachedParamInfos: Restore cached param info: kernel_name=mul_Ascend910B4_int32_223000000, ordinal=3, offset=24, size=8.
[INFO] RUNTIME(110933,npu_reader):2026-09-21-12:13:46.085.352 [elf.cc:1145] 110933 UpdateKernelsInfo: update meta info, kernel_name=mul_Ascend910B4_int32_223000000, dfxAddr=0xaaab4f6a5db8, dfxSize=176, funcType=0, elfDataFlag=1, userArgsNum=0, crossCoreSync=0, kernelVfType=0, shareMemSize=0, minStackSize=0, funcEntryType=0, functionEntry=0, schedMode=0, taskRation_0=0, taskRation_1=0, hasParamSummary=1, paramCount=4, paramTotalSize=32.
[INFO] RUNTIME(110933,npu_reader):2026-09-21-12:13:46.085.356 [elf.cc:1076] 110933 UpdateCachedParamInfos: Restore cached param info: kernel_name=mul_Ascend910B4_int32_210010000, ordinal=0, offset=0, size=8.
[INFO] RUNTIME(110933,npu_reader):2026-09-21-12:13:46.085.358 [elf.cc:1076] 110933 UpdateCachedParamInfos: Restore cached param info: kernel_name=mul_Ascend910B4_int32_210010000, ordinal=1, offset=8, size=8.
[INFO] RUNTIME(110933,npu_reader):2026-09-21-12:13:46.085.360 [elf.cc:1076] 110933 UpdateCachedParamInfos: Restore cached param info: kernel_name=mul_Ascend910B4_int32_210010000, ordinal=2, offset=16, size=8.
[INFO] RUNTIME(110933,npu_reader):2026-09-21-12:13:46.085.362 [elf.cc:1076] 110933 UpdateCachedParamInfos: Restore cached param info: kernel_name=mul_Ascend910B4_int32_210010000, ordinal=3, offset=24, size=8.
[INFO] RUNTIME(110933,npu_reader):2026-09-21-12:13:46.085.365 [elf.cc:1145] 110933 UpdateKernelsInfo: update meta info, kernel_name=mul_Ascend910B4_int32_210010000, dfxAddr=0xaaab4f6a5e68, dfxSize=176, funcType=0, elfDataFlag=1, userArgsNum=0, crossCoreSync=0, kernelVfType=0, shareMemSize=0, minStackSize=0, funcEntryType=0, functionEntry=0, schedMode=0, taskRation_0=0, taskRation_1=0, hasParamSummary=1, paramCount=4, paramTotalSize=32.
[INFO] RUNTIME(110933,npu_reader):2026-09-21-12:13:46.085.368 [elf.cc:1076] 110933 UpdateCachedParamInfos: Restore cached param info: kernel_name=mul_Ascend910B4_int32_210000000, ordinal=0, offset=0, size=8.
[INFO] RUNTIME(110933,npu_reader):2026-09-21-12:13:46.085.370 [elf.cc:1076] 110933 UpdateCachedParamInfos: Restore cached param info: kernel_name=mul_Ascend910B4_int32_210000000, ordinal=1, offset=8, size=8.
[INFO] RUNTIME(110933,npu_reader):2026-09-21-12:13:46.085.372 [elf.cc:1076] 110933 UpdateCachedParamInfos: Restore cached param info: kernel_name=mul_Ascend910B4_int32_210000000, ordinal=2, offset=16, size=8.
[INFO] RUNTIME(110933,npu_reader):2026-09-21-12:13:46.085.375 [elf.cc:1076] 110933 UpdateCachedParamInfos: Restore cached param info: kernel_name=mul_Ascend910B4_int32_210000000, ordinal=3, offset=24, size=8.
[INFO] RUNTIME(110933,npu_reader):2026-09-21-12:13:46.085.377 [elf.cc:1145] 110933 UpdateKernelsInfo: update meta info, kernel_name=mul_Ascend910B4_int32_210000000, dfxAddr=0xaaab4f6a5f18, dfxSize=176, funcType=0, elfDataFlag=1, userArgsNum=0, crossCoreSync=0, kernelVfType=0, shareMemSize=0, minStackSize=0, funcEntryType=0, functionEntry=0, schedMode=0, taskRation_0=0, taskRation_1=0, hasParamSummary=1, paramCount=4, paramTotalSize=32.
[INFO] RUNTIME(110933,npu_reader):2026-09-21-12:13:46.085.381 [runtime.cc:1448] 110933 AddProgramToPool: progId=14
[INFO] RUNTIME(110933,npu_reader):2026-09-21-12:13:46.085.384 [program.cc:1649] 110933 GetKernelTypeAndMixType: Get kernel type success, kernelName=mul_Ascend910B4_int32_232010000, funcType=0, kernelAttrType=2, mixType=0
[INFO] RUNTIME(110933,npu_reader):2026-09-21-12:13:46.085.387 [program.cc:1119] 110933 SetKernelAttribute: kernel_name=mul_Ascend910B4_int32_232010000, kernelAttrType=2, userParamNum=0, sysParamNum=1, IsNeedSetFftsAddrInArg=0, isSupportOverFlow=1, elfDataFlag=1
[INFO] RUNTIME(110933,npu_reader):2026-09-21-12:13:46.085.390 [program.cc:1690] 110933 BuildNewKernel: new kernel success, size=1320, programId=14, original kernel_name=mul_Ascend910B4_int32_232010000, register kernel_name=mul_Ascend910B4_int32_232010000, tilingKey=232010000, functionEntry=0, funcType=0, kernelAttrType=2, mixType=0, taskRation=2, offset=0, dfxAddr=187652748499812, dfxSize=176
[INFO] RUNTIME(110933,npu_reader):2026-09-21-12:13:46.085.395 [program.cc:1649] 110933 GetKernelTypeAndMixType: Get kernel type success, kernelName=mul_Ascend910B4_int32_232000000, funcType=0, kernelAttrType=2, mixType=0
[INFO] RUNTIME(110933,npu_reader):2026-09-21-12:13:46.085.398 [program.cc:1119] 110933 SetKernelAttribute: kernel_name=mul_Ascend910B4_int32_232000000, kernelAttrType=2, userParamNum=0, sysParamNum=1, IsNeedSetFftsAddrInArg=0, isSupportOverFlow=1, elfDataFlag=1
[INFO] RUNTIME(110933,npu_reader):2026-09-21-12:13:46.085.400 [program.cc:1690] 110933 BuildNewKernel: new kernel success, size=1320, programId=14, original kernel_name=mul_Ascend910B4_int32_232000000, register kernel_name=mul_Ascend910B4_int32_232000000, tilingKey=232000000, functionEntry=0, funcType=0, kernelAttrType=2, mixType=0, taskRation=2, offset=1760, dfxAddr=187652748500056, dfxSize=176
[INFO] RUNTIME(110933,npu_reader):2026-09-21-12:13:46.085.404 [program.cc:1649] 110933 GetKernelTypeAndMixType: Get kernel type success, kernelName=mul_Ascend910B4_int32_223010000, funcType=0, kernelAttrType=2, mixType=0
[INFO] RUNTIME(110933,npu_reader):2026-09-21-12:13:46.085.407 [program.cc:1119] 110933 SetKernelAttribute: kernel_name=mul_Ascend910B4_int32_223010000, kernelAttrType=2, userParamNum=0, sysParamNum=1, IsNeedSetFftsAddrInArg=0, isSupportOverFlow=1, elfDataFlag=1
[INFO] RUNTIME(110933,npu_reader):2026-09-21-12:13:46.085.410 [program.cc:1690] 110933 BuildNewKernel: new kernel success, size=1320, programId=14, original kernel_name=mul_Ascend910B4_int32_223010000, register kernel_name=mul_Ascend910B4_int32_223010000, tilingKey=223010000, functionEntry=0, funcType=0, kernelAttrType=2, mixType=0, taskRation=2, offset=2740, dfxAddr=187652748500232, dfxSize=176
[INFO] RUNTIME(110933,npu_reader):2026-09-21-12:13:46.085.413 [program.cc:1649] 110933 GetKernelTypeAndMixType: Get kernel type success, kernelName=mul_Ascend910B4_int32_223000000, funcType=0, kernelAttrType=2, mixType=0
[INFO] RUNTIME(110933,npu_reader):2026-09-21-12:13:46.085.416 [program.cc:1119] 110933 SetKernelAttribute: kernel_name=mul_Ascend910B4_int32_223000000, kernelAttrType=2, userParamNum=0, sysParamNum=1, IsNeedSetFftsAddrInArg=0, isSupportOverFlow=1, elfDataFlag=1
[INFO] RUNTIME(110933,npu_reader):2026-09-21-12:13:46.085.419 [program.cc:1690] 110933 BuildNewKernel: new kernel success, size=1320, programId=14, original kernel_name=mul_Ascend910B4_int32_223000000, register kernel_name=mul_Ascend910B4_int32_223000000, tilingKey=223000000, functionEntry=0, funcType=0, kernelAttrType=2, mixType=0, taskRation=2, offset=4452, dfxAddr=187652748500408, dfxSize=176
[INFO] RUNTIME(110933,npu_reader):2026-09-21-12:13:46.085.422 [program.cc:1649] 110933 GetKernelTypeAndMixType: Get kernel type success, kernelName=mul_Ascend910B4_int32_210010000, funcType=0, kernelAttrType=2, mixType=0
[INFO] RUNTIME(110933,npu_reader):2026-09-21-12:13:46.085.425 [program.cc:1119] 110933 SetKernelAttribute: kernel_name=mul_Ascend910B4_int32_210010000, kernelAttrType=2, userParamNum=0, sysParamNum=1, IsNeedSetFftsAddrInArg=0, isSupportOverFlow=1, elfDataFlag=1
[INFO] RUNTIME(110933,npu_reader):2026-09-21-12:13:46.085.428 [program.cc:1690] 110933 BuildNewKernel: new kernel success, size=1320, programId=14, original kernel_name=mul_Ascend910B4_int32_210010000, register kernel_name=mul_Ascend910B4_int32_210010000, tilingKey=210010000, functionEntry=0, funcType=0, kernelAttrType=2, mixType=0, taskRation=2, offset=5420, dfxAddr=187652748500584, dfxSize=176
[INFO] RUNTIME(110933,npu_reader):2026-09-21-12:13:46.085.432 [program.cc:1649] 110933 GetKernelTypeAndMixType: Get kernel type success, kernelName=mul_Ascend910B4_int32_210000000, funcType=0, kernelAttrType=2, mixType=0
[INFO] RUNTIME(110933,npu_reader):2026-09-21-12:13:46.085.435 [program.cc:1119] 110933 SetKernelAttribute: kernel_name=mul_Ascend910B4_int32_210000000, kernelAttrType=2, userParamNum=0, sysParamNum=1, IsNeedSetFftsAddrInArg=0, isSupportOverFlow=1, elfDataFlag=1
[INFO] RUNTIME(110933,npu_reader):2026-09-21-12:13:46.085.439 [program.cc:1690] 110933 BuildNewKernel: new kernel success, size=1320, programId=14, original kernel_name=mul_Ascend910B4_int32_210000000, register kernel_name=mul_Ascend910B4_int32_210000000, tilingKey=210000000, functionEntry=0, funcType=0, kernelAttrType=2, mixType=0, taskRation=2, offset=7024, dfxAddr=187652748500760, dfxSize=176
[INFO] RUNTIME(110933,npu_reader):2026-09-21-12:13:46.085.480 [binary_loader.cc:364] 110933 LoadFromData: New ElfProgram ok, magic=1094799942, kernelAttrType=2, Runtime_alloc_size=11072
[INFO] RUNTIME(110933,npu_reader):2026-09-21-12:13:46.085.484 [program.cc:204] 110933 SaveBinaryData: Malloc the buffer for elfData, len=15984
[INFO] RUNTIME(110933,npu_reader):2026-09-21-12:13:46.085.488 [elf.cc:884] 110933 ParseKernelMetaData: section name = .text.
[INFO] RUNTIME(110933,npu_reader):2026-09-21-12:13:46.085.490 [elf.cc:884] 110933 ParseKernelMetaData: section name = .ascend.stack.size.record.
[INFO] RUNTIME(110933,npu_reader):2026-09-21-12:13:46.085.493 [elf.cc:884] 110933 ParseKernelMetaData: section name = __CCE_KernelArgSize.
[INFO] RUNTIME(110933,npu_reader):2026-09-21-12:13:46.085.495 [elf.cc:884] 110933 ParseKernelMetaData: section name = .ascend.meta.mul_Ascend910b_int64_2147483647.
[INFO] RUNTIME(110933,npu_reader):2026-09-21-12:13:46.085.497 [elf.cc:575] 110933 ElfParseParamSummary: paramCount=4, paramTotalSize=32.
[INFO] RUNTIME(110933,npu_reader):2026-09-21-12:13:46.085.499 [elf.cc:610] 110933 ElfParseParamInfo: Cache param info: ordinal=0, offset=0, size=8, align=8, paramType=2, spaceIndex=0.
[INFO] RUNTIME(110933,npu_reader):2026-09-21-12:13:46.085.502 [elf.cc:610] 110933 ElfParseParamInfo: Cache param info: ordinal=1, offset=8, size=8, align=8, paramType=2, spaceIndex=0.
[INFO] RUNTIME(110933,npu_reader):2026-09-21-12:13:46.085.504 [elf.cc:610] 110933 ElfParseParamInfo: Cache param info: ordinal=2, offset=16, size=8, align=8, paramType=2, spaceIndex=0.
[INFO] RUNTIME(110933,npu_reader):2026-09-21-12:13:46.085.507 [elf.cc:610] 110933 ElfParseParamInfo: Cache param info: ordinal=3, offset=24, size=8, align=8, paramType=2, spaceIndex=0.
[INFO] RUNTIME(110933,npu_reader):2026-09-21-12:13:46.085.509 [elf.cc:916] 110933 ParseKernelMetaData: kernel_name=mul_Ascend910b_int64_2147483647, ration[0]=0, ration[1]=0, dfxAddr=0xaaab4f6b41c8, dfxSize=176, funcType=0, crossCoreSync=0, kernelVfType=0, shareMemSize=0, minStackSize=0, isSupportFuncEntry=0, functionEntryFlag=128, functionEntry=0.
[INFO] RUNTIME(110933,npu_reader):2026-09-21-12:13:46.085.512 [elf.cc:884] 110933 ParseKernelMetaData: section name = .comment.
[INFO] RUNTIME(110933,npu_reader):2026-09-21-12:13:46.085.514 [elf.cc:884] 110933 ParseKernelMetaData: section name = .ascend.meta.mul_Ascend910b_int64_210010000.
[INFO] RUNTIME(110933,npu_reader):2026-09-21-12:13:46.085.516 [elf.cc:575] 110933 ElfParseParamSummary: paramCount=4, paramTotalSize=32.
[INFO] RUNTIME(110933,npu_reader):2026-09-21-12:13:46.085.519 [elf.cc:610] 110933 ElfParseParamInfo: Cache param info: ordinal=0, offset=0, size=8, align=8, paramType=2, spaceIndex=0.
[INFO] RUNTIME(110933,npu_reader):2026-09-21-12:13:46.085.521 [elf.cc:610] 110933 ElfParseParamInfo: Cache param info: ordinal=1, offset=8, size=8, align=8, paramType=2, spaceIndex=0.
[INFO] RUNTIME(110933,npu_reader):2026-09-21-12:13:46.085.523 [elf.cc:610] 110933 ElfParseParamInfo: Cache param info: ordinal=2, offset=16, size=8, align=8, paramType=2, spaceIndex=0.
[INFO] RUNTIME(110933,npu_reader):2026-09-21-12:13:46.085.526 [elf.cc:610] 110933 ElfParseParamInfo: Cache param info: ordinal=3, offset=24, size=8, align=8, paramType=2, spaceIndex=0.
[INFO] RUNTIME(110933,npu_reader):2026-09-21-12:13:46.085.528 [elf.cc:916] 110933 ParseKernelMetaData: kernel_name=mul_Ascend910b_int64_210010000, ration[0]=0, ration[1]=0, dfxAddr=0xaaab4f6b42bc, dfxSize=176, funcType=0, crossCoreSync=0, kernelVfType=0, shareMemSize=0, minStackSize=0, isSupportFuncEntry=0, functionEntryFlag=128, functionEntry=0.
[INFO] RUNTIME(110933,npu_reader):2026-09-21-12:13:46.085.532 [elf.cc:884] 110933 ParseKernelMetaData: section name = .ascend.meta.mul_Ascend910b_int64_210000000.
[INFO] RUNTIME(110933,npu_reader):2026-09-21-12:13:46.085.535 [elf.cc:575] 110933 ElfParseParamSummary: paramCount=4, paramTotalSize=32.
[INFO] RUNTIME(110933,npu_reader):2026-09-21-12:13:46.085.537 [elf.cc:610] 110933 ElfParseParamInfo: Cache param info: ordinal=0, offset=0, size=8, align=8, paramType=2, spaceIndex=0.
[INFO] RUNTIME(110933,npu_reader):2026-09-21-12:13:46.085.539 [elf.cc:610] 110933 ElfParseParamInfo: Cache param info: ordinal=1, offset=8, size=8, align=8, paramType=2, spaceIndex=0.
[INFO] RUNTIME(110933,npu_reader):2026-09-21-12:13:46.085.542 [elf.cc:610] 110933 ElfParseParamInfo: Cache param info: ordinal=2, offset=16, size=8, align=8, paramType=2, spaceIndex=0.
[INFO] RUNTIME(110933,npu_reader):2026-09-21-12:13:46.085.544 [elf.cc:610] 110933 ElfParseParamInfo: Cache param info: ordinal=3, offset=24, size=8, align=8, paramType=2, spaceIndex=0.
[INFO] RUNTIME(110933,npu_reader):2026-09-21-12:13:46.085.547 [elf.cc:916] 110933 ParseKernelMetaData: kernel_name=mul_Ascend910b_int64_210000000, ration[0]=0, ration[1]=0, dfxAddr=0xaaab4f6b436c, dfxSize=176, funcType=0, crossCoreSync=0, kernelVfType=0, shareMemSize=0, minStackSize=0, isSupportFuncEntry=0, functionEntryFlag=128, functionEntry=0.
[INFO] RUNTIME(110933,npu_reader):2026-09-21-12:13:46.085.554 [elf.cc:1076] 110933 UpdateCachedParamInfos: Restore cached param info: kernel_name=mul_Ascend910b_int64_2147483647, ordinal=0, offset=0, size=8.
[INFO] RUNTIME(110933,npu_reader):2026-09-21-12:13:46.085.557 [elf.cc:1076] 110933 UpdateCachedParamInfos: Restore cached param info: kernel_name=mul_Ascend910b_int64_2147483647, ordinal=1, offset=8, size=8.
[INFO] RUNTIME(110933,npu_reader):2026-09-21-12:13:46.085.559 [elf.cc:1076] 110933 UpdateCachedParamInfos: Restore cached param info: kernel_name=mul_Ascend910b_int64_2147483647, ordinal=2, offset=16, size=8.
[INFO] RUNTIME(110933,npu_reader):2026-09-21-12:13:46.085.561 [elf.cc:1076] 110933 UpdateCachedParamInfos: Restore cached param info: kernel_name=mul_Ascend910b_int64_2147483647, ordinal=3, offset=24, size=8.
[INFO] RUNTIME(110933,npu_reader):2026-09-21-12:13:46.085.564 [elf.cc:1145] 110933 UpdateKernelsInfo: update meta info, kernel_name=mul_Ascend910b_int64_2147483647, dfxAddr=0xaaab4f6b41c8, dfxSize=176, funcType=0, elfDataFlag=1, userArgsNum=0, crossCoreSync=0, kernelVfType=0, shareMemSize=0, minStackSize=0, funcEntryType=0, functionEntry=0, schedMode=0, taskRation_0=0, taskRation_1=0, hasParamSummary=1, paramCount=4, paramTotalSize=32.
[INFO] RUNTIME(110933,npu_reader):2026-09-21-12:13:46.085.567 [elf.cc:1076] 110933 UpdateCachedParamInfos: Restore cached param info: kernel_name=mul_Ascend910b_int64_210010000, ordinal=0, offset=0, size=8.
[INFO] RUNTIME(110933,npu_reader):2026-09-21-12:13:46.085.569 [elf.cc:1076] 110933 UpdateCachedParamInfos: Restore cached param info: kernel_name=mul_Ascend910b_int64_210010000, ordinal=1, offset=8, size=8.
[INFO] RUNTIME(110933,npu_reader):2026-09-21-12:13:46.085.571 [elf.cc:1076] 110933 UpdateCachedParamInfos: Restore cached param info: kernel_name=mul_Ascend910b_int64_210010000, ordinal=2, offset=16, size=8.
[INFO] RUNTIME(110933,npu_reader):2026-09-21-12:13:46.085.574 [elf.cc:1076] 110933 UpdateCachedParamInfos: Restore cached param info: kernel_name=mul_Ascend910b_int64_210010000, ordinal=3, offset=24, size=8.
[INFO] RUNTIME(110933,npu_reader):2026-09-21-12:13:46.085.576 [elf.cc:1145] 110933 UpdateKernelsInfo: update meta info, kernel_name=mul_Ascend910b_int64_210010000, dfxAddr=0xaaab4f6b42bc, dfxSize=176, funcType=0, elfDataFlag=1, userArgsNum=0, crossCoreSync=0, kernelVfType=0, shareMemSize=0, minStackSize=0, funcEntryType=0, functionEntry=0, schedMode=0, taskRation_0=0, taskRation_1=0, hasParamSummary=1, paramCount=4, paramTotalSize=32.
[INFO] RUNTIME(110933,npu_reader):2026-09-21-12:13:46.085.579 [elf.cc:1076] 110933 UpdateCachedParamInfos: Restore cached param info: kernel_name=mul_Ascend910b_int64_210000000, ordinal=0, offset=0, size=8.
[INFO] RUNTIME(110933,npu_reader):2026-09-21-12:13:46.085.583 [elf.cc:1076] 110933 UpdateCachedParamInfos: Restore cached param info: kernel_name=mul_Ascend910b_int64_210000000, ordinal=1, offset=8, size=8.
[INFO] RUNTIME(110933,npu_reader):2026-09-21-12:13:46.085.585 [elf.cc:1076] 110933 UpdateCachedParamInfos: Restore cached param info: kernel_name=mul_Ascend910b_int64_210000000, ordinal=2, offset=16, size=8.
[INFO] RUNTIME(110933,npu_reader):2026-09-21-12:13:46.085.587 [elf.cc:1076] 110933 UpdateCachedParamInfos: Restore cached param info: kernel_name=mul_Ascend910b_int64_210000000, ordinal=3, offset=24, size=8.
[INFO] RUNTIME(110933,npu_reader):2026-09-21-12:13:46.085.589 [elf.cc:1145] 110933 UpdateKernelsInfo: update meta info, kernel_name=mul_Ascend910b_int64_210000000, dfxAddr=0xaaab4f6b436c, dfxSize=176, funcType=0, elfDataFlag=1, userArgsNum=0, crossCoreSync=0, kernelVfType=0, shareMemSize=0, minStackSize=0, funcEntryType=0, functionEntry=0, schedMode=0, taskRation_0=0, taskRation_1=0, hasParamSummary=1, paramCount=4, paramTotalSize=32.
[INFO] RUNTIME(110933,npu_reader):2026-09-21-12:13:46.085.593 [runtime.cc:1448] 110933 AddProgramToPool: progId=15
[INFO] RUNTIME(110933,npu_reader):2026-09-21-12:13:46.085.596 [program.cc:1649] 110933 GetKernelTypeAndMixType: Get kernel type success, kernelName=mul_Ascend910b_int64_2147483647, funcType=0, kernelAttrType=2, mixType=0
[INFO] RUNTIME(110933,npu_reader):2026-09-21-12:13:46.085.599 [program.cc:1119] 110933 SetKernelAttribute: kernel_name=mul_Ascend910b_int64_2147483647, kernelAttrType=2, userParamNum=0, sysParamNum=1, IsNeedSetFftsAddrInArg=0, isSupportOverFlow=1, elfDataFlag=1
[INFO] RUNTIME(110933,npu_reader):2026-09-21-12:13:46.085.602 [program.cc:1690] 110933 BuildNewKernel: new kernel success, size=1320, programId=15, original kernel_name=mul_Ascend910b_int64_2147483647, register kernel_name=mul_Ascend910b_int64_2147483647, tilingKey=2147483647, functionEntry=0, funcType=0, kernelAttrType=2, mixType=0, taskRation=2, offset=0, dfxAddr=187652748558792, dfxSize=176
[INFO] RUNTIME(110933,npu_reader):2026-09-21-12:13:46.085.606 [program.cc:1649] 110933 GetKernelTypeAndMixType: Get kernel type success, kernelName=mul_Ascend910b_int64_210010000, funcType=0, kernelAttrType=2, mixType=0
[INFO] RUNTIME(110933,npu_reader):2026-09-21-12:13:46.085.609 [program.cc:1119] 110933 SetKernelAttribute: kernel_name=mul_Ascend910b_int64_210010000, kernelAttrType=2, userParamNum=0, sysParamNum=1, IsNeedSetFftsAddrInArg=0, isSupportOverFlow=1, elfDataFlag=1
[INFO] RUNTIME(110933,npu_reader):2026-09-21-12:13:46.085.612 [program.cc:1690] 110933 BuildNewKernel: new kernel success, size=1320, programId=15, original kernel_name=mul_Ascend910b_int64_210010000, register kernel_name=mul_Ascend910b_int64_210010000, tilingKey=210010000, functionEntry=0, funcType=0, kernelAttrType=2, mixType=0, taskRation=2, offset=116, dfxAddr=187652748559036, dfxSize=176
[INFO] RUNTIME(110933,npu_reader):2026-09-21-12:13:46.085.615 [program.cc:1649] 110933 GetKernelTypeAndMixType: Get kernel type success, kernelName=mul_Ascend910b_int64_210000000, funcType=0, kernelAttrType=2, mixType=0
[INFO] RUNTIME(110933,npu_reader):2026-09-21-12:13:46.085.618 [program.cc:1119] 110933 SetKernelAttribute: kernel_name=mul_Ascend910b_int64_210000000, kernelAttrType=2, userParamNum=0, sysParamNum=1, IsNeedSetFftsAddrInArg=0, isSupportOverFlow=1, elfDataFlag=1
[INFO] RUNTIME(110933,npu_reader):2026-09-21-12:13:46.085.621 [program.cc:1690] 110933 BuildNewKernel: new kernel success, size=1320, programId=15, original kernel_name=mul_Ascend910b_int64_210000000, register kernel_name=mul_Ascend910b_int64_210000000, tilingKey=210000000, functionEntry=0, funcType=0, kernelAttrType=2, mixType=0, taskRation=2, offset=8128, dfxAddr=187652748559212, dfxSize=176
[INFO] RUNTIME(110933,npu_reader):2026-09-21-12:13:46.085.648 [binary_loader.cc:364] 110933 LoadFromData: New ElfProgram ok, magic=1094799942, kernelAttrType=2, Runtime_alloc_size=11072
[INFO] RUNTIME(110933,npu_reader):2026-09-21-12:13:46.085.668 [program.cc:204] 110933 SaveBinaryData: Malloc the buffer for elfData, len=19888
[INFO] RUNTIME(110933,npu_reader):2026-09-21-12:13:46.085.671 [elf.cc:884] 110933 ParseKernelMetaData: section name = .text.
[INFO] RUNTIME(110933,npu_reader):2026-09-21-12:13:46.085.674 [elf.cc:884] 110933 ParseKernelMetaData: section name = .ascend.stack.size.record.
[INFO] RUNTIME(110933,npu_reader):2026-09-21-12:13:46.085.676 [elf.cc:884] 110933 ParseKernelMetaData: section name = __CCE_KernelArgSize.
[INFO] RUNTIME(110933,npu_reader):2026-09-21-12:13:46.085.679 [elf.cc:884] 110933 ParseKernelMetaData: section name = .ascend.meta.mul_Ascend910B1_int8_232010000.
[INFO] RUNTIME(110933,npu_reader):2026-09-21-12:13:46.085.681 [elf.cc:575] 110933 ElfParseParamSummary: paramCount=4, paramTotalSize=32.
[INFO] RUNTIME(110933,npu_reader):2026-09-21-12:13:46.085.683 [elf.cc:610] 110933 ElfParseParamInfo: Cache param info: ordinal=0, offset=0, size=8, align=8, paramType=2, spaceIndex=0.
[INFO] RUNTIME(110933,npu_reader):2026-09-21-12:13:46.085.685 [elf.cc:610] 110933 ElfParseParamInfo: Cache param info: ordinal=1, offset=8, size=8, align=8, paramType=2, spaceIndex=0.
[INFO] RUNTIME(110933,npu_reader):2026-09-21-12:13:46.085.688 [elf.cc:610] 110933 ElfParseParamInfo: Cache param info: ordinal=2, offset=16, size=8, align=8, paramType=2, spaceIndex=0.
[INFO] RUNTIME(110933,npu_reader):2026-09-21-12:13:46.085.690 [elf.cc:610] 110933 ElfParseParamInfo: Cache param info: ordinal=3, offset=24, size=8, align=8, paramType=2, spaceIndex=0.
[INFO] RUNTIME(110933,npu_reader):2026-09-21-12:13:46.085.693 [elf.cc:916] 110933 ParseKernelMetaData: kernel_name=mul_Ascend910B1_int8_232010000, ration[0]=0, ration[1]=0, dfxAddr=0xaaab4f6c1c54, dfxSize=176, funcType=0, crossCoreSync=0, kernelVfType=0, shareMemSize=0, minStackSize=0, isSupportFuncEntry=0, functionEntryFlag=128, functionEntry=0.
[INFO] RUNTIME(110933,npu_reader):2026-09-21-12:13:46.085.696 [elf.cc:884] 110933 ParseKernelMetaData: section name = .comment.
[INFO] RUNTIME(110933,npu_reader):2026-09-21-12:13:46.085.698 [elf.cc:884] 110933 ParseKernelMetaData: section name = .ascend.meta.mul_Ascend910B1_int8_232000000.
[INFO] RUNTIME(110933,npu_reader):2026-09-21-12:13:46.085.700 [elf.cc:575] 110933 ElfParseParamSummary: paramCount=4, paramTotalSize=32.
[INFO] RUNTIME(110933,npu_reader):2026-09-21-12:13:46.085.702 [elf.cc:610] 110933 ElfParseParamInfo: Cache param info: ordinal=0, offset=0, size=8, align=8, paramType=2, spaceIndex=0.
[INFO] RUNTIME(110933,npu_reader):2026-09-21-12:13:46.085.705 [elf.cc:610] 110933 ElfParseParamInfo: Cache param info: ordinal=1, offset=8, size=8, align=8, paramType=2, spaceIndex=0.
[INFO] RUNTIME(110933,npu_reader):2026-09-21-12:13:46.085.707 [elf.cc:610] 110933 ElfParseParamInfo: Cache param info: ordinal=2, offset=16, size=8, align=8, paramType=2, spaceIndex=0.
[INFO] RUNTIME(110933,npu_reader):2026-09-21-12:13:46.085.710 [elf.cc:610] 110933 ElfParseParamInfo: Cache param info: ordinal=3, offset=24, size=8, align=8, paramType=2, spaceIndex=0.
[INFO] RUNTIME(110933,npu_reader):2026-09-21-12:13:46.085.712 [elf.cc:916] 110933 ParseKernelMetaData: kernel_name=mul_Ascend910B1_int8_232000000, ration[0]=0, ration[1]=0, dfxAddr=0xaaab4f6c1d48, dfxSize=176, funcType=0, crossCoreSync=0, kernelVfType=0, shareMemSize=0, minStackSize=0, isSupportFuncEntry=0, functionEntryFlag=128, functionEntry=0.
[INFO] RUNTIME(110933,npu_reader):2026-09-21-12:13:46.085.715 [elf.cc:884] 110933 ParseKernelMetaData: section name = .ascend.meta.mul_Ascend910B1_int8_223010000.
[INFO] RUNTIME(110933,npu_reader):2026-09-21-12:13:46.085.717 [elf.cc:575] 110933 ElfParseParamSummary: paramCount=4, paramTotalSize=32.
[INFO] RUNTIME(110933,npu_reader):2026-09-21-12:13:46.085.720 [elf.cc:610] 110933 ElfParseParamInfo: Cache param info: ordinal=0, offset=0, size=8, align=8, paramType=2, spaceIndex=0.
[INFO] RUNTIME(110933,npu_reader):2026-09-21-12:13:46.085.722 [elf.cc:610] 110933 ElfParseParamInfo: Cache param info: ordinal=1, offset=8, size=8, align=8, paramType=2, spaceIndex=0.
[INFO] RUNTIME(110933,npu_reader):2026-09-21-12:13:46.085.726 [elf.cc:610] 110933 ElfParseParamInfo: Cache param info: ordinal=2, offset=16, size=8, align=8, paramType=2, spaceIndex=0.
[INFO] RUNTIME(110933,npu_reader):2026-09-21-12:13:46.085.728 [elf.cc:610] 110933 ElfParseParamInfo: Cache param info: ordinal=3, offset=24, size=8, align=8, paramType=2, spaceIndex=0.
[INFO] RUNTIME(110933,npu_reader):2026-09-21-12:13:46.085.731 [elf.cc:916] 110933 ParseKernelMetaData: kernel_name=mul_Ascend910B1_int8_223010000, ration[0]=0, ration[1]=0, dfxAddr=0xaaab4f6c1df8, dfxSize=176, funcType=0, crossCoreSync=0, kernelVfType=0, shareMemSize=0, minStackSize=0, isSupportFuncEntry=0, functionEntryFlag=128, functionEntry=0.
[INFO] RUNTIME(110933,npu_reader):2026-09-21-12:13:46.085.734 [elf.cc:884] 110933 ParseKernelMetaData: section name = .ascend.meta.mul_Ascend910B1_int8_223000000.
[INFO] RUNTIME(110933,npu_reader):2026-09-21-12:13:46.085.736 [elf.cc:575] 110933 ElfParseParamSummary: paramCount=4, paramTotalSize=32.
[INFO] RUNTIME(110933,npu_reader):2026-09-21-12:13:46.085.738 [elf.cc:610] 110933 ElfParseParamInfo: Cache param info: ordinal=0, offset=0, size=8, align=8, paramType=2, spaceIndex=0.
[INFO] RUNTIME(110933,npu_reader):2026-09-21-12:13:46.085.741 [elf.cc:610] 110933 ElfParseParamInfo: Cache param info: ordinal=1, offset=8, size=8, align=8, paramType=2, spaceIndex=0.
[INFO] RUNTIME(110933,npu_reader):2026-09-21-12:13:46.085.743 [elf.cc:610] 110933 ElfParseParamInfo: Cache param info: ordinal=2, offset=16, size=8, align=8, paramType=2, spaceIndex=0.
[INFO] RUNTIME(110933,npu_reader):2026-09-21-12:13:46.085.745 [elf.cc:610] 110933 ElfParseParamInfo: Cache param info: ordinal=3, offset=24, size=8, align=8, paramType=2, spaceIndex=0.
[INFO] RUNTIME(110933,npu_reader):2026-09-21-12:13:46.085.748 [elf.cc:916] 110933 ParseKernelMetaData: kernel_name=mul_Ascend910B1_int8_223000000, ration[0]=0, ration[1]=0, dfxAddr=0xaaab4f6c1ea8, dfxSize=176, funcType=0, crossCoreSync=0, kernelVfType=0, shareMemSize=0, minStackSize=0, isSupportFuncEntry=0, functionEntryFlag=128, functionEntry=0.
[INFO] RUNTIME(110933,npu_reader):2026-09-21-12:13:46.085.751 [elf.cc:884] 110933 ParseKernelMetaData: section name = .ascend.meta.mul_Ascend910B1_int8_210010000.
[INFO] RUNTIME(110933,npu_reader):2026-09-21-12:13:46.085.753 [elf.cc:575] 110933 ElfParseParamSummary: paramCount=4, paramTotalSize=32.
[INFO] RUNTIME(110933,npu_reader):2026-09-21-12:13:46.085.755 [elf.cc:610] 110933 ElfParseParamInfo: Cache param info: ordinal=0, offset=0, size=8, align=8, paramType=2, spaceIndex=0.
[INFO] RUNTIME(110933,npu_reader):2026-09-21-12:13:46.085.758 [elf.cc:610] 110933 ElfParseParamInfo: Cache param info: ordinal=1, offset=8, size=8, align=8, paramType=2, spaceIndex=0.
[INFO] RUNTIME(110933,npu_reader):2026-09-21-12:13:46.085.760 [elf.cc:610] 110933 ElfParseParamInfo: Cache param info: ordinal=2, offset=16, size=8, align=8, paramType=2, spaceIndex=0.
[INFO] RUNTIME(110933,npu_reader):2026-09-21-12:13:46.085.762 [elf.cc:610] 110933 ElfParseParamInfo: Cache param info: ordinal=3, offset=24, size=8, align=8, paramType=2, spaceIndex=0.
[INFO] RUNTIME(110933,npu_reader):2026-09-21-12:13:46.085.765 [elf.cc:916] 110933 ParseKernelMetaData: kernel_name=mul_Ascend910B1_int8_210010000, ration[0]=0, ration[1]=0, dfxAddr=0xaaab4f6c1f58, dfxSize=176, funcType=0, crossCoreSync=0, kernelVfType=0, shareMemSize=0, minStackSize=0, isSupportFuncEntry=0, functionEntryFlag=128, functionEntry=0.
[INFO] RUNTIME(110933,npu_reader):2026-09-21-12:13:46.085.768 [elf.cc:884] 110933 ParseKernelMetaData: section name = .ascend.meta.mul_Ascend910B1_int8_210000000.
[INFO] RUNTIME(110933,npu_reader):2026-09-21-12:13:46.085.770 [elf.cc:575] 110933 ElfParseParamSummary: paramCount=4, paramTotalSize=32.
[INFO] RUNTIME(110933,npu_reader):2026-09-21-12:13:46.085.772 [elf.cc:610] 110933 ElfParseParamInfo: Cache param info: ordinal=0, offset=0, size=8, align=8, paramType=2, spaceIndex=0.
[INFO] RUNTIME(110933,npu_reader):2026-09-21-12:13:46.085.775 [elf.cc:610] 110933 ElfParseParamInfo: Cache param info: ordinal=1, offset=8, size=8, align=8, paramType=2, spaceIndex=0.
[INFO] RUNTIME(110933,npu_reader):2026-09-21-12:13:46.085.789 [elf.cc:610] 110933 ElfParseParamInfo: Cache param info: ordinal=2, offset=16, size=8, align=8, paramType=2, spaceIndex=0.
[INFO] RUNTIME(110933,npu_reader):2026-09-21-12:13:46.085.791 [elf.cc:610] 110933 ElfParseParamInfo: Cache param info: ordinal=3, offset=24, size=8, align=8, paramType=2, spaceIndex=0.
[INFO] RUNTIME(110933,npu_reader):2026-09-21-12:13:46.085.794 [elf.cc:916] 110933 ParseKernelMetaData: kernel_name=mul_Ascend910B1_int8_210000000, ration[0]=0, ration[1]=0, dfxAddr=0xaaab4f6c2008, dfxSize=176, funcType=0, crossCoreSync=0, kernelVfType=0, shareMemSize=0, minStackSize=0, isSupportFuncEntry=0, functionEntryFlag=128, functionEntry=0.
[INFO] RUNTIME(110933,npu_reader):2026-09-21-12:13:46.085.806 [elf.cc:1076] 110933 UpdateCachedParamInfos: Restore cached param info: kernel_name=mul_Ascend910B1_int8_232010000, ordinal=0, offset=0, size=8.
[INFO] RUNTIME(110933,npu_reader):2026-09-21-12:13:46.085.808 [elf.cc:1076] 110933 UpdateCachedParamInfos: Restore cached param info: kernel_name=mul_Ascend910B1_int8_232010000, ordinal=1, offset=8, size=8.
[INFO] RUNTIME(110933,npu_reader):2026-09-21-12:13:46.085.810 [elf.cc:1076] 110933 UpdateCachedParamInfos: Restore cached param info: kernel_name=mul_Ascend910B1_int8_232010000, ordinal=2, offset=16, size=8.
[INFO] RUNTIME(110933,npu_reader):2026-09-21-12:13:46.085.813 [elf.cc:1076] 110933 UpdateCachedParamInfos: Restore cached param info: kernel_name=mul_Ascend910B1_int8_232010000, ordinal=3, offset=24, size=8.
[INFO] RUNTIME(110933,npu_reader):2026-09-21-12:13:46.085.815 [elf.cc:1145] 110933 UpdateKernelsInfo: update meta info, kernel_name=mul_Ascend910B1_int8_232010000, dfxAddr=0xaaab4f6c1c54, dfxSize=176, funcType=0, elfDataFlag=1, userArgsNum=0, crossCoreSync=0, kernelVfType=0, shareMemSize=0, minStackSize=0, funcEntryType=0, functionEntry=0, schedMode=0, taskRation_0=0, taskRation_1=0, hasParamSummary=1, paramCount=4, paramTotalSize=32.
[INFO] RUNTIME(110933,npu_reader):2026-09-21-12:13:46.085.818 [elf.cc:1076] 110933 UpdateCachedParamInfos: Restore cached param info: kernel_name=mul_Ascend910B1_int8_232000000, ordinal=0, offset=0, size=8.
[INFO] RUNTIME(110933,npu_reader):2026-09-21-12:13:46.085.821 [elf.cc:1076] 110933 UpdateCachedParamInfos: Restore cached param info: kernel_name=mul_Ascend910B1_int8_232000000, ordinal=1, offset=8, size=8.
[INFO] RUNTIME(110933,npu_reader):2026-09-21-12:13:46.085.823 [elf.cc:1076] 110933 UpdateCachedParamInfos: Restore cached param info: kernel_name=mul_Ascend910B1_int8_232000000, ordinal=2, offset=16, size=8.
[INFO] RUNTIME(110933,npu_reader):2026-09-21-12:13:46.085.825 [elf.cc:1076] 110933 UpdateCachedParamInfos: Restore cached param info: kernel_name=mul_Ascend910B1_int8_232000000, ordinal=3, offset=24, size=8.
[INFO] RUNTIME(110933,npu_reader):2026-09-21-12:13:46.085.827 [elf.cc:1145] 110933 UpdateKernelsInfo: update meta info, kernel_name=mul_Ascend910B1_int8_232000000, dfxAddr=0xaaab4f6c1d48, dfxSize=176, funcType=0, elfDataFlag=1, userArgsNum=0, crossCoreSync=0, kernelVfType=0, shareMemSize=0, minStackSize=0, funcEntryType=0, functionEntry=0, schedMode=0, taskRation_0=0, taskRation_1=0, hasParamSummary=1, paramCount=4, paramTotalSize=32.
[INFO] RUNTIME(110933,npu_reader):2026-09-21-12:13:46.085.831 [elf.cc:1076] 110933 UpdateCachedParamInfos: Restore cached param info: kernel_name=mul_Ascend910B1_int8_223010000, ordinal=0, offset=0, size=8.
[INFO] RUNTIME(110933,npu_reader):2026-09-21-12:13:46.085.833 [elf.cc:1076] 110933 UpdateCachedParamInfos: Restore cached param info: kernel_name=mul_Ascend910B1_int8_223010000, ordinal=1, offset=8, size=8.
[INFO] RUNTIME(110933,npu_reader):2026-09-21-12:13:46.085.835 [elf.cc:1076] 110933 UpdateCachedParamInfos: Restore cached param info: kernel_name=mul_Ascend910B1_int8_223010000, ordinal=2, offset=16, size=8.
[INFO] RUNTIME(110933,npu_reader):2026-09-21-12:13:46.085.837 [elf.cc:1076] 110933 UpdateCachedParamInfos: Restore cached param info: kernel_name=mul_Ascend910B1_int8_223010000, ordinal=3, offset=24, size=8.
[INFO] RUNTIME(110933,npu_reader):2026-09-21-12:13:46.085.841 [elf.cc:1145] 110933 UpdateKernelsInfo: update meta info, kernel_name=mul_Ascend910B1_int8_223010000, dfxAddr=0xaaab4f6c1df8, dfxSize=176, funcType=0, elfDataFlag=1, userArgsNum=0, crossCoreSync=0, kernelVfType=0, shareMemSize=0, minStackSize=0, funcEntryType=0, functionEntry=0, schedMode=0, taskRation_0=0, taskRation_1=0, hasParamSummary=1, paramCount=4, paramTotalSize=32.
[INFO] RUNTIME(110933,npu_reader):2026-09-21-12:13:46.085.844 [elf.cc:1076] 110933 UpdateCachedParamInfos: Restore cached param info: kernel_name=mul_Ascend910B1_int8_223000000, ordinal=0, offset=0, size=8.
[INFO] RUNTIME(110933,npu_reader):2026-09-21-12:13:46.085.847 [elf.cc:1076] 110933 UpdateCachedParamInfos: Restore cached param info: kernel_name=mul_Ascend910B1_int8_223000000, ordinal=1, offset=8, size=8.
[INFO] RUNTIME(110933,npu_reader):2026-09-21-12:13:46.085.849 [elf.cc:1076] 110933 UpdateCachedParamInfos: Restore cached param info: kernel_name=mul_Ascend910B1_int8_223000000, ordinal=2, offset=16, size=8.
[INFO] RUNTIME(110933,npu_reader):2026-09-21-12:13:46.085.851 [elf.cc:1076] 110933 UpdateCachedParamInfos: Restore cached param info: kernel_name=mul_Ascend910B1_int8_223000000, ordinal=3, offset=24, size=8.
[INFO] RUNTIME(110933,npu_reader):2026-09-21-12:13:46.085.853 [elf.cc:1145] 110933 UpdateKernelsInfo: update meta info, kernel_name=mul_Ascend910B1_int8_223000000, dfxAddr=0xaaab4f6c1ea8, dfxSize=176, funcType=0, elfDataFlag=1, userArgsNum=0, crossCoreSync=0, kernelVfType=0, shareMemSize=0, minStackSize=0, funcEntryType=0, functionEntry=0, schedMode=0, taskRation_0=0, taskRation_1=0, hasParamSummary=1, paramCount=4, paramTotalSize=32.
[INFO] RUNTIME(110933,npu_reader):2026-09-21-12:13:46.085.856 [elf.cc:1076] 110933 UpdateCachedParamInfos: Restore cached param info: kernel_name=mul_Ascend910B1_int8_210010000, ordinal=0, offset=0, size=8.
[INFO] RUNTIME(110933,npu_reader):2026-09-21-12:13:46.085.859 [elf.cc:1076] 110933 UpdateCachedParamInfos: Restore cached param info: kernel_name=mul_Ascend910B1_int8_210010000, ordinal=1, offset=8, size=8.
[INFO] RUNTIME(110933,npu_reader):2026-09-21-12:13:46.085.861 [elf.cc:1076] 110933 UpdateCachedParamInfos: Restore cached param info: kernel_name=mul_Ascend910B1_int8_210010000, ordinal=2, offset=16, size=8.
[INFO] RUNTIME(110933,npu_reader):2026-09-21-12:13:46.085.863 [elf.cc:1076] 110933 UpdateCachedParamInfos: Restore cached param info: kernel_name=mul_Ascend910B1_int8_210010000, ordinal=3, offset=24, size=8.
[INFO] RUNTIME(110933,npu_reader):2026-09-21-12:13:46.085.865 [elf.cc:1145] 110933 UpdateKernelsInfo: update meta info, kernel_name=mul_Ascend910B1_int8_210010000, dfxAddr=0xaaab4f6c1f58, dfxSize=176, funcType=0, elfDataFlag=1, userArgsNum=0, crossCoreSync=0, kernelVfType=0, shareMemSize=0, minStackSize=0, funcEntryType=0, functionEntry=0, schedMode=0, taskRation_0=0, taskRation_1=0, hasParamSummary=1, paramCount=4, paramTotalSize=32.
[INFO] RUNTIME(110933,npu_reader):2026-09-21-12:13:46.085.868 [elf.cc:1076] 110933 UpdateCachedParamInfos: Restore cached param info: kernel_name=mul_Ascend910B1_int8_210000000, ordinal=0, offset=0, size=8.
[INFO] RUNTIME(110933,npu_reader):2026-09-21-12:13:46.085.871 [elf.cc:1076] 110933 UpdateCachedParamInfos: Restore cached param info: kernel_name=mul_Ascend910B1_int8_210000000, ordinal=1, offset=8, size=8.
[INFO] RUNTIME(110933,npu_reader):2026-09-21-12:13:46.085.873 [elf.cc:1076] 110933 UpdateCachedParamInfos: Restore cached param info: kernel_name=mul_Ascend910B1_int8_210000000, ordinal=2, offset=16, size=8.
[INFO] RUNTIME(110933,npu_reader):2026-09-21-12:13:46.085.875 [elf.cc:1076] 110933 UpdateCachedParamInfos: Restore cached param info: kernel_name=mul_Ascend910B1_int8_210000000, ordinal=3, offset=24, size=8.
[INFO] RUNTIME(110933,npu_reader):2026-09-21-12:13:46.085.877 [elf.cc:1145] 110933 UpdateKernelsInfo: update meta info, kernel_name=mul_Ascend910B1_int8_210000000, dfxAddr=0xaaab4f6c2008, dfxSize=176, funcType=0, elfDataFlag=1, userArgsNum=0, crossCoreSync=0, kernelVfType=0, shareMemSize=0, minStackSize=0, funcEntryType=0, functionEntry=0, schedMode=0, taskRation_0=0, taskRation_1=0, hasParamSummary=1, paramCount=4, paramTotalSize=32.
[INFO] RUNTIME(110933,npu_reader):2026-09-21-12:13:46.085.882 [runtime.cc:1448] 110933 AddProgramToPool: progId=16
[INFO] RUNTIME(110933,npu_reader):2026-09-21-12:13:46.085.885 [program.cc:1649] 110933 GetKernelTypeAndMixType: Get kernel type success, kernelName=mul_Ascend910B1_int8_232010000, funcType=0, kernelAttrType=2, mixType=0
[INFO] RUNTIME(110933,npu_reader):2026-09-21-12:13:46.085.888 [program.cc:1119] 110933 SetKernelAttribute: kernel_name=mul_Ascend910B1_int8_232010000, kernelAttrType=2, userParamNum=0, sysParamNum=1, IsNeedSetFftsAddrInArg=0, isSupportOverFlow=1, elfDataFlag=1
[INFO] RUNTIME(110933,npu_reader):2026-09-21-12:13:46.085.891 [program.cc:1690] 110933 BuildNewKernel: new kernel success, size=1320, programId=16, original kernel_name=mul_Ascend910B1_int8_232010000, register kernel_name=mul_Ascend910B1_int8_232010000, tilingKey=232010000, functionEntry=0, funcType=0, kernelAttrType=2, mixType=0, taskRation=2, offset=0, dfxAddr=187652748614740, dfxSize=176
[INFO] RUNTIME(110933,npu_reader):2026-09-21-12:13:46.085.895 [program.cc:1649] 110933 GetKernelTypeAndMixType: Get kernel type success, kernelName=mul_Ascend910B1_int8_232000000, funcType=0, kernelAttrType=2, mixType=0
[INFO] RUNTIME(110933,npu_reader):2026-09-21-12:13:46.085.898 [program.cc:1119] 110933 SetKernelAttribute: kernel_name=mul_Ascend910B1_int8_232000000, kernelAttrType=2, userParamNum=0, sysParamNum=1, IsNeedSetFftsAddrInArg=0, isSupportOverFlow=1, elfDataFlag=1
[INFO] RUNTIME(110933,npu_reader):2026-09-21-12:13:46.085.900 [program.cc:1690] 110933 BuildNewKernel: new kernel success, size=1320, programId=16, original kernel_name=mul_Ascend910B1_int8_232000000, register kernel_name=mul_Ascend910B1_int8_232000000, tilingKey=232000000, functionEntry=0, funcType=0, kernelAttrType=2, mixType=0, taskRation=2, offset=2680, dfxAddr=187652748614984, dfxSize=176
[INFO] RUNTIME(110933,npu_reader):2026-09-21-12:13:46.085.904 [program.cc:1649] 110933 GetKernelTypeAndMixType: Get kernel type success, kernelName=mul_Ascend910B1_int8_223010000, funcType=0, kernelAttrType=2, mixType=0
[INFO] RUNTIME(110933,npu_reader):2026-09-21-12:13:46.085.907 [program.cc:1119] 110933 SetKernelAttribute: kernel_name=mul_Ascend910B1_int8_223010000, kernelAttrType=2, userParamNum=0, sysParamNum=1, IsNeedSetFftsAddrInArg=0, isSupportOverFlow=1, elfDataFlag=1
[INFO] RUNTIME(110933,npu_reader):2026-09-21-12:13:46.085.909 [program.cc:1690] 110933 BuildNewKernel: new kernel success, size=1320, programId=16, original kernel_name=mul_Ascend910B1_int8_223010000, register kernel_name=mul_Ascend910B1_int8_223010000, tilingKey=223010000, functionEntry=0, funcType=0, kernelAttrType=2, mixType=0, taskRation=2, offset=4244, dfxAddr=187652748615160, dfxSize=176
[INFO] RUNTIME(110933,npu_reader):2026-09-21-12:13:46.085.913 [program.cc:1649] 110933 GetKernelTypeAndMixType: Get kernel type success, kernelName=mul_Ascend910B1_int8_223000000, funcType=0, kernelAttrType=2, mixType=0
[INFO] RUNTIME(110933,npu_reader):2026-09-21-12:13:46.085.916 [program.cc:1119] 110933 SetKernelAttribute: kernel_name=mul_Ascend910B1_int8_223000000, kernelAttrType=2, userParamNum=0, sysParamNum=1, IsNeedSetFftsAddrInArg=0, isSupportOverFlow=1, elfDataFlag=1
[INFO] RUNTIME(110933,npu_reader):2026-09-21-12:13:46.085.918 [program.cc:1690] 110933 BuildNewKernel: new kernel success, size=1320, programId=16, original kernel_name=mul_Ascend910B1_int8_223000000, register kernel_name=mul_Ascend910B1_int8_223000000, tilingKey=223000000, functionEntry=0, funcType=0, kernelAttrType=2, mixType=0, taskRation=2, offset=7016, dfxAddr=187652748615336, dfxSize=176
[INFO] RUNTIME(110933,npu_reader):2026-09-21-12:13:46.085.922 [program.cc:1649] 110933 GetKernelTypeAndMixType: Get kernel type success, kernelName=mul_Ascend910B1_int8_210010000, funcType=0, kernelAttrType=2, mixType=0
[INFO] RUNTIME(110933,npu_reader):2026-09-21-12:13:46.085.926 [program.cc:1119] 110933 SetKernelAttribute: kernel_name=mul_Ascend910B1_int8_210010000, kernelAttrType=2, userParamNum=0, sysParamNum=1, IsNeedSetFftsAddrInArg=0, isSupportOverFlow=1, elfDataFlag=1
[INFO] RUNTIME(110933,npu_reader):2026-09-21-12:13:46.085.929 [program.cc:1690] 110933 BuildNewKernel: new kernel success, size=1320, programId=16, original kernel_name=mul_Ascend910B1_int8_210010000, register kernel_name=mul_Ascend910B1_int8_210010000, tilingKey=210010000, functionEntry=0, funcType=0, kernelAttrType=2, mixType=0, taskRation=2, offset=8484, dfxAddr=187652748615512, dfxSize=176
[INFO] RUNTIME(110933,npu_reader):2026-09-21-12:13:46.085.933 [program.cc:1649] 110933 GetKernelTypeAndMixType: Get kernel type success, kernelName=mul_Ascend910B1_int8_210000000, funcType=0, kernelAttrType=2, mixType=0
[INFO] RUNTIME(110933,npu_reader):2026-09-21-12:13:46.085.936 [program.cc:1119] 110933 SetKernelAttribute: kernel_name=mul_Ascend910B1_int8_210000000, kernelAttrType=2, userParamNum=0, sysParamNum=1, IsNeedSetFftsAddrInArg=0, isSupportOverFlow=1, elfDataFlag=1
[INFO] RUNTIME(110933,npu_reader):2026-09-21-12:13:46.085.938 [program.cc:1690] 110933 BuildNewKernel: new kernel success, size=1320, programId=16, original kernel_name=mul_Ascend910B1_int8_210000000, register kernel_name=mul_Ascend910B1_int8_210000000, tilingKey=210000000, functionEntry=0, funcType=0, kernelAttrType=2, mixType=0, taskRation=2, offset=11164, dfxAddr=187652748615688, dfxSize=176
[INFO] RUNTIME(110933,npu_reader):2026-09-21-12:13:46.085.968 [binary_loader.cc:364] 110933 LoadFromData: New ElfProgram ok, magic=1094799942, kernelAttrType=2, Runtime_alloc_size=11072
[INFO] RUNTIME(110933,npu_reader):2026-09-21-12:13:46.085.984 [program.cc:204] 110933 SaveBinaryData: Malloc the buffer for elfData, len=19888
[INFO] RUNTIME(110933,npu_reader):2026-09-21-12:13:46.085.988 [elf.cc:884] 110933 ParseKernelMetaData: section name = .text.
[INFO] RUNTIME(110933,npu_reader):2026-09-21-12:13:46.085.990 [elf.cc:884] 110933 ParseKernelMetaData: section name = .ascend.stack.size.record.
[INFO] RUNTIME(110933,npu_reader):2026-09-21-12:13:46.085.993 [elf.cc:884] 110933 ParseKernelMetaData: section name = __CCE_KernelArgSize.
[INFO] RUNTIME(110933,npu_reader):2026-09-21-12:13:46.085.995 [elf.cc:884] 110933 ParseKernelMetaData: section name = .ascend.meta.mul_Ascend910B2_int8_232010000.
[INFO] RUNTIME(110933,npu_reader):2026-09-21-12:13:46.085.997 [elf.cc:575] 110933 ElfParseParamSummary: paramCount=4, paramTotalSize=32.
[INFO] RUNTIME(110933,npu_reader):2026-09-21-12:13:46.085.999 [elf.cc:610] 110933 ElfParseParamInfo: Cache param info: ordinal=0, offset=0, size=8, align=8, paramType=2, spaceIndex=0.
[INFO] RUNTIME(110933,npu_reader):2026-09-21-12:13:46.086.002 [elf.cc:610] 110933 ElfParseParamInfo: Cache param info: ordinal=1, offset=8, size=8, align=8, paramType=2, spaceIndex=0.
[INFO] RUNTIME(110933,npu_reader):2026-09-21-12:13:46.086.004 [elf.cc:610] 110933 ElfParseParamInfo: Cache param info: ordinal=2, offset=16, size=8, align=8, paramType=2, spaceIndex=0.
[INFO] RUNTIME(110933,npu_reader):2026-09-21-12:13:46.086.007 [elf.cc:610] 110933 ElfParseParamInfo: Cache param info: ordinal=3, offset=24, size=8, align=8, paramType=2, spaceIndex=0.
[INFO] RUNTIME(110933,npu_reader):2026-09-21-12:13:46.086.009 [elf.cc:916] 110933 ParseKernelMetaData: kernel_name=mul_Ascend910B2_int8_232010000, ration[0]=0, ration[1]=0, dfxAddr=0xaaab4f6d0d94, dfxSize=176, funcType=0, crossCoreSync=0, kernelVfType=0, shareMemSize=0, minStackSize=0, isSupportFuncEntry=0, functionEntryFlag=128, functionEntry=0.
[INFO] RUNTIME(110933,npu_reader):2026-09-21-12:13:46.086.012 [elf.cc:884] 110933 ParseKernelMetaData: section name = .comment.
[INFO] RUNTIME(110933,npu_reader):2026-09-21-12:13:46.086.014 [elf.cc:884] 110933 ParseKernelMetaData: section name = .ascend.meta.mul_Ascend910B2_int8_232000000.
[INFO] RUNTIME(110933,npu_reader):2026-09-21-12:13:46.086.017 [elf.cc:575] 110933 ElfParseParamSummary: paramCount=4, paramTotalSize=32.
[INFO] RUNTIME(110933,npu_reader):2026-09-21-12:13:46.086.020 [elf.cc:610] 110933 ElfParseParamInfo: Cache param info: ordinal=0, offset=0, size=8, align=8, paramType=2, spaceIndex=0.
[INFO] RUNTIME(110933,npu_reader):2026-09-21-12:13:46.086.022 [elf.cc:610] 110933 ElfParseParamInfo: Cache param info: ordinal=1, offset=8, size=8, align=8, paramType=2, spaceIndex=0.
[INFO] RUNTIME(110933,npu_reader):2026-09-21-12:13:46.086.025 [elf.cc:610] 110933 ElfParseParamInfo: Cache param info: ordinal=2, offset=16, size=8, align=8, paramType=2, spaceIndex=0.
[INFO] RUNTIME(110933,npu_reader):2026-09-21-12:13:46.086.027 [elf.cc:610] 110933 ElfParseParamInfo: Cache param info: ordinal=3, offset=24, size=8, align=8, paramType=2, spaceIndex=0.
[INFO] RUNTIME(110933,npu_reader):2026-09-21-12:13:46.086.030 [elf.cc:916] 110933 ParseKernelMetaData: kernel_name=mul_Ascend910B2_int8_232000000, ration[0]=0, ration[1]=0, dfxAddr=0xaaab4f6d0e88, dfxSize=176, funcType=0, crossCoreSync=0, kernelVfType=0, shareMemSize=0, minStackSize=0, isSupportFuncEntry=0, functionEntryFlag=128, functionEntry=0.
[INFO] RUNTIME(110933,npu_reader):2026-09-21-12:13:46.086.033 [elf.cc:884] 110933 ParseKernelMetaData: section name = .ascend.meta.mul_Ascend910B2_int8_223010000.
[INFO] RUNTIME(110933,npu_reader):2026-09-21-12:13:46.086.035 [elf.cc:575] 110933 ElfParseParamSummary: paramCount=4, paramTotalSize=32.
[INFO] RUNTIME(110933,npu_reader):2026-09-21-12:13:46.086.037 [elf.cc:610] 110933 ElfParseParamInfo: Cache param info: ordinal=0, offset=0, size=8, align=8, paramType=2, spaceIndex=0.
[INFO] RUNTIME(110933,npu_reader):2026-09-21-12:13:46.086.040 [elf.cc:610] 110933 ElfParseParamInfo: Cache param info: ordinal=1, offset=8, size=8, align=8, paramType=2, spaceIndex=0.
[INFO] RUNTIME(110933,npu_reader):2026-09-21-12:13:46.086.042 [elf.cc:610] 110933 ElfParseParamInfo: Cache param info: ordinal=2, offset=16, size=8, align=8, paramType=2, spaceIndex=0.
[INFO] RUNTIME(110933,npu_reader):2026-09-21-12:13:46.086.044 [elf.cc:610] 110933 ElfParseParamInfo: Cache param info: ordinal=3, offset=24, size=8, align=8, paramType=2, spaceIndex=0.
[INFO] RUNTIME(110933,npu_reader):2026-09-21-12:13:46.086.047 [elf.cc:916] 110933 ParseKernelMetaData: kernel_name=mul_Ascend910B2_int8_223010000, ration[0]=0, ration[1]=0, dfxAddr=0xaaab4f6d0f38, dfxSize=176, funcType=0, crossCoreSync=0, kernelVfType=0, shareMemSize=0, minStackSize=0, isSupportFuncEntry=0, functionEntryFlag=128, functionEntry=0.
[INFO] RUNTIME(110933,npu_reader):2026-09-21-12:13:46.086.050 [elf.cc:884] 110933 ParseKernelMetaData: section name = .ascend.meta.mul_Ascend910B2_int8_223000000.
[INFO] RUNTIME(110933,npu_reader):2026-09-21-12:13:46.086.052 [elf.cc:575] 110933 ElfParseParamSummary: paramCount=4, paramTotalSize=32.
[INFO] RUNTIME(110933,npu_reader):2026-09-21-12:13:46.086.054 [elf.cc:610] 110933 ElfParseParamInfo: Cache param info: ordinal=0, offset=0, size=8, align=8, paramType=2, spaceIndex=0.
[INFO] RUNTIME(110933,npu_reader):2026-09-21-12:13:46.086.057 [elf.cc:610] 110933 ElfParseParamInfo: Cache param info: ordinal=1, offset=8, size=8, align=8, paramType=2, spaceIndex=0.
[INFO] RUNTIME(110933,npu_reader):2026-09-21-12:13:46.086.059 [elf.cc:610] 110933 ElfParseParamInfo: Cache param info: ordinal=2, offset=16, size=8, align=8, paramType=2, spaceIndex=0.
[INFO] RUNTIME(110933,npu_reader):2026-09-21-12:13:46.086.061 [elf.cc:610] 110933 ElfParseParamInfo: Cache param info: ordinal=3, offset=24, size=8, align=8, paramType=2, spaceIndex=0.
[INFO] RUNTIME(110933,npu_reader):2026-09-21-12:13:46.086.064 [elf.cc:916] 110933 ParseKernelMetaData: kernel_name=mul_Ascend910B2_int8_223000000, ration[0]=0, ration[1]=0, dfxAddr=0xaaab4f6d0fe8, dfxSize=176, funcType=0, crossCoreSync=0, kernelVfType=0, shareMemSize=0, minStackSize=0, isSupportFuncEntry=0, functionEntryFlag=128, functionEntry=0.
[INFO] RUNTIME(110933,npu_reader):2026-09-21-12:13:46.086.067 [elf.cc:884] 110933 ParseKernelMetaData: section name = .ascend.meta.mul_Ascend910B2_int8_210010000.
[INFO] RUNTIME(110933,npu_reader):2026-09-21-12:13:46.086.069 [elf.cc:575] 110933 ElfParseParamSummary: paramCount=4, paramTotalSize=32.
[INFO] RUNTIME(110933,npu_reader):2026-09-21-12:13:46.086.072 [elf.cc:610] 110933 ElfParseParamInfo: Cache param info: ordinal=0, offset=0, size=8, align=8, paramType=2, spaceIndex=0.
[INFO] RUNTIME(110933,npu_reader):2026-09-21-12:13:46.086.074 [elf.cc:610] 110933 ElfParseParamInfo: Cache param info: ordinal=1, offset=8, size=8, align=8, paramType=2, spaceIndex=0.
[INFO] RUNTIME(110933,npu_reader):2026-09-21-12:13:46.086.077 [elf.cc:610] 110933 ElfParseParamInfo: Cache param info: ordinal=2, offset=16, size=8, align=8, paramType=2, spaceIndex=0.
[INFO] RUNTIME(110933,npu_reader):2026-09-21-12:13:46.086.079 [elf.cc:610] 110933 ElfParseParamInfo: Cache param info: ordinal=3, offset=24, size=8, align=8, paramType=2, spaceIndex=0.
[INFO] RUNTIME(110933,npu_reader):2026-09-21-12:13:46.086.082 [elf.cc:916] 110933 ParseKernelMetaData: kernel_name=mul_Ascend910B2_int8_210010000, ration[0]=0, ration[1]=0, dfxAddr=0xaaab4f6d1098, dfxSize=176, funcType=0, crossCoreSync=0, kernelVfType=0, shareMemSize=0, minStackSize=0, isSupportFuncEntry=0, functionEntryFlag=128, functionEntry=0.
[INFO] RUNTIME(110933,npu_reader):2026-09-21-12:13:46.086.085 [elf.cc:884] 110933 ParseKernelMetaData: section name = .ascend.meta.mul_Ascend910B2_int8_210000000.
[INFO] RUNTIME(110933,npu_reader):2026-09-21-12:13:46.086.087 [elf.cc:575] 110933 ElfParseParamSummary: paramCount=4, paramTotalSize=32.
[INFO] RUNTIME(110933,npu_reader):2026-09-21-12:13:46.086.089 [elf.cc:610] 110933 ElfParseParamInfo: Cache param info: ordinal=0, offset=0, size=8, align=8, paramType=2, spaceIndex=0.
[INFO] RUNTIME(110933,npu_reader):2026-09-21-12:13:46.086.091 [elf.cc:610] 110933 ElfParseParamInfo: Cache param info: ordinal=1, offset=8, size=8, align=8, paramType=2, spaceIndex=0.
[INFO] RUNTIME(110933,npu_reader):2026-09-21-12:13:46.086.094 [elf.cc:610] 110933 ElfParseParamInfo: Cache param info: ordinal=2, offset=16, size=8, align=8, paramType=2, spaceIndex=0.
[INFO] RUNTIME(110933,npu_reader):2026-09-21-12:13:46.086.096 [elf.cc:610] 110933 ElfParseParamInfo: Cache param info: ordinal=3, offset=24, size=8, align=8, paramType=2, spaceIndex=0.
[INFO] RUNTIME(110933,npu_reader):2026-09-21-12:13:46.086.099 [elf.cc:916] 110933 ParseKernelMetaData: kernel_name=mul_Ascend910B2_int8_210000000, ration[0]=0, ration[1]=0, dfxAddr=0xaaab4f6d1148, dfxSize=176, funcType=0, crossCoreSync=0, kernelVfType=0, shareMemSize=0, minStackSize=0, isSupportFuncEntry=0, functionEntryFlag=128, functionEntry=0.
[INFO] RUNTIME(110933,npu_reader):2026-09-21-12:13:46.086.111 [elf.cc:1076] 110933 UpdateCachedParamInfos: Restore cached param info: kernel_name=mul_Ascend910B2_int8_232010000, ordinal=0, offset=0, size=8.
[INFO] RUNTIME(110933,npu_reader):2026-09-21-12:13:46.086.113 [elf.cc:1076] 110933 UpdateCachedParamInfos: Restore cached param info: kernel_name=mul_Ascend910B2_int8_232010000, ordinal=1, offset=8, size=8.
[INFO] RUNTIME(110933,npu_reader):2026-09-21-12:13:46.086.115 [elf.cc:1076] 110933 UpdateCachedParamInfos: Restore cached param info: kernel_name=mul_Ascend910B2_int8_232010000, ordinal=2, offset=16, size=8.
[INFO] RUNTIME(110933,npu_reader):2026-09-21-12:13:46.086.118 [elf.cc:1076] 110933 UpdateCachedParamInfos: Restore cached param info: kernel_name=mul_Ascend910B2_int8_232010000, ordinal=3, offset=24, size=8.
[INFO] RUNTIME(110933,npu_reader):2026-09-21-12:13:46.086.120 [elf.cc:1145] 110933 UpdateKernelsInfo: update meta info, kernel_name=mul_Ascend910B2_int8_232010000, dfxAddr=0xaaab4f6d0d94, dfxSize=176, funcType=0, elfDataFlag=1, userArgsNum=0, crossCoreSync=0, kernelVfType=0, shareMemSize=0, minStackSize=0, funcEntryType=0, functionEntry=0, schedMode=0, taskRation_0=0, taskRation_1=0, hasParamSummary=1, paramCount=4, paramTotalSize=32.
[INFO] RUNTIME(110933,npu_reader):2026-09-21-12:13:46.086.123 [elf.cc:1076] 110933 UpdateCachedParamInfos: Restore cached param info: kernel_name=mul_Ascend910B2_int8_232000000, ordinal=0, offset=0, size=8.
[INFO] RUNTIME(110933,npu_reader):2026-09-21-12:13:46.086.126 [elf.cc:1076] 110933 UpdateCachedParamInfos: Restore cached param info: kernel_name=mul_Ascend910B2_int8_232000000, ordinal=1, offset=8, size=8.
[INFO] RUNTIME(110933,npu_reader):2026-09-21-12:13:46.086.129 [elf.cc:1076] 110933 UpdateCachedParamInfos: Restore cached param info: kernel_name=mul_Ascend910B2_int8_232000000, ordinal=2, offset=16, size=8.
[INFO] RUNTIME(110933,npu_reader):2026-09-21-12:13:46.086.131 [elf.cc:1076] 110933 UpdateCachedParamInfos: Restore cached param info: kernel_name=mul_Ascend910B2_int8_232000000, ordinal=3, offset=24, size=8.
[INFO] RUNTIME(110933,npu_reader):2026-09-21-12:13:46.086.134 [elf.cc:1145] 110933 UpdateKernelsInfo: update meta info, kernel_name=mul_Ascend910B2_int8_232000000, dfxAddr=0xaaab4f6d0e88, dfxSize=176, funcType=0, elfDataFlag=1, userArgsNum=0, crossCoreSync=0, kernelVfType=0, shareMemSize=0, minStackSize=0, funcEntryType=0, functionEntry=0, schedMode=0, taskRation_0=0, taskRation_1=0, hasParamSummary=1, paramCount=4, paramTotalSize=32.
[INFO] RUNTIME(110933,npu_reader):2026-09-21-12:13:46.086.137 [elf.cc:1076] 110933 UpdateCachedParamInfos: Restore cached param info: kernel_name=mul_Ascend910B2_int8_223010000, ordinal=0, offset=0, size=8.
[INFO] RUNTIME(110933,npu_reader):2026-09-21-12:13:46.086.139 [elf.cc:1076] 110933 UpdateCachedParamInfos: Restore cached param info: kernel_name=mul_Ascend910B2_int8_223010000, ordinal=1, offset=8, size=8.
[INFO] RUNTIME(110933,npu_reader):2026-09-21-12:13:46.086.141 [elf.cc:1076] 110933 UpdateCachedParamInfos: Restore cached param info: kernel_name=mul_Ascend910B2_int8_223010000, ordinal=2, offset=16, size=8.
[INFO] RUNTIME(110933,npu_reader):2026-09-21-12:13:46.086.144 [elf.cc:1076] 110933 UpdateCachedParamInfos: Restore cached param info: kernel_name=mul_Ascend910B2_int8_223010000, ordinal=3, offset=24, size=8.
[INFO] RUNTIME(110933,npu_reader):2026-09-21-12:13:46.086.146 [elf.cc:1145] 110933 UpdateKernelsInfo: update meta info, kernel_name=mul_Ascend910B2_int8_223010000, dfxAddr=0xaaab4f6d0f38, dfxSize=176, funcType=0, elfDataFlag=1, userArgsNum=0, crossCoreSync=0, kernelVfType=0, shareMemSize=0, minStackSize=0, funcEntryType=0, functionEntry=0, schedMode=0, taskRation_0=0, taskRation_1=0, hasParamSummary=1, paramCount=4, paramTotalSize=32.
[INFO] RUNTIME(110933,npu_reader):2026-09-21-12:13:46.086.149 [elf.cc:1076] 110933 UpdateCachedParamInfos: Restore cached param info: kernel_name=mul_Ascend910B2_int8_223000000, ordinal=0, offset=0, size=8.
[INFO] RUNTIME(110933,npu_reader):2026-09-21-12:13:46.086.151 [elf.cc:1076] 110933 UpdateCachedParamInfos: Restore cached param info: kernel_name=mul_Ascend910B2_int8_223000000, ordinal=1, offset=8, size=8.
[INFO] RUNTIME(110933,npu_reader):2026-09-21-12:13:46.086.153 [elf.cc:1076] 110933 UpdateCachedParamInfos: Restore cached param info: kernel_name=mul_Ascend910B2_int8_223000000, ordinal=2, offset=16, size=8.
[INFO] RUNTIME(110933,npu_reader):2026-09-21-12:13:46.086.156 [elf.cc:1076] 110933 UpdateCachedParamInfos: Restore cached param info: kernel_name=mul_Ascend910B2_int8_223000000, ordinal=3, offset=24, size=8.
[INFO] RUNTIME(110933,npu_reader):2026-09-21-12:13:46.086.158 [elf.cc:1145] 110933 UpdateKernelsInfo: update meta info, kernel_name=mul_Ascend910B2_int8_223000000, dfxAddr=0xaaab4f6d0fe8, dfxSize=176, funcType=0, elfDataFlag=1, userArgsNum=0, crossCoreSync=0, kernelVfType=0, shareMemSize=0, minStackSize=0, funcEntryType=0, functionEntry=0, schedMode=0, taskRation_0=0, taskRation_1=0, hasParamSummary=1, paramCount=4, paramTotalSize=32.
[INFO] RUNTIME(110933,npu_reader):2026-09-21-12:13:46.086.161 [elf.cc:1076] 110933 UpdateCachedParamInfos: Restore cached param info: kernel_name=mul_Ascend910B2_int8_210010000, ordinal=0, offset=0, size=8.
[INFO] RUNTIME(110933,npu_reader):2026-09-21-12:13:46.086.163 [elf.cc:1076] 110933 UpdateCachedParamInfos: Restore cached param info: kernel_name=mul_Ascend910B2_int8_210010000, ordinal=1, offset=8, size=8.
[INFO] RUNTIME(110933,npu_reader):2026-09-21-12:13:46.086.166 [elf.cc:1076] 110933 UpdateCachedParamInfos: Restore cached param info: kernel_name=mul_Ascend910B2_int8_210010000, ordinal=2, offset=16, size=8.
[INFO] RUNTIME(110933,npu_reader):2026-09-21-12:13:46.086.169 [elf.cc:1076] 110933 UpdateCachedParamInfos: Restore cached param info: kernel_name=mul_Ascend910B2_int8_210010000, ordinal=3, offset=24, size=8.
[INFO] RUNTIME(110933,npu_reader):2026-09-21-12:13:46.086.171 [elf.cc:1145] 110933 UpdateKernelsInfo: update meta info, kernel_name=mul_Ascend910B2_int8_210010000, dfxAddr=0xaaab4f6d1098, dfxSize=176, funcType=0, elfDataFlag=1, userArgsNum=0, crossCoreSync=0, kernelVfType=0, shareMemSize=0, minStackSize=0, funcEntryType=0, functionEntry=0, schedMode=0, taskRation_0=0, taskRation_1=0, hasParamSummary=1, paramCount=4, paramTotalSize=32.
[INFO] RUNTIME(110933,npu_reader):2026-09-21-12:13:46.086.175 [elf.cc:1076] 110933 UpdateCachedParamInfos: Restore cached param info: kernel_name=mul_Ascend910B2_int8_210000000, ordinal=0, offset=0, size=8.
[INFO] RUNTIME(110933,npu_reader):2026-09-21-12:13:46.086.177 [elf.cc:1076] 110933 UpdateCachedParamInfos: Restore cached param info: kernel_name=mul_Ascend910B2_int8_210000000, ordinal=1, offset=8, size=8.
[INFO] RUNTIME(110933,npu_reader):2026-09-21-12:13:46.086.179 [elf.cc:1076] 110933 UpdateCachedParamInfos: Restore cached param info: kernel_name=mul_Ascend910B2_int8_210000000, ordinal=2, offset=16, size=8.
[INFO] RUNTIME(110933,npu_reader):2026-09-21-12:13:46.086.181 [elf.cc:1076] 110933 UpdateCachedParamInfos: Restore cached param info: kernel_name=mul_Ascend910B2_int8_210000000, ordinal=3, offset=24, size=8.
[INFO] RUNTIME(110933,npu_reader):2026-09-21-12:13:46.086.183 [elf.cc:1145] 110933 UpdateKernelsInfo: update meta info, kernel_name=mul_Ascend910B2_int8_210000000, dfxAddr=0xaaab4f6d1148, dfxSize=176, funcType=0, elfDataFlag=1, userArgsNum=0, crossCoreSync=0, kernelVfType=0, shareMemSize=0, minStackSize=0, funcEntryType=0, functionEntry=0, schedMode=0, taskRation_0=0, taskRation_1=0, hasParamSummary=1, paramCount=4, paramTotalSize=32.
[INFO] RUNTIME(110933,npu_reader):2026-09-21-12:13:46.086.187 [runtime.cc:1448] 110933 AddProgramToPool: progId=17
[INFO] RUNTIME(110933,npu_reader):2026-09-21-12:13:46.086.190 [program.cc:1649] 110933 GetKernelTypeAndMixType: Get kernel type success, kernelName=mul_Ascend910B2_int8_232010000, funcType=0, kernelAttrType=2, mixType=0
[INFO] RUNTIME(110933,npu_reader):2026-09-21-12:13:46.086.193 [program.cc:1119] 110933 SetKernelAttribute: kernel_name=mul_Ascend910B2_int8_232010000, kernelAttrType=2, userParamNum=0, sysParamNum=1, IsNeedSetFftsAddrInArg=0, isSupportOverFlow=1, elfDataFlag=1
[INFO] RUNTIME(110933,npu_reader):2026-09-21-12:13:46.086.196 [program.cc:1690] 110933 BuildNewKernel: new kernel success, size=1320, programId=17, original kernel_name=mul_Ascend910B2_int8_232010000, register kernel_name=mul_Ascend910B2_int8_232010000, tilingKey=232010000, functionEntry=0, funcType=0, kernelAttrType=2, mixType=0, taskRation=2, offset=0, dfxAddr=187652748676500, dfxSize=176
[INFO] RUNTIME(110933,npu_reader):2026-09-21-12:13:46.086.200 [program.cc:1649] 110933 GetKernelTypeAndMixType: Get kernel type success, kernelName=mul_Ascend910B2_int8_232000000, funcType=0, kernelAttrType=2, mixType=0
[INFO] RUNTIME(110933,npu_reader):2026-09-21-12:13:46.086.203 [program.cc:1119] 110933 SetKernelAttribute: kernel_name=mul_Ascend910B2_int8_232000000, kernelAttrType=2, userParamNum=0, sysParamNum=1, IsNeedSetFftsAddrInArg=0, isSupportOverFlow=1, elfDataFlag=1
[INFO] RUNTIME(110933,npu_reader):2026-09-21-12:13:46.086.205 [program.cc:1690] 110933 BuildNewKernel: new kernel success, size=1320, programId=17, original kernel_name=mul_Ascend910B2_int8_232000000, register kernel_name=mul_Ascend910B2_int8_232000000, tilingKey=232000000, functionEntry=0, funcType=0, kernelAttrType=2, mixType=0, taskRation=2, offset=2680, dfxAddr=187652748676744, dfxSize=176
[INFO] RUNTIME(110933,npu_reader):2026-09-21-12:13:46.086.209 [program.cc:1649] 110933 GetKernelTypeAndMixType: Get kernel type success, kernelName=mul_Ascend910B2_int8_223010000, funcType=0, kernelAttrType=2, mixType=0
[INFO] RUNTIME(110933,npu_reader):2026-09-21-12:13:46.086.213 [program.cc:1119] 110933 SetKernelAttribute: kernel_name=mul_Ascend910B2_int8_223010000, kernelAttrType=2, userParamNum=0, sysParamNum=1, IsNeedSetFftsAddrInArg=0, isSupportOverFlow=1, elfDataFlag=1
[INFO] RUNTIME(110933,npu_reader):2026-09-21-12:13:46.086.216 [program.cc:1690] 110933 BuildNewKernel: new kernel success, size=1320, programId=17, original kernel_name=mul_Ascend910B2_int8_223010000, register kernel_name=mul_Ascend910B2_int8_223010000, tilingKey=223010000, functionEntry=0, funcType=0, kernelAttrType=2, mixType=0, taskRation=2, offset=4244, dfxAddr=187652748676920, dfxSize=176
[INFO] RUNTIME(110933,npu_reader):2026-09-21-12:13:46.086.220 [program.cc:1649] 110933 GetKernelTypeAndMixType: Get kernel type success, kernelName=mul_Ascend910B2_int8_223000000, funcType=0, kernelAttrType=2, mixType=0
[INFO] RUNTIME(110933,npu_reader):2026-09-21-12:13:46.086.222 [program.cc:1119] 110933 SetKernelAttribute: kernel_name=mul_Ascend910B2_int8_223000000, kernelAttrType=2, userParamNum=0, sysParamNum=1, IsNeedSetFftsAddrInArg=0, isSupportOverFlow=1, elfDataFlag=1
[INFO] RUNTIME(110933,npu_reader):2026-09-21-12:13:46.086.225 [program.cc:1690] 110933 BuildNewKernel: new kernel success, size=1320, programId=17, original kernel_name=mul_Ascend910B2_int8_223000000, register kernel_name=mul_Ascend910B2_int8_223000000, tilingKey=223000000, functionEntry=0, funcType=0, kernelAttrType=2, mixType=0, taskRation=2, offset=7016, dfxAddr=187652748677096, dfxSize=176
[INFO] RUNTIME(110933,npu_reader):2026-09-21-12:13:46.086.229 [program.cc:1649] 110933 GetKernelTypeAndMixType: Get kernel type success, kernelName=mul_Ascend910B2_int8_210010000, funcType=0, kernelAttrType=2, mixType=0
[INFO] RUNTIME(110933,npu_reader):2026-09-21-12:13:46.086.232 [program.cc:1119] 110933 SetKernelAttribute: kernel_name=mul_Ascend910B2_int8_210010000, kernelAttrType=2, userParamNum=0, sysParamNum=1, IsNeedSetFftsAddrInArg=0, isSupportOverFlow=1, elfDataFlag=1
[INFO] RUNTIME(110933,npu_reader):2026-09-21-12:13:46.086.234 [program.cc:1690] 110933 BuildNewKernel: new kernel success, size=1320, programId=17, original kernel_name=mul_Ascend910B2_int8_210010000, register kernel_name=mul_Ascend910B2_int8_210010000, tilingKey=210010000, functionEntry=0, funcType=0, kernelAttrType=2, mixType=0, taskRation=2, offset=8484, dfxAddr=187652748677272, dfxSize=176
[INFO] RUNTIME(110933,npu_reader):2026-09-21-12:13:46.086.238 [program.cc:1649] 110933 GetKernelTypeAndMixType: Get kernel type success, kernelName=mul_Ascend910B2_int8_210000000, funcType=0, kernelAttrType=2, mixType=0
[INFO] RUNTIME(110933,npu_reader):2026-09-21-12:13:46.086.241 [program.cc:1119] 110933 SetKernelAttribute: kernel_name=mul_Ascend910B2_int8_210000000, kernelAttrType=2, userParamNum=0, sysParamNum=1, IsNeedSetFftsAddrInArg=0, isSupportOverFlow=1, elfDataFlag=1
[INFO] RUNTIME(110933,npu_reader):2026-09-21-12:13:46.086.243 [program.cc:1690] 110933 BuildNewKernel: new kernel success, size=1320, programId=17, original kernel_name=mul_Ascend910B2_int8_210000000, register kernel_name=mul_Ascend910B2_int8_210000000, tilingKey=210000000, functionEntry=0, funcType=0, kernelAttrType=2, mixType=0, taskRation=2, offset=11164, dfxAddr=187652748677448, dfxSize=176
[INFO] RUNTIME(110933,npu_reader):2026-09-21-12:13:46.086.272 [binary_loader.cc:364] 110933 LoadFromData: New ElfProgram ok, magic=1094799942, kernelAttrType=2, Runtime_alloc_size=11072
[INFO] RUNTIME(110933,npu_reader):2026-09-21-12:13:46.086.288 [program.cc:204] 110933 SaveBinaryData: Malloc the buffer for elfData, len=19888
[INFO] RUNTIME(110933,npu_reader):2026-09-21-12:13:46.086.292 [elf.cc:884] 110933 ParseKernelMetaData: section name = .text.
[INFO] RUNTIME(110933,npu_reader):2026-09-21-12:13:46.086.294 [elf.cc:884] 110933 ParseKernelMetaData: section name = .ascend.stack.size.record.
[INFO] RUNTIME(110933,npu_reader):2026-09-21-12:13:46.086.296 [elf.cc:884] 110933 ParseKernelMetaData: section name = __CCE_KernelArgSize.
[INFO] RUNTIME(110933,npu_reader):2026-09-21-12:13:46.086.299 [elf.cc:884] 110933 ParseKernelMetaData: section name = .ascend.meta.mul_Ascend910B3_int8_232010000.
[INFO] RUNTIME(110933,npu_reader):2026-09-21-12:13:46.086.302 [elf.cc:575] 110933 ElfParseParamSummary: paramCount=4, paramTotalSize=32.
[INFO] RUNTIME(110933,npu_reader):2026-09-21-12:13:46.086.304 [elf.cc:610] 110933 ElfParseParamInfo: Cache param info: ordinal=0, offset=0, size=8, align=8, paramType=2, spaceIndex=0.
[INFO] RUNTIME(110933,npu_reader):2026-09-21-12:13:46.086.307 [elf.cc:610] 110933 ElfParseParamInfo: Cache param info: ordinal=1, offset=8, size=8, align=8, paramType=2, spaceIndex=0.
[INFO] RUNTIME(110933,npu_reader):2026-09-21-12:13:46.086.309 [elf.cc:610] 110933 ElfParseParamInfo: Cache param info: ordinal=2, offset=16, size=8, align=8, paramType=2, spaceIndex=0.
[INFO] RUNTIME(110933,npu_reader):2026-09-21-12:13:46.086.312 [elf.cc:610] 110933 ElfParseParamInfo: Cache param info: ordinal=3, offset=24, size=8, align=8, paramType=2, spaceIndex=0.
[INFO] RUNTIME(110933,npu_reader):2026-09-21-12:13:46.086.315 [elf.cc:916] 110933 ParseKernelMetaData: kernel_name=mul_Ascend910B3_int8_232010000, ration[0]=0, ration[1]=0, dfxAddr=0xaaab4f6e0564, dfxSize=176, funcType=0, crossCoreSync=0, kernelVfType=0, shareMemSize=0, minStackSize=0, isSupportFuncEntry=0, functionEntryFlag=128, functionEntry=0.
[INFO] RUNTIME(110933,npu_reader):2026-09-21-12:13:46.086.318 [elf.cc:884] 110933 ParseKernelMetaData: section name = .comment.
[INFO] RUNTIME(110933,npu_reader):2026-09-21-12:13:46.086.320 [elf.cc:884] 110933 ParseKernelMetaData: section name = .ascend.meta.mul_Ascend910B3_int8_232000000.
[INFO] RUNTIME(110933,npu_reader):2026-09-21-12:13:46.086.323 [elf.cc:575] 110933 ElfParseParamSummary: paramCount=4, paramTotalSize=32.
[INFO] RUNTIME(110933,npu_reader):2026-09-21-12:13:46.086.325 [elf.cc:610] 110933 ElfParseParamInfo: Cache param info: ordinal=0, offset=0, size=8, align=8, paramType=2, spaceIndex=0.
[INFO] RUNTIME(110933,npu_reader):2026-09-21-12:13:46.086.327 [elf.cc:610] 110933 ElfParseParamInfo: Cache param info: ordinal=1, offset=8, size=8, align=8, paramType=2, spaceIndex=0.
[INFO] RUNTIME(110933,npu_reader):2026-09-21-12:13:46.086.330 [elf.cc:610] 110933 ElfParseParamInfo: Cache param info: ordinal=2, offset=16, size=8, align=8, paramType=2, spaceIndex=0.
[INFO] RUNTIME(110933,npu_reader):2026-09-21-12:13:46.086.332 [elf.cc:610] 110933 ElfParseParamInfo: Cache param info: ordinal=3, offset=24, size=8, align=8, paramType=2, spaceIndex=0.
[INFO] RUNTIME(110933,npu_reader):2026-09-21-12:13:46.086.334 [elf.cc:916] 110933 ParseKernelMetaData: kernel_name=mul_Ascend910B3_int8_232000000, ration[0]=0, ration[1]=0, dfxAddr=0xaaab4f6e0658, dfxSize=176, funcType=0, crossCoreSync=0, kernelVfType=0, shareMemSize=0, minStackSize=0, isSupportFuncEntry=0, functionEntryFlag=128, functionEntry=0.
[INFO] RUNTIME(110933,npu_reader):2026-09-21-12:13:46.086.337 [elf.cc:884] 110933 ParseKernelMetaData: section name = .ascend.meta.mul_Ascend910B3_int8_223010000.
[INFO] RUNTIME(110933,npu_reader):2026-09-21-12:13:46.086.340 [elf.cc:575] 110933 ElfParseParamSummary: paramCount=4, paramTotalSize=32.
[INFO] RUNTIME(110933,npu_reader):2026-09-21-12:13:46.086.342 [elf.cc:610] 110933 ElfParseParamInfo: Cache param info: ordinal=0, offset=0, size=8, align=8, paramType=2, spaceIndex=0.
[INFO] RUNTIME(110933,npu_reader):2026-09-21-12:13:46.086.344 [elf.cc:610] 110933 ElfParseParamInfo: Cache param info: ordinal=1, offset=8, size=8, align=8, paramType=2, spaceIndex=0.
[INFO] RUNTIME(110933,npu_reader):2026-09-21-12:13:46.086.347 [elf.cc:610] 110933 ElfParseParamInfo: Cache param info: ordinal=2, offset=16, size=8, align=8, paramType=2, spaceIndex=0.
[INFO] RUNTIME(110933,npu_reader):2026-09-21-12:13:46.086.349 [elf.cc:610] 110933 ElfParseParamInfo: Cache param info: ordinal=3, offset=24, size=8, align=8, paramType=2, spaceIndex=0.
[INFO] RUNTIME(110933,npu_reader):2026-09-21-12:13:46.086.351 [elf.cc:916] 110933 ParseKernelMetaData: kernel_name=mul_Ascend910B3_int8_223010000, ration[0]=0, ration[1]=0, dfxAddr=0xaaab4f6e0708, dfxSize=176, funcType=0, crossCoreSync=0, kernelVfType=0, shareMemSize=0, minStackSize=0, isSupportFuncEntry=0, functionEntryFlag=128, functionEntry=0.
[INFO] RUNTIME(110933,npu_reader):2026-09-21-12:13:46.086.356 [elf.cc:884] 110933 ParseKernelMetaData: section name = .ascend.meta.mul_Ascend910B3_int8_223000000.
[INFO] RUNTIME(110933,npu_reader):2026-09-21-12:13:46.086.358 [elf.cc:575] 110933 ElfParseParamSummary: paramCount=4, paramTotalSize=32.
[INFO] RUNTIME(110933,npu_reader):2026-09-21-12:13:46.086.360 [elf.cc:610] 110933 ElfParseParamInfo: Cache param info: ordinal=0, offset=0, size=8, align=8, paramType=2, spaceIndex=0.
[INFO] RUNTIME(110933,npu_reader):2026-09-21-12:13:46.086.363 [elf.cc:610] 110933 ElfParseParamInfo: Cache param info: ordinal=1, offset=8, size=8, align=8, paramType=2, spaceIndex=0.
[INFO] RUNTIME(110933,npu_reader):2026-09-21-12:13:46.086.365 [elf.cc:610] 110933 ElfParseParamInfo: Cache param info: ordinal=2, offset=16, size=8, align=8, paramType=2, spaceIndex=0.
[INFO] RUNTIME(110933,npu_reader):2026-09-21-12:13:46.086.368 [elf.cc:610] 110933 ElfParseParamInfo: Cache param info: ordinal=3, offset=24, size=8, align=8, paramType=2, spaceIndex=0.
[INFO] RUNTIME(110933,npu_reader):2026-09-21-12:13:46.086.370 [elf.cc:916] 110933 ParseKernelMetaData: kernel_name=mul_Ascend910B3_int8_223000000, ration[0]=0, ration[1]=0, dfxAddr=0xaaab4f6e07b8, dfxSize=176, funcType=0, crossCoreSync=0, kernelVfType=0, shareMemSize=0, minStackSize=0, isSupportFuncEntry=0, functionEntryFlag=128, functionEntry=0.
[INFO] RUNTIME(110933,npu_reader):2026-09-21-12:13:46.086.373 [elf.cc:884] 110933 ParseKernelMetaData: section name = .ascend.meta.mul_Ascend910B3_int8_210010000.
[INFO] RUNTIME(110933,npu_reader):2026-09-21-12:13:46.086.375 [elf.cc:575] 110933 ElfParseParamSummary: paramCount=4, paramTotalSize=32.
[INFO] RUNTIME(110933,npu_reader):2026-09-21-12:13:46.086.377 [elf.cc:610] 110933 ElfParseParamInfo: Cache param info: ordinal=0, offset=0, size=8, align=8, paramType=2, spaceIndex=0.
[INFO] RUNTIME(110933,npu_reader):2026-09-21-12:13:46.086.380 [elf.cc:610] 110933 ElfParseParamInfo: Cache param info: ordinal=1, offset=8, size=8, align=8, paramType=2, spaceIndex=0.
[INFO] RUNTIME(110933,npu_reader):2026-09-21-12:13:46.086.382 [elf.cc:610] 110933 ElfParseParamInfo: Cache param info: ordinal=2, offset=16, size=8, align=8, paramType=2, spaceIndex=0.
[INFO] RUNTIME(110933,npu_reader):2026-09-21-12:13:46.086.385 [elf.cc:610] 110933 ElfParseParamInfo: Cache param info: ordinal=3, offset=24, size=8, align=8, paramType=2, spaceIndex=0.
[INFO] RUNTIME(110933,npu_reader):2026-09-21-12:13:46.086.387 [elf.cc:916] 110933 ParseKernelMetaData: kernel_name=mul_Ascend910B3_int8_210010000, ration[0]=0, ration[1]=0, dfxAddr=0xaaab4f6e0868, dfxSize=176, funcType=0, crossCoreSync=0, kernelVfType=0, shareMemSize=0, minStackSize=0, isSupportFuncEntry=0, functionEntryFlag=128, functionEntry=0.
[INFO] RUNTIME(110933,npu_reader):2026-09-21-12:13:46.086.390 [elf.cc:884] 110933 ParseKernelMetaData: section name = .ascend.meta.mul_Ascend910B3_int8_210000000.
[INFO] RUNTIME(110933,npu_reader):2026-09-21-12:13:46.086.392 [elf.cc:575] 110933 ElfParseParamSummary: paramCount=4, paramTotalSize=32.
[INFO] RUNTIME(110933,npu_reader):2026-09-21-12:13:46.086.394 [elf.cc:610] 110933 ElfParseParamInfo: Cache param info: ordinal=0, offset=0, size=8, align=8, paramType=2, spaceIndex=0.
[INFO] RUNTIME(110933,npu_reader):2026-09-21-12:13:46.086.397 [elf.cc:610] 110933 ElfParseParamInfo: Cache param info: ordinal=1, offset=8, size=8, align=8, paramType=2, spaceIndex=0.
[INFO] RUNTIME(110933,npu_reader):2026-09-21-12:13:46.086.399 [elf.cc:610] 110933 ElfParseParamInfo: Cache param info: ordinal=2, offset=16, size=8, align=8, paramType=2, spaceIndex=0.
[INFO] RUNTIME(110933,npu_reader):2026-09-21-12:13:46.086.401 [elf.cc:610] 110933 ElfParseParamInfo: Cache param info: ordinal=3, offset=24, size=8, align=8, paramType=2, spaceIndex=0.
[INFO] RUNTIME(110933,npu_reader):2026-09-21-12:13:46.086.404 [elf.cc:916] 110933 ParseKernelMetaData: kernel_name=mul_Ascend910B3_int8_210000000, ration[0]=0, ration[1]=0, dfxAddr=0xaaab4f6e0918, dfxSize=176, funcType=0, crossCoreSync=0, kernelVfType=0, shareMemSize=0, minStackSize=0, isSupportFuncEntry=0, functionEntryFlag=128, functionEntry=0.
[INFO] RUNTIME(110933,npu_reader):2026-09-21-12:13:46.086.417 [elf.cc:1076] 110933 UpdateCachedParamInfos: Restore cached param info: kernel_name=mul_Ascend910B3_int8_232010000, ordinal=0, offset=0, size=8.
[INFO] RUNTIME(110933,npu_reader):2026-09-21-12:13:46.086.419 [elf.cc:1076] 110933 UpdateCachedParamInfos: Restore cached param info: kernel_name=mul_Ascend910B3_int8_232010000, ordinal=1, offset=8, size=8.
[INFO] RUNTIME(110933,npu_reader):2026-09-21-12:13:46.086.422 [elf.cc:1076] 110933 UpdateCachedParamInfos: Restore cached param info: kernel_name=mul_Ascend910B3_int8_232010000, ordinal=2, offset=16, size=8.
[INFO] RUNTIME(110933,npu_reader):2026-09-21-12:13:46.086.424 [elf.cc:1076] 110933 UpdateCachedParamInfos: Restore cached param info: kernel_name=mul_Ascend910B3_int8_232010000, ordinal=3, offset=24, size=8.
[INFO] RUNTIME(110933,npu_reader):2026-09-21-12:13:46.086.426 [elf.cc:1145] 110933 UpdateKernelsInfo: update meta info, kernel_name=mul_Ascend910B3_int8_232010000, dfxAddr=0xaaab4f6e0564, dfxSize=176, funcType=0, elfDataFlag=1, userArgsNum=0, crossCoreSync=0, kernelVfType=0, shareMemSize=0, minStackSize=0, funcEntryType=0, functionEntry=0, schedMode=0, taskRation_0=0, taskRation_1=0, hasParamSummary=1, paramCount=4, paramTotalSize=32.
[INFO] RUNTIME(110933,npu_reader):2026-09-21-12:13:46.086.430 [elf.cc:1076] 110933 UpdateCachedParamInfos: Restore cached param info: kernel_name=mul_Ascend910B3_int8_232000000, ordinal=0, offset=0, size=8.
[INFO] RUNTIME(110933,npu_reader):2026-09-21-12:13:46.086.432 [elf.cc:1076] 110933 UpdateCachedParamInfos: Restore cached param info: kernel_name=mul_Ascend910B3_int8_232000000, ordinal=1, offset=8, size=8.
[INFO] RUNTIME(110933,npu_reader):2026-09-21-12:13:46.086.434 [elf.cc:1076] 110933 UpdateCachedParamInfos: Restore cached param info: kernel_name=mul_Ascend910B3_int8_232000000, ordinal=2, offset=16, size=8.
[INFO] RUNTIME(110933,npu_reader):2026-09-21-12:13:46.086.437 [elf.cc:1076] 110933 UpdateCachedParamInfos: Restore cached param info: kernel_name=mul_Ascend910B3_int8_232000000, ordinal=3, offset=24, size=8.
[INFO] RUNTIME(110933,npu_reader):2026-09-21-12:13:46.086.439 [elf.cc:1145] 110933 UpdateKernelsInfo: update meta info, kernel_name=mul_Ascend910B3_int8_232000000, dfxAddr=0xaaab4f6e0658, dfxSize=176, funcType=0, elfDataFlag=1, userArgsNum=0, crossCoreSync=0, kernelVfType=0, shareMemSize=0, minStackSize=0, funcEntryType=0, functionEntry=0, schedMode=0, taskRation_0=0, taskRation_1=0, hasParamSummary=1, paramCount=4, paramTotalSize=32.
[INFO] RUNTIME(110933,npu_reader):2026-09-21-12:13:46.086.442 [elf.cc:1076] 110933 UpdateCachedParamInfos: Restore cached param info: kernel_name=mul_Ascend910B3_int8_223010000, ordinal=0, offset=0, size=8.
[INFO] RUNTIME(110933,npu_reader):2026-09-21-12:13:46.086.444 [elf.cc:1076] 110933 UpdateCachedParamInfos: Restore cached param info: kernel_name=mul_Ascend910B3_int8_223010000, ordinal=1, offset=8, size=8.
[INFO] RUNTIME(110933,npu_reader):2026-09-21-12:13:46.086.447 [elf.cc:1076] 110933 UpdateCachedParamInfos: Restore cached param info: kernel_name=mul_Ascend910B3_int8_223010000, ordinal=2, offset=16, size=8.
[INFO] RUNTIME(110933,npu_reader):2026-09-21-12:13:46.086.449 [elf.cc:1076] 110933 UpdateCachedParamInfos: Restore cached param info: kernel_name=mul_Ascend910B3_int8_223010000, ordinal=3, offset=24, size=8.
[INFO] RUNTIME(110933,npu_reader):2026-09-21-12:13:46.086.451 [elf.cc:1145] 110933 UpdateKernelsInfo: update meta info, kernel_name=mul_Ascend910B3_int8_223010000, dfxAddr=0xaaab4f6e0708, dfxSize=176, funcType=0, elfDataFlag=1, userArgsNum=0, crossCoreSync=0, kernelVfType=0, shareMemSize=0, minStackSize=0, funcEntryType=0, functionEntry=0, schedMode=0, taskRation_0=0, taskRation_1=0, hasParamSummary=1, paramCount=4, paramTotalSize=32.
[INFO] RUNTIME(110933,npu_reader):2026-09-21-12:13:46.086.454 [elf.cc:1076] 110933 UpdateCachedParamInfos: Restore cached param info: kernel_name=mul_Ascend910B3_int8_223000000, ordinal=0, offset=0, size=8.
[INFO] RUNTIME(110933,npu_reader):2026-09-21-12:13:46.086.458 [elf.cc:1076] 110933 UpdateCachedParamInfos: Restore cached param info: kernel_name=mul_Ascend910B3_int8_223000000, ordinal=1, offset=8, size=8.
[INFO] RUNTIME(110933,npu_reader):2026-09-21-12:13:46.086.460 [elf.cc:1076] 110933 UpdateCachedParamInfos: Restore cached param info: kernel_name=mul_Ascend910B3_int8_223000000, ordinal=2, offset=16, size=8.
[INFO] RUNTIME(110933,npu_reader):2026-09-21-12:13:46.086.462 [elf.cc:1076] 110933 UpdateCachedParamInfos: Restore cached param info: kernel_name=mul_Ascend910B3_int8_223000000, ordinal=3, offset=24, size=8.
[INFO] RUNTIME(110933,npu_reader):2026-09-21-12:13:46.086.465 [elf.cc:1145] 110933 UpdateKernelsInfo: update meta info, kernel_name=mul_Ascend910B3_int8_223000000, dfxAddr=0xaaab4f6e07b8, dfxSize=176, funcType=0, elfDataFlag=1, userArgsNum=0, crossCoreSync=0, kernelVfType=0, shareMemSize=0, minStackSize=0, funcEntryType=0, functionEntry=0, schedMode=0, taskRation_0=0, taskRation_1=0, hasParamSummary=1, paramCount=4, paramTotalSize=32.
[INFO] RUNTIME(110933,npu_reader):2026-09-21-12:13:46.086.468 [elf.cc:1076] 110933 UpdateCachedParamInfos: Restore cached param info: kernel_name=mul_Ascend910B3_int8_210010000, ordinal=0, offset=0, size=8.
[INFO] RUNTIME(110933,npu_reader):2026-09-21-12:13:46.086.470 [elf.cc:1076] 110933 UpdateCachedParamInfos: Restore cached param info: kernel_name=mul_Ascend910B3_int8_210010000, ordinal=1, offset=8, size=8.
[INFO] RUNTIME(110933,npu_reader):2026-09-21-12:13:46.086.472 [elf.cc:1076] 110933 UpdateCachedParamInfos: Restore cached param info: kernel_name=mul_Ascend910B3_int8_210010000, ordinal=2, offset=16, size=8.
[INFO] RUNTIME(110933,npu_reader):2026-09-21-12:13:46.086.475 [elf.cc:1076] 110933 UpdateCachedParamInfos: Restore cached param info: kernel_name=mul_Ascend910B3_int8_210010000, ordinal=3, offset=24, size=8.
[INFO] RUNTIME(110933,npu_reader):2026-09-21-12:13:46.086.477 [elf.cc:1145] 110933 UpdateKernelsInfo: update meta info, kernel_name=mul_Ascend910B3_int8_210010000, dfxAddr=0xaaab4f6e0868, dfxSize=176, funcType=0, elfDataFlag=1, userArgsNum=0, crossCoreSync=0, kernelVfType=0, shareMemSize=0, minStackSize=0, funcEntryType=0, functionEntry=0, schedMode=0, taskRation_0=0, taskRation_1=0, hasParamSummary=1, paramCount=4, paramTotalSize=32.
[INFO] RUNTIME(110933,npu_reader):2026-09-21-12:13:46.086.480 [elf.cc:1076] 110933 UpdateCachedParamInfos: Restore cached param info: kernel_name=mul_Ascend910B3_int8_210000000, ordinal=0, offset=0, size=8.
[INFO] RUNTIME(110933,npu_reader):2026-09-21-12:13:46.086.482 [elf.cc:1076] 110933 UpdateCachedParamInfos: Restore cached param info: kernel_name=mul_Ascend910B3_int8_210000000, ordinal=1, offset=8, size=8.
[INFO] RUNTIME(110933,npu_reader):2026-09-21-12:13:46.086.484 [elf.cc:1076] 110933 UpdateCachedParamInfos: Restore cached param info: kernel_name=mul_Ascend910B3_int8_210000000, ordinal=2, offset=16, size=8.
[INFO] RUNTIME(110933,npu_reader):2026-09-21-12:13:46.086.487 [elf.cc:1076] 110933 UpdateCachedParamInfos: Restore cached param info: kernel_name=mul_Ascend910B3_int8_210000000, ordinal=3, offset=24, size=8.
[INFO] RUNTIME(110933,npu_reader):2026-09-21-12:13:46.086.489 [elf.cc:1145] 110933 UpdateKernelsInfo: update meta info, kernel_name=mul_Ascend910B3_int8_210000000, dfxAddr=0xaaab4f6e0918, dfxSize=176, funcType=0, elfDataFlag=1, userArgsNum=0, crossCoreSync=0, kernelVfType=0, shareMemSize=0, minStackSize=0, funcEntryType=0, functionEntry=0, schedMode=0, taskRation_0=0, taskRation_1=0, hasParamSummary=1, paramCount=4, paramTotalSize=32.
[INFO] RUNTIME(110933,npu_reader):2026-09-21-12:13:46.086.493 [runtime.cc:1448] 110933 AddProgramToPool: progId=18
[INFO] RUNTIME(110933,npu_reader):2026-09-21-12:13:46.086.496 [program.cc:1649] 110933 GetKernelTypeAndMixType: Get kernel type success, kernelName=mul_Ascend910B3_int8_232010000, funcType=0, kernelAttrType=2, mixType=0
[INFO] RUNTIME(110933,npu_reader):2026-09-21-12:13:46.086.499 [program.cc:1119] 110933 SetKernelAttribute: kernel_name=mul_Ascend910B3_int8_232010000, kernelAttrType=2, userParamNum=0, sysParamNum=1, IsNeedSetFftsAddrInArg=0, isSupportOverFlow=1, elfDataFlag=1
[INFO] RUNTIME(110933,npu_reader):2026-09-21-12:13:46.086.504 [program.cc:1690] 110933 BuildNewKernel: new kernel success, size=1320, programId=18, original kernel_name=mul_Ascend910B3_int8_232010000, register kernel_name=mul_Ascend910B3_int8_232010000, tilingKey=232010000, functionEntry=0, funcType=0, kernelAttrType=2, mixType=0, taskRation=2, offset=0, dfxAddr=187652748739940, dfxSize=176
[INFO] RUNTIME(110933,npu_reader):2026-09-21-12:13:46.086.507 [program.cc:1649] 110933 GetKernelTypeAndMixType: Get kernel type success, kernelName=mul_Ascend910B3_int8_232000000, funcType=0, kernelAttrType=2, mixType=0
[INFO] RUNTIME(110933,npu_reader):2026-09-21-12:13:46.086.510 [program.cc:1119] 110933 SetKernelAttribute: kernel_name=mul_Ascend910B3_int8_232000000, kernelAttrType=2, userParamNum=0, sysParamNum=1, IsNeedSetFftsAddrInArg=0, isSupportOverFlow=1, elfDataFlag=1
[INFO] RUNTIME(110933,npu_reader):2026-09-21-12:13:46.086.513 [program.cc:1690] 110933 BuildNewKernel: new kernel success, size=1320, programId=18, original kernel_name=mul_Ascend910B3_int8_232000000, register kernel_name=mul_Ascend910B3_int8_232000000, tilingKey=232000000, functionEntry=0, funcType=0, kernelAttrType=2, mixType=0, taskRation=2, offset=2680, dfxAddr=187652748740184, dfxSize=176
[INFO] RUNTIME(110933,npu_reader):2026-09-21-12:13:46.086.517 [program.cc:1649] 110933 GetKernelTypeAndMixType: Get kernel type success, kernelName=mul_Ascend910B3_int8_223010000, funcType=0, kernelAttrType=2, mixType=0
[INFO] RUNTIME(110933,npu_reader):2026-09-21-12:13:46.086.519 [program.cc:1119] 110933 SetKernelAttribute: kernel_name=mul_Ascend910B3_int8_223010000, kernelAttrType=2, userParamNum=0, sysParamNum=1, IsNeedSetFftsAddrInArg=0, isSupportOverFlow=1, elfDataFlag=1
[INFO] RUNTIME(110933,npu_reader):2026-09-21-12:13:46.086.522 [program.cc:1690] 110933 BuildNewKernel: new kernel success, size=1320, programId=18, original kernel_name=mul_Ascend910B3_int8_223010000, register kernel_name=mul_Ascend910B3_int8_223010000, tilingKey=223010000, functionEntry=0, funcType=0, kernelAttrType=2, mixType=0, taskRation=2, offset=4244, dfxAddr=187652748740360, dfxSize=176
[INFO] RUNTIME(110933,npu_reader):2026-09-21-12:13:46.086.526 [program.cc:1649] 110933 GetKernelTypeAndMixType: Get kernel type success, kernelName=mul_Ascend910B3_int8_223000000, funcType=0, kernelAttrType=2, mixType=0
[INFO] RUNTIME(110933,npu_reader):2026-09-21-12:13:46.086.529 [program.cc:1119] 110933 SetKernelAttribute: kernel_name=mul_Ascend910B3_int8_223000000, kernelAttrType=2, userParamNum=0, sysParamNum=1, IsNeedSetFftsAddrInArg=0, isSupportOverFlow=1, elfDataFlag=1
[INFO] RUNTIME(110933,npu_reader):2026-09-21-12:13:46.086.531 [program.cc:1690] 110933 BuildNewKernel: new kernel success, size=1320, programId=18, original kernel_name=mul_Ascend910B3_int8_223000000, register kernel_name=mul_Ascend910B3_int8_223000000, tilingKey=223000000, functionEntry=0, funcType=0, kernelAttrType=2, mixType=0, taskRation=2, offset=7016, dfxAddr=187652748740536, dfxSize=176
[INFO] RUNTIME(110933,npu_reader):2026-09-21-12:13:46.086.535 [program.cc:1649] 110933 GetKernelTypeAndMixType: Get kernel type success, kernelName=mul_Ascend910B3_int8_210010000, funcType=0, kernelAttrType=2, mixType=0
[INFO] RUNTIME(110933,npu_reader):2026-09-21-12:13:46.086.538 [program.cc:1119] 110933 SetKernelAttribute: kernel_name=mul_Ascend910B3_int8_210010000, kernelAttrType=2, userParamNum=0, sysParamNum=1, IsNeedSetFftsAddrInArg=0, isSupportOverFlow=1, elfDataFlag=1
[INFO] RUNTIME(110933,npu_reader):2026-09-21-12:13:46.086.540 [program.cc:1690] 110933 BuildNewKernel: new kernel success, size=1320, programId=18, original kernel_name=mul_Ascend910B3_int8_210010000, register kernel_name=mul_Ascend910B3_int8_210010000, tilingKey=210010000, functionEntry=0, funcType=0, kernelAttrType=2, mixType=0, taskRation=2, offset=8484, dfxAddr=187652748740712, dfxSize=176
[INFO] RUNTIME(110933,npu_reader):2026-09-21-12:13:46.086.546 [program.cc:1649] 110933 GetKernelTypeAndMixType: Get kernel type success, kernelName=mul_Ascend910B3_int8_210000000, funcType=0, kernelAttrType=2, mixType=0
[INFO] RUNTIME(110933,npu_reader):2026-09-21-12:13:46.086.549 [program.cc:1119] 110933 SetKernelAttribute: kernel_name=mul_Ascend910B3_int8_210000000, kernelAttrType=2, userParamNum=0, sysParamNum=1, IsNeedSetFftsAddrInArg=0, isSupportOverFlow=1, elfDataFlag=1
[INFO] RUNTIME(110933,npu_reader):2026-09-21-12:13:46.086.551 [program.cc:1690] 110933 BuildNewKernel: new kernel success, size=1320, programId=18, original kernel_name=mul_Ascend910B3_int8_210000000, register kernel_name=mul_Ascend910B3_int8_210000000, tilingKey=210000000, functionEntry=0, funcType=0, kernelAttrType=2, mixType=0, taskRation=2, offset=11164, dfxAddr=187652748740888, dfxSize=176
[INFO] RUNTIME(110933,npu_reader):2026-09-21-12:13:46.086.579 [binary_loader.cc:364] 110933 LoadFromData: New ElfProgram ok, magic=1094799942, kernelAttrType=2, Runtime_alloc_size=11072
[INFO] RUNTIME(110933,npu_reader):2026-09-21-12:13:46.086.599 [program.cc:204] 110933 SaveBinaryData: Malloc the buffer for elfData, len=19888
[INFO] RUNTIME(110933,npu_reader):2026-09-21-12:13:46.086.602 [elf.cc:884] 110933 ParseKernelMetaData: section name = .text.
[INFO] RUNTIME(110933,npu_reader):2026-09-21-12:13:46.086.604 [elf.cc:884] 110933 ParseKernelMetaData: section name = .ascend.stack.size.record.
[INFO] RUNTIME(110933,npu_reader):2026-09-21-12:13:46.086.607 [elf.cc:884] 110933 ParseKernelMetaData: section name = __CCE_KernelArgSize.
[INFO] RUNTIME(110933,npu_reader):2026-09-21-12:13:46.086.609 [elf.cc:884] 110933 ParseKernelMetaData: section name = .ascend.meta.mul_Ascend910B4_int8_232010000.
[INFO] RUNTIME(110933,npu_reader):2026-09-21-12:13:46.086.611 [elf.cc:575] 110933 ElfParseParamSummary: paramCount=4, paramTotalSize=32.
[INFO] RUNTIME(110933,npu_reader):2026-09-21-12:13:46.086.613 [elf.cc:610] 110933 ElfParseParamInfo: Cache param info: ordinal=0, offset=0, size=8, align=8, paramType=2, spaceIndex=0.
[INFO] RUNTIME(110933,npu_reader):2026-09-21-12:13:46.086.616 [elf.cc:610] 110933 ElfParseParamInfo: Cache param info: ordinal=1, offset=8, size=8, align=8, paramType=2, spaceIndex=0.
[INFO] RUNTIME(110933,npu_reader):2026-09-21-12:13:46.086.619 [elf.cc:610] 110933 ElfParseParamInfo: Cache param info: ordinal=2, offset=16, size=8, align=8, paramType=2, spaceIndex=0.
[INFO] RUNTIME(110933,npu_reader):2026-09-21-12:13:46.086.621 [elf.cc:610] 110933 ElfParseParamInfo: Cache param info: ordinal=3, offset=24, size=8, align=8, paramType=2, spaceIndex=0.
[INFO] RUNTIME(110933,npu_reader):2026-09-21-12:13:46.086.624 [elf.cc:916] 110933 ParseKernelMetaData: kernel_name=mul_Ascend910B4_int8_232010000, ration[0]=0, ration[1]=0, dfxAddr=0xaaab4f6efd64, dfxSize=176, funcType=0, crossCoreSync=0, kernelVfType=0, shareMemSize=0, minStackSize=0, isSupportFuncEntry=0, functionEntryFlag=128, functionEntry=0.
[INFO] RUNTIME(110933,npu_reader):2026-09-21-12:13:46.086.627 [elf.cc:884] 110933 ParseKernelMetaData: section name = .comment.
[INFO] RUNTIME(110933,npu_reader):2026-09-21-12:13:46.086.629 [elf.cc:884] 110933 ParseKernelMetaData: section name = .ascend.meta.mul_Ascend910B4_int8_232000000.
[INFO] RUNTIME(110933,npu_reader):2026-09-21-12:13:46.086.631 [elf.cc:575] 110933 ElfParseParamSummary: paramCount=4, paramTotalSize=32.
[INFO] RUNTIME(110933,npu_reader):2026-09-21-12:13:46.086.633 [elf.cc:610] 110933 ElfParseParamInfo: Cache param info: ordinal=0, offset=0, size=8, align=8, paramType=2, spaceIndex=0.
[INFO] RUNTIME(110933,npu_reader):2026-09-21-12:13:46.086.636 [elf.cc:610] 110933 ElfParseParamInfo: Cache param info: ordinal=1, offset=8, size=8, align=8, paramType=2, spaceIndex=0.
[INFO] RUNTIME(110933,npu_reader):2026-09-21-12:13:46.086.638 [elf.cc:610] 110933 ElfParseParamInfo: Cache param info: ordinal=2, offset=16, size=8, align=8, paramType=2, spaceIndex=0.
[INFO] RUNTIME(110933,npu_reader):2026-09-21-12:13:46.086.640 [elf.cc:610] 110933 ElfParseParamInfo: Cache param info: ordinal=3, offset=24, size=8, align=8, paramType=2, spaceIndex=0.
[INFO] RUNTIME(110933,npu_reader):2026-09-21-12:13:46.086.644 [elf.cc:916] 110933 ParseKernelMetaData: kernel_name=mul_Ascend910B4_int8_232000000, ration[0]=0, ration[1]=0, dfxAddr=0xaaab4f6efe58, dfxSize=176, funcType=0, crossCoreSync=0, kernelVfType=0, shareMemSize=0, minStackSize=0, isSupportFuncEntry=0, functionEntryFlag=128, functionEntry=0.
[INFO] RUNTIME(110933,npu_reader):2026-09-21-12:13:46.086.647 [elf.cc:884] 110933 ParseKernelMetaData: section name = .ascend.meta.mul_Ascend910B4_int8_223010000.
[INFO] RUNTIME(110933,npu_reader):2026-09-21-12:13:46.086.649 [elf.cc:575] 110933 ElfParseParamSummary: paramCount=4, paramTotalSize=32.
[INFO] RUNTIME(110933,npu_reader):2026-09-21-12:13:46.086.652 [elf.cc:610] 110933 ElfParseParamInfo: Cache param info: ordinal=0, offset=0, size=8, align=8, paramType=2, spaceIndex=0.
[INFO] RUNTIME(110933,npu_reader):2026-09-21-12:13:46.086.654 [elf.cc:610] 110933 ElfParseParamInfo: Cache param info: ordinal=1, offset=8, size=8, align=8, paramType=2, spaceIndex=0.
[INFO] RUNTIME(110933,npu_reader):2026-09-21-12:13:46.086.657 [elf.cc:610] 110933 ElfParseParamInfo: Cache param info: ordinal=2, offset=16, size=8, align=8, paramType=2, spaceIndex=0.
[INFO] RUNTIME(110933,npu_reader):2026-09-21-12:13:46.086.659 [elf.cc:610] 110933 ElfParseParamInfo: Cache param info: ordinal=3, offset=24, size=8, align=8, paramType=2, spaceIndex=0.
[INFO] RUNTIME(110933,npu_reader):2026-09-21-12:13:46.086.661 [elf.cc:916] 110933 ParseKernelMetaData: kernel_name=mul_Ascend910B4_int8_223010000, ration[0]=0, ration[1]=0, dfxAddr=0xaaab4f6eff08, dfxSize=176, funcType=0, crossCoreSync=0, kernelVfType=0, shareMemSize=0, minStackSize=0, isSupportFuncEntry=0, functionEntryFlag=128, functionEntry=0.
[INFO] RUNTIME(110933,npu_reader):2026-09-21-12:13:46.086.664 [elf.cc:884] 110933 ParseKernelMetaData: section name = .ascend.meta.mul_Ascend910B4_int8_223000000.
[INFO] RUNTIME(110933,npu_reader):2026-09-21-12:13:46.086.667 [elf.cc:575] 110933 ElfParseParamSummary: paramCount=4, paramTotalSize=32.
[INFO] RUNTIME(110933,npu_reader):2026-09-21-12:13:46.086.669 [elf.cc:610] 110933 ElfParseParamInfo: Cache param info: ordinal=0, offset=0, size=8, align=8, paramType=2, spaceIndex=0.
[INFO] RUNTIME(110933,npu_reader):2026-09-21-12:13:46.086.671 [elf.cc:610] 110933 ElfParseParamInfo: Cache param info: ordinal=1, offset=8, size=8, align=8, paramType=2, spaceIndex=0.
[INFO] RUNTIME(110933,npu_reader):2026-09-21-12:13:46.086.673 [elf.cc:610] 110933 ElfParseParamInfo: Cache param info: ordinal=2, offset=16, size=8, align=8, paramType=2, spaceIndex=0.
[INFO] RUNTIME(110933,npu_reader):2026-09-21-12:13:46.086.676 [elf.cc:610] 110933 ElfParseParamInfo: Cache param info: ordinal=3, offset=24, size=8, align=8, paramType=2, spaceIndex=0.
[INFO] RUNTIME(110933,npu_reader):2026-09-21-12:13:46.086.678 [elf.cc:916] 110933 ParseKernelMetaData: kernel_name=mul_Ascend910B4_int8_223000000, ration[0]=0, ration[1]=0, dfxAddr=0xaaab4f6effb8, dfxSize=176, funcType=0, crossCoreSync=0, kernelVfType=0, shareMemSize=0, minStackSize=0, isSupportFuncEntry=0, functionEntryFlag=128, functionEntry=0.
[INFO] RUNTIME(110933,npu_reader):2026-09-21-12:13:46.086.681 [elf.cc:884] 110933 ParseKernelMetaData: section name = .ascend.meta.mul_Ascend910B4_int8_210010000.
[INFO] RUNTIME(110933,npu_reader):2026-09-21-12:13:46.086.683 [elf.cc:575] 110933 ElfParseParamSummary: paramCount=4, paramTotalSize=32.
[INFO] RUNTIME(110933,npu_reader):2026-09-21-12:13:46.086.686 [elf.cc:610] 110933 ElfParseParamInfo: Cache param info: ordinal=0, offset=0, size=8, align=8, paramType=2, spaceIndex=0.
[INFO] RUNTIME(110933,npu_reader):2026-09-21-12:13:46.086.688 [elf.cc:610] 110933 ElfParseParamInfo: Cache param info: ordinal=1, offset=8, size=8, align=8, paramType=2, spaceIndex=0.
[INFO] RUNTIME(110933,npu_reader):2026-09-21-12:13:46.086.690 [elf.cc:610] 110933 ElfParseParamInfo: Cache param info: ordinal=2, offset=16, size=8, align=8, paramType=2, spaceIndex=0.
[INFO] RUNTIME(110933,npu_reader):2026-09-21-12:13:46.086.693 [elf.cc:610] 110933 ElfParseParamInfo: Cache param info: ordinal=3, offset=24, size=8, align=8, paramType=2, spaceIndex=0.
[INFO] RUNTIME(110933,npu_reader):2026-09-21-12:13:46.086.704 [elf.cc:916] 110933 ParseKernelMetaData: kernel_name=mul_Ascend910B4_int8_210010000, ration[0]=0, ration[1]=0, dfxAddr=0xaaab4f6f0068, dfxSize=176, funcType=0, crossCoreSync=0, kernelVfType=0, shareMemSize=0, minStackSize=0, isSupportFuncEntry=0, functionEntryFlag=128, functionEntry=0.
[INFO] RUNTIME(110933,npu_reader):2026-09-21-12:13:46.086.707 [elf.cc:884] 110933 ParseKernelMetaData: section name = .ascend.meta.mul_Ascend910B4_int8_210000000.
[INFO] RUNTIME(110933,npu_reader):2026-09-21-12:13:46.086.709 [elf.cc:575] 110933 ElfParseParamSummary: paramCount=4, paramTotalSize=32.
[INFO] RUNTIME(110933,npu_reader):2026-09-21-12:13:46.086.711 [elf.cc:610] 110933 ElfParseParamInfo: Cache param info: ordinal=0, offset=0, size=8, align=8, paramType=2, spaceIndex=0.
[INFO] RUNTIME(110933,npu_reader):2026-09-21-12:13:46.086.714 [elf.cc:610] 110933 ElfParseParamInfo: Cache param info: ordinal=1, offset=8, size=8, align=8, paramType=2, spaceIndex=0.
[INFO] RUNTIME(110933,npu_reader):2026-09-21-12:13:46.086.716 [elf.cc:610] 110933 ElfParseParamInfo: Cache param info: ordinal=2, offset=16, size=8, align=8, paramType=2, spaceIndex=0.
[INFO] RUNTIME(110933,npu_reader):2026-09-21-12:13:46.086.719 [elf.cc:610] 110933 ElfParseParamInfo: Cache param info: ordinal=3, offset=24, size=8, align=8, paramType=2, spaceIndex=0.
[INFO] RUNTIME(110933,npu_reader):2026-09-21-12:13:46.086.721 [elf.cc:916] 110933 ParseKernelMetaData: kernel_name=mul_Ascend910B4_int8_210000000, ration[0]=0, ration[1]=0, dfxAddr=0xaaab4f6f0118, dfxSize=176, funcType=0, crossCoreSync=0, kernelVfType=0, shareMemSize=0, minStackSize=0, isSupportFuncEntry=0, functionEntryFlag=128, functionEntry=0.
[INFO] RUNTIME(110933,npu_reader):2026-09-21-12:13:46.086.733 [elf.cc:1076] 110933 UpdateCachedParamInfos: Restore cached param info: kernel_name=mul_Ascend910B4_int8_232010000, ordinal=0, offset=0, size=8.
[INFO] RUNTIME(110933,npu_reader):2026-09-21-12:13:46.086.735 [elf.cc:1076] 110933 UpdateCachedParamInfos: Restore cached param info: kernel_name=mul_Ascend910B4_int8_232010000, ordinal=1, offset=8, size=8.
[INFO] RUNTIME(110933,npu_reader):2026-09-21-12:13:46.086.737 [elf.cc:1076] 110933 UpdateCachedParamInfos: Restore cached param info: kernel_name=mul_Ascend910B4_int8_232010000, ordinal=2, offset=16, size=8.
[INFO] RUNTIME(110933,npu_reader):2026-09-21-12:13:46.086.739 [elf.cc:1076] 110933 UpdateCachedParamInfos: Restore cached param info: kernel_name=mul_Ascend910B4_int8_232010000, ordinal=3, offset=24, size=8.
[INFO] RUNTIME(110933,npu_reader):2026-09-21-12:13:46.086.742 [elf.cc:1145] 110933 UpdateKernelsInfo: update meta info, kernel_name=mul_Ascend910B4_int8_232010000, dfxAddr=0xaaab4f6efd64, dfxSize=176, funcType=0, elfDataFlag=1, userArgsNum=0, crossCoreSync=0, kernelVfType=0, shareMemSize=0, minStackSize=0, funcEntryType=0, functionEntry=0, schedMode=0, taskRation_0=0, taskRation_1=0, hasParamSummary=1, paramCount=4, paramTotalSize=32.
[INFO] RUNTIME(110933,npu_reader):2026-09-21-12:13:46.086.745 [elf.cc:1076] 110933 UpdateCachedParamInfos: Restore cached param info: kernel_name=mul_Ascend910B4_int8_232000000, ordinal=0, offset=0, size=8.
[INFO] RUNTIME(110933,npu_reader):2026-09-21-12:13:46.086.747 [elf.cc:1076] 110933 UpdateCachedParamInfos: Restore cached param info: kernel_name=mul_Ascend910B4_int8_232000000, ordinal=1, offset=8, size=8.
[INFO] RUNTIME(110933,npu_reader):2026-09-21-12:13:46.086.750 [elf.cc:1076] 110933 UpdateCachedParamInfos: Restore cached param info: kernel_name=mul_Ascend910B4_int8_232000000, ordinal=2, offset=16, size=8.
[INFO] RUNTIME(110933,npu_reader):2026-09-21-12:13:46.086.752 [elf.cc:1076] 110933 UpdateCachedParamInfos: Restore cached param info: kernel_name=mul_Ascend910B4_int8_232000000, ordinal=3, offset=24, size=8.
[INFO] RUNTIME(110933,npu_reader):2026-09-21-12:13:46.086.754 [elf.cc:1145] 110933 UpdateKernelsInfo: update meta info, kernel_name=mul_Ascend910B4_int8_232000000, dfxAddr=0xaaab4f6efe58, dfxSize=176, funcType=0, elfDataFlag=1, userArgsNum=0, crossCoreSync=0, kernelVfType=0, shareMemSize=0, minStackSize=0, funcEntryType=0, functionEntry=0, schedMode=0, taskRation_0=0, taskRation_1=0, hasParamSummary=1, paramCount=4, paramTotalSize=32.
[INFO] RUNTIME(110933,npu_reader):2026-09-21-12:13:46.086.759 [elf.cc:1076] 110933 UpdateCachedParamInfos: Restore cached param info: kernel_name=mul_Ascend910B4_int8_223010000, ordinal=0, offset=0, size=8.
[INFO] RUNTIME(110933,npu_reader):2026-09-21-12:13:46.086.761 [elf.cc:1076] 110933 UpdateCachedParamInfos: Restore cached param info: kernel_name=mul_Ascend910B4_int8_223010000, ordinal=1, offset=8, size=8.
[INFO] RUNTIME(110933,npu_reader):2026-09-21-12:13:46.086.764 [elf.cc:1076] 110933 UpdateCachedParamInfos: Restore cached param info: kernel_name=mul_Ascend910B4_int8_223010000, ordinal=2, offset=16, size=8.
[INFO] RUNTIME(110933,npu_reader):2026-09-21-12:13:46.086.766 [elf.cc:1076] 110933 UpdateCachedParamInfos: Restore cached param info: kernel_name=mul_Ascend910B4_int8_223010000, ordinal=3, offset=24, size=8.
[INFO] RUNTIME(110933,npu_reader):2026-09-21-12:13:46.086.768 [elf.cc:1145] 110933 UpdateKernelsInfo: update meta info, kernel_name=mul_Ascend910B4_int8_223010000, dfxAddr=0xaaab4f6eff08, dfxSize=176, funcType=0, elfDataFlag=1, userArgsNum=0, crossCoreSync=0, kernelVfType=0, shareMemSize=0, minStackSize=0, funcEntryType=0, functionEntry=0, schedMode=0, taskRation_0=0, taskRation_1=0, hasParamSummary=1, paramCount=4, paramTotalSize=32.
[INFO] RUNTIME(110933,npu_reader):2026-09-21-12:13:46.086.771 [elf.cc:1076] 110933 UpdateCachedParamInfos: Restore cached param info: kernel_name=mul_Ascend910B4_int8_223000000, ordinal=0, offset=0, size=8.
[INFO] RUNTIME(110933,npu_reader):2026-09-21-12:13:46.086.774 [elf.cc:1076] 110933 UpdateCachedParamInfos: Restore cached param info: kernel_name=mul_Ascend910B4_int8_223000000, ordinal=1, offset=8, size=8.
[INFO] RUNTIME(110933,npu_reader):2026-09-21-12:13:46.086.776 [elf.cc:1076] 110933 UpdateCachedParamInfos: Restore cached param info: kernel_name=mul_Ascend910B4_int8_223000000, ordinal=2, offset=16, size=8.
[INFO] RUNTIME(110933,npu_reader):2026-09-21-12:13:46.086.778 [elf.cc:1076] 110933 UpdateCachedParamInfos: Restore cached param info: kernel_name=mul_Ascend910B4_int8_223000000, ordinal=3, offset=24, size=8.
[INFO] RUNTIME(110933,npu_reader):2026-09-21-12:13:46.086.780 [elf.cc:1145] 110933 UpdateKernelsInfo: update meta info, kernel_name=mul_Ascend910B4_int8_223000000, dfxAddr=0xaaab4f6effb8, dfxSize=176, funcType=0, elfDataFlag=1, userArgsNum=0, crossCoreSync=0, kernelVfType=0, shareMemSize=0, minStackSize=0, funcEntryType=0, functionEntry=0, schedMode=0, taskRation_0=0, taskRation_1=0, hasParamSummary=1, paramCount=4, paramTotalSize=32.
[INFO] RUNTIME(110933,npu_reader):2026-09-21-12:13:46.086.784 [elf.cc:1076] 110933 UpdateCachedParamInfos: Restore cached param info: kernel_name=mul_Ascend910B4_int8_210010000, ordinal=0, offset=0, size=8.
[INFO] RUNTIME(110933,npu_reader):2026-09-21-12:13:46.086.786 [elf.cc:1076] 110933 UpdateCachedParamInfos: Restore cached param info: kernel_name=mul_Ascend910B4_int8_210010000, ordinal=1, offset=8, size=8.
[INFO] RUNTIME(110933,npu_reader):2026-09-21-12:13:46.086.788 [elf.cc:1076] 110933 UpdateCachedParamInfos: Restore cached param info: kernel_name=mul_Ascend910B4_int8_210010000, ordinal=2, offset=16, size=8.
[INFO] RUNTIME(110933,npu_reader):2026-09-21-12:13:46.086.790 [elf.cc:1076] 110933 UpdateCachedParamInfos: Restore cached param info: kernel_name=mul_Ascend910B4_int8_210010000, ordinal=3, offset=24, size=8.
[INFO] RUNTIME(110933,npu_reader):2026-09-21-12:13:46.086.792 [elf.cc:1145] 110933 UpdateKernelsInfo: update meta info, kernel_name=mul_Ascend910B4_int8_210010000, dfxAddr=0xaaab4f6f0068, dfxSize=176, funcType=0, elfDataFlag=1, userArgsNum=0, crossCoreSync=0, kernelVfType=0, shareMemSize=0, minStackSize=0, funcEntryType=0, functionEntry=0, schedMode=0, taskRation_0=0, taskRation_1=0, hasParamSummary=1, paramCount=4, paramTotalSize=32.
[INFO] RUNTIME(110933,npu_reader):2026-09-21-12:13:46.086.797 [elf.cc:1076] 110933 UpdateCachedParamInfos: Restore cached param info: kernel_name=mul_Ascend910B4_int8_210000000, ordinal=0, offset=0, size=8.
[INFO] RUNTIME(110933,npu_reader):2026-09-21-12:13:46.086.799 [elf.cc:1076] 110933 UpdateCachedParamInfos: Restore cached param info: kernel_name=mul_Ascend910B4_int8_210000000, ordinal=1, offset=8, size=8.
[INFO] RUNTIME(110933,npu_reader):2026-09-21-12:13:46.086.801 [elf.cc:1076] 110933 UpdateCachedParamInfos: Restore cached param info: kernel_name=mul_Ascend910B4_int8_210000000, ordinal=2, offset=16, size=8.
[INFO] RUNTIME(110933,npu_reader):2026-09-21-12:13:46.086.804 [elf.cc:1076] 110933 UpdateCachedParamInfos: Restore cached param info: kernel_name=mul_Ascend910B4_int8_210000000, ordinal=3, offset=24, size=8.
[INFO] RUNTIME(110933,npu_reader):2026-09-21-12:13:46.086.806 [elf.cc:1145] 110933 UpdateKernelsInfo: update meta info, kernel_name=mul_Ascend910B4_int8_210000000, dfxAddr=0xaaab4f6f0118, dfxSize=176, funcType=0, elfDataFlag=1, userArgsNum=0, crossCoreSync=0, kernelVfType=0, shareMemSize=0, minStackSize=0, funcEntryType=0, functionEntry=0, schedMode=0, taskRation_0=0, taskRation_1=0, hasParamSummary=1, paramCount=4, paramTotalSize=32.
[INFO] RUNTIME(110933,npu_reader):2026-09-21-12:13:46.086.810 [runtime.cc:1448] 110933 AddProgramToPool: progId=19
[INFO] RUNTIME(110933,npu_reader):2026-09-21-12:13:46.086.812 [program.cc:1649] 110933 GetKernelTypeAndMixType: Get kernel type success, kernelName=mul_Ascend910B4_int8_232010000, funcType=0, kernelAttrType=2, mixType=0
[INFO] RUNTIME(110933,npu_reader):2026-09-21-12:13:46.086.816 [program.cc:1119] 110933 SetKernelAttribute: kernel_name=mul_Ascend910B4_int8_232010000, kernelAttrType=2, userParamNum=0, sysParamNum=1, IsNeedSetFftsAddrInArg=0, isSupportOverFlow=1, elfDataFlag=1
[INFO] RUNTIME(110933,npu_reader):2026-09-21-12:13:46.086.819 [program.cc:1690] 110933 BuildNewKernel: new kernel success, size=1320, programId=19, original kernel_name=mul_Ascend910B4_int8_232010000, register kernel_name=mul_Ascend910B4_int8_232010000, tilingKey=232010000, functionEntry=0, funcType=0, kernelAttrType=2, mixType=0, taskRation=2, offset=0, dfxAddr=187652748803428, dfxSize=176
[INFO] RUNTIME(110933,npu_reader):2026-09-21-12:13:46.086.822 [program.cc:1649] 110933 GetKernelTypeAndMixType: Get kernel type success, kernelName=mul_Ascend910B4_int8_232000000, funcType=0, kernelAttrType=2, mixType=0
[INFO] RUNTIME(110933,npu_reader):2026-09-21-12:13:46.086.825 [program.cc:1119] 110933 SetKernelAttribute: kernel_name=mul_Ascend910B4_int8_232000000, kernelAttrType=2, userParamNum=0, sysParamNum=1, IsNeedSetFftsAddrInArg=0, isSupportOverFlow=1, elfDataFlag=1
[INFO] RUNTIME(110933,npu_reader):2026-09-21-12:13:46.086.828 [program.cc:1690] 110933 BuildNewKernel: new kernel success, size=1320, programId=19, original kernel_name=mul_Ascend910B4_int8_232000000, register kernel_name=mul_Ascend910B4_int8_232000000, tilingKey=232000000, functionEntry=0, funcType=0, kernelAttrType=2, mixType=0, taskRation=2, offset=2680, dfxAddr=187652748803672, dfxSize=176
[INFO] RUNTIME(110933,npu_reader):2026-09-21-12:13:46.086.832 [program.cc:1649] 110933 GetKernelTypeAndMixType: Get kernel type success, kernelName=mul_Ascend910B4_int8_223010000, funcType=0, kernelAttrType=2, mixType=0
[INFO] RUNTIME(110933,npu_reader):2026-09-21-12:13:46.086.835 [program.cc:1119] 110933 SetKernelAttribute: kernel_name=mul_Ascend910B4_int8_223010000, kernelAttrType=2, userParamNum=0, sysParamNum=1, IsNeedSetFftsAddrInArg=0, isSupportOverFlow=1, elfDataFlag=1
[INFO] RUNTIME(110933,npu_reader):2026-09-21-12:13:46.086.837 [program.cc:1690] 110933 BuildNewKernel: new kernel success, size=1320, programId=19, original kernel_name=mul_Ascend910B4_int8_223010000, register kernel_name=mul_Ascend910B4_int8_223010000, tilingKey=223010000, functionEntry=0, funcType=0, kernelAttrType=2, mixType=0, taskRation=2, offset=4244, dfxAddr=187652748803848, dfxSize=176
[INFO] RUNTIME(110933,npu_reader):2026-09-21-12:13:46.086.841 [program.cc:1649] 110933 GetKernelTypeAndMixType: Get kernel type success, kernelName=mul_Ascend910B4_int8_223000000, funcType=0, kernelAttrType=2, mixType=0
[INFO] RUNTIME(110933,npu_reader):2026-09-21-12:13:46.086.845 [program.cc:1119] 110933 SetKernelAttribute: kernel_name=mul_Ascend910B4_int8_223000000, kernelAttrType=2, userParamNum=0, sysParamNum=1, IsNeedSetFftsAddrInArg=0, isSupportOverFlow=1, elfDataFlag=1
[INFO] RUNTIME(110933,npu_reader):2026-09-21-12:13:46.086.847 [program.cc:1690] 110933 BuildNewKernel: new kernel success, size=1320, programId=19, original kernel_name=mul_Ascend910B4_int8_223000000, register kernel_name=mul_Ascend910B4_int8_223000000, tilingKey=223000000, functionEntry=0, funcType=0, kernelAttrType=2, mixType=0, taskRation=2, offset=7016, dfxAddr=187652748804024, dfxSize=176
[INFO] RUNTIME(110933,npu_reader):2026-09-21-12:13:46.086.851 [program.cc:1649] 110933 GetKernelTypeAndMixType: Get kernel type success, kernelName=mul_Ascend910B4_int8_210010000, funcType=0, kernelAttrType=2, mixType=0
[INFO] RUNTIME(110933,npu_reader):2026-09-21-12:13:46.086.854 [program.cc:1119] 110933 SetKernelAttribute: kernel_name=mul_Ascend910B4_int8_210010000, kernelAttrType=2, userParamNum=0, sysParamNum=1, IsNeedSetFftsAddrInArg=0, isSupportOverFlow=1, elfDataFlag=1
[INFO] RUNTIME(110933,npu_reader):2026-09-21-12:13:46.086.857 [program.cc:1690] 110933 BuildNewKernel: new kernel success, size=1320, programId=19, original kernel_name=mul_Ascend910B4_int8_210010000, register kernel_name=mul_Ascend910B4_int8_210010000, tilingKey=210010000, functionEntry=0, funcType=0, kernelAttrType=2, mixType=0, taskRation=2, offset=8484, dfxAddr=187652748804200, dfxSize=176
[INFO] RUNTIME(110933,npu_reader):2026-09-21-12:13:46.086.860 [program.cc:1649] 110933 GetKernelTypeAndMixType: Get kernel type success, kernelName=mul_Ascend910B4_int8_210000000, funcType=0, kernelAttrType=2, mixType=0
[INFO] RUNTIME(110933,npu_reader):2026-09-21-12:13:46.086.863 [program.cc:1119] 110933 SetKernelAttribute: kernel_name=mul_Ascend910B4_int8_210000000, kernelAttrType=2, userParamNum=0, sysParamNum=1, IsNeedSetFftsAddrInArg=0, isSupportOverFlow=1, elfDataFlag=1
[INFO] RUNTIME(110933,npu_reader):2026-09-21-12:13:46.086.866 [program.cc:1690] 110933 BuildNewKernel: new kernel success, size=1320, programId=19, original kernel_name=mul_Ascend910B4_int8_210000000, register kernel_name=mul_Ascend910B4_int8_210000000, tilingKey=210000000, functionEntry=0, funcType=0, kernelAttrType=2, mixType=0, taskRation=2, offset=11164, dfxAddr=187652748804376, dfxSize=176
[INFO] ASCENDCL(110933,npu_reader):2026-09-21-12:13:46.086.875 [acl_rt_impl_base.cpp:206]110933 aclrtGetSocNameImpl: start to execute aclrtGetSocName.
[INFO] ASCENDCL(110933,npu_reader):2026-09-21-12:13:46.086.881 [acl_rt_impl_base.cpp:135]110933 InitSocVersion: get SocVersion success, SocVersion = Ascend910_9362
[INFO] ASCENDCL(110933,npu_reader):2026-09-21-12:13:46.086.883 [acl_rt_impl_base.cpp:213]110933 aclrtGetSocNameImpl: execute aclrtGetSocName successfully
[INFO] HCCL(110933,npu_reader):2026-09-21-12:13:46.086.887 [legacy_common.cc:30] [110933]get soc name[Ascend910_9362] [Ascend910_9362]
[INFO] HCCL(110933,npu_reader):2026-09-21-12:13:46.086.894 [tbe_crack_cleared.cc:40] [110933]TbeCrackCleard Init get device type[4]
[INFO] HCCL(110933,npu_reader):2026-09-21-12:13:46.086.903 [tbe_vector_reduce.cc:424] [110933]op binary file path[/usr/local/Ascend/cann-9.1.0/lib64]
[INFO] HCCL(110933,npu_reader):2026-09-21-12:13:46.086.906 [tbe_common.cc:39] [110933]tbe task init success.deviceLogicId[2]
[INFO] HCCL(110933,npu_reader):2026-09-21-12:13:46.086.917 [dispatcher.cc:190] [110933][GetNotifyMaxWaitTime] notifyMaxWaitTime_ is 2147483647s
[INFO] HCCL(110933,npu_reader):2026-09-21-12:13:46.086.938 [hccl_dispatcher_ctx.cc:71] [110933][BindDispatcherCtxWithComm] ctx[0xaaab4f570040] bind commId[hcomm_roce_ch_0xaaab4f57fa00] success
[INFO] HCCL(110933,npu_reader):2026-09-21-12:13:46.086.942 [hccl_dispatcher_ctx.cc:106] [110933][CreateCtx] CTX create success, ctx[0xaaab4f570040] commId[hcomm_roce_ch_0xaaab4f57fa00]
[INFO] HCCL(110933,npu_reader):2026-09-21-12:13:46.086.998 [notify_pool_impl.cc:214] [110933]RegisterOp hasAlltoAll[0]
[INFO] HCCL(110933,npu_reader):2026-09-21-12:13:46.087.016 [notify_pool_impl.cc:231] [110933]register op[hcomm_roce_ch_0xaaab4f57fa00] to the notify pool success.
[INFO] HCCL(110933,npu_reader):2026-09-21-12:13:46.087.065 [aicpu_ts_roce_channel.cc:365] [110933][AicpuTsRoceChannel][client] Transport Init start
[INFO] HCCL(110933,npu_reader):2026-09-21-12:13:46.087.072 [transport_ibverbs.cc:186] [110933]machineType=[1], serverId=[], localDeviceId=[2], remoteDeviceId=[0], localRank=[4294967295], localUserRank=[4294967295], remoteRank=[4294967295], remoteUserrank=[4294967295], deviceType=[4], inputMem=[(nil)], outputMem=[(nil)], isAicpuModeEn[1], notifyNum[0], isIndOp[1], custom exchange data size [0], drainEnable[1]
[INFO] HCCL(110933,npu_reader):2026-09-21-12:13:46.087.092 [transport_ibverbs.cc:222] [110933]localDeviceType=[4], remoteDeviceType=[4]
[INFO] HCCL(110933,npu_reader):2026-09-21-12:13:46.087.096 [network_manager.cc:72] [110933]NetworkManager::GetInstance deviceLogicID[2].
[INFO] HCCL(110933,npu_reader):2026-09-21-12:13:46.087.107 [transport_ibverbs.cc:230] [110933]current work mode is [1]
[INFO] HCCL(110933,npu_reader):2026-09-21-12:13:46.087.115 [transport_ibverbs.cc:2756] [110933][Hybrid][TransportIbverbs] Starting capability exchange
[INFO] HCCL(110933,npu_reader):2026-09-21-12:13:46.087.369 [transport_ibverbs.cc:2767] [110933][Hybrid][TransportIbverbs] Sent capability, version=1
[INFO] HCCL(110933,npu_reader):2026-09-21-12:13:46.087.551 [transport_ibverbs.cc:2807] [110933][Hybrid][TransportIbverbs]Exchange mode success, Remote is HostCpuRoceChannel
[INFO] HCCL(110933,npu_reader):2026-09-21-12:13:46.087.571 [adapter_hccp.cc:2075] [110933][ConstructQpAttrs][qpDepth]sendCqDepth[2048], recvCqDepth[4294967295], sqDepth[2048], rqDepth[4294967295]
[INFO] HCCL(110933,npu_reader):2026-09-21-12:13:46.087.577 [adapter_hccp.cc:2116] [110933][ConstructQpAttrs][attr]sendCqDepth[2048], recvCqDepth[128], max_send_wr[2048], max_recv_wr[128]
[INFO] HCCL(110933,npu_reader):2026-09-21-12:13:46.087.586 [adapter_hccp.cc:1940] [110933]hrtRaGetInterfaceVersion phyId[2], opCode[68], version[3]
[INFO] HCCP(110933,npu_reader):2026-09-21-12:13:46.087.594 [ra_host.c:1229]tid:110933,RaAiQpCreate : Input parameters: phyId[2] qp_mode[4] cq_attr{2048,0,128,0} cqCstm[0] qpAttr.cap{2048,128,1,1,32} qp_type[2] sqSigAll[0]
[INFO] HCCL(110933,npu_reader):2026-09-21-12:13:46.090.254 [adapter_hccp.cc:2449] [110933][SetQpAttrQos]set qp qos success by config, TC[0] SL[0]
[INFO] HCCL(110933,npu_reader):2026-09-21-12:13:46.090.461 [adapter_hccp.cc:2453] [110933][SetQpAttrQos]rdmaTrafficClass[0], rdmaServerLevel[0].
[INFO] HCCL(110933,npu_reader):2026-09-21-12:13:46.090.646 [adapter_hccp.cc:2462] [110933][SetQpAttrTimeOut]rdmaTimeOut[20].
[INFO] HCCL(110933,npu_reader):2026-09-21-12:13:46.090.829 [adapter_hccp.cc:2471] [110933][SetQpAttrRetryCnt]rdmaRetryCnt[7].
[INFO] RUNTIME(110933,npu_reader):2026-09-21-12:13:46.090.876 [api_impl.cc:7894] 110933 DevMalloc: size=2097152, advise=0,type=0x402,moduleId=3.
[INFO] RUNTIME(110933,npu_reader):2026-09-21-12:13:46.090.880 [api_impl.cc:7904] 110933 DevMalloc: type=0x402.
[INFO] RUNTIME(110933,npu_reader):2026-09-21-12:13:46.091.037 [api_error.cc:5978] 110933 DevMalloc: device malloc, size=2097152(bytes), start ptr=0x12c081200000, end ptr=0x12c081400000
[INFO] HCCL(110933,npu_reader):2026-09-21-12:13:46.091.042 [adapter_rts.cc:662] [110933]Malloc DevMem para: deviceId[2] devPtr[0x12c081200000] size[2097152 Byte] level2Address[0]
[INFO] ASCENDCL(110933,npu_reader):2026-09-21-12:13:46.091.055 [model_ri.cpp:135]110933 aclmdlRICaptureThreadExchangeModeImpl: start to execute aclmdlRICaptureThreadExchangeMode, input mode is 2
[INFO] ASCENDCL(110933,npu_reader):2026-09-21-12:13:46.091.065 [model_ri.cpp:141]110933 aclmdlRICaptureThreadExchangeModeImpl: successfully execute aclmdlRICaptureThreadExchangeMode, output mode is 0
[INFO] ASCENDCL(110933,npu_reader):2026-09-21-12:13:46.091.134 [model_ri.cpp:135]110933 aclmdlRICaptureThreadExchangeModeImpl: start to execute aclmdlRICaptureThreadExchangeMode, input mode is 0
[INFO] ASCENDCL(110933,npu_reader):2026-09-21-12:13:46.091.141 [model_ri.cpp:141]110933 aclmdlRICaptureThreadExchangeModeImpl: successfully execute aclmdlRICaptureThreadExchangeMode, output mode is 2
[INFO] HCCL(110933,npu_reader):2026-09-21-12:13:46.091.512 [adapter_hccp.cc:1940] [110933]hrtRaGetInterfaceVersion phyId[2], opCode[14], version[2]
[INFO] HCCL(110933,npu_reader):2026-09-21-12:13:46.091.706 [notify_pool_impl.cc:372] [110933]GetNotifyResIdx tag[hcomm_roce_ch_0xaaab4f57fa00], offsetAlignSize[4294967295], res[0]
[INFO] HCCL(110933,npu_reader):2026-09-21-12:13:46.091.711 [notify_pool_impl.cc:464] [110933][NotifyPoolImpl][Alloc]notifyResIdx[0], tag[hcomm_roce_ch_0xaaab4f57fa00], remote[4294967295], deviceId[2], type[1], offsetAlignSize[4294967295]
[INFO] ASCENDCL(110933,npu_reader):2026-09-21-12:13:46.091.740 [notify.cpp:28]110933 aclrtCreateNotifyImpl: start to execute aclrtCreateNotify, flag is [1]
[INFO] RUNTIME(110933,npu_reader):2026-09-21-12:13:46.091.754 [api_impl.cc:4513] 110933 NotifyCreate: Notify create.
[INFO] RUNTIME(110933,npu_reader):2026-09-21-12:13:46.091.766 [notify.cc:108] 110933 Setup: notify_flag=1
[INFO] RUNTIME(110933,npu_reader):2026-09-21-12:13:46.091.771 [npu_driver_res.cc:1357] 110933 NotifyIdAlloc: notify id alloc begin, device_id=2, ts_id=0, remote_notify_id=32, type=3.
[INFO] DRV(110933,npu_reader):2026-09-21-12:13:46.091.837 [trs_master_event.c:58][ascend][curpid:110933,110933][drv][tsdrv][trsGetDevPid]Query devpid succ. (devId=2; vfid=0; hostpid=110933; proc_type=0; devpid=28328).
[INFO] RUNTIME(110933,npu_reader):2026-09-21-12:13:46.106.021 [npu_driver_res.cc:1368] 110933 NotifyIdAlloc: notify id alloc end, device_id=2, ts_id=0, notify_id=48, notify_flag=1
[INFO] RUNTIME(110933,npu_reader):2026-09-21-12:13:46.106.033 [api_error.cc:3594] 110933 NotifyCreate: notify create success
[INFO] ASCENDCL(110933,npu_reader):2026-09-21-12:13:46.106.036 [notify.cpp:33]110933 aclrtCreateNotifyImpl: successfully execute aclrtCreateNotify
[INFO] ASCENDCL(110933,npu_reader):2026-09-21-12:13:46.106.046 [notify.cpp:73]110933 aclrtGetNotifyIdImpl: start to execute aclrtGetNotifyId
[INFO] RUNTIME(110933,npu_reader):2026-09-21-12:13:46.106.052 [api_impl.cc:4661] 110933 GetNotifyID: Get notify id.
[INFO] ASCENDCL(110933,npu_reader):2026-09-21-12:13:46.106.056 [notify.cpp:79]110933 aclrtGetNotifyIdImpl: successfully execute aclrtGetNotifyId
[INFO] HCCL(110933,npu_reader):2026-09-21-12:13:46.106.059 [adapter_rts.cc:2346] [110933]Create Notify para: deviceId[2] notifyId[48]
[INFO] ASCENDCL(110933,npu_reader):2026-09-21-12:13:46.106.063 [notify.cpp:73]110933 aclrtGetNotifyIdImpl: start to execute aclrtGetNotifyId
[INFO] RUNTIME(110933,npu_reader):2026-09-21-12:13:46.106.065 [api_impl.cc:4661] 110933 GetNotifyID: Get notify id.
[INFO] ASCENDCL(110933,npu_reader):2026-09-21-12:13:46.106.067 [notify.cpp:79]110933 aclrtGetNotifyIdImpl: successfully execute aclrtGetNotifyId
[INFO] RUNTIME(110933,npu_reader):2026-09-21-12:13:46.106.073 [api_impl.cc:4671] 110933 GetNotifyPhyInfo: get phy info.
[INFO] RUNTIME(110933,npu_reader):2026-09-21-12:13:46.106.075 [api_impl.cc:4682] 110933 GetNotifyPhyInfo: notify_id=48, phyId=2 flag=0x0.
[INFO] RUNTIME(110933,npu_reader):2026-09-21-12:13:46.106.078 [api_impl.cc:4671] 110933 GetNotifyPhyInfo: get phy info.
[INFO] RUNTIME(110933,npu_reader):2026-09-21-12:13:46.106.080 [api_impl.cc:4682] 110933 GetNotifyPhyInfo: notify_id=48, phyId=2 flag=0x0.
[INFO] HCCL(110933,npu_reader):2026-09-21-12:13:46.106.110 [notify_pool_impl.cc:450] [110933]create one notify in notify pool(no ipc):tag[Dev_hcomm_roce_ch_0xaaab4f57fa00] remote[4294967295] total[1].
[INFO] HCCL(110933,npu_reader):2026-09-21-12:13:46.106.114 [notify_pool_impl.cc:455] [110933]notify pool no ipc alloc: tag[Dev_hcomm_roce_ch_0xaaab4f57fa00] remote[4294967295] used[1]
[INFO] HCCL(110933,npu_reader):2026-09-21-12:13:46.106.123 [transport_ibverbs.cc:1890] [110933]CreateNotifyBuffer notifyBaseVa=0x12c180000000, notifyTotalSize=0x100000, offset=0xc0, notifyVa=0x12c1800000c0 machineType=1, notify=(nil), notifyType=2, notifyId=48, offsetAlignSize[4294967295]
[INFO] HCCL(110933,npu_reader):2026-09-21-12:13:46.106.574 [transport_ibverbs.cc:2097] [110933]GetRemoteAddr success: memType=2, addr=0xaaab1772ba00 len=4, notifyId=1
[INFO] HCCL(110933,npu_reader):2026-09-21-12:13:46.106.578 [transport_ibverbs.cc:2097] [110933]GetRemoteAddr success: memType=6, addr=0xaaab1772ba20 len=4, notifyId=6
[INFO] HCCL(110933,npu_reader):2026-09-21-12:13:46.106.584 [transport_ibverbs.cc:530] [110933]atomic write enable only when both the local and remote support, local[0], remote[0], result[0]
[INFO] HCCL(110933,npu_reader):2026-09-21-12:13:46.106.870 [transport_ibverbs.cc:836] [110933]In link ibv, waiting for qp status ready...
[INFO] HCCL(110933,npu_reader):2026-09-21-12:13:46.111.485 [transport_ibverbs.cc:847] [110933]In link ibv, 1 of 1 QP get status success.
[INFO] HCCL(110933,npu_reader):2026-09-21-12:13:46.111.491 [transport_ibverbs.cc:822] [110933]In link ibv, qp status has ready
[INFO] HCCL(110933,npu_reader):2026-09-21-12:13:46.111.493 [transport_ibverbs.cc:237] [110933]linkexp initialization success,Time:24414 us
[INFO] HCCL(110933,npu_reader):2026-09-21-12:13:46.111.506 [transport_ibverbs.cc:256] [110933]create hccl transport:communicator[hcomm_roce_ch_0xaaab4f57fa00], local rank[4294967295], ip[20.168.0.3], remote rank[4294967295], ip[20.168.0.19], transporttype[ROCE], rdma qpn[106], rdma qp sport[58193], rdma TC[0], rdma SL[0]
[INFO] HCCL(110933,npu_reader):2026-09-21-12:13:46.111.512 [aicpu_ts_roce_channel.cc:389] [110933][AicpuTsRoceChannel][client] BuildDispatcherAndTransport done, transport inited
[INFO] HCCL(110933,npu_reader):2026-09-21-12:13:46.111.516 [aicpu_ts_roce_channel.cc:399] [110933][AicpuTsRoceChannel][client] Init success
[INFO] HCCL(110933,npu_reader):2026-09-21-12:13:46.111.521 [channel_process.cc:94] [110933]CreateChannelsLoop deviceId[2], handle[0xaaab4f57fa00], ptr[0xaaab4f57fa00]
[INFO] HCCL(110933,npu_reader):2026-09-21-12:13:46.111.692 [base_config.cc:21][110933][HCCL_ENV] HCCL_IF_IP set by default to [IpAddress[0000:0000:0000:0000:0000:0000:0000:0000, AF=IPv4, addr=0.0.0.0]]
[INFO] HCCL(110933,npu_reader):2026-09-21-12:13:46.111.700 [base_config.cc:25][110933][HCCL_ENV] HCCL_IF_BASE_PORT set by default to [65536]
[INFO] HCCL(110933,npu_reader):2026-09-21-12:13:46.111.710 [base_config.cc:29][110933][HCCL_ENV] HCCL_SOCKET_IFNAME set by default to []
[INFO] HCCL(110933,npu_reader):2026-09-21-12:13:46.111.716 [base_config.cc:33][110933][HCCL_ENV] HCCL_WHITELIST_DISABLE set by environment to [0]
[INFO] HCCL(110933,npu_reader):2026-09-21-12:13:46.111.723 [base_config.cc:38][110933][HCCL_ENV] HCCL_WHITELIST_FILE set by default to []
[INFO] HCCL(110933,npu_reader):2026-09-21-12:13:46.111.744 [base_config.cc:47][110933][HCCL_ENV] HCCL_HOST_SOCKET_PORT_RANGE set by default to 
[INFO] HCCL(110933,npu_reader):2026-09-21-12:13:46.111.750 [base_config.cc:55][110933][HCCL_ENV] HCCL_NPU_SOCKET_PORT_RANGE set by default to 
[INFO] HCCL(110933,npu_reader):2026-09-21-12:13:46.111.761 [base_config.cc:99][110933][HCCL_ENV] HCCL_SOCKET_FAMILY set by default to [-1]
[INFO] HCCL(110933,npu_reader):2026-09-21-12:13:46.111.786 [base_config.cc:103][110933][HCCL_ENV] HCCL_CONNECT_TIMEOUT set by environment to [120]s
[INFO] HCCL(110933,npu_reader):2026-09-21-12:13:46.111.797 [base_config.cc:123][110933][HCCL_ENV] HCCL_EXEC_TIMEOUT set by default to [1836]s
[INFO] HCCL(110933,npu_reader):2026-09-21-12:13:46.111.802 [base_config.cc:142][110933][HCCL_ENV] HCCL_RDMA_TC set by default to [132]
[INFO] HCCL(110933,npu_reader):2026-09-21-12:13:46.111.806 [base_config.cc:146][110933][HCCL_ENV] HCCL_RDMA_SL set by default to [4]
[INFO] HCCL(110933,npu_reader):2026-09-21-12:13:46.111.810 [base_config.cc:150][110933][HCCL_ENV] HCCL_RDMA_TIMEOUT set by default to [20]
[INFO] HCCL(110933,npu_reader):2026-09-21-12:13:46.111.814 [base_config.cc:154][110933][HCCL_ENV] HCCL_RDMA_RETRY_CNT set by default to [7]
[INFO] HCCL(110933,npu_reader):2026-09-21-12:13:46.111.821 [base_config.cc:158][110933][HCCL_ENV] HCCL_UBOE_TIMEOUT set by default to [16]
[INFO] HCCL(110933,npu_reader):2026-09-21-12:13:46.111.824 [base_config.cc:162][110933][HCCL_ENV] HCCL_UB_TIMEOUT set by default to [8]
[INFO] HCCL(110933,npu_reader):2026-09-21-12:13:46.111.828 [base_config.cc:166][110933][HCCL_ENV] HCCL_RDMA_QPS_PER_CONNECTION set by default to [1]
[INFO] HCCL(110933,npu_reader):2026-09-21-12:13:46.111.832 [base_config.cc:170][110933][HCCL_ENV] HCCL_MULTI_QP_THRESHOLD set by default to [512]B
[INFO] HCCL(110933,npu_reader):2026-09-21-12:13:46.111.836 [base_config.cc:218][110933][HCCL_ENV] PRIM_QUEUE_GEN_NAME set by default to []
[INFO] HCCL(110933,npu_reader):2026-09-21-12:13:46.111.845 [base_config.cc:232][110933][HCCL_ENV] HCCL_ALGO set by default to []
[INFO] HCCL(110933,npu_reader):2026-09-21-12:13:46.111.851 [base_config.cc:236][110933][HCCL_ENV] HCCL_BUFFSIZE set by default to [209715200]B
[INFO] HCCL(110933,npu_reader):2026-09-21-12:13:46.111.871 [base_config.cc:240][110933][HCCL_ENV] HCCL_OP_EXPANSION_MODE set by default to [HcclAccelerator::AICPU_TS]
[INFO] HCCL(110933,npu_reader):2026-09-21-12:13:46.111.876 [base_config.cc:268][110933][HCCL_ENV] HCCL_ENTRY_LOG_ENABLE set by default to [0]
[INFO] HCCL(110933,npu_reader):2026-09-21-12:13:46.111.950 [env_func.cc:700][110933][CannVersion][Verification]cann version path /usr/local/Ascend/nnal/atb/latest/version.cfg is not a valid real path
[INFO] HCCL(110933,npu_reader):2026-09-21-12:13:46.111.957 [base_config.cc:272][110933][HCCL_ENV] LD_LIBRARY_PATH set by environment to []
[INFO] HCCL(110933,npu_reader):2026-09-21-12:13:46.111.964 [base_config.cc:276][110933][HCCL_ENV] HCCL_DFS_CONFIG task_exception set by default to [1], cluster_heartbeat set by default to [1], rankConsistentState set by default to [0]
[INFO] HCCL(110933,npu_reader):2026-09-21-12:13:46.111.980 [base_config.cc:302][110933][HCCL_ENV] HCCL_DETOUR set by default to [HcclDetourType::HCCL_DETOUR_DISABLE]
[INFO] HCCL(110933,npu_reader):2026-09-21-12:13:46.111.991 [channel_process.cc:234] [110933][ConnectChannels] SUCCESS.
[INFO] HCCL(110933,npu_reader):2026-09-21-12:13:46.112.042 [launch_device.cc:33] [110933][LoadBinaryFromFile]realPath: /usr/local/Ascend/cann-9.1.0/opp/built-in/op_impl/aicpu/config/ccl_kernel.json
[INFO] ASCENDCL(110933,npu_reader):2026-09-21-12:13:46.112.063 [kernel.cpp:144]110933 aclrtBinaryLoadFromFileImpl: start to execute aclrtBinaryLoadFromFile, binPath[/usr/local/Ascend/cann-9.1.0/opp/built-in/op_impl/aicpu/config/ccl_kernel.json]
[INFO] RUNTIME(110933,npu_reader):2026-09-21-12:13:46.112.084 [binary_loader.cc:395] 110933 ParseJsonAndRegisterCpuKernel: New PlainProgram ok, Runtime_alloc_size 11048
[INFO] RUNTIME(110933,npu_reader):2026-09-21-12:13:46.112.547 [runtime.cc:1448] 110933 AddProgramToPool: progId=20
[INFO] HCCL(110933,npu_reader):2026-09-21-12:13:46.112.595 [channel_process.cc:573] [110933][LaunchChannelKernel] listNum[1]
[INFO] HCCL(110933,npu_reader):2026-09-21-12:13:46.112.601 [channel_process.cc:535] [110933][LaunchCommonChannelKernel] listNum[1] HcommChannelRes path
[INFO] HCCL(110933,npu_reader):2026-09-21-12:13:46.112.623 [aicpu_ts_roce_channel.cc:528] [110933][AicpuTsRoceChannel][client] Serialize start
[INFO] HCCL(110933,npu_reader):2026-09-21-12:13:46.112.633 [aicpu_ts_roce_mem.cc:394] [110933][AicpuTsRoceRegedMemMgr][GetAllMemDetails][local][0] addr[0x12c0c0014000] devAddr[0x12c0c0014000] size[4096] key[512]
[INFO] HCCL(110933,npu_reader):2026-09-21-12:13:46.112.643 [adapter_hccp.cc:1940] [110933]hrtRaGetInterfaceVersion phyId[2], opCode[14], version[2]
[INFO] HCCL(110933,npu_reader):2026-09-21-12:13:46.112.835 [aicpu_ts_roce_mem.cc:415] [110933][AicpuTsRoceRegedMemMgr][GetAllMemDetails][local][notify] addr[0x12c180000000] devAddr[0x12c180000000] size[1048576] key[256]
[INFO] HCCL(110933,npu_reader):2026-09-21-12:13:46.112.843 [aicpu_ts_roce_mem.cc:442] [110933][AicpuTsRoceRegedMemMgr][GetAllMemDetails][remote][0] addr[0xaaab17728000] devAddr[0xaaab17728000] size[4096] key[34067]
[INFO] HCCL(110933,npu_reader):2026-09-21-12:13:46.112.851 [aicpu_ts_roce_mem.cc:457] [110933][AicpuTsRoceRegedMemMgr][GetAllMemDetails] summary localCnt[2] remoteCnt[1] remoteMgrCnt[1]
[INFO] RUNTIME(110933,npu_reader):2026-09-21-12:13:46.112.873 [api_impl.cc:7894] 110933 DevMalloc: size=760, advise=0,type=0x402,moduleId=3.
[INFO] RUNTIME(110933,npu_reader):2026-09-21-12:13:46.112.877 [api_impl.cc:7904] 110933 DevMalloc: type=0x402.
[INFO] RUNTIME(110933,npu_reader):2026-09-21-12:13:46.112.905 [api_error.cc:5978] 110933 DevMalloc: device malloc, size=760(bytes), start ptr=0x12c0c0016000, end ptr=0x12c0c00162f8
[INFO] HCCL(110933,npu_reader):2026-09-21-12:13:46.112.909 [adapter_rts.cc:662] [110933]Malloc DevMem para: deviceId[2] devPtr[0x12c0c0016000] size[760 Byte] level2Address[0]
[INFO] RUNTIME(110933,npu_reader):2026-09-21-12:13:46.112.916 [api_impl.cc:7894] 110933 DevMalloc: size=64, advise=0,type=0x402,moduleId=3.
[INFO] RUNTIME(110933,npu_reader):2026-09-21-12:13:46.112.919 [api_impl.cc:7904] 110933 DevMalloc: type=0x402.
[INFO] RUNTIME(110933,npu_reader):2026-09-21-12:13:46.112.923 [api_error.cc:5978] 110933 DevMalloc: device malloc, size=64(bytes), start ptr=0x12c0c0017000, end ptr=0x12c0c0017040
[INFO] HCCL(110933,npu_reader):2026-09-21-12:13:46.112.926 [adapter_rts.cc:662] [110933]Malloc DevMem para: deviceId[2] devPtr[0x12c0c0017000] size[64 Byte] level2Address[0]
[INFO] ASCENDCL(110933,npu_reader):2026-09-21-12:13:46.112.932 [model_ri.cpp:135]110933 aclmdlRICaptureThreadExchangeModeImpl: start to execute aclmdlRICaptureThreadExchangeMode, input mode is 2
[INFO] ASCENDCL(110933,npu_reader):2026-09-21-12:13:46.112.939 [model_ri.cpp:141]110933 aclmdlRICaptureThreadExchangeModeImpl: successfully execute aclmdlRICaptureThreadExchangeMode, output mode is 0
[INFO] ASCENDCL(110933,npu_reader):2026-09-21-12:13:46.113.008 [model_ri.cpp:135]110933 aclmdlRICaptureThreadExchangeModeImpl: start to execute aclmdlRICaptureThreadExchangeMode, input mode is 0
[INFO] ASCENDCL(110933,npu_reader):2026-09-21-12:13:46.113.012 [model_ri.cpp:141]110933 aclmdlRICaptureThreadExchangeModeImpl: successfully execute aclmdlRICaptureThreadExchangeMode, output mode is 2
[INFO] RUNTIME(110933,npu_reader):2026-09-21-12:13:46.113.016 [api_impl.cc:7894] 110933 DevMalloc: size=32, advise=0,type=0x402,moduleId=3.
[INFO] RUNTIME(110933,npu_reader):2026-09-21-12:13:46.113.019 [api_impl.cc:7904] 110933 DevMalloc: type=0x402.
[INFO] RUNTIME(110933,npu_reader):2026-09-21-12:13:46.113.024 [api_error.cc:5978] 110933 DevMalloc: device malloc, size=32(bytes), start ptr=0x12c0c0018000, end ptr=0x12c0c0018020
[INFO] HCCL(110933,npu_reader):2026-09-21-12:13:46.113.026 [adapter_rts.cc:662] [110933]Malloc DevMem para: deviceId[2] devPtr[0x12c0c0018000] size[32 Byte] level2Address[0]
[INFO] ASCENDCL(110933,npu_reader):2026-09-21-12:13:46.113.029 [model_ri.cpp:135]110933 aclmdlRICaptureThreadExchangeModeImpl: start to execute aclmdlRICaptureThreadExchangeMode, input mode is 2
[INFO] ASCENDCL(110933,npu_reader):2026-09-21-12:13:46.113.031 [model_ri.cpp:141]110933 aclmdlRICaptureThreadExchangeModeImpl: successfully execute aclmdlRICaptureThreadExchangeMode, output mode is 0
[INFO] ASCENDCL(110933,npu_reader):2026-09-21-12:13:46.113.057 [model_ri.cpp:135]110933 aclmdlRICaptureThreadExchangeModeImpl: start to execute aclmdlRICaptureThreadExchangeMode, input mode is 0
[INFO] ASCENDCL(110933,npu_reader):2026-09-21-12:13:46.113.061 [model_ri.cpp:141]110933 aclmdlRICaptureThreadExchangeModeImpl: successfully execute aclmdlRICaptureThreadExchangeMode, output mode is 2
[INFO] ASCENDCL(110933,npu_reader):2026-09-21-12:13:46.113.077 [model_ri.cpp:135]110933 aclmdlRICaptureThreadExchangeModeImpl: start to execute aclmdlRICaptureThreadExchangeMode, input mode is 2
[INFO] ASCENDCL(110933,npu_reader):2026-09-21-12:13:46.113.080 [model_ri.cpp:141]110933 aclmdlRICaptureThreadExchangeModeImpl: successfully execute aclmdlRICaptureThreadExchangeMode, output mode is 0
[INFO] ASCENDCL(110933,npu_reader):2026-09-21-12:13:46.113.105 [model_ri.cpp:135]110933 aclmdlRICaptureThreadExchangeModeImpl: start to execute aclmdlRICaptureThreadExchangeMode, input mode is 0
[INFO] ASCENDCL(110933,npu_reader):2026-09-21-12:13:46.113.110 [model_ri.cpp:141]110933 aclmdlRICaptureThreadExchangeModeImpl: successfully execute aclmdlRICaptureThreadExchangeMode, output mode is 2
[INFO] HCCL(110933,npu_reader):2026-09-21-12:13:46.113.121 [aicpu_ts_roce_channel.cc:564] [110933][AicpuTsRoceChannel][client] Serialize done qpNum[1] localMem[2] remoteMem[1]
[INFO] RUNTIME(110933,npu_reader):2026-09-21-12:13:46.113.127 [api_impl.cc:7894] 110933 DevMalloc: size=8, advise=0,type=0x402,moduleId=3.
[INFO] RUNTIME(110933,npu_reader):2026-09-21-12:13:46.113.129 [api_impl.cc:7904] 110933 DevMalloc: type=0x402.
[INFO] RUNTIME(110933,npu_reader):2026-09-21-12:13:46.113.134 [api_error.cc:5978] 110933 DevMalloc: device malloc, size=8(bytes), start ptr=0x12c0c0019000, end ptr=0x12c0c0019008
[INFO] HCCL(110933,npu_reader):2026-09-21-12:13:46.113.137 [adapter_rts.cc:662] [110933]Malloc DevMem para: deviceId[2] devPtr[0x12c0c0019000] size[8 Byte] level2Address[0]
[INFO] RUNTIME(110933,npu_reader):2026-09-21-12:13:46.113.140 [api_impl.cc:7894] 110933 DevMalloc: size=8, advise=0,type=0x402,moduleId=3.
[INFO] RUNTIME(110933,npu_reader):2026-09-21-12:13:46.113.142 [api_impl.cc:7904] 110933 DevMalloc: type=0x402.
[INFO] RUNTIME(110933,npu_reader):2026-09-21-12:13:46.113.146 [api_error.cc:5978] 110933 DevMalloc: device malloc, size=8(bytes), start ptr=0x12c0c001a000, end ptr=0x12c0c001a008
[INFO] HCCL(110933,npu_reader):2026-09-21-12:13:46.113.149 [adapter_rts.cc:662] [110933]Malloc DevMem para: deviceId[2] devPtr[0x12c0c001a000] size[8 Byte] level2Address[0]
[INFO] RUNTIME(110933,npu_reader):2026-09-21-12:13:46.113.152 [api_impl.cc:7894] 110933 DevMalloc: size=4, advise=0,type=0x402,moduleId=3.
[INFO] RUNTIME(110933,npu_reader):2026-09-21-12:13:46.113.154 [api_impl.cc:7904] 110933 DevMalloc: type=0x402.
[INFO] RUNTIME(110933,npu_reader):2026-09-21-12:13:46.113.158 [api_error.cc:5978] 110933 DevMalloc: device malloc, size=4(bytes), start ptr=0x12c0c001b000, end ptr=0x12c0c001b004
[INFO] HCCL(110933,npu_reader):2026-09-21-12:13:46.113.161 [adapter_rts.cc:662] [110933]Malloc DevMem para: deviceId[2] devPtr[0x12c0c001b000] size[4 Byte] level2Address[0]
[INFO] ASCENDCL(110933,npu_reader):2026-09-21-12:13:46.113.163 [model_ri.cpp:135]110933 aclmdlRICaptureThreadExchangeModeImpl: start to execute aclmdlRICaptureThreadExchangeMode, input mode is 2
[INFO] ASCENDCL(110933,npu_reader):2026-09-21-12:13:46.113.166 [model_ri.cpp:141]110933 aclmdlRICaptureThreadExchangeModeImpl: successfully execute aclmdlRICaptureThreadExchangeMode, output mode is 0
[INFO] ASCENDCL(110933,npu_reader):2026-09-21-12:13:46.113.193 [model_ri.cpp:135]110933 aclmdlRICaptureThreadExchangeModeImpl: start to execute aclmdlRICaptureThreadExchangeMode, input mode is 0
[INFO] ASCENDCL(110933,npu_reader):2026-09-21-12:13:46.113.196 [model_ri.cpp:141]110933 aclmdlRICaptureThreadExchangeModeImpl: successfully execute aclmdlRICaptureThreadExchangeMode, output mode is 2
[INFO] ASCENDCL(110933,npu_reader):2026-09-21-12:13:46.113.198 [model_ri.cpp:135]110933 aclmdlRICaptureThreadExchangeModeImpl: start to execute aclmdlRICaptureThreadExchangeMode, input mode is 2
[INFO] ASCENDCL(110933,npu_reader):2026-09-21-12:13:46.113.201 [model_ri.cpp:141]110933 aclmdlRICaptureThreadExchangeModeImpl: successfully execute aclmdlRICaptureThreadExchangeMode, output mode is 0
[INFO] ASCENDCL(110933,npu_reader):2026-09-21-12:13:46.113.225 [model_ri.cpp:135]110933 aclmdlRICaptureThreadExchangeModeImpl: start to execute aclmdlRICaptureThreadExchangeMode, input mode is 0
[INFO] ASCENDCL(110933,npu_reader):2026-09-21-12:13:46.113.228 [model_ri.cpp:141]110933 aclmdlRICaptureThreadExchangeModeImpl: successfully execute aclmdlRICaptureThreadExchangeMode, output mode is 2
[INFO] ASCENDCL(110933,npu_reader):2026-09-21-12:13:46.113.230 [model_ri.cpp:135]110933 aclmdlRICaptureThreadExchangeModeImpl: start to execute aclmdlRICaptureThreadExchangeMode, input mode is 2
[INFO] ASCENDCL(110933,npu_reader):2026-09-21-12:13:46.113.233 [model_ri.cpp:141]110933 aclmdlRICaptureThreadExchangeModeImpl: successfully execute aclmdlRICaptureThreadExchangeMode, output mode is 0
[INFO] ASCENDCL(110933,npu_reader):2026-09-21-12:13:46.113.257 [model_ri.cpp:135]110933 aclmdlRICaptureThreadExchangeModeImpl: start to execute aclmdlRICaptureThreadExchangeMode, input mode is 0
[INFO] ASCENDCL(110933,npu_reader):2026-09-21-12:13:46.113.260 [model_ri.cpp:141]110933 aclmdlRICaptureThreadExchangeModeImpl: successfully execute aclmdlRICaptureThreadExchangeMode, output mode is 2
[INFO] RUNTIME(110933,npu_reader):2026-09-21-12:13:46.113.263 [api_impl.cc:7894] 110933 DevMalloc: size=8, advise=0,type=0x402,moduleId=3.
[INFO] RUNTIME(110933,npu_reader):2026-09-21-12:13:46.113.266 [api_impl.cc:7904] 110933 DevMalloc: type=0x402.
[INFO] RUNTIME(110933,npu_reader):2026-09-21-12:13:46.113.270 [api_error.cc:5978] 110933 DevMalloc: device malloc, size=8(bytes), start ptr=0x12c0c001c000, end ptr=0x12c0c001c008
[INFO] HCCL(110933,npu_reader):2026-09-21-12:13:46.113.273 [adapter_rts.cc:662] [110933]Malloc DevMem para: deviceId[2] devPtr[0x12c0c001c000] size[8 Byte] level2Address[0]
[INFO] ASCENDCL(110933,npu_reader):2026-09-21-12:13:46.113.294 [stream.cpp:56]110933 aclrtCreateStreamWithConfigImpl: start to execute aclrtCreateStreamWithConfig with priority:0, flag:3
[INFO] RUNTIME(110933,npu_reader):2026-09-21-12:13:46.113.310 [api_impl.cc:1429] 110933 StreamCreate: priority=0, flags=1536.
[INFO] RUNTIME(110933,npu_reader):2026-09-21-12:13:46.113.353 [npu_driver.cc:1109] 110933 CheckIsSupportFeature: Support FEATURE_TRSDRV_SQ_SUPPORT_DYNAMIC_BIND, drv devId=2.
[INFO] RUNTIME(110933,npu_reader):2026-09-21-12:13:46.113.377 [npu_driver_res.cc:1164] 110933 StreamIdAlloc: stream id alloc begin, device_id=2, priority=0, ts_id=0, remote_stream_id=0, vf_id=0
[INFO] RUNTIME(110933,npu_reader):2026-09-21-12:13:46.113.424 [stream.cc:2998] 110933 AllocExecutedTimesSvm: stream_id=47.
[INFO] RUNTIME(110933,npu_reader):2026-09-21-12:13:46.113.480 [stream_sqcq_manage.cc:357] 110933 Alloc: deviceId=2, tsId=0, drvFlag=0
[INFO] RUNTIME(110933,npu_reader):2026-09-21-12:13:46.113.486 [npu_driver_res.cc:1565] 110933 NormalSqCqAllocate: Set cq dep to 2048, sysMode=0 addrMode=1
[INFO] RUNTIME(110933,npu_reader):2026-09-21-12:13:46.114.495 [npu_driver_res.cc:1702] 110933 LogicCqAllocateV2: cqeDepth=4096, isDvppGrp=0, inFlag=0
[INFO] RUNTIME(110933,npu_reader):2026-09-21-12:13:46.114.548 [npu_driver_res.cc:1714] 110933 LogicCqAllocateV2: success: deviceId=2, tsId=0, cqId=122, streamId=47, logicCq=122, cqeDepth=4096
[INFO] RUNTIME(110933,npu_reader):2026-09-21-12:13:46.114.563 [npu_driver_res.cc:909] 110933 StreamBindLogicCq: success: deviceId=2, tsId=0, streamId=47, logicCq=122.
[INFO] RUNTIME(110933,npu_reader):2026-09-21-12:13:46.114.570 [npu_driver_res.cc:1106] 110933 GetSqRegVirtualAddrBySqid: addr high 32 bit=0x3ff, addr low 32 bit=0xfffe4000, addr=0x3fffffe4000, size=4096
[INFO] RUNTIME(110933,npu_reader):2026-09-21-12:13:46.114.574 [stream.cc:766] 110933 Setup: Success to get sq=2 sq reg virtual addr length=4096.
[INFO] DRV(110933,npu_reader):2026-09-21-12:13:46.114.644 [devmm_svm.c:2232][ascend][curpid:110933,110933][drv][devmm][devmm_ctrl_support_feature]RTS note drv support feature. (in_feature=0xa; out_feature=0x8)
[INFO] RUNTIME(110933,npu_reader):2026-09-21-12:13:46.114.649 [npu_driver_mem.cc:2584] 110933 CheckSupportPcieBarCopy: chip type=5, drv support pcie bar copy
[INFO] RUNTIME(110933,npu_reader):2026-09-21-12:13:46.114.973 [stream.cc:348] 110933 CreateStreamTaskRes: STREAM TaskRes Setup stream_id=47, flags_=0x600.
[INFO] RUNTIME(110933,npu_reader):2026-09-21-12:13:46.114.984 [stream.cc:805] 110933 Setup: stream setup end, stream_id=47, IsTaskSink=0, sqId=2, cqId=2, deviceId=2, streamResId=0
[INFO] RUNTIME(110933,npu_reader):2026-09-21-12:13:46.114.990 [stream_state_callback_manager.cc:66] 110933 Notify: No stream state callback function registered!
[INFO] RUNTIME(110933,npu_reader):2026-09-21-12:13:46.114.993 [context.cc:1122] 110933 StreamCreate: Stream setup normal, stream_id=47, prio=0, flag=1536.
[INFO] RUNTIME(110933,npu_reader):2026-09-21-12:13:46.115.002 [api_impl.cc:1481] 110933 StreamCreate: Succ, flags=1536, stream_id=47, context=aaab4dba2090
[INFO] HCCL(110933,npu_reader):2026-09-21-12:13:46.115.032 [stream.cc:75] [110933]Construct stream by stream type success, ptr[0xaaab4f714aa8] ctx[0xaaab4dba2090], stream id[47], cqId[2], logicCqid[122]
[INFO] ASCENDCL(110933,npu_reader):2026-09-21-12:13:46.115.043 [stream.cpp:298]110933 aclrtSetStreamAttributeImpl: start to execute aclrtSetStreamAttribute, stmAttrType = [1]
[INFO] RUNTIME(110933,npu_reader):2026-09-21-12:13:46.115.052 [stream.cc:4140] 110933 SetFailMode: stream_id=47 is updated from CONTINUE to STOP.
[INFO] ASCENDCL(110933,npu_reader):2026-09-21-12:13:46.115.055 [stream.cpp:305]110933 aclrtSetStreamAttributeImpl: successfully execute aclrtSetStreamAttribute
[INFO] RUNTIME(110933,npu_reader):2026-09-21-12:13:46.115.061 [api_impl.cc:7894] 110933 DevMalloc: size=56, advise=0,type=0x402,moduleId=3.
[INFO] RUNTIME(110933,npu_reader):2026-09-21-12:13:46.115.064 [api_impl.cc:7904] 110933 DevMalloc: type=0x402.
[INFO] RUNTIME(110933,npu_reader):2026-09-21-12:13:46.115.072 [api_error.cc:5978] 110933 DevMalloc: device malloc, size=56(bytes), start ptr=0x12c0c001e000, end ptr=0x12c0c001e038
[INFO] HCCL(110933,npu_reader):2026-09-21-12:13:46.115.075 [adapter_rts.cc:662] [110933]Malloc DevMem para: deviceId[2] devPtr[0x12c0c001e000] size[56 Byte] level2Address[0]
[INFO] ASCENDCL(110933,npu_reader):2026-09-21-12:13:46.115.079 [model_ri.cpp:135]110933 aclmdlRICaptureThreadExchangeModeImpl: start to execute aclmdlRICaptureThreadExchangeMode, input mode is 2
[INFO] ASCENDCL(110933,npu_reader):2026-09-21-12:13:46.115.083 [model_ri.cpp:141]110933 aclmdlRICaptureThreadExchangeModeImpl: successfully execute aclmdlRICaptureThreadExchangeMode, output mode is 0
[INFO] ASCENDCL(110933,npu_reader):2026-09-21-12:13:46.115.118 [model_ri.cpp:135]110933 aclmdlRICaptureThreadExchangeModeImpl: start to execute aclmdlRICaptureThreadExchangeMode, input mode is 0
[INFO] ASCENDCL(110933,npu_reader):2026-09-21-12:13:46.115.122 [model_ri.cpp:141]110933 aclmdlRICaptureThreadExchangeModeImpl: successfully execute aclmdlRICaptureThreadExchangeMode, output mode is 2
[INFO] ASCENDCL(110933,npu_reader):2026-09-21-12:13:46.115.133 [kernel.cpp:99]110933 aclrtBinaryGetFunctionImpl: start to execute aclrtBinaryGetFunction
[INFO] ASCENDCL(110933,npu_reader):2026-09-21-12:13:46.115.644 [kernel.cpp:281]110933 aclrtKernelArgsInitImpl: Start to execute aclrtKernelArgsInit
[INFO] ASCENDCL(110933,npu_reader):2026-09-21-12:13:46.115.685 [kernel.cpp:328]110933 aclrtKernelArgsAppendImpl: Start to execute aclrtKernelArgsAppend
[INFO] ASCENDCL(110933,npu_reader):2026-09-21-12:13:46.115.696 [kernel.cpp:379]110933 aclrtKernelArgsFinalizeImpl: Start to execute aclrtKernelArgsFinalize
[INFO] ASCENDCL(110933,npu_reader):2026-09-21-12:13:46.115.705 [kernel.cpp:231]110933 aclrtLaunchKernelWithConfigImpl: Start to execute aclrtLaunchKernelWithConfig
[INFO] RUNTIME(110933,npu_reader):2026-09-21-12:13:46.115.733 [aicpu_stars.cc:81] 110933 InternalLaunchWithKernelAndArgs: device_id=2, stream_id=47, task_id=0, model_num=0, NonSupportModelCompile=0, isNoNeedH2DCopy=0, cpuParamHeadOffset=0, kernel_type=2, flag=0x0, timeout=1836000000us, blkdim=1.
[INFO] RUNTIME(110933,npu_reader):2026-09-21-12:13:46.115.757 [davinci_kernel_task_v100.cc:253] 110933 ConstructAICpuSqeForDavinciTask: taskType=1, topic_type=0, kernel_type=2, debug_dump_en=0, curVersion=35, isNeedNoTimeout=0, timeout=8960s, kernel_credit=254
[INFO] RUNTIME(110933,npu_reader):2026-09-21-12:13:46.115.769 [task_submit.cc:598] 110933 AllocTaskAndSendStars: device_id=2, ts_id=0, sq_id=2, cq_id=2, stream_id=47, task_id=0, task_type=1(KERNEL_AICPU), sendSqeNum=1, isSupportASyncRecycle=0, isNeedPostProc=0, davinciHead=0, davinciTail=0, taskHead=0, taskTail=0, bindFlag=0, head=0, tail=1, delay recycle num=0.
[INFO] RUNTIME(110933,npu_reader):2026-09-21-12:13:46.115.788 [api_impl.cc:1652] 110933 StreamSynchronize: stream_id=47.
[INFO] RUNTIME(110933,npu_reader):2026-09-21-12:13:46.205.626 [stream.cc:1826] 110933 GetFinishedTaskIdBySqHead: stream_id=47, sq_id=2, sqHead=1, nextTaskId=65535, finishedPos=0, endTaskId=0
[INFO] RUNTIME(110933,npu_reader):2026-09-21-12:13:46.205.638 [stream.cc:1949] 110933 SynchronizeImpl: device_id=2, stream_id=47, task_id=0 has been completed, no concerned cqe.
[INFO] RUNTIME(110933,npu_reader):2026-09-21-12:13:46.205.638 [stream.cc:1826] 111010 GetFinishedTaskIdBySqHead: stream_id=47, sq_id=2, sqHead=1, nextTaskId=65535, finishedPos=0, endTaskId=0
[INFO] RUNTIME(110933,npu_reader):2026-09-21-12:13:46.205.644 [api_error.cc:1107] 110933 StreamSynchronize: stream synchronize exit, stream_id=47, result=0x0
[INFO] RUNTIME(110933,npu_reader):2026-09-21-12:13:46.205.672 [stars_engine.cc:1952] 111010 TaskReclaimBySqHeadForSeparatedStm: device_id=2, stream_id=47, sqHead=1, posHead=0, posTail=1, finishedTaskId=0
[INFO] HCCL(110933,npu_reader):2026-09-21-12:13:46.205.690 [channel_process.cc:356] [110933][LaunchKernelDeviceParam] kernel[RunAicpuChannelInitV3] launch success.
[INFO] RUNTIME(110933,npu_reader):2026-09-21-12:13:46.205.716 [stars_engine.cc:1896] 111010 RecycleTaskProcessForSeparatedStm: device_id=2, stream_id=47, recycle task_id=0, sqHead=1, sqTail=1, sqeNum=1, resHead=1, resTail=1.
[INFO] RUNTIME(110933,npu_reader):2026-09-21-12:13:46.205.727 [api_impl.cc:2214] 110933 DevFree: device free mem=0x12c0c001e000
[INFO] ASCENDCL(110933,npu_reader):2026-09-21-12:13:46.205.766 [context.cpp:66]110933 aclrtSetCurrentContextImpl: start to execute aclrtSetCurrentContext.
[INFO] RUNTIME(110933,npu_reader):2026-09-21-12:13:46.205.772 [api_impl.cc:3889] 110933 ContextSetCurrent: set context=0xaaab4dba2090
[INFO] ASCENDCL(110933,npu_reader):2026-09-21-12:13:46.205.775 [context.cpp:70]110933 aclrtSetCurrentContextImpl: successfully execute aclrtSetCurrentContext
[INFO] HCCL(110933,npu_reader):2026-09-21-12:13:46.205.778 [adapter_rts.cc:363] [110933][hrtCtxSetCurrent] success
[INFO] HCCL(110933,npu_reader):2026-09-21-12:13:46.205.782 [stream.cc:196] [110933]Switch Ctx ret[0], curCtx[0xaaab4dba2090], setCtx[0xaaab4dba2090], stream id[47]
[INFO] HCCL(110933,npu_reader):2026-09-21-12:13:46.205.789 [adapter_rts.cc:1974] [110933]Destroy Stream begin, para: deviceId[2] streamId[47]
[INFO] ASCENDCL(110933,npu_reader):2026-09-21-12:13:46.205.795 [stream.cpp:111]110933 aclrtDestroyStreamForceImpl: start to execute aclrtDestroyStreamForce
[INFO] RUNTIME(110933,npu_reader):2026-09-21-12:13:46.205.803 [api_impl.cc:1536] 110933 StreamDestroy: stream_id=47.
[INFO] RUNTIME(110933,npu_reader):2026-09-21-12:13:46.205.811 [stream_state_callback_manager.cc:66] 110933 Notify: No stream state callback function registered!
[INFO] RUNTIME(110933,npu_reader):2026-09-21-12:13:46.205.816 [stream.cc:1480] 110933 TearDown: stream_id=47, sqId=2, pendingNum=0, isForceRecycle_=1, flag=1, failMode=1.
[INFO] RUNTIME(110933,npu_reader):2026-09-21-12:13:46.205.821 [stream.cc:1567] 110933 TearDown: stream_id=47, delay recycle task num=0.
[INFO] RUNTIME(110933,npu_reader):2026-09-21-12:13:46.205.845 [stream_sqcq_manage.cc:690] 110933 FreeLogicCq: Return(0), threadIdentifier(281467106630176), devId(2), tsId(0), cqId(122), isFastCq(0).
[INFO] RUNTIME(110933,npu_reader):2026-09-21-12:13:46.205.859 [npu_driver_res.cc:884] 110933 StreamUnBindLogicCq: success: deviceId=2, tsId=0, streamId=47, logicCq=122.
[INFO] RUNTIME(110933,npu_reader):2026-09-21-12:13:46.205.884 [npu_driver_res.cc:1736] 110933 LogicCqFree: Succ:device_id=2,ts_id=0,type=2,logic_cq_id=122, drvFlag=0.
[INFO] RUNTIME(110933,npu_reader):2026-09-21-12:13:46.206.104 [stream.cc:289] 110933 FreeStreamId: Free stream_id=47.
[INFO] RUNTIME(110933,npu_reader):2026-09-21-12:13:46.206.110 [stream_sqcq_manage.cc:428] 110933 DeAllocStreamSqCq: deviceId=2, tsId=0, drvFlag=0
[INFO] RUNTIME(110933,npu_reader):2026-09-21-12:13:46.206.114 [npu_driver_res.cc:1618] 110933 NormalSqCqFree: Normal sqcq free, sqId=2, cqId=2, device_id=2, tsId=0, drvFlag=0
[INFO] RUNTIME(110933,npu_reader):2026-09-21-12:13:46.207.174 [npu_driver_res.cc:1626] 110933 NormalSqCqFree: Normal sqcq free success, sqId=2, cqId=2, device_id=2, tsId=0, drvFlag=0
[INFO] RUNTIME(110933,npu_reader):2026-09-21-12:13:46.207.185 [stream_sqcq_manage.cc:440] 110933 DeAllocStreamSqCq: [SqCqManage]success to release sq, sq_id=2, cq_id=2, stream_id=47, is_sq_need_release=1, drvFlag=0.
[INFO] RUNTIME(110933,npu_reader):2026-09-21-12:13:46.207.191 [npu_driver_res.cc:1192] 110933 StreamIdFree: stream id free begin, device_id=2, stream_id=47, ts_id=0, remote_stream_id=0
[INFO] RUNTIME(110933,npu_reader):2026-09-21-12:13:46.207.199 [npu_driver_res.cc:1201] 110933 StreamIdFree: Stream id free success, stream_id=47, device_id=2, tsId=0, streamFlag=1536
[INFO] ASCENDCL(110933,npu_reader):2026-09-21-12:13:46.207.209 [stream.cpp:115]110933 aclrtDestroyStreamForceImpl: aclrtDestroyStreamForce success
[INFO] HCCL(110933,npu_reader):2026-09-21-12:13:46.207.213 [adapter_rts.cc:1976] [110933]Call aclrtDestroyStreamForce, return value[0].
[INFO] HCCL(110933,npu_reader):2026-09-21-12:13:46.207.216 [stream.cc:200] [110933][HCCL_TRACE]StreamDestroy, streamPtr[0xaaab4f714aa8], stream id[47]
[INFO] ASCENDCL(110933,npu_reader):2026-09-21-12:13:46.207.219 [context.cpp:66]110933 aclrtSetCurrentContextImpl: start to execute aclrtSetCurrentContext.
[INFO] RUNTIME(110933,npu_reader):2026-09-21-12:13:46.207.222 [api_impl.cc:3889] 110933 ContextSetCurrent: set context=0xaaab4dba2090
[INFO] ASCENDCL(110933,npu_reader):2026-09-21-12:13:46.207.225 [context.cpp:70]110933 aclrtSetCurrentContextImpl: successfully execute aclrtSetCurrentContext
[INFO] HCCL(110933,npu_reader):2026-09-21-12:13:46.207.227 [adapter_rts.cc:363] [110933][hrtCtxSetCurrent] success
[INFO] HCCL(110933,npu_reader):2026-09-21-12:13:46.207.229 [stream.cc:207] [110933]Restore Ctx ret[0], setCtx[0xaaab4dba2090], stream id[47]
[INFO] ASCENDCL(110933,npu_reader):2026-09-21-12:13:46.207.239 [model_ri.cpp:135]110933 aclmdlRICaptureThreadExchangeModeImpl: start to execute aclmdlRICaptureThreadExchangeMode, input mode is 2
[INFO] ASCENDCL(110933,npu_reader):2026-09-21-12:13:46.207.244 [model_ri.cpp:141]110933 aclmdlRICaptureThreadExchangeModeImpl: successfully execute aclmdlRICaptureThreadExchangeMode, output mode is 0
[INFO] ASCENDCL(110933,npu_reader):2026-09-21-12:13:46.207.285 [model_ri.cpp:135]110933 aclmdlRICaptureThreadExchangeModeImpl: start to execute aclmdlRICaptureThreadExchangeMode, input mode is 0
[INFO] ASCENDCL(110933,npu_reader):2026-09-21-12:13:46.207.289 [model_ri.cpp:141]110933 aclmdlRICaptureThreadExchangeModeImpl: successfully execute aclmdlRICaptureThreadExchangeMode, output mode is 2
[INFO] HCCL(110933,npu_reader):2026-09-21-12:13:46.207.296 [channel_process.cc:283] [110933]FillChannelD2HMap deviceId[2], deviceChannelHandle[0x3ffeccf2650], hostChannelHandle[0xaaab4f57fa00]
[INFO] HCCL(110933,npu_reader):2026-09-21-12:13:46.207.308 [channel_process.cc:566] [110933][LaunchCommonChannelKernel] channel kernel (HcommChannelRes) launch success.
[INFO] RUNTIME(110933,npu_reader):2026-09-21-12:13:46.207.313 [api_impl.cc:2214] 110933 DevFree: device free mem=0x12c0c001c000
[INFO] RUNTIME(110933,npu_reader):2026-09-21-12:13:46.207.320 [api_impl.cc:2214] 110933 DevFree: device free mem=0x12c0c001b000
[INFO] RUNTIME(110933,npu_reader):2026-09-21-12:13:46.207.324 [api_impl.cc:2214] 110933 DevFree: device free mem=0x12c0c001a000
[INFO] RUNTIME(110933,npu_reader):2026-09-21-12:13:46.207.329 [api_impl.cc:2214] 110933 DevFree: device free mem=0x12c0c0019000
[INFO] RUNTIME(110933,npu_reader):2026-09-21-12:13:46.207.339 [api_impl.cc:2214] 110933 DevFree: device free mem=0x12c0c0018000
[INFO] RUNTIME(110933,npu_reader):2026-09-21-12:13:46.207.344 [api_impl.cc:2214] 110933 DevFree: device free mem=0x12c0c0017000
[INFO] RUNTIME(110933,npu_reader):2026-09-21-12:13:46.207.347 [api_impl.cc:2214] 110933 DevFree: device free mem=0x12c0c0016000
API HcommChannelCreate(endpoint, engine, &desc, 1, &channel) => 0
[INFO] ASCENDCL(110933,npu_reader):2026-09-21-12:13:46.207.376 [device.cpp:216]110933 aclrtGetDeviceCountImpl: start to execute aclrtGetDeviceCount
[INFO] ASCENDCL(110933,npu_reader):2026-09-21-12:13:46.207.382 [device.cpp:220]110933 aclrtGetDeviceCountImpl: successfully execute aclrtGetDeviceCount, get device count is 16.
[INFO] HCCL(110933,npu_reader):2026-09-21-12:13:46.207.390 [hcomm_adapter_runtime.cc:58] [110933][HcommAdapterRuntime][ResolveRuntimeDevicePhyId] deviceCount[16], devLogicId[2], devicePhyId[2].
CHANNEL status=0

STAGE 5. HcommThreadAlloc 创建 AICPU_TS 通信线程，启动标准 READ kernel
[INFO] ASCENDCL(110933,npu_reader):2026-09-21-12:13:46.207.489 [device.cpp:216]110933 aclrtGetDeviceCountImpl: start to execute aclrtGetDeviceCount
[INFO] ASCENDCL(110933,npu_reader):2026-09-21-12:13:46.207.491 [device.cpp:220]110933 aclrtGetDeviceCountImpl: successfully execute aclrtGetDeviceCount, get device count is 16.
[INFO] HCCL(110933,npu_reader):2026-09-21-12:13:46.207.494 [hcomm_adapter_runtime.cc:58] [110933][HcommAdapterRuntime][ResolveRuntimeDevicePhyId] deviceCount[16], devLogicId[2], devicePhyId[2].
[INFO] HCCL(110933,npu_reader):2026-09-21-12:13:46.207.501 [hcomm_c_adpt.cc:773] [110933][HcommThreadAlloc] ThreadAcquire begin. engine[AICPU_TS], threadNum[1], notifyPerThread[1], threads[0xfffff3b470d0]
[INFO] ASCENDCL(110933,npu_reader):2026-09-21-12:13:46.207.508 [device.cpp:128]110933 aclrtGetDeviceImpl: start to execute aclrtGetDevice
[INFO] HCCL(110933,npu_reader):2026-09-21-12:13:46.207.513 [adapter_rts.cc:238] [110933][hrtGetDeviceRefresh]deviceLogicId[2]
[INFO] ASCENDCL(110933,npu_reader):2026-09-21-12:13:46.207.517 [device.cpp:511]110933 aclrtGetPhyDevIdByLogicDevIdImpl: start to execute aclrtGetPhyDevIdByLogicDevId, logicDevId is [2]
[INFO] RUNTIME(110933,npu_reader):2026-09-21-12:13:46.207.523 [api_impl.cc:3295] 110933 GetDevicePhyIdByIndex: get PhyId by Index=2.
[INFO] ASCENDCL(110933,npu_reader):2026-09-21-12:13:46.207.528 [device.cpp:515]110933 aclrtGetPhyDevIdByLogicDevIdImpl: successfully execute aclrtGetPhyDevIdByLogicDevId
[INFO] HCCL(110933,npu_reader):2026-09-21-12:13:46.207.530 [hcomm_c_adpt.cc:68] [110933][RefreshCurrentDeviceContext] deviceLogicId[2], devicePhyId[2].
[INFO] HCCL(110933,npu_reader):2026-09-21-12:13:46.207.539 [thread.cc:207] [110933][CreateAndInitThreads] Creating threads with params: engine[AICPU_TS], threadNum[1], notifyNumPerThread[1], notifyLoadType[1], streamType[2]
[INFO] HCCL(110933,npu_reader):2026-09-21-12:13:46.207.556 [adapter_hal.cc:267] [110933]Entry-hrtDrvGetPlatformInfo
[INFO] HCCL(110933,npu_reader):2026-09-21-12:13:46.207.564 [aicpu_ts_thread.cc:34] [110933]HcclThread::Init, is hostside
[INFO] ASCENDCL(110933,npu_reader):2026-09-21-12:13:46.207.575 [stream.cpp:56]110933 aclrtCreateStreamWithConfigImpl: start to execute aclrtCreateStreamWithConfig with priority:0, flag:32
[INFO] RUNTIME(110933,npu_reader):2026-09-21-12:13:46.207.582 [api_impl.cc:1429] 110933 StreamCreate: priority=0, flags=2048.
[INFO] RUNTIME(110933,npu_reader):2026-09-21-12:13:46.207.627 [npu_driver.cc:1109] 110933 CheckIsSupportFeature: Support FEATURE_TRSDRV_SQ_SUPPORT_DYNAMIC_BIND, drv devId=2.
[INFO] RUNTIME(110933,npu_reader):2026-09-21-12:13:46.207.639 [npu_driver_res.cc:1164] 110933 StreamIdAlloc: stream id alloc begin, device_id=2, priority=0, ts_id=0, remote_stream_id=32, vf_id=0
[INFO] RUNTIME(110933,npu_reader):2026-09-21-12:13:46.208.038 [stream_sqcq_manage.cc:357] 110933 Alloc: deviceId=2, tsId=0, drvFlag=32
[INFO] RUNTIME(110933,npu_reader):2026-09-21-12:13:46.208.047 [npu_driver_res.cc:1565] 110933 NormalSqCqAllocate: Set cq dep to 2048, sysMode=0 addrMode=1
[INFO] RUNTIME(110933,npu_reader):2026-09-21-12:13:46.208.591 [npu_driver_res.cc:1702] 110933 LogicCqAllocateV2: cqeDepth=4096, isDvppGrp=0, inFlag=32
[INFO] RUNTIME(110933,npu_reader):2026-09-21-12:13:46.208.850 [npu_driver_res.cc:1714] 110933 LogicCqAllocateV2: success: deviceId=2, tsId=0, cqId=16, streamId=50, logicCq=16, cqeDepth=4096
[INFO] RUNTIME(110933,npu_reader):2026-09-21-12:13:46.209.097 [npu_driver_res.cc:909] 110933 StreamBindLogicCq: success: deviceId=2, tsId=0, streamId=50, logicCq=16.
[INFO] RUNTIME(110933,npu_reader):2026-09-21-12:13:46.209.105 [coprocessor_stream.cc:67] 110933 Setup: Coprocessor stream setup end, stream_id=50, sqId=50, cqId=50, deviceId=2
[INFO] RUNTIME(110933,npu_reader):2026-09-21-12:13:46.209.113 [context.cc:1122] 110933 StreamCreate: Stream setup normal, stream_id=50, prio=0, flag=2048.
[INFO] RUNTIME(110933,npu_reader):2026-09-21-12:13:46.209.117 [api_impl.cc:1481] 110933 StreamCreate: Succ, flags=2048, stream_id=50, context=aaab4dba2090
[INFO] HCCL(110933,npu_reader):2026-09-21-12:13:46.209.135 [stream.cc:75] [110933]Construct stream by stream type success, ptr[0xaaab4f714aa8] ctx[0xaaab4dba2090], stream id[50], cqId[50], logicCqid[16]
[INFO] ASCENDCL(110933,npu_reader):2026-09-21-12:13:46.209.151 [notify.cpp:28]110933 aclrtCreateNotifyImpl: start to execute aclrtCreateNotify, flag is [1]
[INFO] RUNTIME(110933,npu_reader):2026-09-21-12:13:46.209.159 [api_impl.cc:4513] 110933 NotifyCreate: Notify create.
[INFO] RUNTIME(110933,npu_reader):2026-09-21-12:13:46.209.164 [notify.cc:108] 110933 Setup: notify_flag=1
[INFO] RUNTIME(110933,npu_reader):2026-09-21-12:13:46.209.168 [npu_driver_res.cc:1357] 110933 NotifyIdAlloc: notify id alloc begin, device_id=2, ts_id=0, remote_notify_id=32, type=3.
[INFO] RUNTIME(110933,npu_reader):2026-09-21-12:13:46.209.431 [npu_driver_res.cc:1368] 110933 NotifyIdAlloc: notify id alloc end, device_id=2, ts_id=0, notify_id=49, notify_flag=1
[INFO] RUNTIME(110933,npu_reader):2026-09-21-12:13:46.209.439 [api_error.cc:3594] 110933 NotifyCreate: notify create success
[INFO] ASCENDCL(110933,npu_reader):2026-09-21-12:13:46.209.443 [notify.cpp:33]110933 aclrtCreateNotifyImpl: successfully execute aclrtCreateNotify
[INFO] ASCENDCL(110933,npu_reader):2026-09-21-12:13:46.209.449 [notify.cpp:73]110933 aclrtGetNotifyIdImpl: start to execute aclrtGetNotifyId
[INFO] RUNTIME(110933,npu_reader):2026-09-21-12:13:46.209.454 [api_impl.cc:4661] 110933 GetNotifyID: Get notify id.
[INFO] ASCENDCL(110933,npu_reader):2026-09-21-12:13:46.209.457 [notify.cpp:79]110933 aclrtGetNotifyIdImpl: successfully execute aclrtGetNotifyId
[INFO] HCCL(110933,npu_reader):2026-09-21-12:13:46.209.460 [adapter_rts.cc:2346] [110933]Create Notify para: deviceId[2] notifyId[49]
[INFO] ASCENDCL(110933,npu_reader):2026-09-21-12:13:46.209.463 [notify.cpp:73]110933 aclrtGetNotifyIdImpl: start to execute aclrtGetNotifyId
[INFO] RUNTIME(110933,npu_reader):2026-09-21-12:13:46.209.466 [api_impl.cc:4661] 110933 GetNotifyID: Get notify id.
[INFO] ASCENDCL(110933,npu_reader):2026-09-21-12:13:46.209.468 [notify.cpp:79]110933 aclrtGetNotifyIdImpl: successfully execute aclrtGetNotifyId
[INFO] RUNTIME(110933,npu_reader):2026-09-21-12:13:46.209.472 [api_impl.cc:4671] 110933 GetNotifyPhyInfo: get phy info.
[INFO] RUNTIME(110933,npu_reader):2026-09-21-12:13:46.209.475 [api_impl.cc:4682] 110933 GetNotifyPhyInfo: notify_id=49, phyId=2 flag=0x0.
[INFO] RUNTIME(110933,npu_reader):2026-09-21-12:13:46.209.478 [api_impl.cc:4671] 110933 GetNotifyPhyInfo: get phy info.
[INFO] RUNTIME(110933,npu_reader):2026-09-21-12:13:46.209.480 [api_impl.cc:4682] 110933 GetNotifyPhyInfo: notify_id=49, phyId=2 flag=0x0.
[INFO] ASCENDCL(110933,npu_reader):2026-09-21-12:13:46.209.507 [notify.cpp:97]110933 aclrtNotifyGetExportKeyImpl: start to execute aclrtNotifyGetExportKey, len is [65], flags is [0]
[INFO] RUNTIME(110933,npu_reader):2026-09-21-12:13:46.209.512 [api_impl.cc:4688] 110933 IpcSetNotifyName: IpcSetNotifyName, name=, len=65, flag=0.
[INFO] RUNTIME(110933,npu_reader):2026-09-21-12:13:46.209.518 [npu_driver.cc:648] 110933 CreateIpcNotifyWithFlag: create ipc notify begin, deviceId=2, notifyId=49, tsId=0, remote_notifyId=32
[INFO] RUNTIME(110933,npu_reader):2026-09-21-12:13:46.209.656 [npu_driver.cc:657] 110933 CreateIpcNotifyWithFlag: Create ipc notify success,name=000df1bf0000000200000000000000000000003100440002, deviceId=2, tsId=0, notifyId=49, len=65, drvInfo.notifyId=49.
[INFO] RUNTIME(110933,npu_reader):2026-09-21-12:13:46.209.661 [notify.cc:375] 110933 CreateIpcNotify: name=000df1bf0000000200000000000000000000003100440002 notify_id=49
[INFO] ASCENDCL(110933,npu_reader):2026-09-21-12:13:46.209.664 [notify.cpp:103]110933 aclrtNotifyGetExportKeyImpl: successfully execute aclrtNotifyGetExportKey
[INFO] HCCL(110933,npu_reader):2026-09-21-12:13:46.209.688 [adapter_rts.cc:1956] [110933][hrtIpcSetNotifyName] Call aclrtNotifyGetExportKey, name[000df1bf0000000200000000000000000000003100440002] return value[0].
[INFO] RUNTIME(110933,npu_reader):2026-09-21-12:13:46.209.726 [notify_task.cc:161] 110933 GetIpcNotifyBaseAddrForNotifyRecordTask: Get localServerId, retCode=0, local_ServerId=1, remote=65535
[INFO] RUNTIME(110933,npu_reader):2026-09-21-12:13:46.209.732 [npu_driver.cc:1109] 110933 CheckIsSupportFeature: Not support FEATURE_DMS_QUERY_CHIP_DIE_ID, drv devId=2.
[INFO] RUNTIME(110933,npu_reader):2026-09-21-12:13:46.209.753 [npu_driver.cc:1109] 110933 CheckIsSupportFeature: Not support FEATURE_DMS_QUERY_CHIP_DIE_ID, drv devId=2.
[INFO] RUNTIME(110933,npu_reader):2026-09-21-12:13:46.209.766 [notify_task.cc:195] 110933 GetIpcNotifyBaseAddrForNotifyRecordTask: localDevId=2, remoteDevId=2, remotePhyId=2, chipId=1, dieId=0, hccs addr=2206a0100000, topologyType=6
[INFO] RUNTIME(110933,npu_reader):2026-09-21-12:13:46.209.769 [api_impl.cc:352] 110933 GetNotifyAddress: GetNotifyAddress ok, addr=0x2206a01000c4
[INFO] ASCENDCL(110933,npu_reader):2026-09-21-12:13:46.209.773 [notify.cpp:73]110933 aclrtGetNotifyIdImpl: start to execute aclrtGetNotifyId
[INFO] RUNTIME(110933,npu_reader):2026-09-21-12:13:46.209.776 [api_impl.cc:4661] 110933 GetNotifyID: Get notify id.
[INFO] ASCENDCL(110933,npu_reader):2026-09-21-12:13:46.209.778 [notify.cpp:79]110933 aclrtGetNotifyIdImpl: successfully execute aclrtGetNotifyId
[INFO] RUNTIME(110933,npu_reader):2026-09-21-12:13:46.209.780 [api_impl.cc:4671] 110933 GetNotifyPhyInfo: get phy info.
[INFO] RUNTIME(110933,npu_reader):2026-09-21-12:13:46.209.783 [api_impl.cc:4682] 110933 GetNotifyPhyInfo: notify_id=49, phyId=2 flag=0x0.
[INFO] RUNTIME(110933,npu_reader):2026-09-21-12:13:46.209.786 [api_impl.cc:4671] 110933 GetNotifyPhyInfo: get phy info.
[INFO] RUNTIME(110933,npu_reader):2026-09-21-12:13:46.209.788 [api_impl.cc:4682] 110933 GetNotifyPhyInfo: notify_id=49, phyId=2 flag=0x0.
[INFO] RUNTIME(110933,npu_reader):2026-09-21-12:13:46.209.800 [api_impl.cc:7894] 110933 DevMalloc: size=340008, advise=0,type=0x402,moduleId=3.
[INFO] RUNTIME(110933,npu_reader):2026-09-21-12:13:46.209.804 [api_impl.cc:7904] 110933 DevMalloc: type=0x402.
[INFO] RUNTIME(110933,npu_reader):2026-09-21-12:13:46.209.817 [api_error.cc:5978] 110933 DevMalloc: device malloc, size=340008(bytes), start ptr=0x12c0c0039000, end ptr=0x12c0c008c028
[INFO] HCCL(110933,npu_reader):2026-09-21-12:13:46.209.821 [adapter_rts.cc:662] [110933]Malloc DevMem para: deviceId[2] devPtr[0x12c0c0039000] size[340008 Byte] level2Address[0]
[INFO] ASCENDCL(110933,npu_reader):2026-09-21-12:13:46.209.829 [model_ri.cpp:135]110933 aclmdlRICaptureThreadExchangeModeImpl: start to execute aclmdlRICaptureThreadExchangeMode, input mode is 2
[INFO] ASCENDCL(110933,npu_reader):2026-09-21-12:13:46.209.834 [model_ri.cpp:141]110933 aclmdlRICaptureThreadExchangeModeImpl: successfully execute aclmdlRICaptureThreadExchangeMode, output mode is 0
[INFO] RUNTIME(110933,npu_reader):2026-09-21-12:13:46.209.840 [api_impl.cc:3002] 110933 MemSetSync: destMax=340008, value=0, count=340008
[INFO] ASCENDCL(110933,npu_reader):2026-09-21-12:13:46.209.976 [model_ri.cpp:135]110933 aclmdlRICaptureThreadExchangeModeImpl: start to execute aclmdlRICaptureThreadExchangeMode, input mode is 0
[INFO] ASCENDCL(110933,npu_reader):2026-09-21-12:13:46.209.979 [model_ri.cpp:141]110933 aclmdlRICaptureThreadExchangeModeImpl: successfully execute aclmdlRICaptureThreadExchangeMode, output mode is 2
[INFO] HCCL(110933,npu_reader):2026-09-21-12:13:46.209.985 [thread.cc:231] [110933][CreateAndInitThreads] Successfully created and initialized 1 threads
[INFO] HCCL(110933,npu_reader):2026-09-21-12:13:46.210.281 [aicpu_launch_manager.cc:57] [110933][CreateLocalStream] create local stream
[INFO] ASCENDCL(110933,npu_reader):2026-09-21-12:13:46.210.289 [stream.cpp:56]110933 aclrtCreateStreamWithConfigImpl: start to execute aclrtCreateStreamWithConfig with priority:0, flag:3
[INFO] RUNTIME(110933,npu_reader):2026-09-21-12:13:46.210.297 [api_impl.cc:1429] 110933 StreamCreate: priority=0, flags=1536.
[INFO] RUNTIME(110933,npu_reader):2026-09-21-12:13:46.210.315 [npu_driver.cc:1109] 110933 CheckIsSupportFeature: Support FEATURE_TRSDRV_SQ_SUPPORT_DYNAMIC_BIND, drv devId=2.
[INFO] RUNTIME(110933,npu_reader):2026-09-21-12:13:46.210.330 [npu_driver_res.cc:1164] 110933 StreamIdAlloc: stream id alloc begin, device_id=2, priority=0, ts_id=0, remote_stream_id=0, vf_id=0
[INFO] RUNTIME(110933,npu_reader):2026-09-21-12:13:46.210.377 [stream.cc:2998] 110933 AllocExecutedTimesSvm: stream_id=47.
[INFO] RUNTIME(110933,npu_reader):2026-09-21-12:13:46.210.416 [stream_sqcq_manage.cc:357] 110933 Alloc: deviceId=2, tsId=0, drvFlag=0
[INFO] RUNTIME(110933,npu_reader):2026-09-21-12:13:46.210.420 [npu_driver_res.cc:1565] 110933 NormalSqCqAllocate: Set cq dep to 2048, sysMode=0 addrMode=1
[INFO] RUNTIME(110933,npu_reader):2026-09-21-12:13:46.210.953 [npu_driver_res.cc:1702] 110933 LogicCqAllocateV2: cqeDepth=4096, isDvppGrp=0, inFlag=0
[INFO] RUNTIME(110933,npu_reader):2026-09-21-12:13:46.210.998 [npu_driver_res.cc:1714] 110933 LogicCqAllocateV2: success: deviceId=2, tsId=0, cqId=123, streamId=47, logicCq=123, cqeDepth=4096
[INFO] RUNTIME(110933,npu_reader):2026-09-21-12:13:46.211.008 [npu_driver_res.cc:909] 110933 StreamBindLogicCq: success: deviceId=2, tsId=0, streamId=47, logicCq=123.
[INFO] RUNTIME(110933,npu_reader):2026-09-21-12:13:46.211.014 [npu_driver_res.cc:1106] 110933 GetSqRegVirtualAddrBySqid: addr high 32 bit=0x3ff, addr low 32 bit=0xfffb6000, addr=0x3fffffb6000, size=4096
[INFO] RUNTIME(110933,npu_reader):2026-09-21-12:13:46.211.018 [stream.cc:766] 110933 Setup: Success to get sq=3 sq reg virtual addr length=4096.
[INFO] DRV(110933,npu_reader):2026-09-21-12:13:46.211.100 [devmm_svm.c:2232][ascend][curpid:110933,110933][drv][devmm][devmm_ctrl_support_feature]RTS note drv support feature. (in_feature=0xa; out_feature=0x8)
[INFO] RUNTIME(110933,npu_reader):2026-09-21-12:13:46.211.105 [npu_driver_mem.cc:2584] 110933 CheckSupportPcieBarCopy: chip type=5, drv support pcie bar copy
[INFO] RUNTIME(110933,npu_reader):2026-09-21-12:13:46.211.320 [stream.cc:348] 110933 CreateStreamTaskRes: STREAM TaskRes Setup stream_id=47, flags_=0x600.
[INFO] RUNTIME(110933,npu_reader):2026-09-21-12:13:46.211.328 [stream.cc:805] 110933 Setup: stream setup end, stream_id=47, IsTaskSink=0, sqId=3, cqId=3, deviceId=2, streamResId=43691
[INFO] RUNTIME(110933,npu_reader):2026-09-21-12:13:46.211.334 [stream_state_callback_manager.cc:66] 110933 Notify: No stream state callback function registered!
[INFO] RUNTIME(110933,npu_reader):2026-09-21-12:13:46.211.338 [context.cc:1122] 110933 StreamCreate: Stream setup normal, stream_id=47, prio=0, flag=1536.
[INFO] RUNTIME(110933,npu_reader):2026-09-21-12:13:46.211.342 [api_impl.cc:1481] 110933 StreamCreate: Succ, flags=1536, stream_id=47, context=aaab4dba2090
[INFO] HCCL(110933,npu_reader):2026-09-21-12:13:46.211.361 [stream.cc:75] [110933]Construct stream by stream type success, ptr[0xaaab4f715b38] ctx[0xaaab4dba2090], stream id[47], cqId[3], logicCqid[123]
[INFO] ASCENDCL(110933,npu_reader):2026-09-21-12:13:46.211.385 [stream.cpp:298]110933 aclrtSetStreamAttributeImpl: start to execute aclrtSetStreamAttribute, stmAttrType = [1]
[INFO] RUNTIME(110933,npu_reader):2026-09-21-12:13:46.211.393 [stream.cc:4140] 110933 SetFailMode: stream_id=47 is updated from CONTINUE to STOP.
[INFO] ASCENDCL(110933,npu_reader):2026-09-21-12:13:46.211.396 [stream.cpp:305]110933 aclrtSetStreamAttributeImpl: successfully execute aclrtSetStreamAttribute
[INFO] HCCL(110933,npu_reader):2026-09-21-12:13:46.211.569 [aicpu_launch_manager.cc:69] [110933][PrepareThreadMgrParam] fill opParam
[INFO] HCCL(110933,npu_reader):2026-09-21-12:13:46.211.691 [aicpu_ts_thread.cc:90] [110933][AicpuTsThread][UpdateUniqueId]get local notify data success, resId[49], tsId[0], devId[2]
[INFO] HCCL(110933,npu_reader):2026-09-21-12:13:46.211.978 [aicpu_launch_manager.cc:98] [110933][PrepareThreadMgrParam] threadParam[0] raw bytes: 02 00 00 00 01 00 00 00 02 00 00 00 01 00 00 00 32 00 00 00 32 00 00 00 32 00 00 00 10 00 00 00 00 90 03 c0 c0 12 00 00 28 30 05 00 00 00 00 00 31 00 00 00 00 00 00 00 c4 00 10 a0 06 22 00 00 02 00 00 00 00 00 00 00 b0 1a a2 f3 00 00 00 00 00 00 00 00 00 00 00 00 00 00 00 00 00 00 00 00 00 00 00 00 00 00 00 00 00 00 00 00 00 00 00 00 00 00 00 00 00 00 00 00 00 00 00 00 00 00 00 00 00 00 00 00 00 00 00 00 00 00 00 00 00 00 00 00 00 00 00 00 00 00 00 00 00 00 00 00 00 00 00 00 00 00 00 00 00 00 00 00 00 00 00 00 00 00 00 00 00 00 00 00 00 00 00 00 00 00 00 00 00 00 00 00 00 00 00 00 00 00 00 00 00 00 00 00 00 00 00 00 00 00 00 00 00 00 00 00 00 00 00 00 00 00 00 00 00 00 00 00 00 00 00 00 00 00 00 00 00 00 00 00 00 00 00 00 00 00 00 00 00 00 00 00 00 00 00 00 00 00 00 00 00 00 00 00 00 00 00 00 00 00 00 00 00 00 00 00 00 00 00 00 00 00 00 00 00 00 00 00 00 00 00 00 
[INFO] RUNTIME(110933,npu_reader):2026-09-21-12:13:46.211.996 [api_impl.cc:7894] 110933 DevMalloc: size=8, advise=0,type=0x402,moduleId=3.
[INFO] RUNTIME(110933,npu_reader):2026-09-21-12:13:46.212.000 [api_impl.cc:7904] 110933 DevMalloc: type=0x402.
[INFO] RUNTIME(110933,npu_reader):2026-09-21-12:13:46.212.008 [api_error.cc:5978] 110933 DevMalloc: device malloc, size=8(bytes), start ptr=0x12c0c0017000, end ptr=0x12c0c0017008
[INFO] HCCL(110933,npu_reader):2026-09-21-12:13:46.212.012 [adapter_rts.cc:662] [110933]Malloc DevMem para: deviceId[2] devPtr[0x12c0c0017000] size[8 Byte] level2Address[0]
[INFO] RUNTIME(110933,npu_reader):2026-09-21-12:13:46.212.019 [api_impl.cc:7894] 110933 DevMalloc: size=1200160, advise=0,type=0x402,moduleId=3.
[INFO] RUNTIME(110933,npu_reader):2026-09-21-12:13:46.212.021 [api_impl.cc:7904] 110933 DevMalloc: type=0x402.
[INFO] RUNTIME(110933,npu_reader):2026-09-21-12:13:46.212.136 [api_error.cc:5978] 110933 DevMalloc: device malloc, size=1200160(bytes), start ptr=0x12c081400000, end ptr=0x12c081525020
[INFO] HCCL(110933,npu_reader):2026-09-21-12:13:46.212.139 [adapter_rts.cc:662] [110933]Malloc DevMem para: deviceId[2] devPtr[0x12c081400000] size[1200160 Byte] level2Address[0]
[INFO] ASCENDCL(110933,npu_reader):2026-09-21-12:13:46.212.145 [model_ri.cpp:135]110933 aclmdlRICaptureThreadExchangeModeImpl: start to execute aclmdlRICaptureThreadExchangeMode, input mode is 2
[INFO] ASCENDCL(110933,npu_reader):2026-09-21-12:13:46.212.149 [model_ri.cpp:141]110933 aclmdlRICaptureThreadExchangeModeImpl: successfully execute aclmdlRICaptureThreadExchangeMode, output mode is 0
[INFO] ASCENDCL(110933,npu_reader):2026-09-21-12:13:46.212.600 [model_ri.cpp:135]110933 aclmdlRICaptureThreadExchangeModeImpl: start to execute aclmdlRICaptureThreadExchangeMode, input mode is 0
[INFO] ASCENDCL(110933,npu_reader):2026-09-21-12:13:46.212.605 [model_ri.cpp:141]110933 aclmdlRICaptureThreadExchangeModeImpl: successfully execute aclmdlRICaptureThreadExchangeMode, output mode is 2
[INFO] HCCL(110933,npu_reader):2026-09-21-12:13:46.212.607 [aicpu_launch_manager.cc:151] [110933]AicpuLaunchMgr::ThreadKernelLaunchImpl, call KernelLaunch
[INFO] ASCENDCL(110933,npu_reader):2026-09-21-12:13:46.212.620 [kernel.cpp:99]110933 aclrtBinaryGetFunctionImpl: start to execute aclrtBinaryGetFunction
[INFO] RUNTIME(110933,npu_reader):2026-09-21-12:13:46.212.627 [program.cc:1318] 110933 CopySoAndNameToCurrentDevice: device_id=2, handle=0xaaab4f6f5b20, isNewFlow=1 already copy or not need.
[INFO] ASCENDCL(110933,npu_reader):2026-09-21-12:13:46.212.638 [kernel.cpp:281]110933 aclrtKernelArgsInitImpl: Start to execute aclrtKernelArgsInit
[INFO] ASCENDCL(110933,npu_reader):2026-09-21-12:13:46.212.644 [kernel.cpp:328]110933 aclrtKernelArgsAppendImpl: Start to execute aclrtKernelArgsAppend
[INFO] ASCENDCL(110933,npu_reader):2026-09-21-12:13:46.212.651 [kernel.cpp:379]110933 aclrtKernelArgsFinalizeImpl: Start to execute aclrtKernelArgsFinalize
[INFO] ASCENDCL(110933,npu_reader):2026-09-21-12:13:46.212.656 [kernel.cpp:231]110933 aclrtLaunchKernelWithConfigImpl: Start to execute aclrtLaunchKernelWithConfig
[INFO] RUNTIME(110933,npu_reader):2026-09-21-12:13:46.212.674 [aicpu_stars.cc:81] 110933 InternalLaunchWithKernelAndArgs: device_id=2, stream_id=47, task_id=0, model_num=0, NonSupportModelCompile=0, isNoNeedH2DCopy=0, cpuParamHeadOffset=0, kernel_type=2, flag=0x0, timeout=1836000000us, blkdim=1.
[INFO] RUNTIME(110933,npu_reader):2026-09-21-12:13:46.212.696 [davinci_kernel_task_v100.cc:253] 110933 ConstructAICpuSqeForDavinciTask: taskType=1, topic_type=0, kernel_type=2, debug_dump_en=0, curVersion=35, isNeedNoTimeout=0, timeout=8960s, kernel_credit=254
[INFO] RUNTIME(110933,npu_reader):2026-09-21-12:13:46.212.707 [task_submit.cc:598] 110933 AllocTaskAndSendStars: device_id=2, ts_id=0, sq_id=3, cq_id=3, stream_id=47, task_id=0, task_type=1(KERNEL_AICPU), sendSqeNum=1, isSupportASyncRecycle=0, isNeedPostProc=0, davinciHead=0, davinciTail=0, taskHead=0, taskTail=0, bindFlag=0, head=0, tail=1, delay recycle num=0.
[INFO] RUNTIME(110933,npu_reader):2026-09-21-12:13:46.212.721 [api_impl.cc:1652] 110933 StreamSynchronize: stream_id=47.
[INFO] RUNTIME(110933,npu_reader):2026-09-21-12:13:46.213.942 [stream.cc:1826] 111010 GetFinishedTaskIdBySqHead: stream_id=47, sq_id=3, sqHead=1, nextTaskId=65535, finishedPos=0, endTaskId=0
[INFO] RUNTIME(110933,npu_reader):2026-09-21-12:13:46.213.944 [stream.cc:1826] 110933 GetFinishedTaskIdBySqHead: stream_id=47, sq_id=3, sqHead=1, nextTaskId=65535, finishedPos=0, endTaskId=0
[INFO] RUNTIME(110933,npu_reader):2026-09-21-12:13:46.213.975 [stars_engine.cc:1952] 111010 TaskReclaimBySqHeadForSeparatedStm: device_id=2, stream_id=47, sqHead=1, posHead=0, posTail=1, finishedTaskId=0
[INFO] RUNTIME(110933,npu_reader):2026-09-21-12:13:46.213.993 [stream.cc:1949] 110933 SynchronizeImpl: device_id=2, stream_id=47, task_id=0 has been completed, no concerned cqe.
[INFO] RUNTIME(110933,npu_reader):2026-09-21-12:13:46.214.012 [stars_engine.cc:1896] 111010 RecycleTaskProcessForSeparatedStm: device_id=2, stream_id=47, recycle task_id=0, sqHead=1, sqTail=1, sqeNum=1, resHead=1, resTail=1.
[INFO] RUNTIME(110933,npu_reader):2026-09-21-12:13:46.214.024 [api_error.cc:1107] 110933 StreamSynchronize: stream synchronize exit, stream_id=47, result=0x0
[INFO] ASCENDCL(110933,npu_reader):2026-09-21-12:13:46.214.052 [model_ri.cpp:135]110933 aclmdlRICaptureThreadExchangeModeImpl: start to execute aclmdlRICaptureThreadExchangeMode, input mode is 2
[INFO] ASCENDCL(110933,npu_reader):2026-09-21-12:13:46.214.055 [model_ri.cpp:141]110933 aclmdlRICaptureThreadExchangeModeImpl: successfully execute aclmdlRICaptureThreadExchangeMode, output mode is 0
[INFO] ASCENDCL(110933,npu_reader):2026-09-21-12:13:46.214.084 [model_ri.cpp:135]110933 aclmdlRICaptureThreadExchangeModeImpl: start to execute aclmdlRICaptureThreadExchangeMode, input mode is 0
[INFO] ASCENDCL(110933,npu_reader):2026-09-21-12:13:46.214.087 [model_ri.cpp:141]110933 aclmdlRICaptureThreadExchangeModeImpl: successfully execute aclmdlRICaptureThreadExchangeMode, output mode is 2
[INFO] RUNTIME(110933,npu_reader):2026-09-21-12:13:46.214.093 [api_impl.cc:2214] 110933 DevFree: device free mem=0x12c081400000
[INFO] RUNTIME(110933,npu_reader):2026-09-21-12:13:46.214.106 [api_impl.cc:2214] 110933 DevFree: device free mem=0x12c0c0017000
[INFO] ASCENDCL(110933,npu_reader):2026-09-21-12:13:46.214.117 [context.cpp:66]110933 aclrtSetCurrentContextImpl: start to execute aclrtSetCurrentContext.
[INFO] RUNTIME(110933,npu_reader):2026-09-21-12:13:46.214.123 [api_impl.cc:3889] 110933 ContextSetCurrent: set context=0xaaab4dba2090
[INFO] ASCENDCL(110933,npu_reader):2026-09-21-12:13:46.214.125 [context.cpp:70]110933 aclrtSetCurrentContextImpl: successfully execute aclrtSetCurrentContext
[INFO] HCCL(110933,npu_reader):2026-09-21-12:13:46.214.128 [adapter_rts.cc:363] [110933][hrtCtxSetCurrent] success
[INFO] HCCL(110933,npu_reader):2026-09-21-12:13:46.214.131 [stream.cc:196] [110933]Switch Ctx ret[0], curCtx[0xaaab4dba2090], setCtx[0xaaab4dba2090], stream id[47]
[INFO] HCCL(110933,npu_reader):2026-09-21-12:13:46.214.136 [adapter_rts.cc:1974] [110933]Destroy Stream begin, para: deviceId[2] streamId[47]
[INFO] ASCENDCL(110933,npu_reader):2026-09-21-12:13:46.214.141 [stream.cpp:111]110933 aclrtDestroyStreamForceImpl: start to execute aclrtDestroyStreamForce
[INFO] RUNTIME(110933,npu_reader):2026-09-21-12:13:46.214.150 [api_impl.cc:1536] 110933 StreamDestroy: stream_id=47.
[INFO] RUNTIME(110933,npu_reader):2026-09-21-12:13:46.214.158 [stream_state_callback_manager.cc:66] 110933 Notify: No stream state callback function registered!
[INFO] RUNTIME(110933,npu_reader):2026-09-21-12:13:46.214.162 [stream.cc:1480] 110933 TearDown: stream_id=47, sqId=3, pendingNum=0, isForceRecycle_=1, flag=1, failMode=1.
[INFO] RUNTIME(110933,npu_reader):2026-09-21-12:13:46.214.167 [stream.cc:1567] 110933 TearDown: stream_id=47, delay recycle task num=0.
[INFO] RUNTIME(110933,npu_reader):2026-09-21-12:13:46.214.188 [stream_sqcq_manage.cc:690] 110933 FreeLogicCq: Return(0), threadIdentifier(281467106630176), devId(2), tsId(0), cqId(123), isFastCq(0).
[INFO] RUNTIME(110933,npu_reader):2026-09-21-12:13:46.214.202 [npu_driver_res.cc:884] 110933 StreamUnBindLogicCq: success: deviceId=2, tsId=0, streamId=47, logicCq=123.
[INFO] RUNTIME(110933,npu_reader):2026-09-21-12:13:46.214.226 [npu_driver_res.cc:1736] 110933 LogicCqFree: Succ:device_id=2,ts_id=0,type=2,logic_cq_id=123, drvFlag=0.
[INFO] RUNTIME(110933,npu_reader):2026-09-21-12:13:46.214.459 [stream.cc:289] 110933 FreeStreamId: Free stream_id=47.
[INFO] RUNTIME(110933,npu_reader):2026-09-21-12:13:46.214.465 [stream_sqcq_manage.cc:428] 110933 DeAllocStreamSqCq: deviceId=2, tsId=0, drvFlag=0
[INFO] RUNTIME(110933,npu_reader):2026-09-21-12:13:46.214.469 [npu_driver_res.cc:1618] 110933 NormalSqCqFree: Normal sqcq free, sqId=3, cqId=3, device_id=2, tsId=0, drvFlag=0
[INFO] RUNTIME(110933,npu_reader):2026-09-21-12:13:46.214.992 [npu_driver_res.cc:1626] 110933 NormalSqCqFree: Normal sqcq free success, sqId=3, cqId=3, device_id=2, tsId=0, drvFlag=0
[INFO] RUNTIME(110933,npu_reader):2026-09-21-12:13:46.214.998 [stream_sqcq_manage.cc:440] 110933 DeAllocStreamSqCq: [SqCqManage]success to release sq, sq_id=3, cq_id=3, stream_id=47, is_sq_need_release=1, drvFlag=0.
[INFO] RUNTIME(110933,npu_reader):2026-09-21-12:13:46.215.003 [npu_driver_res.cc:1192] 110933 StreamIdFree: stream id free begin, device_id=2, stream_id=47, ts_id=0, remote_stream_id=0
[INFO] RUNTIME(110933,npu_reader):2026-09-21-12:13:46.215.010 [npu_driver_res.cc:1201] 110933 StreamIdFree: Stream id free success, stream_id=47, device_id=2, tsId=0, streamFlag=1536
[INFO] ASCENDCL(110933,npu_reader):2026-09-21-12:13:46.215.018 [stream.cpp:115]110933 aclrtDestroyStreamForceImpl: aclrtDestroyStreamForce success
[INFO] HCCL(110933,npu_reader):2026-09-21-12:13:46.215.022 [adapter_rts.cc:1976] [110933]Call aclrtDestroyStreamForce, return value[0].
[INFO] HCCL(110933,npu_reader):2026-09-21-12:13:46.215.024 [stream.cc:200] [110933][HCCL_TRACE]StreamDestroy, streamPtr[0xaaab4f715b38], stream id[47]
[INFO] ASCENDCL(110933,npu_reader):2026-09-21-12:13:46.215.027 [context.cpp:66]110933 aclrtSetCurrentContextImpl: start to execute aclrtSetCurrentContext.
[INFO] RUNTIME(110933,npu_reader):2026-09-21-12:13:46.215.031 [api_impl.cc:3889] 110933 ContextSetCurrent: set context=0xaaab4dba2090
[INFO] ASCENDCL(110933,npu_reader):2026-09-21-12:13:46.215.033 [context.cpp:70]110933 aclrtSetCurrentContextImpl: successfully execute aclrtSetCurrentContext
[INFO] HCCL(110933,npu_reader):2026-09-21-12:13:46.215.035 [adapter_rts.cc:363] [110933][hrtCtxSetCurrent] success
[INFO] HCCL(110933,npu_reader):2026-09-21-12:13:46.215.038 [stream.cc:207] [110933]Restore Ctx ret[0], setCtx[0xaaab4dba2090], stream id[47]
[INFO] HCCL(110933,npu_reader):2026-09-21-12:13:46.215.049 [thread.cc:246] [110933]FillThreadD2HMap deviceId[2], deviceThreadHandle[0x3ffe8009360], hostThreadHandle[0xaaab4dba51d0]
[INFO] HCCL(110933,npu_reader):2026-09-21-12:13:46.215.064 [thread.cc:277] [110933][StoreThreadHandles] AICPU engine[AICPU_TS] threadArray[0] = [4397643895648]
[INFO] HCCL(110933,npu_reader):2026-09-21-12:13:46.215.070 [hcomm_c_adpt.cc:798] [110933][HcommThreadAlloc] ThreadAcquire done: engine[AICPU_TS] threadNum[1], notifyPerThread[1]
API HcommThreadAlloc(COMM_ENGINE_AICPU_TS, 1, &notifyCount, &thread) => 0
[INFO] ASCENDCL(110933,npu_reader):2026-09-21-12:13:46.215.090 [kernel.cpp:144]110933 aclrtBinaryLoadFromFileImpl: start to execute aclrtBinaryLoadFromFile, binPath[/workspace/nocoder/standard_read.json]
[INFO] RUNTIME(110933,npu_reader):2026-09-21-12:13:46.215.111 [binary_loader.cc:395] 110933 ParseJsonAndRegisterCpuKernel: New PlainProgram ok, Runtime_alloc_size 11048
[INFO] RUNTIME(110933,npu_reader):2026-09-21-12:13:46.215.233 [runtime.cc:1448] 110933 AddProgramToPool: progId=21
API aclrtBinaryLoadFromFile(kernelConfig, &options, &binary) => 0
[INFO] ASCENDCL(110933,npu_reader):2026-09-21-12:13:46.215.244 [kernel.cpp:99]110933 aclrtBinaryGetFunctionImpl: start to execute aclrtBinaryGetFunction
API aclrtBinaryGetFunction(binary, "StandardReadKernel", &function) => 0
[INFO] RUNTIME(110933,npu_reader):2026-09-21-12:13:46.215.328 [api_impl.cc:2200] 110933 DevMalloc: size=96, type=4096, moduleId=33.
[INFO] RUNTIME(110933,npu_reader):2026-09-21-12:13:46.215.336 [api_error.cc:1458] 110933 DevMalloc: device malloc, size=96(bytes), type=4096, moduleId=33, start ptr=0x12c0c0018000, end ptr=0x12c0c0018060
API aclrtMalloc(&deviceArgs, sizeof(args), ACL_MEM_MALLOC_NORMAL_ONLY) => 0
API aclrtMemcpy(deviceArgs, sizeof(args), &args, sizeof(args), ACL_MEMCPY_HOST_TO_DEVICE) => 0
[INFO] ASCENDCL(110933,npu_reader):2026-09-21-12:13:46.215.363 [kernel.cpp:281]110933 aclrtKernelArgsInitImpl: Start to execute aclrtKernelArgsInit
API aclrtKernelArgsInit(function, &packed) => 0
[INFO] ASCENDCL(110933,npu_reader):2026-09-21-12:13:46.215.369 [kernel.cpp:328]110933 aclrtKernelArgsAppendImpl: Start to execute aclrtKernelArgsAppend
API aclrtKernelArgsAppend(packed, &deviceArgs, sizeof(deviceArgs), &parameter) => 0
[INFO] ASCENDCL(110933,npu_reader):2026-09-21-12:13:46.215.376 [kernel.cpp:379]110933 aclrtKernelArgsFinalizeImpl: Start to execute aclrtKernelArgsFinalize
API aclrtKernelArgsFinalize(packed) => 0
[INFO] ASCENDCL(110933,npu_reader):2026-09-21-12:13:46.215.390 [stream.cpp:41]110933 aclrtCreateStreamImpl: start to execute aclrtCreateStream
[INFO] RUNTIME(110933,npu_reader):2026-09-21-12:13:46.215.396 [api_impl.cc:1429] 110933 StreamCreate: priority=0, flags=0.
[INFO] RUNTIME(110933,npu_reader):2026-09-21-12:13:46.215.434 [npu_driver.cc:1109] 110933 CheckIsSupportFeature: Support FEATURE_TRSDRV_SQ_SUPPORT_DYNAMIC_BIND, drv devId=2.
[INFO] RUNTIME(110933,npu_reader):2026-09-21-12:13:46.215.447 [npu_driver_res.cc:1164] 110933 StreamIdAlloc: stream id alloc begin, device_id=2, priority=0, ts_id=0, remote_stream_id=0, vf_id=0
[INFO] RUNTIME(110933,npu_reader):2026-09-21-12:13:46.215.461 [stream.cc:2998] 110933 AllocExecutedTimesSvm: stream_id=47.
[INFO] RUNTIME(110933,npu_reader):2026-09-21-12:13:46.215.503 [stream_sqcq_manage.cc:357] 110933 Alloc: deviceId=2, tsId=0, drvFlag=0
[INFO] RUNTIME(110933,npu_reader):2026-09-21-12:13:46.215.508 [npu_driver_res.cc:1565] 110933 NormalSqCqAllocate: Set cq dep to 2048, sysMode=0 addrMode=1
[INFO] RUNTIME(110933,npu_reader):2026-09-21-12:13:46.215.873 [npu_driver_res.cc:1702] 110933 LogicCqAllocateV2: cqeDepth=4096, isDvppGrp=0, inFlag=0
[INFO] RUNTIME(110933,npu_reader):2026-09-21-12:13:46.215.914 [npu_driver_res.cc:1714] 110933 LogicCqAllocateV2: success: deviceId=2, tsId=0, cqId=124, streamId=47, logicCq=124, cqeDepth=4096
[INFO] RUNTIME(110933,npu_reader):2026-09-21-12:13:46.215.923 [npu_driver_res.cc:909] 110933 StreamBindLogicCq: success: deviceId=2, tsId=0, streamId=47, logicCq=124.
[INFO] RUNTIME(110933,npu_reader):2026-09-21-12:13:46.215.929 [npu_driver_res.cc:1106] 110933 GetSqRegVirtualAddrBySqid: addr high 32 bit=0x3ff, addr low 32 bit=0xfffb6000, addr=0x3fffffb6000, size=4096
[INFO] RUNTIME(110933,npu_reader):2026-09-21-12:13:46.215.933 [stream.cc:766] 110933 Setup: Success to get sq=4 sq reg virtual addr length=4096.
[INFO] RUNTIME(110933,npu_reader):2026-09-21-12:13:46.215.965 [task_res.cc:152] 110933 CreateTaskRes: stream_id=47, flags_=0x0 create task res success.
[INFO] RUNTIME(110933,npu_reader):2026-09-21-12:13:46.215.969 [stream.cc:348] 110933 CreateStreamTaskRes: STREAM TaskRes Setup stream_id=47, flags_=0x0.
[INFO] RUNTIME(110933,npu_reader):2026-09-21-12:13:46.215.978 [stream.cc:805] 110933 Setup: stream setup end, stream_id=47, IsTaskSink=0, sqId=4, cqId=4, deviceId=2, streamResId=43691
[INFO] RUNTIME(110933,npu_reader):2026-09-21-12:13:46.215.982 [stream_state_callback_manager.cc:66] 110933 Notify: No stream state callback function registered!
[INFO] RUNTIME(110933,npu_reader):2026-09-21-12:13:46.215.985 [context.cc:1122] 110933 StreamCreate: Stream setup normal, stream_id=47, prio=0, flag=0.
[INFO] RUNTIME(110933,npu_reader):2026-09-21-12:13:46.215.989 [api_impl.cc:1481] 110933 StreamCreate: Succ, flags=0, stream_id=47, context=aaab4dba2090
API aclrtCreateStream(&launchStream) => 0
[INFO] ASCENDCL(110933,npu_reader):2026-09-21-12:13:46.215.997 [kernel.cpp:231]110933 aclrtLaunchKernelWithConfigImpl: Start to execute aclrtLaunchKernelWithConfig
[INFO] RUNTIME(110933,npu_reader):2026-09-21-12:13:46.216.250 [aicpu_stars.cc:146] 110933 LoadArgsWithCopy: Load args success, size=8, device_id=2, stream_id=47.
[INFO] RUNTIME(110933,npu_reader):2026-09-21-12:13:46.216.258 [aicpu_stars.cc:69] 110933 InternalLaunchWithKernelAndArgs: Force cpy args device_id=2, stream_id=47, task_id=0.
[INFO] RUNTIME(110933,npu_reader):2026-09-21-12:13:46.216.261 [aicpu_stars.cc:81] 110933 InternalLaunchWithKernelAndArgs: device_id=2, stream_id=47, task_id=0, model_num=0, NonSupportModelCompile=0, isNoNeedH2DCopy=0, cpuParamHeadOffset=0, kernel_type=2, flag=0x0, timeout=30000000us, blkdim=1.
[INFO] RUNTIME(110933,npu_reader):2026-09-21-12:13:46.216.276 [davinci_kernel_task_v100.cc:253] 110933 ConstructAICpuSqeForDavinciTask: taskType=1, topic_type=0, kernel_type=2, debug_dump_en=0, curVersion=35, isNeedNoTimeout=0, timeout=50048s, kernel_credit=11
[INFO] RUNTIME(110933,npu_reader):2026-09-21-12:13:46.216.288 [task_submit.cc:598] 110933 AllocTaskAndSendStars: device_id=2, ts_id=0, sq_id=4, cq_id=4, stream_id=47, task_id=0, task_type=1(KERNEL_AICPU), sendSqeNum=1, isSupportASyncRecycle=0, isNeedPostProc=0, davinciHead=0, davinciTail=0, taskHead=0, taskTail=0, bindFlag=0, head=0, tail=1, delay recycle num=0.
API aclrtLaunchKernelWithConfig(function, 1, launchStream, &config, packed, nullptr) => 0
[INFO] RUNTIME(110933,npu_reader):2026-09-21-12:13:46.216.312 [api_impl.cc:1652] 110933 StreamSynchronize: stream_id=47.
[INFO] RUNTIME(110933,npu_reader):2026-09-21-12:13:46.217.842 [stream.cc:1826] 110933 GetFinishedTaskIdBySqHead: stream_id=47, sq_id=4, sqHead=1, nextTaskId=65535, finishedPos=0, endTaskId=0
[INFO] RUNTIME(110933,npu_reader):2026-09-21-12:13:46.217.842 [stream.cc:1826] 111010 GetFinishedTaskIdBySqHead: stream_id=47, sq_id=4, sqHead=1, nextTaskId=65535, finishedPos=0, endTaskId=0
[INFO] RUNTIME(110933,npu_reader):2026-09-21-12:13:46.217.847 [stream.cc:1949] 110933 SynchronizeImpl: device_id=2, stream_id=47, task_id=0 has been completed, no concerned cqe.
[INFO] RUNTIME(110933,npu_reader):2026-09-21-12:13:46.217.864 [stars_engine.cc:1952] 111010 TaskReclaimBySqHeadForSeparatedStm: device_id=2, stream_id=47, sqHead=1, posHead=0, posTail=1, finishedTaskId=0
[INFO] RUNTIME(110933,npu_reader):2026-09-21-12:13:46.217.882 [api_error.cc:1107] 110933 StreamSynchronize: stream synchronize exit, stream_id=47, result=0x0
API aclrtSynchronizeStream(launchStream) => 0
[INFO] RUNTIME(110933,npu_reader):2026-09-21-12:13:46.217.902 [stars_engine.cc:1896] 111010 RecycleTaskProcessForSeparatedStm: device_id=2, stream_id=47, recycle task_id=0, sqHead=1, sqTail=1, sqeNum=1, resHead=1, resTail=1.
API aclrtMemcpy(&args, sizeof(args), deviceArgs, sizeof(args), ACL_MEMCPY_DEVICE_TO_HOST) => 0
API args.batchStartResult => 0
API args.readResult => 0
API args.drainResult => 0
API args.batchEndResult => 0
[INFO] ASCENDCL(110933,npu_reader):2026-09-21-12:13:46.217.973 [device.cpp:157]110933 aclrtSynchronizeDeviceImpl: start to execute aclrtSynchronizeDevice
[INFO] RUNTIME(110933,npu_reader):2026-09-21-12:13:46.217.979 [api_impl.cc:3719] 110933 DeviceSynchronize: device synchronize.
[INFO] ASCENDCL(110933,npu_reader):2026-09-21-12:13:46.217.993 [device.cpp:159]110933 aclrtSynchronizeDeviceImpl: device synchronize successfully.
API aclrtSynchronizeDevice() => 0
[INFO] ASCENDCL(110933,npu_reader):2026-09-21-12:13:46.218.006 [stream.cpp:98]110933 aclrtDestroyStreamImpl: start to execute aclrtDestroyStream
[INFO] RUNTIME(110933,npu_reader):2026-09-21-12:13:46.218.012 [api_impl.cc:1536] 110933 StreamDestroy: stream_id=47.
[INFO] RUNTIME(110933,npu_reader):2026-09-21-12:13:46.218.018 [stream_state_callback_manager.cc:66] 110933 Notify: No stream state callback function registered!
[INFO] RUNTIME(110933,npu_reader):2026-09-21-12:13:46.218.025 [stream.cc:1480] 110933 TearDown: stream_id=47, sqId=4, pendingNum=0, isForceRecycle_=0, flag=0, failMode=0.
[INFO] RUNTIME(110933,npu_reader):2026-09-21-12:13:46.218.030 [stream.cc:1567] 110933 TearDown: stream_id=47, delay recycle task num=0.
[INFO] RUNTIME(110933,npu_reader):2026-09-21-12:13:46.218.063 [stream_sqcq_manage.cc:690] 110933 FreeLogicCq: Return(0), threadIdentifier(281467106630176), devId(2), tsId(0), cqId(124), isFastCq(0).
[INFO] RUNTIME(110933,npu_reader):2026-09-21-12:13:46.218.075 [npu_driver_res.cc:884] 110933 StreamUnBindLogicCq: success: deviceId=2, tsId=0, streamId=47, logicCq=124.
[INFO] RUNTIME(110933,npu_reader):2026-09-21-12:13:46.218.095 [npu_driver_res.cc:1736] 110933 LogicCqFree: Succ:device_id=2,ts_id=0,type=2,logic_cq_id=124, drvFlag=0.
[INFO] RUNTIME(110933,npu_reader):2026-09-21-12:13:46.218.101 [stream.cc:289] 110933 FreeStreamId: Free stream_id=47.
[INFO] RUNTIME(110933,npu_reader):2026-09-21-12:13:46.218.106 [stream_sqcq_manage.cc:428] 110933 DeAllocStreamSqCq: deviceId=2, tsId=0, drvFlag=0
[INFO] RUNTIME(110933,npu_reader):2026-09-21-12:13:46.218.109 [npu_driver_res.cc:1618] 110933 NormalSqCqFree: Normal sqcq free, sqId=4, cqId=4, device_id=2, tsId=0, drvFlag=0
[INFO] RUNTIME(110933,npu_reader):2026-09-21-12:13:46.218.643 [npu_driver_res.cc:1626] 110933 NormalSqCqFree: Normal sqcq free success, sqId=4, cqId=4, device_id=2, tsId=0, drvFlag=0
[INFO] RUNTIME(110933,npu_reader):2026-09-21-12:13:46.218.651 [stream_sqcq_manage.cc:440] 110933 DeAllocStreamSqCq: [SqCqManage]success to release sq, sq_id=4, cq_id=4, stream_id=47, is_sq_need_release=1, drvFlag=0.
[INFO] RUNTIME(110933,npu_reader):2026-09-21-12:13:46.218.657 [npu_driver_res.cc:1192] 110933 StreamIdFree: stream id free begin, device_id=2, stream_id=47, ts_id=0, remote_stream_id=0
[INFO] RUNTIME(110933,npu_reader):2026-09-21-12:13:46.218.664 [npu_driver_res.cc:1201] 110933 StreamIdFree: Stream id free success, stream_id=47, device_id=2, tsId=0, streamFlag=0
[INFO] ASCENDCL(110933,npu_reader):2026-09-21-12:13:46.218.674 [stream.cpp:102]110933 aclrtDestroyStreamImpl: aclrtDestroyStream success
API aclrtDestroyStream(launchStream) => 0
[INFO] RUNTIME(110933,npu_reader):2026-09-21-12:13:46.218.683 [api_impl.cc:2214] 110933 DevFree: device free mem=0x12c0c0018000
API aclrtFree(deviceArgs) => 0
[INFO] ASCENDCL(110933,npu_reader):2026-09-21-12:13:46.218.700 [kernel.cpp:88]110933 aclrtBinaryUnLoadImpl: start to execute aclrtBinaryUnLoad
API aclrtBinaryUnLoad(binary) => 0

STAGE 6. 仅为验证将 HBM 回拷 CPU，检查16字节数据和4080字节哨兵
API aclrtMemcpy(actual, sizeof(actual), hbm, BUFFER_BYTES, ACL_MEMCPY_DEVICE_TO_HOST) => 0
HBM first 16 bytes: 68 65 6c 6c 6f 20 72 64 6d 61 20 64 65 6d 6f 00
PASS: standard HcommReadOnThread HBM='hello rdma demo', bytes=16, guards=4080 unchanged

STAGE 7. 已无在途请求，释放线程/通道，再注销和释放内存
[INFO] ASCENDCL(110933,npu_reader):2026-09-21-12:13:46.218.894 [device.cpp:216]110933 aclrtGetDeviceCountImpl: start to execute aclrtGetDeviceCount
[INFO] ASCENDCL(110933,npu_reader):2026-09-21-12:13:46.218.901 [device.cpp:220]110933 aclrtGetDeviceCountImpl: successfully execute aclrtGetDeviceCount, get device count is 16.
[INFO] HCCL(110933,npu_reader):2026-09-21-12:13:46.218.910 [hcomm_adapter_runtime.cc:58] [110933][HcommAdapterRuntime][ResolveRuntimeDevicePhyId] deviceCount[16], devLogicId[2], devicePhyId[2].
[INFO] HCCL(110933,npu_reader):2026-09-21-12:13:46.218.916 [thread.cc:342] [110933][FreeThreads] begin to free 1 threads
[INFO] HCCL(110933,npu_reader):2026-09-21-12:13:46.218.934 [thread.cc:319] [110933][FreeThreadHandlesLocked] erase thread: deviceId[2], inHandle[0x3ffe8009360], mappedHandle[0xaaab4dba51d0], ptr[0xaaab4dba51d0]
[INFO] ASCENDCL(110933,npu_reader):2026-09-21-12:13:46.218.957 [context.cpp:66]110933 aclrtSetCurrentContextImpl: start to execute aclrtSetCurrentContext.
[INFO] RUNTIME(110933,npu_reader):2026-09-21-12:13:46.218.962 [api_impl.cc:3889] 110933 ContextSetCurrent: set context=0xaaab4dba2090
[INFO] ASCENDCL(110933,npu_reader):2026-09-21-12:13:46.218.965 [context.cpp:70]110933 aclrtSetCurrentContextImpl: successfully execute aclrtSetCurrentContext
[INFO] HCCL(110933,npu_reader):2026-09-21-12:13:46.218.968 [adapter_rts.cc:363] [110933][hrtCtxSetCurrent] success
[INFO] HCCL(110933,npu_reader):2026-09-21-12:13:46.218.971 [stream.cc:196] [110933]Switch Ctx ret[0], curCtx[0xaaab4dba2090], setCtx[0xaaab4dba2090], stream id[50]
[INFO] HCCL(110933,npu_reader):2026-09-21-12:13:46.218.981 [adapter_rts.cc:1974] [110933]Destroy Stream begin, para: deviceId[2] streamId[50]
[INFO] ASCENDCL(110933,npu_reader):2026-09-21-12:13:46.218.985 [stream.cpp:111]110933 aclrtDestroyStreamForceImpl: start to execute aclrtDestroyStreamForce
[INFO] RUNTIME(110933,npu_reader):2026-09-21-12:13:46.218.989 [api_impl.cc:1536] 110933 StreamDestroy: stream_id=50.
[INFO] RUNTIME(110933,npu_reader):2026-09-21-12:13:46.218.994 [stream_state_callback_manager.cc:66] 110933 Notify: No stream state callback function registered!
[INFO] RUNTIME(110933,npu_reader):2026-09-21-12:13:46.218.998 [stream.cc:1480] 110933 TearDown: stream_id=50, sqId=50, pendingNum=0, isForceRecycle_=1, flag=1, failMode=0.
[INFO] RUNTIME(110933,npu_reader):2026-09-21-12:13:46.219.002 [stream.cc:1567] 110933 TearDown: stream_id=50, delay recycle task num=0.
[INFO] RUNTIME(110933,npu_reader):2026-09-21-12:13:46.219.012 [stream_sqcq_manage.cc:690] 110933 FreeLogicCq: Return(0), threadIdentifier(281467106630176), devId(2), tsId(0), cqId(16), isFastCq(0).
[INFO] RUNTIME(110933,npu_reader):2026-09-21-12:13:46.219.284 [npu_driver_res.cc:884] 110933 StreamUnBindLogicCq: success: deviceId=2, tsId=0, streamId=50, logicCq=16.
[INFO] RUNTIME(110933,npu_reader):2026-09-21-12:13:46.219.520 [npu_driver_res.cc:1736] 110933 LogicCqFree: Succ:device_id=2,ts_id=0,type=2,logic_cq_id=16, drvFlag=32.
[INFO] RUNTIME(110933,npu_reader):2026-09-21-12:13:46.219.528 [stream.cc:289] 110933 FreeStreamId: Free stream_id=50.
[INFO] RUNTIME(110933,npu_reader):2026-09-21-12:13:46.219.533 [stream_sqcq_manage.cc:428] 110933 DeAllocStreamSqCq: deviceId=2, tsId=0, drvFlag=32
[INFO] RUNTIME(110933,npu_reader):2026-09-21-12:13:46.219.536 [npu_driver_res.cc:1618] 110933 NormalSqCqFree: Normal sqcq free, sqId=50, cqId=50, device_id=2, tsId=0, drvFlag=32
[INFO] RUNTIME(110933,npu_reader):2026-09-21-12:13:46.220.410 [npu_driver_res.cc:1626] 110933 NormalSqCqFree: Normal sqcq free success, sqId=50, cqId=50, device_id=2, tsId=0, drvFlag=32
[INFO] RUNTIME(110933,npu_reader):2026-09-21-12:13:46.220.416 [stream_sqcq_manage.cc:440] 110933 DeAllocStreamSqCq: [SqCqManage]success to release sq, sq_id=50, cq_id=50, stream_id=50, is_sq_need_release=1, drvFlag=0x20.
[INFO] RUNTIME(110933,npu_reader):2026-09-21-12:13:46.220.419 [npu_driver_res.cc:1192] 110933 StreamIdFree: stream id free begin, device_id=2, stream_id=50, ts_id=0, remote_stream_id=32
[INFO] RUNTIME(110933,npu_reader):2026-09-21-12:13:46.220.615 [npu_driver_res.cc:1201] 110933 StreamIdFree: Stream id free success, stream_id=50, device_id=2, tsId=0, streamFlag=2048
[INFO] ASCENDCL(110933,npu_reader):2026-09-21-12:13:46.220.624 [stream.cpp:115]110933 aclrtDestroyStreamForceImpl: aclrtDestroyStreamForce success
[INFO] HCCL(110933,npu_reader):2026-09-21-12:13:46.220.627 [adapter_rts.cc:1976] [110933]Call aclrtDestroyStreamForce, return value[0].
[INFO] HCCL(110933,npu_reader):2026-09-21-12:13:46.220.630 [stream.cc:200] [110933][HCCL_TRACE]StreamDestroy, streamPtr[0xaaab4f714aa8], stream id[50]
[INFO] ASCENDCL(110933,npu_reader):2026-09-21-12:13:46.220.637 [context.cpp:66]110933 aclrtSetCurrentContextImpl: start to execute aclrtSetCurrentContext.
[INFO] RUNTIME(110933,npu_reader):2026-09-21-12:13:46.220.641 [api_impl.cc:3889] 110933 ContextSetCurrent: set context=0xaaab4dba2090
[INFO] ASCENDCL(110933,npu_reader):2026-09-21-12:13:46.220.643 [context.cpp:70]110933 aclrtSetCurrentContextImpl: successfully execute aclrtSetCurrentContext
[INFO] HCCL(110933,npu_reader):2026-09-21-12:13:46.220.645 [adapter_rts.cc:363] [110933][hrtCtxSetCurrent] success
[INFO] HCCL(110933,npu_reader):2026-09-21-12:13:46.220.648 [stream.cc:207] [110933]Restore Ctx ret[0], setCtx[0xaaab4dba2090], stream id[50]
[INFO] ASCENDCL(110933,npu_reader):2026-09-21-12:13:46.220.661 [notify.cpp:73]110933 aclrtGetNotifyIdImpl: start to execute aclrtGetNotifyId
[INFO] RUNTIME(110933,npu_reader):2026-09-21-12:13:46.220.667 [api_impl.cc:4661] 110933 GetNotifyID: Get notify id.
[INFO] ASCENDCL(110933,npu_reader):2026-09-21-12:13:46.220.669 [notify.cpp:79]110933 aclrtGetNotifyIdImpl: successfully execute aclrtGetNotifyId
[INFO] HCCL(110933,npu_reader):2026-09-21-12:13:46.220.673 [adapter_rts.cc:1552] [110933]Destroy Notify para: deviceId[2] notifyId[49]
[INFO] HCCL(110933,npu_reader):2026-09-21-12:13:46.220.676 [adapter_rts.cc:1553] [110933]Destroy Notify begin, para: deviceId[2] notifyId[49]
[INFO] ASCENDCL(110933,npu_reader):2026-09-21-12:13:46.220.682 [notify.cpp:40]110933 aclrtDestroyNotifyImpl: start to execute aclrtDestroyNotify
[INFO] RUNTIME(110933,npu_reader):2026-09-21-12:13:46.220.689 [api_impl.cc:4545] 110933 NotifyDestroy: Notify destroy.
[INFO] RUNTIME(110933,npu_reader):2026-09-21-12:13:46.220.719 [npu_driver.cc:746] 110933 DestroyIpcNotify: Destroy ipc with halShrIdDestroy success, device_id=2, name=000df1bf0000000200000000000000000000003100440002, notifyId=49.
[INFO] RUNTIME(110933,npu_reader):2026-09-21-12:13:46.220.724 [npu_driver_res.cc:1390] 110933 NotifyIdFree: NotifyIdFree begin, device_id=2, notify_id=49, ts_id=0, remote_notify_id=32
[INFO] RUNTIME(110933,npu_reader):2026-09-21-12:13:46.220.936 [npu_driver_res.cc:1401] 110933 NotifyIdFree: NotifyIdFree success, device_id=2, ts_id=0, notify_id=49, notify_flag=1
[INFO] ASCENDCL(110933,npu_reader):2026-09-21-12:13:46.220.942 [notify.cpp:45]110933 aclrtDestroyNotifyImpl: successfully execute aclrtDestroyNotify
[INFO] HCCL(110933,npu_reader):2026-09-21-12:13:46.220.945 [adapter_rts.cc:1555] [110933]Destroy Notify end, para: deviceId[2] notifyId[49]
[INFO] RUNTIME(110933,npu_reader):2026-09-21-12:13:46.220.954 [api_impl.cc:2214] 110933 DevFree: device free mem=0x12c0c0039000
[INFO] HCCL(110933,npu_reader):2026-09-21-12:13:46.220.973 [aicpu_launch_manager.cc:226] [110933][AicpuLaunchMgr][ThreadKernelLaunchDestroy] Start. listNum=1, threadHandles=0xfffe08000c30, binHandle=0xaaab4f6f5b20
[INFO] HCCL(110933,npu_reader):2026-09-21-12:13:46.220.979 [aicpu_launch_manager.cc:57] [110933][CreateLocalStream] create local stream
[INFO] ASCENDCL(110933,npu_reader):2026-09-21-12:13:46.220.987 [stream.cpp:56]110933 aclrtCreateStreamWithConfigImpl: start to execute aclrtCreateStreamWithConfig with priority:0, flag:3
[INFO] RUNTIME(110933,npu_reader):2026-09-21-12:13:46.220.994 [api_impl.cc:1429] 110933 StreamCreate: priority=0, flags=1536.
[INFO] RUNTIME(110933,npu_reader):2026-09-21-12:13:46.221.039 [npu_driver.cc:1109] 110933 CheckIsSupportFeature: Support FEATURE_TRSDRV_SQ_SUPPORT_DYNAMIC_BIND, drv devId=2.
[INFO] RUNTIME(110933,npu_reader):2026-09-21-12:13:46.221.057 [npu_driver_res.cc:1164] 110933 StreamIdAlloc: stream id alloc begin, device_id=2, priority=0, ts_id=0, remote_stream_id=0, vf_id=0
[INFO] RUNTIME(110933,npu_reader):2026-09-21-12:13:46.221.087 [stream.cc:2998] 110933 AllocExecutedTimesSvm: stream_id=47.
[INFO] RUNTIME(110933,npu_reader):2026-09-21-12:13:46.221.131 [stream_sqcq_manage.cc:357] 110933 Alloc: deviceId=2, tsId=0, drvFlag=0
[INFO] RUNTIME(110933,npu_reader):2026-09-21-12:13:46.221.136 [npu_driver_res.cc:1565] 110933 NormalSqCqAllocate: Set cq dep to 2048, sysMode=0 addrMode=1
[INFO] RUNTIME(110933,npu_reader):2026-09-21-12:13:46.221.547 [npu_driver_res.cc:1702] 110933 LogicCqAllocateV2: cqeDepth=4096, isDvppGrp=0, inFlag=0
[INFO] RUNTIME(110933,npu_reader):2026-09-21-12:13:46.221.587 [npu_driver_res.cc:1714] 110933 LogicCqAllocateV2: success: deviceId=2, tsId=0, cqId=125, streamId=47, logicCq=125, cqeDepth=4096
[INFO] RUNTIME(110933,npu_reader):2026-09-21-12:13:46.221.597 [npu_driver_res.cc:909] 110933 StreamBindLogicCq: success: deviceId=2, tsId=0, streamId=47, logicCq=125.
[INFO] RUNTIME(110933,npu_reader):2026-09-21-12:13:46.221.602 [npu_driver_res.cc:1106] 110933 GetSqRegVirtualAddrBySqid: addr high 32 bit=0x3ff, addr low 32 bit=0xfffe4000, addr=0x3fffffe4000, size=4096
[INFO] RUNTIME(110933,npu_reader):2026-09-21-12:13:46.221.606 [stream.cc:766] 110933 Setup: Success to get sq=5 sq reg virtual addr length=4096.
[INFO] DRV(110933,npu_reader):2026-09-21-12:13:46.221.646 [devmm_svm.c:2232][ascend][curpid:110933,110933][drv][devmm][devmm_ctrl_support_feature]RTS note drv support feature. (in_feature=0xa; out_feature=0x8)
[INFO] RUNTIME(110933,npu_reader):2026-09-21-12:13:46.221.650 [npu_driver_mem.cc:2584] 110933 CheckSupportPcieBarCopy: chip type=5, drv support pcie bar copy
[INFO] RUNTIME(110933,npu_reader):2026-09-21-12:13:46.221.695 [stream.cc:348] 110933 CreateStreamTaskRes: STREAM TaskRes Setup stream_id=47, flags_=0x600.
[INFO] RUNTIME(110933,npu_reader):2026-09-21-12:13:46.221.703 [stream.cc:805] 110933 Setup: stream setup end, stream_id=47, IsTaskSink=0, sqId=5, cqId=5, deviceId=2, streamResId=43691
[INFO] RUNTIME(110933,npu_reader):2026-09-21-12:13:46.221.708 [stream_state_callback_manager.cc:66] 110933 Notify: No stream state callback function registered!
[INFO] RUNTIME(110933,npu_reader):2026-09-21-12:13:46.221.711 [context.cc:1122] 110933 StreamCreate: Stream setup normal, stream_id=47, prio=0, flag=1536.
[INFO] RUNTIME(110933,npu_reader):2026-09-21-12:13:46.221.715 [api_impl.cc:1481] 110933 StreamCreate: Succ, flags=1536, stream_id=47, context=aaab4dba2090
[INFO] HCCL(110933,npu_reader):2026-09-21-12:13:46.221.733 [stream.cc:75] [110933]Construct stream by stream type success, ptr[0xaaab4f714aa8] ctx[0xaaab4dba2090], stream id[47], cqId[5], logicCqid[125]
[INFO] ASCENDCL(110933,npu_reader):2026-09-21-12:13:46.221.751 [stream.cpp:298]110933 aclrtSetStreamAttributeImpl: start to execute aclrtSetStreamAttribute, stmAttrType = [1]
[INFO] RUNTIME(110933,npu_reader):2026-09-21-12:13:46.221.758 [stream.cc:4140] 110933 SetFailMode: stream_id=47 is updated from CONTINUE to STOP.
[INFO] ASCENDCL(110933,npu_reader):2026-09-21-12:13:46.221.761 [stream.cpp:305]110933 aclrtSetStreamAttributeImpl: successfully execute aclrtSetStreamAttribute
[INFO] RUNTIME(110933,npu_reader):2026-09-21-12:13:46.221.970 [api_impl.cc:7894] 110933 DevMalloc: size=8, advise=0,type=0x402,moduleId=3.
[INFO] RUNTIME(110933,npu_reader):2026-09-21-12:13:46.221.974 [api_impl.cc:7904] 110933 DevMalloc: type=0x402.
[INFO] RUNTIME(110933,npu_reader):2026-09-21-12:13:46.221.983 [api_error.cc:5978] 110933 DevMalloc: device malloc, size=8(bytes), start ptr=0x12c0c0017000, end ptr=0x12c0c0017008
[INFO] HCCL(110933,npu_reader):2026-09-21-12:13:46.221.987 [adapter_rts.cc:662] [110933]Malloc DevMem para: deviceId[2] devPtr[0x12c0c0017000] size[8 Byte] level2Address[0]
[INFO] ASCENDCL(110933,npu_reader):2026-09-21-12:13:46.221.994 [model_ri.cpp:135]110933 aclmdlRICaptureThreadExchangeModeImpl: start to execute aclmdlRICaptureThreadExchangeMode, input mode is 2
[INFO] ASCENDCL(110933,npu_reader):2026-09-21-12:13:46.222.001 [model_ri.cpp:141]110933 aclmdlRICaptureThreadExchangeModeImpl: successfully execute aclmdlRICaptureThreadExchangeMode, output mode is 0
[INFO] ASCENDCL(110933,npu_reader):2026-09-21-12:13:46.222.032 [model_ri.cpp:135]110933 aclmdlRICaptureThreadExchangeModeImpl: start to execute aclmdlRICaptureThreadExchangeMode, input mode is 0
[INFO] ASCENDCL(110933,npu_reader):2026-09-21-12:13:46.222.035 [model_ri.cpp:141]110933 aclmdlRICaptureThreadExchangeModeImpl: successfully execute aclmdlRICaptureThreadExchangeMode, output mode is 2
[INFO] HCCL(110933,npu_reader):2026-09-21-12:13:46.222.044 [aicpu_launch_manager.cc:246] [110933][AicpuLaunchMgr][ThreadKernelLaunchDestroy] call KernelLaunch, kernelName=RunAicpuThreadDestroy, stream=0xaaab4f714aa8, binHandle=0xaaab4f6f5b20
[INFO] RUNTIME(110933,npu_reader):2026-09-21-12:13:46.222.048 [api_impl.cc:7894] 110933 DevMalloc: size=1200160, advise=0,type=0x402,moduleId=3.
[INFO] RUNTIME(110933,npu_reader):2026-09-21-12:13:46.222.051 [api_impl.cc:7904] 110933 DevMalloc: type=0x402.
[INFO] RUNTIME(110933,npu_reader):2026-09-21-12:13:46.222.058 [api_error.cc:5978] 110933 DevMalloc: device malloc, size=1200160(bytes), start ptr=0x12c081400000, end ptr=0x12c081525020
[INFO] HCCL(110933,npu_reader):2026-09-21-12:13:46.222.061 [adapter_rts.cc:662] [110933]Malloc DevMem para: deviceId[2] devPtr[0x12c081400000] size[1200160 Byte] level2Address[0]
[INFO] ASCENDCL(110933,npu_reader):2026-09-21-12:13:46.222.064 [model_ri.cpp:135]110933 aclmdlRICaptureThreadExchangeModeImpl: start to execute aclmdlRICaptureThreadExchangeMode, input mode is 2
[INFO] ASCENDCL(110933,npu_reader):2026-09-21-12:13:46.222.066 [model_ri.cpp:141]110933 aclmdlRICaptureThreadExchangeModeImpl: successfully execute aclmdlRICaptureThreadExchangeMode, output mode is 0
[INFO] ASCENDCL(110933,npu_reader):2026-09-21-12:13:46.222.480 [model_ri.cpp:135]110933 aclmdlRICaptureThreadExchangeModeImpl: start to execute aclmdlRICaptureThreadExchangeMode, input mode is 0
[INFO] ASCENDCL(110933,npu_reader):2026-09-21-12:13:46.222.489 [model_ri.cpp:141]110933 aclmdlRICaptureThreadExchangeModeImpl: successfully execute aclmdlRICaptureThreadExchangeMode, output mode is 2
[INFO] ASCENDCL(110933,npu_reader):2026-09-21-12:13:46.222.500 [kernel.cpp:99]110933 aclrtBinaryGetFunctionImpl: start to execute aclrtBinaryGetFunction
[INFO] RUNTIME(110933,npu_reader):2026-09-21-12:13:46.222.507 [program.cc:1318] 110933 CopySoAndNameToCurrentDevice: device_id=2, handle=0xaaab4f6f5b20, isNewFlow=1 already copy or not need.
[INFO] ASCENDCL(110933,npu_reader):2026-09-21-12:13:46.222.515 [kernel.cpp:281]110933 aclrtKernelArgsInitImpl: Start to execute aclrtKernelArgsInit
[INFO] ASCENDCL(110933,npu_reader):2026-09-21-12:13:46.222.521 [kernel.cpp:328]110933 aclrtKernelArgsAppendImpl: Start to execute aclrtKernelArgsAppend
[INFO] ASCENDCL(110933,npu_reader):2026-09-21-12:13:46.222.527 [kernel.cpp:379]110933 aclrtKernelArgsFinalizeImpl: Start to execute aclrtKernelArgsFinalize
[INFO] ASCENDCL(110933,npu_reader):2026-09-21-12:13:46.222.533 [kernel.cpp:231]110933 aclrtLaunchKernelWithConfigImpl: Start to execute aclrtLaunchKernelWithConfig
[INFO] RUNTIME(110933,npu_reader):2026-09-21-12:13:46.222.547 [aicpu_stars.cc:81] 110933 InternalLaunchWithKernelAndArgs: device_id=2, stream_id=47, task_id=0, model_num=0, NonSupportModelCompile=0, isNoNeedH2DCopy=0, cpuParamHeadOffset=0, kernel_type=2, flag=0x0, timeout=1836000000us, blkdim=1.
[INFO] RUNTIME(110933,npu_reader):2026-09-21-12:13:46.222.566 [davinci_kernel_task_v100.cc:253] 110933 ConstructAICpuSqeForDavinciTask: taskType=1, topic_type=0, kernel_type=2, debug_dump_en=0, curVersion=35, isNeedNoTimeout=0, timeout=8960s, kernel_credit=254
[INFO] RUNTIME(110933,npu_reader):2026-09-21-12:13:46.222.577 [task_submit.cc:598] 110933 AllocTaskAndSendStars: device_id=2, ts_id=0, sq_id=5, cq_id=5, stream_id=47, task_id=0, task_type=1(KERNEL_AICPU), sendSqeNum=1, isSupportASyncRecycle=0, isNeedPostProc=0, davinciHead=0, davinciTail=0, taskHead=0, taskTail=0, bindFlag=0, head=0, tail=1, delay recycle num=0.
[INFO] RUNTIME(110933,npu_reader):2026-09-21-12:13:46.222.592 [api_impl.cc:1652] 110933 StreamSynchronize: stream_id=47.
[INFO] RUNTIME(110933,npu_reader):2026-09-21-12:13:46.222.750 [stream.cc:1826] 110933 GetFinishedTaskIdBySqHead: stream_id=47, sq_id=5, sqHead=1, nextTaskId=65535, finishedPos=0, endTaskId=0
[INFO] RUNTIME(110933,npu_reader):2026-09-21-12:13:46.222.754 [stream.cc:1826] 111010 GetFinishedTaskIdBySqHead: stream_id=47, sq_id=5, sqHead=1, nextTaskId=65535, finishedPos=0, endTaskId=0
[INFO] RUNTIME(110933,npu_reader):2026-09-21-12:13:46.222.756 [stream.cc:1949] 110933 SynchronizeImpl: device_id=2, stream_id=47, task_id=0 has been completed, no concerned cqe.
[INFO] RUNTIME(110933,npu_reader):2026-09-21-12:13:46.222.776 [stars_engine.cc:1952] 111010 TaskReclaimBySqHeadForSeparatedStm: device_id=2, stream_id=47, sqHead=1, posHead=0, posTail=1, finishedTaskId=0
[INFO] RUNTIME(110933,npu_reader):2026-09-21-12:13:46.222.800 [api_error.cc:1107] 110933 StreamSynchronize: stream synchronize exit, stream_id=47, result=0x0
[INFO] RUNTIME(110933,npu_reader):2026-09-21-12:13:46.222.819 [stars_engine.cc:1896] 111010 RecycleTaskProcessForSeparatedStm: device_id=2, stream_id=47, recycle task_id=0, sqHead=1, sqTail=1, sqeNum=1, resHead=1, resTail=1.
[INFO] RUNTIME(110933,npu_reader):2026-09-21-12:13:46.222.833 [api_impl.cc:2214] 110933 DevFree: device free mem=0x12c081400000
[INFO] RUNTIME(110933,npu_reader):2026-09-21-12:13:46.222.869 [api_impl.cc:2214] 110933 DevFree: device free mem=0x12c0c0017000
[INFO] ASCENDCL(110933,npu_reader):2026-09-21-12:13:46.222.879 [context.cpp:66]110933 aclrtSetCurrentContextImpl: start to execute aclrtSetCurrentContext.
[INFO] RUNTIME(110933,npu_reader):2026-09-21-12:13:46.222.884 [api_impl.cc:3889] 110933 ContextSetCurrent: set context=0xaaab4dba2090
[INFO] ASCENDCL(110933,npu_reader):2026-09-21-12:13:46.222.887 [context.cpp:70]110933 aclrtSetCurrentContextImpl: successfully execute aclrtSetCurrentContext
[INFO] HCCL(110933,npu_reader):2026-09-21-12:13:46.222.890 [adapter_rts.cc:363] [110933][hrtCtxSetCurrent] success
[INFO] HCCL(110933,npu_reader):2026-09-21-12:13:46.222.892 [stream.cc:196] [110933]Switch Ctx ret[0], curCtx[0xaaab4dba2090], setCtx[0xaaab4dba2090], stream id[47]
[INFO] HCCL(110933,npu_reader):2026-09-21-12:13:46.222.898 [adapter_rts.cc:1974] [110933]Destroy Stream begin, para: deviceId[2] streamId[47]
[INFO] ASCENDCL(110933,npu_reader):2026-09-21-12:13:46.222.902 [stream.cpp:111]110933 aclrtDestroyStreamForceImpl: start to execute aclrtDestroyStreamForce
[INFO] RUNTIME(110933,npu_reader):2026-09-21-12:13:46.222.907 [api_impl.cc:1536] 110933 StreamDestroy: stream_id=47.
[INFO] RUNTIME(110933,npu_reader):2026-09-21-12:13:46.222.913 [stream_state_callback_manager.cc:66] 110933 Notify: No stream state callback function registered!
[INFO] RUNTIME(110933,npu_reader):2026-09-21-12:13:46.222.917 [stream.cc:1480] 110933 TearDown: stream_id=47, sqId=5, pendingNum=0, isForceRecycle_=1, flag=1, failMode=1.
[INFO] RUNTIME(110933,npu_reader):2026-09-21-12:13:46.222.922 [stream.cc:1567] 110933 TearDown: stream_id=47, delay recycle task num=0.
[INFO] RUNTIME(110933,npu_reader):2026-09-21-12:13:46.222.939 [stream_sqcq_manage.cc:690] 110933 FreeLogicCq: Return(0), threadIdentifier(281467106630176), devId(2), tsId(0), cqId(125), isFastCq(0).
[INFO] RUNTIME(110933,npu_reader):2026-09-21-12:13:46.222.952 [npu_driver_res.cc:884] 110933 StreamUnBindLogicCq: success: deviceId=2, tsId=0, streamId=47, logicCq=125.
[INFO] RUNTIME(110933,npu_reader):2026-09-21-12:13:46.222.977 [npu_driver_res.cc:1736] 110933 LogicCqFree: Succ:device_id=2,ts_id=0,type=2,logic_cq_id=125, drvFlag=0.
[INFO] RUNTIME(110933,npu_reader):2026-09-21-12:13:46.223.196 [stream.cc:289] 110933 FreeStreamId: Free stream_id=47.
[INFO] RUNTIME(110933,npu_reader):2026-09-21-12:13:46.223.208 [stream_sqcq_manage.cc:428] 110933 DeAllocStreamSqCq: deviceId=2, tsId=0, drvFlag=0
[INFO] RUNTIME(110933,npu_reader):2026-09-21-12:13:46.223.213 [npu_driver_res.cc:1618] 110933 NormalSqCqFree: Normal sqcq free, sqId=5, cqId=5, device_id=2, tsId=0, drvFlag=0
[INFO] RUNTIME(110933,npu_reader):2026-09-21-12:13:46.223.731 [npu_driver_res.cc:1626] 110933 NormalSqCqFree: Normal sqcq free success, sqId=5, cqId=5, device_id=2, tsId=0, drvFlag=0
[INFO] RUNTIME(110933,npu_reader):2026-09-21-12:13:46.223.742 [stream_sqcq_manage.cc:440] 110933 DeAllocStreamSqCq: [SqCqManage]success to release sq, sq_id=5, cq_id=5, stream_id=47, is_sq_need_release=1, drvFlag=0.
[INFO] RUNTIME(110933,npu_reader):2026-09-21-12:13:46.223.745 [npu_driver_res.cc:1192] 110933 StreamIdFree: stream id free begin, device_id=2, stream_id=47, ts_id=0, remote_stream_id=0
[INFO] RUNTIME(110933,npu_reader):2026-09-21-12:13:46.223.758 [npu_driver_res.cc:1201] 110933 StreamIdFree: Stream id free success, stream_id=47, device_id=2, tsId=0, streamFlag=1536
[INFO] ASCENDCL(110933,npu_reader):2026-09-21-12:13:46.223.766 [stream.cpp:115]110933 aclrtDestroyStreamForceImpl: aclrtDestroyStreamForce success
[INFO] HCCL(110933,npu_reader):2026-09-21-12:13:46.223.770 [adapter_rts.cc:1976] [110933]Call aclrtDestroyStreamForce, return value[0].
[INFO] HCCL(110933,npu_reader):2026-09-21-12:13:46.223.772 [stream.cc:200] [110933][HCCL_TRACE]StreamDestroy, streamPtr[0xaaab4f714aa8], stream id[47]
[INFO] ASCENDCL(110933,npu_reader):2026-09-21-12:13:46.223.775 [context.cpp:66]110933 aclrtSetCurrentContextImpl: start to execute aclrtSetCurrentContext.
[INFO] RUNTIME(110933,npu_reader):2026-09-21-12:13:46.223.778 [api_impl.cc:3889] 110933 ContextSetCurrent: set context=0xaaab4dba2090
[INFO] ASCENDCL(110933,npu_reader):2026-09-21-12:13:46.223.780 [context.cpp:70]110933 aclrtSetCurrentContextImpl: successfully execute aclrtSetCurrentContext
[INFO] HCCL(110933,npu_reader):2026-09-21-12:13:46.223.782 [adapter_rts.cc:363] [110933][hrtCtxSetCurrent] success
[INFO] HCCL(110933,npu_reader):2026-09-21-12:13:46.223.785 [stream.cc:207] [110933]Restore Ctx ret[0], setCtx[0xaaab4dba2090], stream id[47]
[INFO] HCCL(110933,npu_reader):2026-09-21-12:13:46.223.792 [thread.cc:352] [110933][FreeThreads] 1 threads freed successfully.
API HcommThreadFree(&thread, 1) => 0
[INFO] ASCENDCL(110933,npu_reader):2026-09-21-12:13:46.223.814 [device.cpp:216]110933 aclrtGetDeviceCountImpl: start to execute aclrtGetDeviceCount
[INFO] ASCENDCL(110933,npu_reader):2026-09-21-12:13:46.223.821 [device.cpp:220]110933 aclrtGetDeviceCountImpl: successfully execute aclrtGetDeviceCount, get device count is 16.
[INFO] HCCL(110933,npu_reader):2026-09-21-12:13:46.223.824 [hcomm_adapter_runtime.cc:58] [110933][HcommAdapterRuntime][ResolveRuntimeDevicePhyId] deviceCount[16], devLogicId[2], devicePhyId[2].
[INFO] HCCL(110933,npu_reader):2026-09-21-12:13:46.223.835 [channel_process.cc:762] [110933][ChannelDestroy] START. channelNum[1].
[INFO] HCCL(110933,npu_reader):2026-09-21-12:13:46.223.843 [channel_process.cc:743] [110933][Hcomm][RemoveSingleChannel] erase channel: deviceId[2], inHandle[0x3ffeccf2650], mappedHandle[0xaaab4f57fa00], ptr[0xaaab4f57fa00]
[INFO] HCCL(110933,npu_reader):2026-09-21-12:13:46.223.872 [adapter_hccp.cc:363] [110933]ra mr dereg: qphandle[0xaaab4f6f3ff0], addr[0x12c081200000], size[0 Byte], access[0].
[INFO] HCCP(110933,npu_reader):2026-09-21-12:13:46.224.339 [ra_host.c:1332]tid:110933,RaQpDestroy : Input parameters: qpn[106], phyId[2], rdevIndex[0] qpMode[4] flag[0]
[INFO] RUNTIME(110933,npu_reader):2026-09-21-12:13:46.228.935 [api_impl.cc:2214] 110933 DevFree: device free mem=0x12c081200000
[INFO] HCCL(110933,npu_reader):2026-09-21-12:13:46.228.956 [hccl_dispatcher_ctx.cc:133] [110933][DestroyCtx] Destroy Ctx, ctx[0xaaab4f570040] commId[hcomm_roce_ch_0xaaab4f57fa00]
[INFO] HCCL(110933,npu_reader):2026-09-21-12:13:46.228.965 [hccl_dispatcher_ctx.cc:34] [110933][FindDispatcherByCommId] commIdkey[hcomm_roce_ch_0xaaab4f57fa00] has been bound with ctx[0xaaab4f570040]
[INFO] HCCL(110933,npu_reader):2026-09-21-12:13:46.228.971 [hccl_dispatcher_ctx.cc:52] [110933][DeleteDispatcherByCommId] ctx[0xaaab4f570040] has been bound by commId[hcomm_roce_ch_0xaaab4f57fa00]
[INFO] HCCL(110933,npu_reader):2026-09-21-12:13:46.228.988 [tbe_vector_reduce.cc:102] [110933]TbeVectorReduce Deinit
[INFO] ASCENDCL(110933,npu_reader):2026-09-21-12:13:46.228.995 [kernel.cpp:88]110933 aclrtBinaryUnLoadImpl: start to execute aclrtBinaryUnLoad
[INFO] ASCENDCL(110933,npu_reader):2026-09-21-12:13:46.229.017 [kernel.cpp:88]110933 aclrtBinaryUnLoadImpl: start to execute aclrtBinaryUnLoad
[INFO] ASCENDCL(110933,npu_reader):2026-09-21-12:13:46.229.027 [kernel.cpp:88]110933 aclrtBinaryUnLoadImpl: start to execute aclrtBinaryUnLoad
[INFO] ASCENDCL(110933,npu_reader):2026-09-21-12:13:46.229.037 [kernel.cpp:88]110933 aclrtBinaryUnLoadImpl: start to execute aclrtBinaryUnLoad
[INFO] ASCENDCL(110933,npu_reader):2026-09-21-12:13:46.229.055 [kernel.cpp:88]110933 aclrtBinaryUnLoadImpl: start to execute aclrtBinaryUnLoad
[INFO] ASCENDCL(110933,npu_reader):2026-09-21-12:13:46.229.070 [kernel.cpp:88]110933 aclrtBinaryUnLoadImpl: start to execute aclrtBinaryUnLoad
[INFO] ASCENDCL(110933,npu_reader):2026-09-21-12:13:46.229.080 [kernel.cpp:88]110933 aclrtBinaryUnLoadImpl: start to execute aclrtBinaryUnLoad
[INFO] ASCENDCL(110933,npu_reader):2026-09-21-12:13:46.229.091 [kernel.cpp:88]110933 aclrtBinaryUnLoadImpl: start to execute aclrtBinaryUnLoad
[INFO] ASCENDCL(110933,npu_reader):2026-09-21-12:13:46.229.101 [kernel.cpp:88]110933 aclrtBinaryUnLoadImpl: start to execute aclrtBinaryUnLoad
[INFO] ASCENDCL(110933,npu_reader):2026-09-21-12:13:46.229.112 [kernel.cpp:88]110933 aclrtBinaryUnLoadImpl: start to execute aclrtBinaryUnLoad
[INFO] ASCENDCL(110933,npu_reader):2026-09-21-12:13:46.229.123 [kernel.cpp:88]110933 aclrtBinaryUnLoadImpl: start to execute aclrtBinaryUnLoad
[INFO] ASCENDCL(110933,npu_reader):2026-09-21-12:13:46.229.133 [kernel.cpp:88]110933 aclrtBinaryUnLoadImpl: start to execute aclrtBinaryUnLoad
[INFO] ASCENDCL(110933,npu_reader):2026-09-21-12:13:46.229.142 [kernel.cpp:88]110933 aclrtBinaryUnLoadImpl: start to execute aclrtBinaryUnLoad
[INFO] ASCENDCL(110933,npu_reader):2026-09-21-12:13:46.229.152 [kernel.cpp:88]110933 aclrtBinaryUnLoadImpl: start to execute aclrtBinaryUnLoad
[INFO] ASCENDCL(110933,npu_reader):2026-09-21-12:13:46.229.161 [kernel.cpp:88]110933 aclrtBinaryUnLoadImpl: start to execute aclrtBinaryUnLoad
[INFO] ASCENDCL(110933,npu_reader):2026-09-21-12:13:46.229.171 [kernel.cpp:88]110933 aclrtBinaryUnLoadImpl: start to execute aclrtBinaryUnLoad
[INFO] ASCENDCL(110933,npu_reader):2026-09-21-12:13:46.229.178 [kernel.cpp:88]110933 aclrtBinaryUnLoadImpl: start to execute aclrtBinaryUnLoad
[INFO] ASCENDCL(110933,npu_reader):2026-09-21-12:13:46.229.188 [kernel.cpp:88]110933 aclrtBinaryUnLoadImpl: start to execute aclrtBinaryUnLoad
[INFO] ASCENDCL(110933,npu_reader):2026-09-21-12:13:46.229.196 [kernel.cpp:88]110933 aclrtBinaryUnLoadImpl: start to execute aclrtBinaryUnLoad
[INFO] ASCENDCL(110933,npu_reader):2026-09-21-12:13:46.229.206 [kernel.cpp:88]110933 aclrtBinaryUnLoadImpl: start to execute aclrtBinaryUnLoad
[INFO] HCCL(110933,npu_reader):2026-09-21-12:13:46.229.228 [tbe_crack_cleared.cc:69] [110933]TbeCrackCleard Deinit
[INFO] HCCL(110933,npu_reader):2026-09-21-12:13:46.229.233 [tbe_common.cc:53] [110933]tbe task deinit success.deviceLogicId[2]
[INFO] HCCL(110933,npu_reader):2026-09-21-12:13:46.229.250 [aicpu_ts_roce_channel.cc:175] [110933][AicpuTsRoceChannel][client] destroyed
[INFO] HCCL(110933,npu_reader):2026-09-21-12:13:46.229.261 [hccl_socket.cc:278] [110933][Close] localIp[20.168.0.3], remoteIp[20.168.0.19], socketHandle[187652747157056], tag[standard-host-to-hbm_20.168.0.19_20.168.0.3_19517], port[19517] status[2]
[INFO] HCCL(110933,npu_reader):2026-09-21-12:13:46.229.265 [adapter_hccp.cc:1304] [110933]ra socket batch close fdhandle[0xaaab4f56b0b0]
[INFO] HCCP(110933,npu_reader):2026-09-21-12:13:46.229.276 [ra_host.c:754]tid:110933,RaSocketBatchClose : Input parameters: [0]th, phyId[2], localIp[20.168.0.3], cnt[0]
[INFO] HCCL(110933,npu_reader):2026-09-21-12:13:46.229.587 [adapter_hccp.cc:1335] [110933]ra socket batch close success,take time [318]us
[INFO] HCCL(110933,npu_reader):2026-09-21-12:13:46.229.599 [notify_pool_impl.cc:57] [110933]NotifyPoolImpl Destroy.
[INFO] HCCL(110933,npu_reader):2026-09-21-12:13:46.229.607 [notify_pool_impl.cc:278] [110933]DestroyRegisteredOpMap index[0] success
[INFO] HCCL(110933,npu_reader):2026-09-21-12:13:46.229.613 [notify_pool_impl.cc:136] [110933]DestroyNotifyPoolIPCAsignedMap index[0] success
[INFO] HCCL(110933,npu_reader):2026-09-21-12:13:46.229.617 [notify_pool_impl.cc:152] [110933]DestroyNotifyPoolDevIPCAsignedMap index[0] success
[INFO] HCCL(110933,npu_reader):2026-09-21-12:13:46.229.620 [notify_pool_impl.cc:168] [110933]DestroyNotifyPoolNoIPCAsignedMap index[0] success
[INFO] ASCENDCL(110933,npu_reader):2026-09-21-12:13:46.229.630 [notify.cpp:73]110933 aclrtGetNotifyIdImpl: start to execute aclrtGetNotifyId
[INFO] RUNTIME(110933,npu_reader):2026-09-21-12:13:46.229.637 [api_impl.cc:4661] 110933 GetNotifyID: Get notify id.
[INFO] ASCENDCL(110933,npu_reader):2026-09-21-12:13:46.229.640 [notify.cpp:79]110933 aclrtGetNotifyIdImpl: successfully execute aclrtGetNotifyId
[INFO] HCCL(110933,npu_reader):2026-09-21-12:13:46.229.642 [adapter_rts.cc:1552] [110933]Destroy Notify para: deviceId[2] notifyId[48]
[INFO] HCCL(110933,npu_reader):2026-09-21-12:13:46.229.645 [adapter_rts.cc:1553] [110933]Destroy Notify begin, para: deviceId[2] notifyId[48]
[INFO] ASCENDCL(110933,npu_reader):2026-09-21-12:13:46.229.649 [notify.cpp:40]110933 aclrtDestroyNotifyImpl: start to execute aclrtDestroyNotify
[INFO] RUNTIME(110933,npu_reader):2026-09-21-12:13:46.229.654 [api_impl.cc:4545] 110933 NotifyDestroy: Notify destroy.
[INFO] RUNTIME(110933,npu_reader):2026-09-21-12:13:46.229.659 [npu_driver_res.cc:1390] 110933 NotifyIdFree: NotifyIdFree begin, device_id=2, notify_id=48, ts_id=0, remote_notify_id=32
[INFO] RUNTIME(110933,npu_reader):2026-09-21-12:13:46.230.010 [npu_driver_res.cc:1401] 110933 NotifyIdFree: NotifyIdFree success, device_id=2, ts_id=0, notify_id=48, notify_flag=1
[INFO] ASCENDCL(110933,npu_reader):2026-09-21-12:13:46.230.017 [notify.cpp:45]110933 aclrtDestroyNotifyImpl: successfully execute aclrtDestroyNotify
[INFO] HCCL(110933,npu_reader):2026-09-21-12:13:46.230.020 [adapter_rts.cc:1555] [110933]Destroy Notify end, para: deviceId[2] notifyId[48]
[INFO] HCCL(110933,npu_reader):2026-09-21-12:13:46.230.027 [notify_pool_impl.cc:184] [110933]DestroyNotifyPoolDevNoIPCAsignedMap index[0] success
[INFO] HCCL(110933,npu_reader):2026-09-21-12:13:46.230.030 [notify_pool_impl.cc:278] [110933]DestroyRegisteredOpMap index[1] success
[INFO] HCCL(110933,npu_reader):2026-09-21-12:13:46.230.032 [notify_pool_impl.cc:136] [110933]DestroyNotifyPoolIPCAsignedMap index[1] success
[INFO] HCCL(110933,npu_reader):2026-09-21-12:13:46.230.035 [notify_pool_impl.cc:152] [110933]DestroyNotifyPoolDevIPCAsignedMap index[1] success
[INFO] HCCL(110933,npu_reader):2026-09-21-12:13:46.230.037 [notify_pool_impl.cc:168] [110933]DestroyNotifyPoolNoIPCAsignedMap index[1] success
[INFO] HCCL(110933,npu_reader):2026-09-21-12:13:46.230.039 [notify_pool_impl.cc:184] [110933]DestroyNotifyPoolDevNoIPCAsignedMap index[1] success
[INFO] HCCL(110933,npu_reader):2026-09-21-12:13:46.230.042 [notify_pool_impl.cc:278] [110933]DestroyRegisteredOpMap index[2] success
[INFO] HCCL(110933,npu_reader):2026-09-21-12:13:46.230.044 [notify_pool_impl.cc:136] [110933]DestroyNotifyPoolIPCAsignedMap index[2] success
[INFO] HCCL(110933,npu_reader):2026-09-21-12:13:46.230.046 [notify_pool_impl.cc:152] [110933]DestroyNotifyPoolDevIPCAsignedMap index[2] success
[INFO] HCCL(110933,npu_reader):2026-09-21-12:13:46.230.048 [notify_pool_impl.cc:168] [110933]DestroyNotifyPoolNoIPCAsignedMap index[2] success
[INFO] HCCL(110933,npu_reader):2026-09-21-12:13:46.230.050 [notify_pool_impl.cc:184] [110933]DestroyNotifyPoolDevNoIPCAsignedMap index[2] success
[INFO] HCCL(110933,npu_reader):2026-09-21-12:13:46.230.053 [notify_pool_impl.cc:65] [110933]NotifyPoolImpl Destroy success.
[INFO] HCCL(110933,npu_reader):2026-09-21-12:13:46.230.065 [channel_process.cc:696] [110933][ChannelKernelDestroy] listNum[1]
[INFO] RUNTIME(110933,npu_reader):2026-09-21-12:13:46.230.076 [api_impl.cc:7894] 110933 DevMalloc: size=8, advise=0,type=0x402,moduleId=3.
[INFO] RUNTIME(110933,npu_reader):2026-09-21-12:13:46.230.080 [api_impl.cc:7904] 110933 DevMalloc: type=0x402.
[INFO] RUNTIME(110933,npu_reader):2026-09-21-12:13:46.230.090 [api_error.cc:5978] 110933 DevMalloc: device malloc, size=8(bytes), start ptr=0x12c0c0016000, end ptr=0x12c0c0016008
[INFO] HCCL(110933,npu_reader):2026-09-21-12:13:46.230.093 [adapter_rts.cc:662] [110933]Malloc DevMem para: deviceId[2] devPtr[0x12c0c0016000] size[8 Byte] level2Address[0]
[INFO] ASCENDCL(110933,npu_reader):2026-09-21-12:13:46.230.099 [model_ri.cpp:135]110933 aclmdlRICaptureThreadExchangeModeImpl: start to execute aclmdlRICaptureThreadExchangeMode, input mode is 2
[INFO] ASCENDCL(110933,npu_reader):2026-09-21-12:13:46.230.134 [model_ri.cpp:141]110933 aclmdlRICaptureThreadExchangeModeImpl: successfully execute aclmdlRICaptureThreadExchangeMode, output mode is 0
[INFO] ASCENDCL(110933,npu_reader):2026-09-21-12:13:46.230.166 [model_ri.cpp:135]110933 aclmdlRICaptureThreadExchangeModeImpl: start to execute aclmdlRICaptureThreadExchangeMode, input mode is 0
[INFO] ASCENDCL(110933,npu_reader):2026-09-21-12:13:46.230.170 [model_ri.cpp:141]110933 aclmdlRICaptureThreadExchangeModeImpl: successfully execute aclmdlRICaptureThreadExchangeMode, output mode is 2
[INFO] ASCENDCL(110933,npu_reader):2026-09-21-12:13:46.230.179 [stream.cpp:56]110933 aclrtCreateStreamWithConfigImpl: start to execute aclrtCreateStreamWithConfig with priority:0, flag:3
[INFO] RUNTIME(110933,npu_reader):2026-09-21-12:13:46.230.185 [api_impl.cc:1429] 110933 StreamCreate: priority=0, flags=1536.
[INFO] RUNTIME(110933,npu_reader):2026-09-21-12:13:46.230.218 [npu_driver.cc:1109] 110933 CheckIsSupportFeature: Support FEATURE_TRSDRV_SQ_SUPPORT_DYNAMIC_BIND, drv devId=2.
[INFO] RUNTIME(110933,npu_reader):2026-09-21-12:13:46.230.256 [npu_driver_res.cc:1164] 110933 StreamIdAlloc: stream id alloc begin, device_id=2, priority=0, ts_id=0, remote_stream_id=0, vf_id=0
[INFO] RUNTIME(110933,npu_reader):2026-09-21-12:13:46.230.290 [stream.cc:2998] 110933 AllocExecutedTimesSvm: stream_id=47.
[INFO] RUNTIME(110933,npu_reader):2026-09-21-12:13:46.230.338 [stream_sqcq_manage.cc:357] 110933 Alloc: deviceId=2, tsId=0, drvFlag=0
[INFO] RUNTIME(110933,npu_reader):2026-09-21-12:13:46.230.343 [npu_driver_res.cc:1565] 110933 NormalSqCqAllocate: Set cq dep to 2048, sysMode=0 addrMode=1
[INFO] RUNTIME(110933,npu_reader):2026-09-21-12:13:46.230.755 [npu_driver_res.cc:1702] 110933 LogicCqAllocateV2: cqeDepth=4096, isDvppGrp=0, inFlag=0
[INFO] RUNTIME(110933,npu_reader):2026-09-21-12:13:46.230.799 [npu_driver_res.cc:1714] 110933 LogicCqAllocateV2: success: deviceId=2, tsId=0, cqId=126, streamId=47, logicCq=126, cqeDepth=4096
[INFO] RUNTIME(110933,npu_reader):2026-09-21-12:13:46.230.810 [npu_driver_res.cc:909] 110933 StreamBindLogicCq: success: deviceId=2, tsId=0, streamId=47, logicCq=126.
[INFO] RUNTIME(110933,npu_reader):2026-09-21-12:13:46.230.815 [npu_driver_res.cc:1106] 110933 GetSqRegVirtualAddrBySqid: addr high 32 bit=0x3ff, addr low 32 bit=0xfffe4000, addr=0x3fffffe4000, size=4096
[INFO] RUNTIME(110933,npu_reader):2026-09-21-12:13:46.230.819 [stream.cc:766] 110933 Setup: Success to get sq=6 sq reg virtual addr length=4096.
[INFO] DRV(110933,npu_reader):2026-09-21-12:13:46.230.855 [devmm_svm.c:2232][ascend][curpid:110933,110933][drv][devmm][devmm_ctrl_support_feature]RTS note drv support feature. (in_feature=0xa; out_feature=0x8)
[INFO] RUNTIME(110933,npu_reader):2026-09-21-12:13:46.230.860 [npu_driver_mem.cc:2584] 110933 CheckSupportPcieBarCopy: chip type=5, drv support pcie bar copy
[INFO] RUNTIME(110933,npu_reader):2026-09-21-12:13:46.230.902 [stream.cc:348] 110933 CreateStreamTaskRes: STREAM TaskRes Setup stream_id=47, flags_=0x600.
[INFO] RUNTIME(110933,npu_reader):2026-09-21-12:13:46.230.909 [stream.cc:805] 110933 Setup: stream setup end, stream_id=47, IsTaskSink=0, sqId=6, cqId=6, deviceId=2, streamResId=43691
[INFO] RUNTIME(110933,npu_reader):2026-09-21-12:13:46.230.914 [stream_state_callback_manager.cc:66] 110933 Notify: No stream state callback function registered!
[INFO] RUNTIME(110933,npu_reader):2026-09-21-12:13:46.230.917 [context.cc:1122] 110933 StreamCreate: Stream setup normal, stream_id=47, prio=0, flag=1536.
[INFO] RUNTIME(110933,npu_reader):2026-09-21-12:13:46.230.921 [api_impl.cc:1481] 110933 StreamCreate: Succ, flags=1536, stream_id=47, context=aaab4dba2090
[INFO] HCCL(110933,npu_reader):2026-09-21-12:13:46.230.942 [stream.cc:75] [110933]Construct stream by stream type success, ptr[0xaaab4f64c548] ctx[0xaaab4dba2090], stream id[47], cqId[6], logicCqid[126]
[INFO] ASCENDCL(110933,npu_reader):2026-09-21-12:13:46.230.950 [stream.cpp:298]110933 aclrtSetStreamAttributeImpl: start to execute aclrtSetStreamAttribute, stmAttrType = [1]
[INFO] RUNTIME(110933,npu_reader):2026-09-21-12:13:46.230.961 [stream.cc:4140] 110933 SetFailMode: stream_id=47 is updated from CONTINUE to STOP.
[INFO] ASCENDCL(110933,npu_reader):2026-09-21-12:13:46.230.964 [stream.cpp:305]110933 aclrtSetStreamAttributeImpl: successfully execute aclrtSetStreamAttribute
[INFO] RUNTIME(110933,npu_reader):2026-09-21-12:13:46.230.970 [api_impl.cc:7894] 110933 DevMalloc: size=328, advise=0,type=0x402,moduleId=3.
[INFO] RUNTIME(110933,npu_reader):2026-09-21-12:13:46.230.973 [api_impl.cc:7904] 110933 DevMalloc: type=0x402.
[INFO] RUNTIME(110933,npu_reader):2026-09-21-12:13:46.230.980 [api_error.cc:5978] 110933 DevMalloc: device malloc, size=328(bytes), start ptr=0x12c0c0018000, end ptr=0x12c0c0018148
[INFO] HCCL(110933,npu_reader):2026-09-21-12:13:46.230.983 [adapter_rts.cc:662] [110933]Malloc DevMem para: deviceId[2] devPtr[0x12c0c0018000] size[328 Byte] level2Address[0]
[INFO] ASCENDCL(110933,npu_reader):2026-09-21-12:13:46.230.988 [model_ri.cpp:135]110933 aclmdlRICaptureThreadExchangeModeImpl: start to execute aclmdlRICaptureThreadExchangeMode, input mode is 2
[INFO] ASCENDCL(110933,npu_reader):2026-09-21-12:13:46.230.992 [model_ri.cpp:141]110933 aclmdlRICaptureThreadExchangeModeImpl: successfully execute aclmdlRICaptureThreadExchangeMode, output mode is 0
[INFO] ASCENDCL(110933,npu_reader):2026-09-21-12:13:46.231.021 [model_ri.cpp:135]110933 aclmdlRICaptureThreadExchangeModeImpl: start to execute aclmdlRICaptureThreadExchangeMode, input mode is 0
[INFO] ASCENDCL(110933,npu_reader):2026-09-21-12:13:46.231.024 [model_ri.cpp:141]110933 aclmdlRICaptureThreadExchangeModeImpl: successfully execute aclmdlRICaptureThreadExchangeMode, output mode is 2
[INFO] ASCENDCL(110933,npu_reader):2026-09-21-12:13:46.231.030 [kernel.cpp:99]110933 aclrtBinaryGetFunctionImpl: start to execute aclrtBinaryGetFunction
[INFO] RUNTIME(110933,npu_reader):2026-09-21-12:13:46.231.036 [program.cc:1318] 110933 CopySoAndNameToCurrentDevice: device_id=2, handle=0xaaab4f6f5b20, isNewFlow=1 already copy or not need.
[INFO] ASCENDCL(110933,npu_reader):2026-09-21-12:13:46.231.042 [kernel.cpp:281]110933 aclrtKernelArgsInitImpl: Start to execute aclrtKernelArgsInit
[INFO] ASCENDCL(110933,npu_reader):2026-09-21-12:13:46.231.047 [kernel.cpp:328]110933 aclrtKernelArgsAppendImpl: Start to execute aclrtKernelArgsAppend
[INFO] ASCENDCL(110933,npu_reader):2026-09-21-12:13:46.231.052 [kernel.cpp:379]110933 aclrtKernelArgsFinalizeImpl: Start to execute aclrtKernelArgsFinalize
[INFO] ASCENDCL(110933,npu_reader):2026-09-21-12:13:46.231.058 [kernel.cpp:231]110933 aclrtLaunchKernelWithConfigImpl: Start to execute aclrtLaunchKernelWithConfig
[INFO] RUNTIME(110933,npu_reader):2026-09-21-12:13:46.231.072 [aicpu_stars.cc:81] 110933 InternalLaunchWithKernelAndArgs: device_id=2, stream_id=47, task_id=0, model_num=0, NonSupportModelCompile=0, isNoNeedH2DCopy=0, cpuParamHeadOffset=0, kernel_type=2, flag=0x0, timeout=1836000000us, blkdim=1.
[INFO] RUNTIME(110933,npu_reader):2026-09-21-12:13:46.231.091 [davinci_kernel_task_v100.cc:253] 110933 ConstructAICpuSqeForDavinciTask: taskType=1, topic_type=0, kernel_type=2, debug_dump_en=0, curVersion=35, isNeedNoTimeout=0, timeout=8960s, kernel_credit=254
[INFO] RUNTIME(110933,npu_reader):2026-09-21-12:13:46.231.103 [task_submit.cc:598] 110933 AllocTaskAndSendStars: device_id=2, ts_id=0, sq_id=6, cq_id=6, stream_id=47, task_id=0, task_type=1(KERNEL_AICPU), sendSqeNum=1, isSupportASyncRecycle=0, isNeedPostProc=0, davinciHead=0, davinciTail=0, taskHead=0, taskTail=0, bindFlag=0, head=0, tail=1, delay recycle num=0.
[INFO] RUNTIME(110933,npu_reader):2026-09-21-12:13:46.231.116 [api_impl.cc:1652] 110933 StreamSynchronize: stream_id=47.
[INFO] RUNTIME(110933,npu_reader):2026-09-21-12:13:46.231.396 [stream.cc:1826] 110933 GetFinishedTaskIdBySqHead: stream_id=47, sq_id=6, sqHead=1, nextTaskId=65535, finishedPos=0, endTaskId=0
[INFO] RUNTIME(110933,npu_reader):2026-09-21-12:13:46.231.400 [stream.cc:1949] 110933 SynchronizeImpl: device_id=2, stream_id=47, task_id=0 has been completed, no concerned cqe.
[INFO] RUNTIME(110933,npu_reader):2026-09-21-12:13:46.231.408 [api_error.cc:1107] 110933 StreamSynchronize: stream synchronize exit, stream_id=47, result=0x0
[INFO] RUNTIME(110933,npu_reader):2026-09-21-12:13:46.231.408 [stream.cc:1826] 111010 GetFinishedTaskIdBySqHead: stream_id=47, sq_id=6, sqHead=1, nextTaskId=65535, finishedPos=0, endTaskId=0
[INFO] HCCL(110933,npu_reader):2026-09-21-12:13:46.231.412 [channel_process.cc:356] [110933][LaunchKernelDeviceParam] kernel[RunAicpuChannelDestroyV2] launch success.
[INFO] RUNTIME(110933,npu_reader):2026-09-21-12:13:46.231.439 [stars_engine.cc:1952] 111010 TaskReclaimBySqHeadForSeparatedStm: device_id=2, stream_id=47, sqHead=1, posHead=0, posTail=1, finishedTaskId=0
[INFO] RUNTIME(110933,npu_reader):2026-09-21-12:13:46.231.459 [api_impl.cc:2214] 110933 DevFree: device free mem=0x12c0c0018000
[INFO] RUNTIME(110933,npu_reader):2026-09-21-12:13:46.231.478 [stars_engine.cc:1896] 111010 RecycleTaskProcessForSeparatedStm: device_id=2, stream_id=47, recycle task_id=0, sqHead=1, sqTail=1, sqeNum=1, resHead=1, resTail=1.
[INFO] ASCENDCL(110933,npu_reader):2026-09-21-12:13:46.231.497 [context.cpp:66]110933 aclrtSetCurrentContextImpl: start to execute aclrtSetCurrentContext.
[INFO] RUNTIME(110933,npu_reader):2026-09-21-12:13:46.231.517 [api_impl.cc:3889] 110933 ContextSetCurrent: set context=0xaaab4dba2090
[INFO] ASCENDCL(110933,npu_reader):2026-09-21-12:13:46.231.519 [context.cpp:70]110933 aclrtSetCurrentContextImpl: successfully execute aclrtSetCurrentContext
[INFO] HCCL(110933,npu_reader):2026-09-21-12:13:46.231.521 [adapter_rts.cc:363] [110933][hrtCtxSetCurrent] success
[INFO] HCCL(110933,npu_reader):2026-09-21-12:13:46.231.524 [stream.cc:196] [110933]Switch Ctx ret[0], curCtx[0xaaab4dba2090], setCtx[0xaaab4dba2090], stream id[47]
[INFO] HCCL(110933,npu_reader):2026-09-21-12:13:46.231.528 [adapter_rts.cc:1974] [110933]Destroy Stream begin, para: deviceId[2] streamId[47]
[INFO] ASCENDCL(110933,npu_reader):2026-09-21-12:13:46.231.533 [stream.cpp:111]110933 aclrtDestroyStreamForceImpl: start to execute aclrtDestroyStreamForce
[INFO] RUNTIME(110933,npu_reader):2026-09-21-12:13:46.231.537 [api_impl.cc:1536] 110933 StreamDestroy: stream_id=47.
[INFO] RUNTIME(110933,npu_reader):2026-09-21-12:13:46.231.543 [stream_state_callback_manager.cc:66] 110933 Notify: No stream state callback function registered!
[INFO] RUNTIME(110933,npu_reader):2026-09-21-12:13:46.231.548 [stream.cc:1480] 110933 TearDown: stream_id=47, sqId=6, pendingNum=0, isForceRecycle_=1, flag=1, failMode=1.
[INFO] RUNTIME(110933,npu_reader):2026-09-21-12:13:46.231.553 [stream.cc:1567] 110933 TearDown: stream_id=47, delay recycle task num=0.
[INFO] RUNTIME(110933,npu_reader):2026-09-21-12:13:46.231.569 [stream_sqcq_manage.cc:690] 110933 FreeLogicCq: Return(0), threadIdentifier(281467106630176), devId(2), tsId(0), cqId(126), isFastCq(0).
[INFO] RUNTIME(110933,npu_reader):2026-09-21-12:13:46.231.577 [npu_driver_res.cc:884] 110933 StreamUnBindLogicCq: success: deviceId=2, tsId=0, streamId=47, logicCq=126.
[INFO] RUNTIME(110933,npu_reader):2026-09-21-12:13:46.231.596 [npu_driver_res.cc:1736] 110933 LogicCqFree: Succ:device_id=2,ts_id=0,type=2,logic_cq_id=126, drvFlag=0.
[INFO] RUNTIME(110933,npu_reader):2026-09-21-12:13:46.231.809 [stream.cc:289] 110933 FreeStreamId: Free stream_id=47.
[INFO] RUNTIME(110933,npu_reader):2026-09-21-12:13:46.231.813 [stream_sqcq_manage.cc:428] 110933 DeAllocStreamSqCq: deviceId=2, tsId=0, drvFlag=0
[INFO] RUNTIME(110933,npu_reader):2026-09-21-12:13:46.231.817 [npu_driver_res.cc:1618] 110933 NormalSqCqFree: Normal sqcq free, sqId=6, cqId=6, device_id=2, tsId=0, drvFlag=0
[INFO] RUNTIME(110933,npu_reader):2026-09-21-12:13:46.232.258 [npu_driver_res.cc:1626] 110933 NormalSqCqFree: Normal sqcq free success, sqId=6, cqId=6, device_id=2, tsId=0, drvFlag=0
[INFO] RUNTIME(110933,npu_reader):2026-09-21-12:13:46.232.264 [stream_sqcq_manage.cc:440] 110933 DeAllocStreamSqCq: [SqCqManage]success to release sq, sq_id=6, cq_id=6, stream_id=47, is_sq_need_release=1, drvFlag=0.
[INFO] RUNTIME(110933,npu_reader):2026-09-21-12:13:46.232.273 [npu_driver_res.cc:1192] 110933 StreamIdFree: stream id free begin, device_id=2, stream_id=47, ts_id=0, remote_stream_id=0
[INFO] RUNTIME(110933,npu_reader):2026-09-21-12:13:46.232.280 [npu_driver_res.cc:1201] 110933 StreamIdFree: Stream id free success, stream_id=47, device_id=2, tsId=0, streamFlag=1536
[INFO] ASCENDCL(110933,npu_reader):2026-09-21-12:13:46.232.289 [stream.cpp:115]110933 aclrtDestroyStreamForceImpl: aclrtDestroyStreamForce success
[INFO] HCCL(110933,npu_reader):2026-09-21-12:13:46.232.292 [adapter_rts.cc:1976] [110933]Call aclrtDestroyStreamForce, return value[0].
[INFO] HCCL(110933,npu_reader):2026-09-21-12:13:46.232.295 [stream.cc:200] [110933][HCCL_TRACE]StreamDestroy, streamPtr[0xaaab4f64c548], stream id[47]
[INFO] ASCENDCL(110933,npu_reader):2026-09-21-12:13:46.232.298 [context.cpp:66]110933 aclrtSetCurrentContextImpl: start to execute aclrtSetCurrentContext.
[INFO] RUNTIME(110933,npu_reader):2026-09-21-12:13:46.232.301 [api_impl.cc:3889] 110933 ContextSetCurrent: set context=0xaaab4dba2090
[INFO] ASCENDCL(110933,npu_reader):2026-09-21-12:13:46.232.303 [context.cpp:70]110933 aclrtSetCurrentContextImpl: successfully execute aclrtSetCurrentContext
[INFO] HCCL(110933,npu_reader):2026-09-21-12:13:46.232.306 [adapter_rts.cc:363] [110933][hrtCtxSetCurrent] success
[INFO] HCCL(110933,npu_reader):2026-09-21-12:13:46.232.308 [stream.cc:207] [110933]Restore Ctx ret[0], setCtx[0xaaab4dba2090], stream id[47]
[INFO] HCCL(110933,npu_reader):2026-09-21-12:13:46.232.315 [channel_process.cc:719] [110933][ChannelKernelDestroy] channel kernel destroy success.
[INFO] RUNTIME(110933,npu_reader):2026-09-21-12:13:46.232.320 [api_impl.cc:2214] 110933 DevFree: device free mem=0x12c0c0016000
[INFO] HCCL(110933,npu_reader):2026-09-21-12:13:46.232.329 [channel_process.cc:782] [110933][ChannelDestroy] SUCCESS.
API HcommChannelDestroy(&channel, 1) => 0
[INFO] ASCENDCL(110933,npu_reader):2026-09-21-12:13:46.232.352 [device.cpp:216]110933 aclrtGetDeviceCountImpl: start to execute aclrtGetDeviceCount
[INFO] ASCENDCL(110933,npu_reader):2026-09-21-12:13:46.232.358 [device.cpp:220]110933 aclrtGetDeviceCountImpl: successfully execute aclrtGetDeviceCount, get device count is 16.
[INFO] HCCL(110933,npu_reader):2026-09-21-12:13:46.232.362 [hcomm_adapter_runtime.cc:58] [110933][HcommAdapterRuntime][ResolveRuntimeDevicePhyId] deviceCount[16], devLogicId[2], devicePhyId[2].
[INFO] HCCL(110933,npu_reader):2026-09-21-12:13:46.232.365 [hcomm_c_adpt.cc:555] [110933][HcommMemUnimport] START. endpointHandle[0xaaab4daab9a0].
[INFO] ASCENDCL(110933,npu_reader):2026-09-21-12:13:46.232.377 [device.cpp:128]110933 aclrtGetDeviceImpl: start to execute aclrtGetDevice
[INFO] HCCL(110933,npu_reader):2026-09-21-12:13:46.232.381 [adapter_rts.cc:238] [110933][hrtGetDeviceRefresh]deviceLogicId[2]
[INFO] ASCENDCL(110933,npu_reader):2026-09-21-12:13:46.232.386 [device.cpp:511]110933 aclrtGetPhyDevIdByLogicDevIdImpl: start to execute aclrtGetPhyDevIdByLogicDevId, logicDevId is [2]
[INFO] RUNTIME(110933,npu_reader):2026-09-21-12:13:46.232.391 [api_impl.cc:3295] 110933 GetDevicePhyIdByIndex: get PhyId by Index=2.
[INFO] ASCENDCL(110933,npu_reader):2026-09-21-12:13:46.232.397 [device.cpp:515]110933 aclrtGetPhyDevIdByLogicDevIdImpl: successfully execute aclrtGetPhyDevIdByLogicDevId
[INFO] HCCL(110933,npu_reader):2026-09-21-12:13:46.232.399 [hcomm_c_adpt.cc:68] [110933][RefreshCurrentDeviceContext] deviceLogicId[2], devicePhyId[2].
[INFO] HCCL(110933,npu_reader):2026-09-21-12:13:46.232.404 [aicpu_ts_roce_mem.cc:325] [110933][MemoryUnimport] Begin
[INFO] HCCL(110933,npu_reader):2026-09-21-12:13:46.232.464 [aicpu_ts_roce_mem.cc:350] [110933][AicpuTsRoceRegedMemMgr][MemoryUnimport] erased empty remote mgr, descLen[197] remainingMgrCnt[0]
[INFO] HCCL(110933,npu_reader):2026-09-21-12:13:46.232.467 [aicpu_ts_roce_mem.cc:353] [110933][AicpuTsRoceRegedMemMgr][MemoryUnimport] success descLen[197] key {0xaaab17728000, 4096}
API HcommMemUnimport(endpoint, peer.descriptor.data(), peer.descriptor.size()) => 0
[INFO] ASCENDCL(110933,npu_reader):2026-09-21-12:13:46.232.474 [device.cpp:216]110933 aclrtGetDeviceCountImpl: start to execute aclrtGetDeviceCount
[INFO] ASCENDCL(110933,npu_reader):2026-09-21-12:13:46.232.477 [device.cpp:220]110933 aclrtGetDeviceCountImpl: successfully execute aclrtGetDeviceCount, get device count is 16.
[INFO] HCCL(110933,npu_reader):2026-09-21-12:13:46.232.479 [hcomm_adapter_runtime.cc:58] [110933][HcommAdapterRuntime][ResolveRuntimeDevicePhyId] deviceCount[16], devLogicId[2], devicePhyId[2].
[INFO] HCCL(110933,npu_reader):2026-09-21-12:13:46.232.483 [hcomm_c_adpt.cc:483] [110933][HcommMemUnreg] START. endpointHandle[0xaaab4daab9a0].
[INFO] ASCENDCL(110933,npu_reader):2026-09-21-12:13:46.232.488 [device.cpp:128]110933 aclrtGetDeviceImpl: start to execute aclrtGetDevice
[INFO] HCCL(110933,npu_reader):2026-09-21-12:13:46.232.490 [adapter_rts.cc:238] [110933][hrtGetDeviceRefresh]deviceLogicId[2]
[INFO] ASCENDCL(110933,npu_reader):2026-09-21-12:13:46.232.492 [device.cpp:511]110933 aclrtGetPhyDevIdByLogicDevIdImpl: start to execute aclrtGetPhyDevIdByLogicDevId, logicDevId is [2]
[INFO] RUNTIME(110933,npu_reader):2026-09-21-12:13:46.232.495 [api_impl.cc:3295] 110933 GetDevicePhyIdByIndex: get PhyId by Index=2.
[INFO] ASCENDCL(110933,npu_reader):2026-09-21-12:13:46.232.497 [device.cpp:515]110933 aclrtGetPhyDevIdByLogicDevIdImpl: successfully execute aclrtGetPhyDevIdByLogicDevId
[INFO] HCCL(110933,npu_reader):2026-09-21-12:13:46.232.499 [hcomm_c_adpt.cc:68] [110933][RefreshCurrentDeviceContext] deviceLogicId[2], devicePhyId[2].
[INFO] HCCL(110933,npu_reader):2026-09-21-12:13:46.232.503 [aicpu_ts_roce_mem.cc:135] [110933][UnregisterMemory] Begin
[INFO] HCCL(110933,npu_reader):2026-09-21-12:13:46.232.532 [local_rdma_rma_buffer_impl.cc:101] [110933]Entry-DeDevAddrIdentifierMap: deviceLogicId[2] erased.
[INFO] HCCL(110933,npu_reader):2026-09-21-12:13:46.232.880 [aicpu_ts_roce_mem.cc:187] [110933][AicpuTsRoceRegedMemMgr][UnregisterMemory] success, memHandle[0xaaab4f54a650] key {(nil), 0}
API HcommMemUnreg(endpoint, registration) => 0
[INFO] ASCENDCL(110933,npu_reader):2026-09-21-12:13:46.232.887 [device.cpp:216]110933 aclrtGetDeviceCountImpl: start to execute aclrtGetDeviceCount
[INFO] ASCENDCL(110933,npu_reader):2026-09-21-12:13:46.232.890 [device.cpp:220]110933 aclrtGetDeviceCountImpl: successfully execute aclrtGetDeviceCount, get device count is 16.
[INFO] HCCL(110933,npu_reader):2026-09-21-12:13:46.232.893 [hcomm_adapter_runtime.cc:58] [110933][HcommAdapterRuntime][ResolveRuntimeDevicePhyId] deviceCount[16], devLogicId[2], devicePhyId[2].
[INFO] HCCL(110933,npu_reader):2026-09-21-12:13:46.232.895 [hcomm_c_adpt.cc:390] [110933][HcommEndpointDestroy] START. endpointHandle[0xaaab4daab9a0].
[INFO] ASCENDCL(110933,npu_reader):2026-09-21-12:13:46.232.900 [device.cpp:128]110933 aclrtGetDeviceImpl: start to execute aclrtGetDevice
[INFO] HCCL(110933,npu_reader):2026-09-21-12:13:46.232.902 [adapter_rts.cc:238] [110933][hrtGetDeviceRefresh]deviceLogicId[2]
[INFO] ASCENDCL(110933,npu_reader):2026-09-21-12:13:46.232.905 [device.cpp:511]110933 aclrtGetPhyDevIdByLogicDevIdImpl: start to execute aclrtGetPhyDevIdByLogicDevId, logicDevId is [2]
[INFO] RUNTIME(110933,npu_reader):2026-09-21-12:13:46.232.907 [api_impl.cc:3295] 110933 GetDevicePhyIdByIndex: get PhyId by Index=2.
[INFO] ASCENDCL(110933,npu_reader):2026-09-21-12:13:46.232.909 [device.cpp:515]110933 aclrtGetPhyDevIdByLogicDevIdImpl: successfully execute aclrtGetPhyDevIdByLogicDevId
[INFO] HCCL(110933,npu_reader):2026-09-21-12:13:46.232.912 [hcomm_c_adpt.cc:68] [110933][RefreshCurrentDeviceContext] deviceLogicId[2], devicePhyId[2].
[INFO] HCCL(110933,npu_reader):2026-09-21-12:13:46.232.917 [op_base.cc:113] [110933][HcclGetDeviceId] deviceLogicId[2] 
[INFO] HCCL(110933,npu_reader):2026-09-21-12:13:46.232.973 [aicpu_ts_roce_endpoint.cc:41] [110933][ReleaseListenSocketRefs] netDevRefPhyId_[2], listenRefKeys_.size[0]
[INFO] HCCL(110933,npu_reader):2026-09-21-12:13:46.232.988 [network_manager.cc:72] [110933]NetworkManager::GetInstance deviceLogicID[2].
[INFO] HCCP(110933,npu_reader):2026-09-21-12:13:46.233.004 [ra_host.c:363]tid:110933,RaSocketDeinit : Input parameters: phyId[2] family[2] local_ip[20.168.0.3]
[INFO] HCCL(110933,npu_reader):2026-09-21-12:13:46.233.244 [aicpu_ts_roce_endpoint.cc:135] [110933][AicpuTsRoceEndpoint][ReleaseSharedNetDev] closing HcclNetDev for devicePhyId[2]
[INFO] HCCL(110933,npu_reader):2026-09-21-12:13:46.233.252 [network_manager.cc:72] [110933]NetworkManager::GetInstance deviceLogicID[2].
[INFO] HCCP(110933,npu_reader):2026-09-21-12:13:46.233.258 [ra_host.c:607]tid:110933,RaRdevDeinitParaCheck : Input parameters: phyId[2] rdev_index[0] family[2] local_ip[20.168.0.3]
[INFO] HCCL(110933,npu_reader):2026-09-21-12:13:46.234.640 [network_manager.cc:1018] [110933][NetworkManager] [StopRdmaHandle] devicePhyId_[2] StopRdmaHandle success ip [20.168.0.3]
[INFO] HCCL(110933,npu_reader):2026-09-21-12:13:46.234.646 [network_manager.cc:72] [110933]NetworkManager::GetInstance deviceLogicID[2].
[INFO] TDT(110933,npu_reader):2026-09-21-12:13:46.234.662 [tsd_client.cpp:188][TsdCapabilityGet][tid:110933] TsdCapabilityGet Begin.
[INFO] TDT(110933,npu_reader):2026-09-21-12:13:46.234.671 [process_mode_manager.cpp:1075][CapabilityGet][tid:110933] [ProcessModeManager] enter into CapabilityGet process deviceId[2] type[6].
[INFO] HCCL(110933,npu_reader):2026-09-21-12:13:46.234.675 [adapter_tdt.cc:84] [110933]Get TsdCapability success. deviceLogicId[2]
[INFO] HCCP(110933,npu_reader):2026-09-21-12:13:46.234.681 [ra_init.c:221]tid:110933,RaDeinit : Input parameters: phyId[2], nicPosition:[1]
[INFO] HCCP(110933,npu_reader):2026-09-21-12:13:46.234.686 [ra_hdc_async.c:679]tid:110933,RaHdcDeinitAsync : hdc deinit async start! phyId[2] restore_flag[0]
[WARNING] HCCP(110933,npu_reader):2026-09-21-12:13:46.234.690 [ra_hdc_async.c:682]tid:110933,RaHdcDeinitAsync : hdc async session for phyId[2] is NULL
[INFO] HCCP(110933,npu_reader):2026-09-21-12:13:46.234.693 [ra_hdc.c:905]tid:110933,RaHdcDeinit : hdc deinit start! phyId[2] restore_flag[0]
[INFO] DRV(110933,npu_reader):2026-09-21-12:13:46.234.880 [hdc_client.c:425][ascend][curpid:110933,110933][drv][hdc][drvHdcClientSessionClose]Destroy client session. (sock=822)
[INFO] NET(110933,npu_reader):2026-09-21-12:13:46.234.975 [dl_hal_function.c:271]DlHalDeinit : dl_hal_deinit success!
[INFO] HCCP(110933,npu_reader):2026-09-21-12:13:46.234.979 [ra_hdc.c:925]tid:110933,RaHdcDeinit : hdc deinit OK! phyId[2]
[INFO] HCCP(110933,npu_reader):2026-09-21-12:13:46.234.983 [ra_host.c:1558]tid:110933,RaSocketSetWhiteListStatus : Input parameters: enable[0]
[INFO] NET(110933,npu_reader):2026-09-21-12:13:46.234.989 [dl_hal_function.c:271]DlHalDeinit : dl_hal_deinit success!
[INFO] TDT(110933,npu_reader):2026-09-21-12:13:46.235.040 [process_mode_manager.cpp:1830][ProcessCloseSubProcList][tid:110933] enter ExecuteClosePidList cnt:1, tsdSupportLevel_:511
[INFO] TDT(110933,npu_reader):2026-09-21-12:13:46.235.053 [process_mode_manager.cpp:1889][ExecuteClosePidList][tid:110933] add close subproc:28352, proctype:0
[INFO] TDT(110933,npu_reader):2026-09-21-12:13:46.235.062 [version_verify.cpp:117][SpecialFeatureCheck][tid:110933] VersionVerify: previous type[60], supported
[INFO] TDT(110933,npu_reader):2026-09-21-12:13:46.235.169 [hdc_client.cpp:116][CommRecvData][tid:110933] recv timeout is:150000 ms
[INFO] TDT(110933,npu_reader):2026-09-21-12:13:46.350.009 [process_mode_msg_parse.cpp:147][ServerToClientMsgProc][tid:110933] [ServerToClientMsgProc] [sessionID=1]
[INFO] TDT(110933,npu_reader):2026-09-21-12:13:46.350.015 [process_mode_msg_parse.cpp:142][DeviceMsgProcess][tid:110933] [TsdClient] DeviceMsgProc recvMsg realDeviceId[2] msgType[61] localDevId[2] rspCode[0]heterogeneousSubPid[28352], tsdSupportLevel_[511]
[INFO] TDT(110933,npu_reader):2026-09-21-12:13:46.350.018 [hdc_client.cpp:134][CommRecvData][tid:110933] [deviceId=2] the Tsd recv data already
[INFO] TDT(110933,npu_reader):2026-09-21-12:13:46.350.021 [process_mode_manager.cpp:1904][ExecuteClosePidList][tid:110933] leave ExecuteClosePidList startindex:0, cnt:1
[INFO] TDT(110933,npu_reader):2026-09-21-12:13:46.350.025 [process_mode_manager.cpp:1864][ProcessCloseSubProcList][tid:110933] ExecuteClosePidList success reserveCnt:1
[INFO] HCCL(110933,npu_reader):2026-09-21-12:13:46.350.028 [network_manager.cc:639] [110933][DeInitV2]finish CloseHccpProcess, phyId[2], hdcType[18], nicDeployment[1], isBackup[0]
[INFO] HCCL(110933,npu_reader):2026-09-21-12:13:46.350.031 [network_manager.cc:643] [110933]NetworkManager: DeInitV2 success, nicPosition[1] ref[0].
API HcommEndpointDestroy(endpoint) => 0
[INFO] RUNTIME(110933,npu_reader):2026-09-21-12:13:46.350.038 [api_impl.cc:2214] 110933 DevFree: device free mem=0x12c0c0014000
API aclrtFree(hbm) => 0
[INFO] ASCENDCL(110933,npu_reader):2026-09-21-12:13:46.350.061 [device.cpp:90]110933 aclrtResetDeviceImpl: start to execute aclrtResetDevice, deviceId = 2.
[INFO] RUNTIME(110933,npu_reader):2026-09-21-12:13:46.350.066 [api_impl.cc:3528] 110933 DeviceReset: Reset device, drv devId=2.
[INFO] RUNTIME(110933,npu_reader):2026-09-21-12:13:46.350.070 [runtime.cc:2503] 110933 PrimaryContextRelease: Context TryDecRef, ts_id=0, count=0x8000000000000000, reset:1
[INFO] RUNTIME(110933,npu_reader):2026-09-21-12:13:46.350.073 [stream_state_callback_manager.cc:66] 110933 Notify: No stream state callback function registered!
[INFO] HCCL(110933,npu_reader):2026-09-21-12:13:46.350.077 [hcomm_res_mgr.cc:114] [110933][OnDeviceResetPre] deviceId[2] state[2] 
[INFO] HCCL(110933,npu_reader):2026-09-21-12:13:46.350.081 [socket_mgr.cc:366] [110933][SocketMgr][DeInit] DeInit devPhyId[2]
[INFO] HCCL(110933,npu_reader):2026-09-21-12:13:46.350.094 [server_socket_mgr.cc:106] [110933][ServerSocketMgr][DeInit] DeInit[2]
[INFO] HCCL(110933,npu_reader):2026-09-21-12:13:46.350.120 [server_socket_manager.cc:219] [110933][ServerSocketManager][DeInit] DeInit[2]
[INFO] HCCL(110933,npu_reader):2026-09-21-12:13:46.350.135 [rdma_handle_manager.cc:474][110933][RdmaHandleManager][DeInit] DeInit[2]
[INFO] HCCL(110933,npu_reader):2026-09-21-12:13:46.350.142 [socket_handle_manager.cc:109][110933][SocketHandleManager][DeInit] DeInit[2]
[INFO] HCCL(110933,npu_reader):2026-09-21-12:13:46.350.146 [hccp_hdc_manager.cc:45][110933][HccpHdcManager::DeInit] deviceLogicId [2]
[WARNING] HCCL(110933,npu_reader):2026-09-21-12:13:46.350.150 [hccp_hdc_manager.cc:49][110933][HccpHdcManager::DeInit] deviceLogicId[2] not ra init
[INFO] RUNTIME(110933,npu_reader):2026-09-21-12:13:46.350.296 [runtime.cc:299] 110933 SetDevProfStatus: devProfStatus_=0, profConfigType=0
[INFO] RUNTIME(110933,npu_reader):2026-09-21-12:13:46.350.307 [ringbuffer_maintain_task_v100.cc:43] 110933 ConstructSqeForRingBufferMaintainTask: RingBufferMaintainTask stream_id:48, task_id:2
[INFO] RUNTIME(110933,npu_reader):2026-09-21-12:13:46.350.312 [task_submit.cc:598] 110933 AllocTaskAndSendStars: device_id=2, ts_id=0, sq_id=1, cq_id=1, stream_id=48, task_id=2, task_type=83(DEVICE_RINGBUFFER_CONTROL), sendSqeNum=1, isSupportASyncRecycle=0, isNeedPostProc=1, davinciHead=0, davinciTail=0, taskHead=0, taskTail=0, bindFlag=0, head=2, tail=3, delay recycle num=0.
[INFO] RUNTIME(110933,npu_reader):2026-09-21-12:13:46.350.576 [stream.cc:1826] 111010 GetFinishedTaskIdBySqHead: stream_id=48, sq_id=1, sqHead=3, nextTaskId=65535, finishedPos=2, endTaskId=2
[INFO] RUNTIME(110933,npu_reader):2026-09-21-12:13:46.350.578 [stream.cc:1826] 110933 GetFinishedTaskIdBySqHead: stream_id=48, sq_id=1, sqHead=3, nextTaskId=65535, finishedPos=2, endTaskId=2
[INFO] RUNTIME(110933,npu_reader):2026-09-21-12:13:46.350.586 [stars_engine.cc:1952] 111010 TaskReclaimBySqHeadForSeparatedStm: device_id=2, stream_id=48, sqHead=3, posHead=2, posTail=3, finishedTaskId=2
[INFO] RUNTIME(110933,npu_reader):2026-09-21-12:13:46.350.593 [stream.cc:1949] 110933 SynchronizeImpl: device_id=2, stream_id=48, task_id=2 has been completed, no concerned cqe.
[INFO] RUNTIME(110933,npu_reader):2026-09-21-12:13:46.350.601 [stars_engine.cc:1896] 111010 RecycleTaskProcessForSeparatedStm: device_id=2, stream_id=48, recycle task_id=2, sqHead=3, sqTail=3, sqeNum=1, resHead=3, resTail=3.
[INFO] RUNTIME(110933,npu_reader):2026-09-21-12:13:46.350.608 [stars_engine.cc:557] 110933 TaskReclaim: Travel all streams, num=2.
[INFO] RUNTIME(110933,npu_reader):2026-09-21-12:13:46.350.627 [stream.cc:1480] 110933 TearDown: stream_id=49, sqId=0, pendingNum=0, isForceRecycle_=1, flag=1, failMode=0.
[INFO] RUNTIME(110933,npu_reader):2026-09-21-12:13:46.350.630 [stream.cc:1567] 110933 TearDown: stream_id=49, delay recycle task num=0.
[INFO] RUNTIME(110933,npu_reader):2026-09-21-12:13:46.350.638 [stream_sqcq_manage.cc:690] 110933 FreeLogicCq: Return(0), threadIdentifier(281467106630176), devId(2), tsId(0), cqId(120), isFastCq(0).
[INFO] RUNTIME(110933,npu_reader):2026-09-21-12:13:46.350.647 [npu_driver_res.cc:884] 110933 StreamUnBindLogicCq: success: deviceId=2, tsId=0, streamId=49, logicCq=120.
[INFO] RUNTIME(110933,npu_reader):2026-09-21-12:13:46.350.663 [npu_driver_res.cc:1736] 110933 LogicCqFree: Succ:device_id=2,ts_id=0,type=2,logic_cq_id=120, drvFlag=0.
[INFO] RUNTIME(110933,npu_reader):2026-09-21-12:13:46.350.833 [stream.cc:289] 110933 FreeStreamId: Free stream_id=49.
[INFO] RUNTIME(110933,npu_reader):2026-09-21-12:13:46.350.837 [stream_sqcq_manage.cc:428] 110933 DeAllocStreamSqCq: deviceId=2, tsId=0, drvFlag=0
[INFO] RUNTIME(110933,npu_reader):2026-09-21-12:13:46.350.840 [npu_driver_res.cc:1618] 110933 NormalSqCqFree: Normal sqcq free, sqId=0, cqId=0, device_id=2, tsId=0, drvFlag=0
[INFO] RUNTIME(110933,npu_reader):2026-09-21-12:13:46.351.682 [npu_driver_res.cc:1626] 110933 NormalSqCqFree: Normal sqcq free success, sqId=0, cqId=0, device_id=2, tsId=0, drvFlag=0
[INFO] RUNTIME(110933,npu_reader):2026-09-21-12:13:46.351.685 [stream_sqcq_manage.cc:440] 110933 DeAllocStreamSqCq: [SqCqManage]success to release sq, sq_id=0, cq_id=0, stream_id=49, is_sq_need_release=1, drvFlag=0.
[INFO] RUNTIME(110933,npu_reader):2026-09-21-12:13:46.351.689 [npu_driver_res.cc:1192] 110933 StreamIdFree: stream id free begin, device_id=2, stream_id=49, ts_id=0, remote_stream_id=0
[INFO] RUNTIME(110933,npu_reader):2026-09-21-12:13:46.351.693 [npu_driver_res.cc:1201] 110933 StreamIdFree: Stream id free success, stream_id=49, device_id=2, tsId=0, streamFlag=1728
[INFO] RUNTIME(110933,npu_reader):2026-09-21-12:13:46.352.642 [stars_engine.cc:219] 111010 RecycleThreadRun: RecycleThreadRun thread leave.
[INFO] RUNTIME(110933,npu_reader):2026-09-21-12:13:46.352.703 [stars_engine.cc:198] 110933 DestroyRecycleThread: Stars engine joined recycle thread OK.
[INFO] RUNTIME(110933,npu_reader):2026-09-21-12:13:46.364.590 [global_state_manager.cc:132] 111008 DecBackgroundThreadCount: MonitoringRun thread does not need to be locked. Total:1
[INFO] RUNTIME(110933,npu_reader):2026-09-21-12:13:46.364.599 [stars_engine.cc:1849] 111008 MonitoringRun: Stars Monitor thread has finished, ts_id=0.
[INFO] RUNTIME(110933,npu_reader):2026-09-21-12:13:46.364.631 [stars_engine.cc:156] 110933 Stop: StarsEngine joined monitor thread OK.
[INFO] PROFILING(110933,npu_reader):2026-09-21-12:13:46.364.647 [msprofiler_impl.cpp:355] (tid:110933) ProfNotifySetDevice, not on cmd mode or acl api not ready.
[INFO] RUNTIME(110933,npu_reader):2026-09-21-12:13:46.364.650 [runtime.cc:2824] 110933 DeviceRelease: device_id=2 stop profiling
[INFO] ATRACE(110933,npu_reader):2026-09-21-12:13:46.364.656 [tracer_mgr_operate.c:248](tid:110933) destroy object RUNTIME_ATRACE_DEV2_TS0, exitSave(false).
[INFO] RUNTIME(110933,npu_reader):2026-09-21-12:13:46.364.701 [stream_sqcq_manage.cc:690] 110933 FreeLogicCq: Return(0), threadIdentifier(281467106630176), devId(2), tsId(0), cqId(121), isFastCq(0).
[INFO] RUNTIME(110933,npu_reader):2026-09-21-12:13:46.364.709 [npu_driver_res.cc:884] 110933 StreamUnBindLogicCq: success: deviceId=2, tsId=0, streamId=48, logicCq=121.
[INFO] RUNTIME(110933,npu_reader):2026-09-21-12:13:46.364.717 [npu_driver_res.cc:1736] 110933 LogicCqFree: Succ:device_id=2,ts_id=0,type=2,logic_cq_id=121, drvFlag=0.
[INFO] RUNTIME(110933,npu_reader):2026-09-21-12:13:46.364.730 [stream.cc:289] 110933 FreeStreamId: Free stream_id=48.
[INFO] RUNTIME(110933,npu_reader):2026-09-21-12:13:46.364.733 [stream_sqcq_manage.cc:428] 110933 DeAllocStreamSqCq: deviceId=2, tsId=0, drvFlag=0
[INFO] RUNTIME(110933,npu_reader):2026-09-21-12:13:46.364.738 [npu_driver_res.cc:1618] 110933 NormalSqCqFree: Normal sqcq free, sqId=1, cqId=1, device_id=2, tsId=0, drvFlag=0
[INFO] RUNTIME(110933,npu_reader):2026-09-21-12:13:46.365.243 [npu_driver_res.cc:1626] 110933 NormalSqCqFree: Normal sqcq free success, sqId=1, cqId=1, device_id=2, tsId=0, drvFlag=0
[INFO] RUNTIME(110933,npu_reader):2026-09-21-12:13:46.365.247 [stream_sqcq_manage.cc:440] 110933 DeAllocStreamSqCq: [SqCqManage]success to release sq, sq_id=1, cq_id=1, stream_id=48, is_sq_need_release=1, drvFlag=0.
[INFO] RUNTIME(110933,npu_reader):2026-09-21-12:13:46.365.250 [npu_driver_res.cc:1192] 110933 StreamIdFree: stream id free begin, device_id=2, stream_id=48, ts_id=0, remote_stream_id=0
[INFO] RUNTIME(110933,npu_reader):2026-09-21-12:13:46.365.254 [npu_driver_res.cc:1201] 110933 StreamIdFree: Stream id free success, stream_id=48, device_id=2, tsId=0, streamFlag=64
[INFO] RUNTIME(110933,npu_reader):2026-09-21-12:13:46.370.613 [stars_engine.cc:60] 110933 ~StarsEngine: Destructor.
[INFO] RUNTIME(110933,npu_reader):2026-09-21-12:13:46.370.622 [engine.cc:88] 110933 ~Engine: Destructor.
[INFO] DRV(110933,npu_reader):2026-09-21-12:13:46.370.632 [queue_interface.c:662][ascend][curpid:110933,110933][drv][queuemng][queueDeviceClose]queue close finish. (devId=2)
[INFO] DRV(110933,npu_reader):2026-09-21-12:13:46.370.636 [devmm_svm.c:2615][ascend][curpid:110933,110933][drv][devmm][drvMemDeviceCloseInner]DrvMemDeviceClose. (devid=2)
[INFO] DRV(110933,npu_reader):2026-09-21-12:13:46.370.641 [svm_mem_statistics.c:150][ascend][curpid:110933,110933][drv][devmm][_svm_mem_stats_show]SVM_MEM Mem stats (Bytes). (module_name=HCCP; module_id=28; current_alloced_size=0; allocated_peak_size=1048576; alloc_cnt=1; free_cnt=1)
[INFO] DRV(110933,npu_reader):2026-09-21-12:13:46.370.647 [svm_mem_statistics.c:150][ascend][curpid:110933,110933][drv][devmm][_svm_mem_stats_show]HOST_MEM Mem stats (Bytes). (module_name=RUNTIME; module_id=7; current_alloced_size=0; allocated_peak_size=11341824; alloc_cnt=3; free_cnt=3)
[INFO] DRV(110933,npu_reader):2026-09-21-12:13:46.370.650 [svm_mem_statistics.c:150][ascend][curpid:110933,110933][drv][devmm][_svm_mem_stats_show]HOST_MEM Mem stats (Bytes). (module_name=APP; module_id=33; current_alloced_size=10485760; allocated_peak_size=10485760; alloc_cnt=3; free_cnt=0)
[INFO] DRV(110933,npu_reader):2026-09-21-12:13:46.370.654 [svm_mem_statistics.c:156][ascend][curpid:110933,110933][drv][devmm][_svm_mem_stats_show]HOST_MEM Cached_size:12582912Bytes
[INFO] DRV(110933,npu_reader):2026-09-21-12:13:46.370.657 [svm_mem_statistics.c:150][ascend][curpid:110933,110933][drv][devmm][_svm_mem_stats_show]MEM_DEV_SMALL_HBM dev2 Mem stats (Bytes). (module_name=HCCL; module_id=3; current_alloced_size=0; allocated_peak_size=348160; alloc_cnt=13; free_cnt=13)
[INFO] DRV(110933,npu_reader):2026-09-21-12:13:46.370.660 [svm_mem_statistics.c:150][ascend][curpid:110933,110933][drv][devmm][_svm_mem_stats_show]MEM_DEV_SMALL_HBM dev2 Mem stats (Bytes). (module_name=RUNTIME; module_id=7; current_alloced_size=106496; allocated_peak_size=200704; alloc_cnt=38; free_cnt=12)
[INFO] DRV(110933,npu_reader):2026-09-21-12:13:46.370.663 [svm_mem_statistics.c:150][ascend][curpid:110933,110933][drv][devmm][_svm_mem_stats_show]MEM_DEV_SMALL_HBM dev2 Mem stats (Bytes). (module_name=APP; module_id=33; current_alloced_size=0; allocated_peak_size=12288; alloc_cnt=2; free_cnt=2)
[INFO] DRV(110933,npu_reader):2026-09-21-12:13:46.370.666 [svm_mem_statistics.c:156][ascend][curpid:110933,110933][drv][devmm][_svm_mem_stats_show]MEM_DEV_SMALL_HBM dev2 Cached_size:1990656Bytes
[INFO] DRV(110933,npu_reader):2026-09-21-12:13:46.370.669 [svm_mem_statistics.c:150][ascend][curpid:110933,110933][drv][devmm][_svm_mem_stats_show]MEM_DEV_SMALL_DDR dev2 Mem stats (Bytes). (module_name=UNKNOWN; module_id=0; current_alloced_size=0; allocated_peak_size=4096; alloc_cnt=12; free_cnt=12)
[INFO] DRV(110933,npu_reader):2026-09-21-12:13:46.370.672 [svm_mem_statistics.c:150][ascend][curpid:110933,110933][drv][devmm][_svm_mem_stats_show]MEM_DEV_SMALL_DDR dev2 Mem stats (Bytes). (module_name=RUNTIME; module_id=7; current_alloced_size=0; allocated_peak_size=16384; alloc_cnt=1; free_cnt=1)
[INFO] DRV(110933,npu_reader):2026-09-21-12:13:46.370.678 [svm_mem_statistics.c:156][ascend][curpid:110933,110933][drv][devmm][_svm_mem_stats_show]MEM_DEV_SMALL_DDR dev2 Cached_size:2097152Bytes
[INFO] DRV(110933,npu_reader):2026-09-21-12:13:46.370.683 [svm_mem_statistics.c:150][ascend][curpid:110933,110933][drv][devmm][_svm_mem_stats_show]MEM_DEV_HUGE_HBM dev2 Mem stats (Bytes). (module_name=HCCL; module_id=3; current_alloced_size=0; allocated_peak_size=4194304; alloc_cnt=3; free_cnt=3)
[INFO] DRV(110933,npu_reader):2026-09-21-12:13:46.370.686 [svm_mem_statistics.c:150][ascend][curpid:110933,110933][drv][devmm][_svm_mem_stats_show]MEM_DEV_HUGE_HBM dev2 Mem stats (Bytes). (module_name=RUNTIME; module_id=7; current_alloced_size=0; allocated_peak_size=20971520; alloc_cnt=6; free_cnt=6)
[INFO] DRV(110933,npu_reader):2026-09-21-12:13:46.370.689 [svm_mem_statistics.c:156][ascend][curpid:110933,110933][drv][devmm][_svm_mem_stats_show]MEM_DEV_HUGE_HBM dev2 Cached_size:25165824Bytes
[INFO] DRV(110933,npu_reader):2026-09-21-12:13:46.370.692 [svm_mem_statistics.c:150][ascend][curpid:110933,110933][drv][devmm][_svm_mem_stats_show]MEM_DEV_HUGE_DDR dev2 Mem stats (Bytes). (module_name=RUNTIME; module_id=7; current_alloced_size=0; allocated_peak_size=2097152; alloc_cnt=1; free_cnt=1)
[INFO] DRV(110933,npu_reader):2026-09-21-12:13:46.370.695 [svm_mem_statistics.c:156][ascend][curpid:110933,110933][drv][devmm][_svm_mem_stats_show]MEM_DEV_HUGE_DDR dev2 Cached_size:2097152Bytes
[INFO] DRV(110933,npu_reader):2026-09-21-12:13:46.370.697 [svm_mem_statistics.c:150][ascend][curpid:110933,110933][drv][devmm][_svm_mem_stats_show]MEM_DEV_HUGE_P2P_HBM dev2 Mem stats (Bytes). (module_name=RUNTIME; module_id=7; current_alloced_size=0; allocated_peak_size=8388608; alloc_cnt=6; free_cnt=6)
[INFO] DRV(110933,npu_reader):2026-09-21-12:13:46.370.701 [svm_mem_statistics.c:156][ascend][curpid:110933,110933][drv][devmm][_svm_mem_stats_show]MEM_DEV_HUGE_P2P_HBM dev2 Cached_size:8388608Bytes
[INFO] DRV(110933,npu_reader):2026-09-21-12:13:46.371.337 [devmm_host_mem_pool.c:92][ascend][curpid:110933,110933][drv][devmm][devmm_host_mem_pool_uninit]devmm host mem pool uninit success. (devid=2)
[INFO] DRV(110933,npu_reader):2026-09-21-12:13:46.399.442 [drv_share_log.c:240][ascend][curpid:110933,110933][drv][devmm][share_log_read_in_single_module]Close logical_device. (logical_devid=2; phyid=2; vfid=0; hostpid=913855; devpid=28328)
[INFO] DRV(110933,npu_reader):2026-09-21-12:13:46.401.068 [trs_dev_drv.c:370][ascend][curpid:110933,110933][drv][tsdrv][drvDeviceCloseComm]Close success. (devid=2; fd=10; mmapFd=11)
[INFO] DRV(110933,npu_reader):2026-09-21-12:13:46.412.263 [event_sched.c:1515][ascend][curpid:110933,110933][drv][event-sche][eschedDeviceClose]The devId close success. (devId=2)
[INFO] RUNTIME(110933,npu_reader):2026-09-21-12:13:46.412.269 [npu_driver.cc:402] 110933 DeviceClose: Close device success, device_id=2, tsId=0.
[INFO] RUNTIME(110933,npu_reader):2026-09-21-12:13:46.412.276 [raw_device.cc:164] 110933 ~Device: device destructor.
[INFO] TDT(110933,npu_reader):2026-09-21-12:13:46.412.281 [process_mode_manager.cpp:2030][ParseTsdCloseFlag][tid:110933] Parse tsd close flag [0]
[INFO] TDT(110933,npu_reader):2026-09-21-12:13:46.412.285 [process_mode_manager.cpp:231][Close][tid:110933] [TsdClient] Close [deviceId=2][sessionId=1] hccp and computer enter
[INFO] TDT(110933,npu_reader):2026-09-21-12:13:46.412.292 [version_verify.cpp:117][SpecialFeatureCheck][tid:110933] VersionVerify: previous type[7], supported
[INFO] TDT(110933,npu_reader):2026-09-21-12:13:46.412.354 [process_mode_manager.cpp:235][Close][tid:110933] [TsdClient][deviceId=2] [sessionId=1] wait hccp and computer process close response
[INFO] TDT(110933,npu_reader):2026-09-21-12:13:46.412.358 [hdc_client.cpp:116][CommRecvData][tid:110933] recv timeout is:150000 ms
[INFO] TDT(110933,npu_reader):2026-09-21-12:13:49.474.339 [process_mode_msg_parse.cpp:147][ServerToClientMsgProc][tid:110933] [ServerToClientMsgProc] [sessionID=1]
[INFO] TDT(110933,npu_reader):2026-09-21-12:13:49.474.355 [process_mode_msg_parse.cpp:142][DeviceMsgProcess][tid:110933] [TsdClient] DeviceMsgProc recvMsg realDeviceId[2] msgType[9] localDevId[2] rspCode[0]heterogeneousSubPid[28352], tsdSupportLevel_[511]
[INFO] TDT(110933,npu_reader):2026-09-21-12:13:49.474.358 [hdc_client.cpp:134][CommRecvData][tid:110933] [deviceId=2] the Tsd recv data already
[INFO] TDT(110933,npu_reader):2026-09-21-12:13:49.474.363 [process_mode_manager.cpp:238][Close][tid:110933] [TsdClient][logicDeviceId_=2]has recv close hccp and computer process response
[INFO] TDT(110933,npu_reader):2026-09-21-12:13:49.474.366 [hdc_client.cpp:395][CommDestroy][tid:110933] enter HdcClient::CommDestroy() function
[INFO] DRV(110933,npu_reader):2026-09-21-12:13:49.474.383 [hdc_client.c:425][ascend][curpid:110933,110933][drv][hdc][drvHdcClientSessionClose]Destroy client session. (sock=820)
[INFO] TDT(110933,npu_reader):2026-09-21-12:13:49.474.416 [hdc_client.cpp:378][DestroyClient][tid:110933] begin drvHdcClientDestroy
[INFO] TDT(110933,npu_reader):2026-09-21-12:13:49.474.427 [hdc_client.cpp:383][DestroyClient][tid:110933] end drvHdcClientDestroy
[INFO] TDT(110933,npu_reader):2026-09-21-12:13:49.474.431 [hdc_client.cpp:354][ClearClientPtr][tid:110933] begin HdcClient::ClearClientPtr
[INFO] TDT(110933,npu_reader):2026-09-21-12:13:49.474.436 [hdc_client.cpp:369][ClearClientPtr][tid:110933] end HdcClient::ClearClientPtr
[INFO] TDT(110933,npu_reader):2026-09-21-12:13:49.474.438 [hdc_client.cpp:402][CommDestroy][tid:110933] end HdcClient::CommDestroy() function
[INFO] TDT(110933,npu_reader):2026-09-21-12:13:49.474.458 [process_mode_manager.cpp:255][Close][tid:110933] [TsdClient][deviceId=2] [sessionId=1] close hccp and computer process success
[INFO] RUNTIME(110933,npu_reader):2026-09-21-12:13:49.474.461 [runtime.cc:2027] 110933 StopAicpuExecutor: TsdClose success, userDeviceId=2, devId=2, tdt status=0
[INFO] ATRACE(110933,npu_reader):2026-09-21-12:13:49.474.475 [atrace_client_communication.c:141](tid:110933) send [end] msg.
[INFO] DRV(110933,npu_reader):2026-09-21-12:13:49.474.745 [hdc_core.c:1982][ascend][curpid:110933,110933][drv][hdc][drvHdcSetSessionReference]Get pid number. (session=823; pid=110933)
[INFO] DRV(110933,npu_reader):2026-09-21-12:13:49.475.043 [hdc_client.c:425][ascend][curpid:110933,110933][drv][hdc][drvHdcClientSessionClose]Destroy client session. (sock=823)
[INFO] ATRACE(110933,npu_reader):2026-09-21-12:13:49.475.128 [atrace_client_communication.c:164](tid:110933) send [end] msg successfully.
[INFO] DRV(110933,npu_reader):2026-09-21-12:13:50.378.193 [hdc_client.c:425][ascend][curpid:110933,111007][drv][hdc][drvHdcClientSessionClose]Destroy client session. (sock=821)
[INFO] ATRACE(110933,npu_reader):2026-09-21-12:13:50.378.242 [atrace_client_core.c:127](tid:111007) atrace receive thread exited, devId=2.
[INFO] ATRACE(110933,npu_reader):2026-09-21-12:13:50.378.327 [atrace_client_core.c:176](tid:110933) stop to receive device[2] trace log.
[INFO] DRV(110933,npu_reader):2026-09-21-12:13:50.378.731 [hdc_core.c:1982][ascend][curpid:110933,110933][drv][hdc][drvHdcSetSessionReference]Get pid number. (session=824; pid=110933)
[INFO] DRV(110933,npu_reader):2026-09-21-12:13:50.378.834 [hdc_client.c:425][ascend][curpid:110933,110933][drv][hdc][drvHdcClientSessionClose]Destroy client session. (sock=824)
[INFO] DRV(110933,npu_reader):2026-09-21-12:13:50.649.770 [hdc_client.c:425][ascend][curpid:110933,111006][drv][hdc][drvHdcClientSessionClose]Destroy client session. (sock=818)
[INFO] PROFILING(110933,npu_reader):2026-09-21-12:13:50.650.011 [msprofiler_impl.cpp:355] (tid:110933) ProfNotifySetDevice, not on cmd mode or acl api not ready.
[INFO] RUNTIME(110933,npu_reader):2026-09-21-12:13:50.650.200 [api_impl.cc:3541] 110933 DeviceReset: Succ, drv devId=2.
[INFO] ASCENDCL(110933,npu_reader):2026-09-21-12:13:50.650.210 [device.cpp:92]110933 aclrtResetDeviceImpl: successfully execute aclrtResetDevice, reset device 2.
API aclrtResetDevice(NPU_DEVICE_ID) => 0
[INFO] ASCENDCL(110933,npu_reader):2026-09-21-12:13:50.650.247 [acl.cpp:606]110933 aclFinalizeImpl: start to execute aclFinalize
[INFO] ASCENDCL(110933,npu_reader):2026-09-21-12:13:50.650.257 [acl.cpp:529]110933 aclFinalizeInternal: start to execute aclFinalizeInternal
[INFO] ASCENDCL(110933,npu_reader):2026-09-21-12:13:50.650.344 [resource_statistics.cpp:113]110933 TraverseStatistics: The ResourceType:ACL_STATISTICS_MALLOC_FREE, applyTotal = 34, applySucc = 18, releaseTotal = 18, releaseSucc = 18
[INFO] ASCENDCL(110933,npu_reader):2026-09-21-12:13:50.650.361 [resource_statistics.cpp:113]110933 TraverseStatistics: The ResourceType:ACL_STATISTICS_MALLOC_FREE_HOST, applyTotal = 0, applySucc = 0, releaseTotal = 0, releaseSucc = 0
[INFO] ASCENDCL(110933,npu_reader):2026-09-21-12:13:50.650.365 [resource_statistics.cpp:113]110933 TraverseStatistics: The ResourceType:ACL_STATISTICS_CREATE_DESTROY_CONTEXT, applyTotal = 0, applySucc = 0, releaseTotal = 0, releaseSucc = 0
[INFO] ASCENDCL(110933,npu_reader):2026-09-21-12:13:50.650.368 [resource_statistics.cpp:113]110933 TraverseStatistics: The ResourceType:ACL_STATISTICS_SET_RESET_DEVICE, applyTotal = 1, applySucc = 1, releaseTotal = 1, releaseSucc = 1
[INFO] ASCENDCL(110933,npu_reader):2026-09-21-12:13:50.650.372 [resource_statistics.cpp:113]110933 TraverseStatistics: The ResourceType:ACL_STATISTICS_CREATE_DESTROY_EVENT, applyTotal = 0, applySucc = 0, releaseTotal = 0, releaseSucc = 0
[INFO] ASCENDCL(110933,npu_reader):2026-09-21-12:13:50.650.376 [resource_statistics.cpp:113]110933 TraverseStatistics: The ResourceType:ACL_STATISTICS_CREATE_DESTROY_STREAM, applyTotal = 6, applySucc = 6, releaseTotal = 6, releaseSucc = 6
[INFO] ASCENDCL(110933,npu_reader):2026-09-21-12:13:50.650.379 [resource_statistics.cpp:113]110933 TraverseStatistics: The ResourceType:ACL_STATISTICS_DVPP_MALLOC_FREE, applyTotal = 0, applySucc = 0, releaseTotal = 0, releaseSucc = 0
[INFO] ASCENDCL(110933,npu_reader):2026-09-21-12:13:50.650.383 [resource_statistics.cpp:113]110933 TraverseStatistics: The ResourceType:ACL_STATISTICS_RECORD_RESET_EVENT, applyTotal = 0, applySucc = 0, releaseTotal = 0, releaseSucc = 0
[INFO] ASCENDCL(110933,npu_reader):2026-09-21-12:13:50.650.388 [resource_statistics.cpp:113]110933 TraverseStatistics: The ResourceType:ACL_STATISTICS_CREATE_DESTROY_DATA_BUFFER, applyTotal = 0, applySucc = 0, releaseTotal = 0, releaseSucc = 0
[INFO] ASCENDCL(110933,npu_reader):2026-09-21-12:13:50.650.391 [resource_statistics.cpp:113]110933 TraverseStatistics: The ResourceType:ACL_STATISTICS_CREATE_DESTROY_TENSOR_DESC, applyTotal = 0, applySucc = 0, releaseTotal = 0, releaseSucc = 0
[INFO] ASCENDCL(110933,npu_reader):2026-09-21-12:13:50.650.394 [resource_statistics.cpp:113]110933 TraverseStatistics: The ResourceType:ACL_STATISTICS_CREATE_DESTROY_DESC, applyTotal = 0, applySucc = 0, releaseTotal = 0, releaseSucc = 0
[INFO] ASCENDCL(110933,npu_reader):2026-09-21-12:13:50.650.398 [resource_statistics.cpp:113]110933 TraverseStatistics: The ResourceType:ACL_STATISTICS_CREATE_DESTROY_DATASET, applyTotal = 0, applySucc = 0, releaseTotal = 0, releaseSucc = 0
[INFO] ASCENDCL(110933,npu_reader):2026-09-21-12:13:50.650.402 [resource_statistics.cpp:113]110933 TraverseStatistics: The ResourceType:ACL_STATISTICS_CREATE_LOAD_UNLOAD_MODEL, applyTotal = 0, applySucc = 0, releaseTotal = 0, releaseSucc = 0
[INFO] ASCENDCL(110933,npu_reader):2026-09-21-12:13:50.650.405 [resource_statistics.cpp:113]110933 TraverseStatistics: The ResourceType:ACL_STATISTICS_CREATE_DESTROY_AIPP, applyTotal = 0, applySucc = 0, releaseTotal = 0, releaseSucc = 0
[INFO] ASCENDCL(110933,npu_reader):2026-09-21-12:13:50.650.408 [resource_statistics.cpp:113]110933 TraverseStatistics: The ResourceType:ACL_STATISTICS_CREATE_DESTROY_ATTR, applyTotal = 0, applySucc = 0, releaseTotal = 0, releaseSucc = 0
[INFO] ASCENDCL(110933,npu_reader):2026-09-21-12:13:50.650.412 [resource_statistics.cpp:113]110933 TraverseStatistics: The ResourceType:ACL_STATISTICS_CREATE_DESTROY_HANDLE, applyTotal = 0, applySucc = 0, releaseTotal = 0, releaseSucc = 0
[INFO] ASCENDCL(110933,npu_reader):2026-09-21-12:13:50.650.421 [resource_statistics.cpp:113]110933 TraverseStatistics: The ResourceType:ACL_STATISTICS_CREATE_DESTROY_DVPP_CHANNEL_DESC, applyTotal = 0, applySucc = 0, releaseTotal = 0, releaseSucc = 0
[INFO] ASCENDCL(110933,npu_reader):2026-09-21-12:13:50.650.424 [resource_statistics.cpp:113]110933 TraverseStatistics: The ResourceType:ACL_STATISTICS_CREATE_DESTROY_DVPP_PIC_DESC, applyTotal = 0, applySucc = 0, releaseTotal = 0, releaseSucc = 0
[INFO] ASCENDCL(110933,npu_reader):2026-09-21-12:13:50.650.427 [resource_statistics.cpp:113]110933 TraverseStatistics: The ResourceType:ACL_STATISTICS_CREATE_DESTROY_DVPP_ROI_CONFIG, applyTotal = 0, applySucc = 0, releaseTotal = 0, releaseSucc = 0
[INFO] ASCENDCL(110933,npu_reader):2026-09-21-12:13:50.650.431 [resource_statistics.cpp:113]110933 TraverseStatistics: The ResourceType:ACL_STATISTICS_CREATE_DESTROY_DVPP_RESIZE_CONFIG, applyTotal = 0, applySucc = 0, releaseTotal = 0, releaseSucc = 0
[INFO] ASCENDCL(110933,npu_reader):2026-09-21-12:13:50.650.435 [resource_statistics.cpp:113]110933 TraverseStatistics: The ResourceType:ACL_STATISTICS_CREATE_DESTROY_DVPP_JPEGE_CONFIG, applyTotal = 0, applySucc = 0, releaseTotal = 0, releaseSucc = 0
[INFO] ASCENDCL(110933,npu_reader):2026-09-21-12:13:50.650.438 [resource_statistics.cpp:113]110933 TraverseStatistics: The ResourceType:ACL_STATISTICS_CREATE_DESTROY_VDEC_CHANNEL_DESC, applyTotal = 0, applySucc = 0, releaseTotal = 0, releaseSucc = 0
[INFO] ASCENDCL(110933,npu_reader):2026-09-21-12:13:50.650.441 [resource_statistics.cpp:113]110933 TraverseStatistics: The ResourceType:ACL_STATISTICS_CREATE_DESTROY_VENC_CHANNEL_DESC, applyTotal = 0, applySucc = 0, releaseTotal = 0, releaseSucc = 0
[INFO] ASCENDCL(110933,npu_reader):2026-09-21-12:13:50.650.445 [resource_statistics.cpp:113]110933 TraverseStatistics: The ResourceType:ACL_STATISTICS_CREATE_DESTROY_DVPP_STREAM_DESC, applyTotal = 0, applySucc = 0, releaseTotal = 0, releaseSucc = 0
[INFO] ASCENDCL(110933,npu_reader):2026-09-21-12:13:50.650.449 [resource_statistics.cpp:113]110933 TraverseStatistics: The ResourceType:ACL_STATISTICS_CREATE_DESTROY_VDEC_FRAME_CONFIG, applyTotal = 0, applySucc = 0, releaseTotal = 0, releaseSucc = 0
[INFO] ASCENDCL(110933,npu_reader):2026-09-21-12:13:50.650.452 [resource_statistics.cpp:113]110933 TraverseStatistics: The ResourceType:ACL_STATISTICS_CREATE_DESTROY_VENC_FRAME_CONFIG, applyTotal = 0, applySucc = 0, releaseTotal = 0, releaseSucc = 0
[INFO] ASCENDCL(110933,npu_reader):2026-09-21-12:13:50.650.456 [resource_statistics.cpp:113]110933 TraverseStatistics: The ResourceType:ACL_STATISTICS_CREATE_DESTROY_DVPP_CHANNEL, applyTotal = 0, applySucc = 0, releaseTotal = 0, releaseSucc = 0
[INFO] ASCENDCL(110933,npu_reader):2026-09-21-12:13:50.650.459 [resource_statistics.cpp:113]110933 TraverseStatistics: The ResourceType:ACL_STATISTICS_CREATE_DESTROY_VDEC_CHANNEL, applyTotal = 0, applySucc = 0, releaseTotal = 0, releaseSucc = 0
[INFO] ASCENDCL(110933,npu_reader):2026-09-21-12:13:50.650.463 [resource_statistics.cpp:113]110933 TraverseStatistics: The ResourceType:ACL_STATISTICS_CREATE_DESTROY_VENC_CHANNEL, applyTotal = 0, applySucc = 0, releaseTotal = 0, releaseSucc = 0
[INFO] ASCENDCL(110933,npu_reader):2026-09-21-12:13:50.650.465 [resource_statistics.cpp:113]110933 TraverseStatistics: The ResourceType:ACL_STATISTICS_CREATE_DESTROY_DVPP_BATCH_PIC_DESC, applyTotal = 0, applySucc = 0, releaseTotal = 0, releaseSucc = 0
[INFO] ASCENDCL(110933,npu_reader):2026-09-21-12:13:50.650.469 [resource_statistics.cpp:113]110933 TraverseStatistics: The ResourceType:ACL_STATISTICS_CREATE_DESTROY_GROUP_INFO, applyTotal = 0, applySucc = 0, releaseTotal = 0, releaseSucc = 0
[INFO] ASCENDCL(110933,npu_reader):2026-09-21-12:13:50.650.473 [resource_statistics.cpp:113]110933 TraverseStatistics: The ResourceType:ACL_STATISTICS_CREATE_DESTROY_PROF_CONFIG, applyTotal = 0, applySucc = 0, releaseTotal = 0, releaseSucc = 0
[INFO] ASCENDCL(110933,npu_reader):2026-09-21-12:13:50.650.477 [resource_statistics.cpp:113]110933 TraverseStatistics: The ResourceType:ACL_STATISTICS_CREATE_DESTROY_PROF_SUB_CONFIG, applyTotal = 0, applySucc = 0, releaseTotal = 0, releaseSucc = 0
[INFO] ASCENDCL(110933,npu_reader):2026-09-21-12:13:50.650.482 [resource_statistics.cpp:113]110933 TraverseStatistics: The ResourceType:ACL_STATISTICS_CREATE_DESTROY_MODEL_CONFIG, applyTotal = 0, applySucc = 0, releaseTotal = 0, releaseSucc = 0
[INFO] ASCENDCL(110933,npu_reader):2026-09-21-12:13:50.650.486 [resource_statistics.cpp:113]110933 TraverseStatistics: The ResourceType:ACL_STATISTICS_CREATE_DESTROY_QUEUE_ID, applyTotal = 0, applySucc = 0, releaseTotal = 0, releaseSucc = 0
[INFO] ASCENDCL(110933,npu_reader):2026-09-21-12:13:50.650.489 [resource_statistics.cpp:113]110933 TraverseStatistics: The ResourceType:ACL_STATISTICS_CREATE_DESTROY_QUEUE_ATTR, applyTotal = 0, applySucc = 0, releaseTotal = 0, releaseSucc = 0
[INFO] ASCENDCL(110933,npu_reader):2026-09-21-12:13:50.650.494 [resource_statistics.cpp:113]110933 TraverseStatistics: The ResourceType:ACL_STATISTICS_CREATE_DESTROY_QUEUE_ROUTE, applyTotal = 0, applySucc = 0, releaseTotal = 0, releaseSucc = 0
[INFO] ASCENDCL(110933,npu_reader):2026-09-21-12:13:50.650.497 [resource_statistics.cpp:113]110933 TraverseStatistics: The ResourceType:ACL_STATISTICS_CREATE_DESTROY_QUEUE_ROUTE_LIST, applyTotal = 0, applySucc = 0, releaseTotal = 0, releaseSucc = 0
[INFO] ASCENDCL(110933,npu_reader):2026-09-21-12:13:50.650.499 [resource_statistics.cpp:113]110933 TraverseStatistics: The ResourceType:ACL_STATISTICS_CREATE_DESTROY_QUEUE_ROUTE_QUERY, applyTotal = 0, applySucc = 0, releaseTotal = 0, releaseSucc = 0
[INFO] ASCENDCL(110933,npu_reader):2026-09-21-12:13:50.650.503 [resource_statistics.cpp:113]110933 TraverseStatistics: The ResourceType:ACL_STATISTICS_CREATE_DESTROY_MBUF, applyTotal = 0, applySucc = 0, releaseTotal = 0, releaseSucc = 0
[INFO] ASCENDCL(110933,npu_reader):2026-09-21-12:13:50.650.507 [resource_statistics.cpp:113]110933 TraverseStatistics: The ResourceType:ACL_STATISTICS_CREATE_DESTROY_GRAPH_DUMP_OPTION, applyTotal = 0, applySucc = 0, releaseTotal = 0, releaseSucc = 0
[INFO] ASCENDCL(110933,npu_reader):2026-09-21-12:13:50.650.510 [resource_statistics.cpp:113]110933 TraverseStatistics: The ResourceType:ACL_STATISTICS_CREATE_DESTROY_ALLOCATOR_DESC, applyTotal = 0, applySucc = 0, releaseTotal = 0, releaseSucc = 0
[INFO] ASCENDCL(110933,npu_reader):2026-09-21-12:13:50.650.514 [resource_statistics.cpp:113]110933 TraverseStatistics: The ResourceType:ACL_STATISTICS_CREATE_DESTROY_ALLOCATOR_BINARY_DESC, applyTotal = 0, applySucc = 0, releaseTotal = 0, releaseSucc = 0
[INFO] ASCENDCL(110933,npu_reader):2026-09-21-12:13:50.650.517 [resource_statistics.cpp:113]110933 TraverseStatistics: The ResourceType:ACL_STATISTICS_RESERVE_RELEASE_MEMORY_ADDRESS, applyTotal = 0, applySucc = 0, releaseTotal = 0, releaseSucc = 0
[INFO] ASCENDCL(110933,npu_reader):2026-09-21-12:13:50.650.521 [resource_statistics.cpp:113]110933 TraverseStatistics: The ResourceType:ACL_STATISTICS_MALLOC_FREE_PHYSICAL_MEMORY, applyTotal = 0, applySucc = 0, releaseTotal = 0, releaseSucc = 0
[INFO] ASCENDCL(110933,npu_reader):2026-09-21-12:13:50.650.525 [resource_statistics.cpp:113]110933 TraverseStatistics: The ResourceType:ACL_STATISTICS_MAP_UNMAP_MEMORY, applyTotal = 0, applySucc = 0, releaseTotal = 0, releaseSucc = 0
[INFO] ASCENDCL(110933,npu_reader):2026-09-21-12:13:50.650.528 [resource_statistics.cpp:113]110933 TraverseStatistics: The ResourceType:ACL_STATISTICS_LOAD_UNLOAD_BINARY, applyTotal = 0, applySucc = 0, releaseTotal = 21, releaseSucc = 21
[INFO] PROFILING(110933,npu_reader):2026-09-21-12:13:50.650.536 [dyn_prof_mgr.cpp:79] (tid:110933) Dynamic profiling task has not been started
[WARNING] PROFILING(110933,npu_reader):2026-09-21-12:13:50.650.541 [prof_acl_mgr.cpp:2456] (tid:110933) Skip profiling finalize process because current mode is not common or aclapi.
[INFO] ASCENDCL(110933,npu_reader):2026-09-21-12:13:50.650.556 [acl.cpp:340]110933 IsEnableAutoUCMemeory: auto-uc-memory is enabled.
[INFO] ASCENDCL(110933,npu_reader):2026-09-21-12:13:50.650.562 [acl.cpp:569]110933 aclFinalizeInternal: unregister kernel launch fill function in aclFinalize
[INFO] RUNTIME(110933,npu_reader):2026-09-21-12:13:50.650.575 [runtime.cc:4636] 110933 UnRegKernelLaunchFillFunc: unregister callback finish, symbol:g_opSystemRunCfg.
[INFO] ASCENDCL(110933,npu_reader):2026-09-21-12:13:50.650.580 [acl.cpp:600]110933 aclFinalizeInternal: execute aclFinalizeInternal successfully
[INFO] ASCENDCL(110933,npu_reader):2026-09-21-12:13:50.650.583 [acl.cpp:618]110933 aclFinalizeImpl: successfully execute aclFinalize
API aclFinalize() => 0
[INFO] PROFILING(110933,npu_reader):2026-09-21-12:13:50.650.597 [dyn_prof_mgr.cpp:79] (tid:110933) Dynamic profiling task has not been started
[INFO] ASCENDCL(110933,npu_reader):2026-09-21-12:13:50.650.609 [callback.cpp:193]110933 aclrtRegDeviceStateCallbackImpl: start to execute aclrtRegDeviceStateCallback
[INFO] RUNTIME(110933,npu_reader):2026-09-21-12:13:50.650.617 [api_impl.cc:4386] 110933 RegDeviceStateCallback: Reg device state callback, regName=hcomm_res_mgr.
[INFO] ASCENDCL(110933,npu_reader):2026-09-21-12:13:50.650.623 [callback.cpp:197]110933 aclrtRegDeviceStateCallbackImpl: successfully execute aclrtRegDeviceStateCallback
[INFO] HCCL(110933,npu_reader):2026-09-21-12:13:50.650.634 [hccp_hdc_manager.cc:91][110933][HccpHdcManager] aclrtRegDeviceStateCallback unregister success
[INFO] HCCL(110933,npu_reader):2026-09-21-12:13:50.650.647 [rdma_handle_manager.cc:299][110933][RdmaHandleManager::DestroyAll] destroy all
[INFO] RUNTIME(110933,npu_reader):2026-09-21-12:13:50.651.848 [osal.cc:354] 110933 ThreadExit: ThreadExit start.
[INFO] RUNTIME(110933,npu_reader):2026-09-21-12:13:50.651.861 [global_state_manager.cc:98] 110933 ForceUnlocked: already in RUNNING state, no action needed
[INFO] HCCL(110933,npu_reader):2026-09-21-12:13:50.661.532 [cluster_monitor.cc:744] [110933][DeInit] heartbeat deinit begin.
[INFO] HCCL(110933,npu_reader):2026-09-21-12:13:50.665.071 [cluster_monitor.cc:768] [110933][DeInit] heartbeat deinit end.
[INFO] HCCL(110933,npu_reader):2026-09-21-12:13:50.665.120 [cluster_monitor.cc:744] [110933][DeInit] heartbeat deinit begin.
[INFO] HCCL(110933,npu_reader):2026-09-21-12:13:50.665.128 [cluster_monitor.cc:768] [110933][DeInit] heartbeat deinit end.
[INFO] HCCL(110933,npu_reader):2026-09-21-12:13:50.665.134 [cluster_monitor.cc:744] [110933][DeInit] heartbeat deinit begin.
[INFO] HCCL(110933,npu_reader):2026-09-21-12:13:50.665.139 [cluster_monitor.cc:768] [110933][DeInit] heartbeat deinit end.
[INFO] HCCL(110933,npu_reader):2026-09-21-12:13:50.665.147 [cluster_monitor.cc:744] [110933][DeInit] heartbeat deinit begin.
[INFO] HCCL(110933,npu_reader):2026-09-21-12:13:50.665.152 [cluster_monitor.cc:768] [110933][DeInit] heartbeat deinit end.
[INFO] HCCL(110933,npu_reader):2026-09-21-12:13:50.665.160 [cluster_monitor.cc:744] [110933][DeInit] heartbeat deinit begin.
[INFO] HCCL(110933,npu_reader):2026-09-21-12:13:50.665.166 [cluster_monitor.cc:768] [110933][DeInit] heartbeat deinit end.
[INFO] HCCL(110933,npu_reader):2026-09-21-12:13:50.665.173 [cluster_monitor.cc:744] [110933][DeInit] heartbeat deinit begin.
[INFO] HCCL(110933,npu_reader):2026-09-21-12:13:50.665.177 [cluster_monitor.cc:768] [110933][DeInit] heartbeat deinit end.
[INFO] HCCL(110933,npu_reader):2026-09-21-12:13:50.665.184 [cluster_monitor.cc:744] [110933][DeInit] heartbeat deinit begin.
[INFO] HCCL(110933,npu_reader):2026-09-21-12:13:50.665.188 [cluster_monitor.cc:768] [110933][DeInit] heartbeat deinit end.
[INFO] HCCL(110933,npu_reader):2026-09-21-12:13:50.665.195 [cluster_monitor.cc:744] [110933][DeInit] heartbeat deinit begin.
[INFO] HCCL(110933,npu_reader):2026-09-21-12:13:50.665.200 [cluster_monitor.cc:768] [110933][DeInit] heartbeat deinit end.
[INFO] HCCL(110933,npu_reader):2026-09-21-12:13:50.665.206 [cluster_monitor.cc:744] [110933][DeInit] heartbeat deinit begin.
[INFO] HCCL(110933,npu_reader):2026-09-21-12:13:50.665.211 [cluster_monitor.cc:768] [110933][DeInit] heartbeat deinit end.
[INFO] HCCL(110933,npu_reader):2026-09-21-12:13:50.665.220 [cluster_monitor.cc:744] [110933][DeInit] heartbeat deinit begin.
[INFO] HCCL(110933,npu_reader):2026-09-21-12:13:50.665.233 [cluster_monitor.cc:768] [110933][DeInit] heartbeat deinit end.
[INFO] HCCL(110933,npu_reader):2026-09-21-12:13:50.665.240 [cluster_monitor.cc:744] [110933][DeInit] heartbeat deinit begin.
[INFO] HCCL(110933,npu_reader):2026-09-21-12:13:50.665.244 [cluster_monitor.cc:768] [110933][DeInit] heartbeat deinit end.
[INFO] HCCL(110933,npu_reader):2026-09-21-12:13:50.665.250 [cluster_monitor.cc:744] [110933][DeInit] heartbeat deinit begin.
[INFO] HCCL(110933,npu_reader):2026-09-21-12:13:50.665.254 [cluster_monitor.cc:768] [110933][DeInit] heartbeat deinit end.
[INFO] HCCL(110933,npu_reader):2026-09-21-12:13:50.665.260 [cluster_monitor.cc:744] [110933][DeInit] heartbeat deinit begin.
[INFO] HCCL(110933,npu_reader):2026-09-21-12:13:50.665.264 [cluster_monitor.cc:768] [110933][DeInit] heartbeat deinit end.
[INFO] HCCL(110933,npu_reader):2026-09-21-12:13:50.665.270 [cluster_monitor.cc:744] [110933][DeInit] heartbeat deinit begin.
[INFO] HCCL(110933,npu_reader):2026-09-21-12:13:50.665.274 [cluster_monitor.cc:768] [110933][DeInit] heartbeat deinit end.
[INFO] HCCL(110933,npu_reader):2026-09-21-12:13:50.665.281 [cluster_monitor.cc:744] [110933][DeInit] heartbeat deinit begin.
[INFO] HCCL(110933,npu_reader):2026-09-21-12:13:50.665.285 [cluster_monitor.cc:768] [110933][DeInit] heartbeat deinit end.
[INFO] HCCL(110933,npu_reader):2026-09-21-12:13:50.665.292 [cluster_monitor.cc:744] [110933][DeInit] heartbeat deinit begin.
[INFO] HCCL(110933,npu_reader):2026-09-21-12:13:50.665.296 [cluster_monitor.cc:768] [110933][DeInit] heartbeat deinit end.
[INFO] HCCL(110933,npu_reader):2026-09-21-12:13:50.665.304 [cluster_monitor.cc:744] [110933][DeInit] heartbeat deinit begin.
[INFO] HCCL(110933,npu_reader):2026-09-21-12:13:50.665.308 [cluster_monitor.cc:768] [110933][DeInit] heartbeat deinit end.
[INFO] HCCL(110933,npu_reader):2026-09-21-12:13:50.665.314 [cluster_monitor.cc:744] [110933][DeInit] heartbeat deinit begin.
[INFO] HCCL(110933,npu_reader):2026-09-21-12:13:50.665.318 [cluster_monitor.cc:768] [110933][DeInit] heartbeat deinit end.
[INFO] HCCL(110933,npu_reader):2026-09-21-12:13:50.665.324 [cluster_monitor.cc:744] [110933][DeInit] heartbeat deinit begin.
[INFO] HCCL(110933,npu_reader):2026-09-21-12:13:50.665.329 [cluster_monitor.cc:768] [110933][DeInit] heartbeat deinit end.
[INFO] HCCL(110933,npu_reader):2026-09-21-12:13:50.665.336 [cluster_monitor.cc:744] [110933][DeInit] heartbeat deinit begin.
[INFO] HCCL(110933,npu_reader):2026-09-21-12:13:50.665.340 [cluster_monitor.cc:768] [110933][DeInit] heartbeat deinit end.
[INFO] HCCL(110933,npu_reader):2026-09-21-12:13:50.665.345 [cluster_monitor.cc:744] [110933][DeInit] heartbeat deinit begin.
[INFO] HCCL(110933,npu_reader):2026-09-21-12:13:50.665.349 [cluster_monitor.cc:768] [110933][DeInit] heartbeat deinit end.
[INFO] HCCL(110933,npu_reader):2026-09-21-12:13:50.665.355 [cluster_monitor.cc:744] [110933][DeInit] heartbeat deinit begin.
[INFO] HCCL(110933,npu_reader):2026-09-21-12:13:50.665.359 [cluster_monitor.cc:768] [110933][DeInit] heartbeat deinit end.
[INFO] HCCL(110933,npu_reader):2026-09-21-12:13:50.665.365 [cluster_monitor.cc:744] [110933][DeInit] heartbeat deinit begin.
[INFO] HCCL(110933,npu_reader):2026-09-21-12:13:50.665.369 [cluster_monitor.cc:768] [110933][DeInit] heartbeat deinit end.
[INFO] HCCL(110933,npu_reader):2026-09-21-12:13:50.665.375 [cluster_monitor.cc:744] [110933][DeInit] heartbeat deinit begin.
[INFO] HCCL(110933,npu_reader):2026-09-21-12:13:50.665.379 [cluster_monitor.cc:768] [110933][DeInit] heartbeat deinit end.
[INFO] HCCL(110933,npu_reader):2026-09-21-12:13:50.665.385 [cluster_monitor.cc:744] [110933][DeInit] heartbeat deinit begin.
[INFO] HCCL(110933,npu_reader):2026-09-21-12:13:50.665.389 [cluster_monitor.cc:768] [110933][DeInit] heartbeat deinit end.
[INFO] HCCL(110933,npu_reader):2026-09-21-12:13:50.665.395 [cluster_monitor.cc:744] [110933][DeInit] heartbeat deinit begin.
[INFO] HCCL(110933,npu_reader):2026-09-21-12:13:50.665.399 [cluster_monitor.cc:768] [110933][DeInit] heartbeat deinit end.
[INFO] HCCL(110933,npu_reader):2026-09-21-12:13:50.665.436 [cluster_monitor.cc:744] [110933][DeInit] heartbeat deinit begin.
[INFO] HCCL(110933,npu_reader):2026-09-21-12:13:50.665.440 [cluster_monitor.cc:768] [110933][DeInit] heartbeat deinit end.
[INFO] HCCL(110933,npu_reader):2026-09-21-12:13:50.665.446 [cluster_monitor.cc:744] [110933][DeInit] heartbeat deinit begin.
[INFO] HCCL(110933,npu_reader):2026-09-21-12:13:50.665.450 [cluster_monitor.cc:768] [110933][DeInit] heartbeat deinit end.
[INFO] HCCL(110933,npu_reader):2026-09-21-12:13:50.665.455 [cluster_monitor.cc:744] [110933][DeInit] heartbeat deinit begin.
[INFO] HCCL(110933,npu_reader):2026-09-21-12:13:50.665.459 [cluster_monitor.cc:768] [110933][DeInit] heartbeat deinit end.
[INFO] HCCL(110933,npu_reader):2026-09-21-12:13:50.665.465 [cluster_monitor.cc:744] [110933][DeInit] heartbeat deinit begin.
[INFO] HCCL(110933,npu_reader):2026-09-21-12:13:50.665.469 [cluster_monitor.cc:768] [110933][DeInit] heartbeat deinit end.
[INFO] HCCL(110933,npu_reader):2026-09-21-12:13:50.665.474 [cluster_monitor.cc:744] [110933][DeInit] heartbeat deinit begin.
[INFO] HCCL(110933,npu_reader):2026-09-21-12:13:50.665.478 [cluster_monitor.cc:768] [110933][DeInit] heartbeat deinit end.
[INFO] HCCL(110933,npu_reader):2026-09-21-12:13:50.665.484 [cluster_monitor.cc:744] [110933][DeInit] heartbeat deinit begin.
[INFO] HCCL(110933,npu_reader):2026-09-21-12:13:50.665.488 [cluster_monitor.cc:768] [110933][DeInit] heartbeat deinit end.
[INFO] HCCL(110933,npu_reader):2026-09-21-12:13:50.665.495 [cluster_monitor.cc:744] [110933][DeInit] heartbeat deinit begin.
[INFO] HCCL(110933,npu_reader):2026-09-21-12:13:50.665.498 [cluster_monitor.cc:768] [110933][DeInit] heartbeat deinit end.
[INFO] HCCL(110933,npu_reader):2026-09-21-12:13:50.665.504 [cluster_monitor.cc:744] [110933][DeInit] heartbeat deinit begin.
[INFO] HCCL(110933,npu_reader):2026-09-21-12:13:50.665.508 [cluster_monitor.cc:768] [110933][DeInit] heartbeat deinit end.
[INFO] HCCL(110933,npu_reader):2026-09-21-12:13:50.665.514 [cluster_monitor.cc:744] [110933][DeInit] heartbeat deinit begin.
[INFO] HCCL(110933,npu_reader):2026-09-21-12:13:50.665.518 [cluster_monitor.cc:768] [110933][DeInit] heartbeat deinit end.
[INFO] HCCL(110933,npu_reader):2026-09-21-12:13:50.665.524 [cluster_monitor.cc:744] [110933][DeInit] heartbeat deinit begin.
[INFO] HCCL(110933,npu_reader):2026-09-21-12:13:50.665.528 [cluster_monitor.cc:768] [110933][DeInit] heartbeat deinit end.
[INFO] HCCL(110933,npu_reader):2026-09-21-12:13:50.665.534 [cluster_monitor.cc:744] [110933][DeInit] heartbeat deinit begin.
[INFO] HCCL(110933,npu_reader):2026-09-21-12:13:50.665.538 [cluster_monitor.cc:768] [110933][DeInit] heartbeat deinit end.
[INFO] HCCL(110933,npu_reader):2026-09-21-12:13:50.665.544 [cluster_monitor.cc:744] [110933][DeInit] heartbeat deinit begin.
[INFO] HCCL(110933,npu_reader):2026-09-21-12:13:50.665.548 [cluster_monitor.cc:768] [110933][DeInit] heartbeat deinit end.
[INFO] HCCL(110933,npu_reader):2026-09-21-12:13:50.665.554 [cluster_monitor.cc:744] [110933][DeInit] heartbeat deinit begin.
[INFO] HCCL(110933,npu_reader):2026-09-21-12:13:50.665.558 [cluster_monitor.cc:768] [110933][DeInit] heartbeat deinit end.
[INFO] HCCL(110933,npu_reader):2026-09-21-12:13:50.665.564 [cluster_monitor.cc:744] [110933][DeInit] heartbeat deinit begin.
[INFO] HCCL(110933,npu_reader):2026-09-21-12:13:50.665.568 [cluster_monitor.cc:768] [110933][DeInit] heartbeat deinit end.
[INFO] HCCL(110933,npu_reader):2026-09-21-12:13:50.665.574 [cluster_monitor.cc:744] [110933][DeInit] heartbeat deinit begin.
[INFO] HCCL(110933,npu_reader):2026-09-21-12:13:50.665.578 [cluster_monitor.cc:768] [110933][DeInit] heartbeat deinit end.
[INFO] HCCL(110933,npu_reader):2026-09-21-12:13:50.665.584 [cluster_monitor.cc:744] [110933][DeInit] heartbeat deinit begin.
[INFO] HCCL(110933,npu_reader):2026-09-21-12:13:50.665.588 [cluster_monitor.cc:768] [110933][DeInit] heartbeat deinit end.
[INFO] HCCL(110933,npu_reader):2026-09-21-12:13:50.665.595 [cluster_monitor.cc:744] [110933][DeInit] heartbeat deinit begin.
[INFO] HCCL(110933,npu_reader):2026-09-21-12:13:50.665.601 [cluster_monitor.cc:768] [110933][DeInit] heartbeat deinit end.
[INFO] HCCL(110933,npu_reader):2026-09-21-12:13:50.665.607 [cluster_monitor.cc:744] [110933][DeInit] heartbeat deinit begin.
[INFO] HCCL(110933,npu_reader):2026-09-21-12:13:50.665.611 [cluster_monitor.cc:768] [110933][DeInit] heartbeat deinit end.
[INFO] HCCL(110933,npu_reader):2026-09-21-12:13:50.665.617 [cluster_monitor.cc:744] [110933][DeInit] heartbeat deinit begin.
[INFO] HCCL(110933,npu_reader):2026-09-21-12:13:50.665.621 [cluster_monitor.cc:768] [110933][DeInit] heartbeat deinit end.
[INFO] HCCL(110933,npu_reader):2026-09-21-12:13:50.665.627 [cluster_monitor.cc:744] [110933][DeInit] heartbeat deinit begin.
[INFO] HCCL(110933,npu_reader):2026-09-21-12:13:50.665.630 [cluster_monitor.cc:768] [110933][DeInit] heartbeat deinit end.
[INFO] HCCL(110933,npu_reader):2026-09-21-12:13:50.665.637 [cluster_monitor.cc:744] [110933][DeInit] heartbeat deinit begin.
[INFO] HCCL(110933,npu_reader):2026-09-21-12:13:50.665.641 [cluster_monitor.cc:768] [110933][DeInit] heartbeat deinit end.
[INFO] HCCL(110933,npu_reader):2026-09-21-12:13:50.665.648 [cluster_monitor.cc:744] [110933][DeInit] heartbeat deinit begin.
[INFO] HCCL(110933,npu_reader):2026-09-21-12:13:50.665.651 [cluster_monitor.cc:768] [110933][DeInit] heartbeat deinit end.
[INFO] HCCL(110933,npu_reader):2026-09-21-12:13:50.665.658 [cluster_monitor.cc:744] [110933][DeInit] heartbeat deinit begin.
[INFO] HCCL(110933,npu_reader):2026-09-21-12:13:50.665.662 [cluster_monitor.cc:768] [110933][DeInit] heartbeat deinit end.
[INFO] HCCL(110933,npu_reader):2026-09-21-12:13:50.665.668 [cluster_monitor.cc:744] [110933][DeInit] heartbeat deinit begin.
[INFO] HCCL(110933,npu_reader):2026-09-21-12:13:50.665.673 [cluster_monitor.cc:768] [110933][DeInit] heartbeat deinit end.
[INFO] HCCL(110933,npu_reader):2026-09-21-12:13:50.665.678 [cluster_monitor.cc:744] [110933][DeInit] heartbeat deinit begin.
[INFO] HCCL(110933,npu_reader):2026-09-21-12:13:50.665.682 [cluster_monitor.cc:768] [110933][DeInit] heartbeat deinit end.
[INFO] HCCL(110933,npu_reader):2026-09-21-12:13:50.665.690 [cluster_monitor.cc:744] [110933][DeInit] heartbeat deinit begin.
[INFO] HCCL(110933,npu_reader):2026-09-21-12:13:50.665.693 [cluster_monitor.cc:768] [110933][DeInit] heartbeat deinit end.
[INFO] HCCL(110933,npu_reader):2026-09-21-12:13:50.665.701 [cluster_monitor.cc:744] [110933][DeInit] heartbeat deinit begin.
[INFO] HCCL(110933,npu_reader):2026-09-21-12:13:50.665.705 [cluster_monitor.cc:768] [110933][DeInit] heartbeat deinit end.
[INFO] HCCL(110933,npu_reader):2026-09-21-12:13:50.665.711 [cluster_monitor.cc:744] [110933][DeInit] heartbeat deinit begin.
[INFO] HCCL(110933,npu_reader):2026-09-21-12:13:50.665.715 [cluster_monitor.cc:768] [110933][DeInit] heartbeat deinit end.
[INFO] HCCL(110933,npu_reader):2026-09-21-12:13:50.665.721 [cluster_monitor.cc:744] [110933][DeInit] heartbeat deinit begin.
[INFO] HCCL(110933,npu_reader):2026-09-21-12:13:50.665.725 [cluster_monitor.cc:768] [110933][DeInit] heartbeat deinit end.
[INFO] HCCL(110933,npu_reader):2026-09-21-12:13:50.665.732 [cluster_monitor.cc:744] [110933][DeInit] heartbeat deinit begin.
[INFO] HCCL(110933,npu_reader):2026-09-21-12:13:50.665.736 [cluster_monitor.cc:768] [110933][DeInit] heartbeat deinit end.
[INFO] HCCL(110933,npu_reader):2026-09-21-12:13:50.665.743 [cluster_monitor.cc:744] [110933][DeInit] heartbeat deinit begin.
[INFO] HCCL(110933,npu_reader):2026-09-21-12:13:50.665.747 [cluster_monitor.cc:768] [110933][DeInit] heartbeat deinit end.
[INFO] HCCL(110933,npu_reader):2026-09-21-12:13:50.665.754 [cluster_monitor.cc:744] [110933][DeInit] heartbeat deinit begin.
[INFO] HCCL(110933,npu_reader):2026-09-21-12:13:50.665.758 [cluster_monitor.cc:768] [110933][DeInit] heartbeat deinit end.
[INFO] HCCL(110933,npu_reader):2026-09-21-12:13:50.665.763 [cluster_monitor.cc:744] [110933][DeInit] heartbeat deinit begin.
[INFO] HCCL(110933,npu_reader):2026-09-21-12:13:50.665.767 [cluster_monitor.cc:768] [110933][DeInit] heartbeat deinit end.
[INFO] HCCL(110933,npu_reader):2026-09-21-12:13:50.665.775 [cluster_monitor.cc:744] [110933][DeInit] heartbeat deinit begin.
[INFO] HCCL(110933,npu_reader):2026-09-21-12:13:50.665.778 [cluster_monitor.cc:768] [110933][DeInit] heartbeat deinit end.
[INFO] HCCL(110933,npu_reader):2026-09-21-12:13:50.665.784 [cluster_monitor.cc:744] [110933][DeInit] heartbeat deinit begin.
[INFO] HCCL(110933,npu_reader):2026-09-21-12:13:50.665.788 [cluster_monitor.cc:768] [110933][DeInit] heartbeat deinit end.
[INFO] HCCL(110933,npu_reader):2026-09-21-12:13:50.665.794 [cluster_monitor.cc:744] [110933][DeInit] heartbeat deinit begin.
[INFO] HCCL(110933,npu_reader):2026-09-21-12:13:50.665.798 [cluster_monitor.cc:768] [110933][DeInit] heartbeat deinit end.
[INFO] HCCL(110933,npu_reader):2026-09-21-12:13:50.665.804 [cluster_monitor.cc:744] [110933][DeInit] heartbeat deinit begin.
[INFO] HCCL(110933,npu_reader):2026-09-21-12:13:50.665.808 [cluster_monitor.cc:768] [110933][DeInit] heartbeat deinit end.
[INFO] HCCL(110933,npu_reader):2026-09-21-12:13:50.665.816 [cluster_monitor.cc:744] [110933][DeInit] heartbeat deinit begin.
[INFO] HCCL(110933,npu_reader):2026-09-21-12:13:50.665.820 [cluster_monitor.cc:768] [110933][DeInit] heartbeat deinit end.
[INFO] HCCL(110933,npu_reader):2026-09-21-12:13:50.665.827 [cluster_monitor.cc:744] [110933][DeInit] heartbeat deinit begin.
[INFO] HCCL(110933,npu_reader):2026-09-21-12:13:50.665.830 [cluster_monitor.cc:768] [110933][DeInit] heartbeat deinit end.
[INFO] HCCL(110933,npu_reader):2026-09-21-12:13:50.667.932 [global_net_dev_manager.cc:36] [110933][GlobalNetDevMgr][~GlobalNetDevMgr] start.
[INFO] HCCL(110933,npu_reader):2026-09-21-12:13:50.667.949 [global_net_dev_manager.cc:40] [110933][GlobalNetDevMgr][~GlobalNetDevMgr] end.
[INFO] HCCL(110933,npu_reader):2026-09-21-12:13:50.667.951 [global_net_dev_manager.cc:36] [110933][GlobalNetDevMgr][~GlobalNetDevMgr] start.
[INFO] HCCL(110933,npu_reader):2026-09-21-12:13:50.667.953 [global_net_dev_manager.cc:40] [110933][GlobalNetDevMgr][~GlobalNetDevMgr] end.
[INFO] HCCL(110933,npu_reader):2026-09-21-12:13:50.667.956 [global_net_dev_manager.cc:36] [110933][GlobalNetDevMgr][~GlobalNetDevMgr] start.
[INFO] HCCL(110933,npu_reader):2026-09-21-12:13:50.667.958 [global_net_dev_manager.cc:40] [110933][GlobalNetDevMgr][~GlobalNetDevMgr] end.
[INFO] HCCL(110933,npu_reader):2026-09-21-12:13:50.667.960 [global_net_dev_manager.cc:36] [110933][GlobalNetDevMgr][~GlobalNetDevMgr] start.
[INFO] HCCL(110933,npu_reader):2026-09-21-12:13:50.667.962 [global_net_dev_manager.cc:40] [110933][GlobalNetDevMgr][~GlobalNetDevMgr] end.
[INFO] HCCL(110933,npu_reader):2026-09-21-12:13:50.667.964 [global_net_dev_manager.cc:36] [110933][GlobalNetDevMgr][~GlobalNetDevMgr] start.
[INFO] HCCL(110933,npu_reader):2026-09-21-12:13:50.667.967 [global_net_dev_manager.cc:40] [110933][GlobalNetDevMgr][~GlobalNetDevMgr] end.
[INFO] HCCL(110933,npu_reader):2026-09-21-12:13:50.667.969 [global_net_dev_manager.cc:36] [110933][GlobalNetDevMgr][~GlobalNetDevMgr] start.
[INFO] HCCL(110933,npu_reader):2026-09-21-12:13:50.667.971 [global_net_dev_manager.cc:40] [110933][GlobalNetDevMgr][~GlobalNetDevMgr] end.
[INFO] HCCL(110933,npu_reader):2026-09-21-12:13:50.667.973 [global_net_dev_manager.cc:36] [110933][GlobalNetDevMgr][~GlobalNetDevMgr] start.
[INFO] HCCL(110933,npu_reader):2026-09-21-12:13:50.667.975 [global_net_dev_manager.cc:40] [110933][GlobalNetDevMgr][~GlobalNetDevMgr] end.
[INFO] HCCL(110933,npu_reader):2026-09-21-12:13:50.667.977 [global_net_dev_manager.cc:36] [110933][GlobalNetDevMgr][~GlobalNetDevMgr] start.
[INFO] HCCL(110933,npu_reader):2026-09-21-12:13:50.667.979 [global_net_dev_manager.cc:40] [110933][GlobalNetDevMgr][~GlobalNetDevMgr] end.
[INFO] HCCL(110933,npu_reader):2026-09-21-12:13:50.667.981 [global_net_dev_manager.cc:36] [110933][GlobalNetDevMgr][~GlobalNetDevMgr] start.
[INFO] HCCL(110933,npu_reader):2026-09-21-12:13:50.667.983 [global_net_dev_manager.cc:40] [110933][GlobalNetDevMgr][~GlobalNetDevMgr] end.
[INFO] HCCL(110933,npu_reader):2026-09-21-12:13:50.667.988 [global_net_dev_manager.cc:36] [110933][GlobalNetDevMgr][~GlobalNetDevMgr] start.
[INFO] HCCL(110933,npu_reader):2026-09-21-12:13:50.667.990 [global_net_dev_manager.cc:40] [110933][GlobalNetDevMgr][~GlobalNetDevMgr] end.
[INFO] HCCL(110933,npu_reader):2026-09-21-12:13:50.667.992 [global_net_dev_manager.cc:36] [110933][GlobalNetDevMgr][~GlobalNetDevMgr] start.
[INFO] HCCL(110933,npu_reader):2026-09-21-12:13:50.667.994 [global_net_dev_manager.cc:40] [110933][GlobalNetDevMgr][~GlobalNetDevMgr] end.
[INFO] HCCL(110933,npu_reader):2026-09-21-12:13:50.667.996 [global_net_dev_manager.cc:36] [110933][GlobalNetDevMgr][~GlobalNetDevMgr] start.
[INFO] HCCL(110933,npu_reader):2026-09-21-12:13:50.667.998 [global_net_dev_manager.cc:40] [110933][GlobalNetDevMgr][~GlobalNetDevMgr] end.
[INFO] HCCL(110933,npu_reader):2026-09-21-12:13:50.668.000 [global_net_dev_manager.cc:36] [110933][GlobalNetDevMgr][~GlobalNetDevMgr] start.
[INFO] HCCL(110933,npu_reader):2026-09-21-12:13:50.668.003 [global_net_dev_manager.cc:40] [110933][GlobalNetDevMgr][~GlobalNetDevMgr] end.
[INFO] HCCL(110933,npu_reader):2026-09-21-12:13:50.668.005 [global_net_dev_manager.cc:36] [110933][GlobalNetDevMgr][~GlobalNetDevMgr] start.
[INFO] HCCL(110933,npu_reader):2026-09-21-12:13:50.668.007 [global_net_dev_manager.cc:40] [110933][GlobalNetDevMgr][~GlobalNetDevMgr] end.
[INFO] HCCL(110933,npu_reader):2026-09-21-12:13:50.668.009 [global_net_dev_manager.cc:36] [110933][GlobalNetDevMgr][~GlobalNetDevMgr] start.
[INFO] HCCL(110933,npu_reader):2026-09-21-12:13:50.668.011 [global_net_dev_manager.cc:40] [110933][GlobalNetDevMgr][~GlobalNetDevMgr] end.
[INFO] HCCL(110933,npu_reader):2026-09-21-12:13:50.668.013 [global_net_dev_manager.cc:36] [110933][GlobalNetDevMgr][~GlobalNetDevMgr] start.
[INFO] HCCL(110933,npu_reader):2026-09-21-12:13:50.668.015 [global_net_dev_manager.cc:40] [110933][GlobalNetDevMgr][~GlobalNetDevMgr] end.
[INFO] HCCL(110933,npu_reader):2026-09-21-12:13:50.668.017 [global_net_dev_manager.cc:36] [110933][GlobalNetDevMgr][~GlobalNetDevMgr] start.
[INFO] HCCL(110933,npu_reader):2026-09-21-12:13:50.668.019 [global_net_dev_manager.cc:40] [110933][GlobalNetDevMgr][~GlobalNetDevMgr] end.
[INFO] HCCL(110933,npu_reader):2026-09-21-12:13:50.668.021 [global_net_dev_manager.cc:36] [110933][GlobalNetDevMgr][~GlobalNetDevMgr] start.
[INFO] HCCL(110933,npu_reader):2026-09-21-12:13:50.668.024 [global_net_dev_manager.cc:40] [110933][GlobalNetDevMgr][~GlobalNetDevMgr] end.
[INFO] HCCL(110933,npu_reader):2026-09-21-12:13:50.668.026 [global_net_dev_manager.cc:36] [110933][GlobalNetDevMgr][~GlobalNetDevMgr] start.
[INFO] HCCL(110933,npu_reader):2026-09-21-12:13:50.668.028 [global_net_dev_manager.cc:40] [110933][GlobalNetDevMgr][~GlobalNetDevMgr] end.
[INFO] HCCL(110933,npu_reader):2026-09-21-12:13:50.668.030 [global_net_dev_manager.cc:36] [110933][GlobalNetDevMgr][~GlobalNetDevMgr] start.
[INFO] HCCL(110933,npu_reader):2026-09-21-12:13:50.668.032 [global_net_dev_manager.cc:40] [110933][GlobalNetDevMgr][~GlobalNetDevMgr] end.
[INFO] HCCL(110933,npu_reader):2026-09-21-12:13:50.668.034 [global_net_dev_manager.cc:36] [110933][GlobalNetDevMgr][~GlobalNetDevMgr] start.
[INFO] HCCL(110933,npu_reader):2026-09-21-12:13:50.668.036 [global_net_dev_manager.cc:40] [110933][GlobalNetDevMgr][~GlobalNetDevMgr] end.
[INFO] HCCL(110933,npu_reader):2026-09-21-12:13:50.668.038 [global_net_dev_manager.cc:36] [110933][GlobalNetDevMgr][~GlobalNetDevMgr] start.
[INFO] HCCL(110933,npu_reader):2026-09-21-12:13:50.668.040 [global_net_dev_manager.cc:40] [110933][GlobalNetDevMgr][~GlobalNetDevMgr] end.
[INFO] HCCL(110933,npu_reader):2026-09-21-12:13:50.668.042 [global_net_dev_manager.cc:36] [110933][GlobalNetDevMgr][~GlobalNetDevMgr] start.
[INFO] HCCL(110933,npu_reader):2026-09-21-12:13:50.668.044 [global_net_dev_manager.cc:40] [110933][GlobalNetDevMgr][~GlobalNetDevMgr] end.
[INFO] HCCL(110933,npu_reader):2026-09-21-12:13:50.668.046 [global_net_dev_manager.cc:36] [110933][GlobalNetDevMgr][~GlobalNetDevMgr] start.
[INFO] HCCL(110933,npu_reader):2026-09-21-12:13:50.668.048 [global_net_dev_manager.cc:40] [110933][GlobalNetDevMgr][~GlobalNetDevMgr] end.
[INFO] HCCL(110933,npu_reader):2026-09-21-12:13:50.668.052 [global_net_dev_manager.cc:36] [110933][GlobalNetDevMgr][~GlobalNetDevMgr] start.
[INFO] HCCL(110933,npu_reader):2026-09-21-12:13:50.668.054 [global_net_dev_manager.cc:40] [110933][GlobalNetDevMgr][~GlobalNetDevMgr] end.
[INFO] HCCL(110933,npu_reader):2026-09-21-12:13:50.668.056 [global_net_dev_manager.cc:36] [110933][GlobalNetDevMgr][~GlobalNetDevMgr] start.
[INFO] HCCL(110933,npu_reader):2026-09-21-12:13:50.668.059 [global_net_dev_manager.cc:40] [110933][GlobalNetDevMgr][~GlobalNetDevMgr] end.
[INFO] HCCL(110933,npu_reader):2026-09-21-12:13:50.668.061 [global_net_dev_manager.cc:36] [110933][GlobalNetDevMgr][~GlobalNetDevMgr] start.
[INFO] HCCL(110933,npu_reader):2026-09-21-12:13:50.668.063 [global_net_dev_manager.cc:40] [110933][GlobalNetDevMgr][~GlobalNetDevMgr] end.
[INFO] HCCL(110933,npu_reader):2026-09-21-12:13:50.668.065 [global_net_dev_manager.cc:36] [110933][GlobalNetDevMgr][~GlobalNetDevMgr] start.
[INFO] HCCL(110933,npu_reader):2026-09-21-12:13:50.668.067 [global_net_dev_manager.cc:40] [110933][GlobalNetDevMgr][~GlobalNetDevMgr] end.
[INFO] HCCL(110933,npu_reader):2026-09-21-12:13:50.668.069 [global_net_dev_manager.cc:36] [110933][GlobalNetDevMgr][~GlobalNetDevMgr] start.
[INFO] HCCL(110933,npu_reader):2026-09-21-12:13:50.668.071 [global_net_dev_manager.cc:40] [110933][GlobalNetDevMgr][~GlobalNetDevMgr] end.
[INFO] HCCL(110933,npu_reader):2026-09-21-12:13:50.668.073 [global_net_dev_manager.cc:36] [110933][GlobalNetDevMgr][~GlobalNetDevMgr] start.
[INFO] HCCL(110933,npu_reader):2026-09-21-12:13:50.668.075 [global_net_dev_manager.cc:40] [110933][GlobalNetDevMgr][~GlobalNetDevMgr] end.
[INFO] HCCL(110933,npu_reader):2026-09-21-12:13:50.668.077 [global_net_dev_manager.cc:36] [110933][GlobalNetDevMgr][~GlobalNetDevMgr] start.
[INFO] HCCL(110933,npu_reader):2026-09-21-12:13:50.668.080 [global_net_dev_manager.cc:40] [110933][GlobalNetDevMgr][~GlobalNetDevMgr] end.
[INFO] HCCL(110933,npu_reader):2026-09-21-12:13:50.668.082 [global_net_dev_manager.cc:36] [110933][GlobalNetDevMgr][~GlobalNetDevMgr] start.
[INFO] HCCL(110933,npu_reader):2026-09-21-12:13:50.668.084 [global_net_dev_manager.cc:40] [110933][GlobalNetDevMgr][~GlobalNetDevMgr] end.
[INFO] HCCL(110933,npu_reader):2026-09-21-12:13:50.668.086 [global_net_dev_manager.cc:36] [110933][GlobalNetDevMgr][~GlobalNetDevMgr] start.
[INFO] HCCL(110933,npu_reader):2026-09-21-12:13:50.668.088 [global_net_dev_manager.cc:40] [110933][GlobalNetDevMgr][~GlobalNetDevMgr] end.
[INFO] HCCL(110933,npu_reader):2026-09-21-12:13:50.668.090 [global_net_dev_manager.cc:36] [110933][GlobalNetDevMgr][~GlobalNetDevMgr] start.
[INFO] HCCL(110933,npu_reader):2026-09-21-12:13:50.668.092 [global_net_dev_manager.cc:40] [110933][GlobalNetDevMgr][~GlobalNetDevMgr] end.
[INFO] HCCL(110933,npu_reader):2026-09-21-12:13:50.668.094 [global_net_dev_manager.cc:36] [110933][GlobalNetDevMgr][~GlobalNetDevMgr] start.
[INFO] HCCL(110933,npu_reader):2026-09-21-12:13:50.668.096 [global_net_dev_manager.cc:40] [110933][GlobalNetDevMgr][~GlobalNetDevMgr] end.
[INFO] HCCL(110933,npu_reader):2026-09-21-12:13:50.668.098 [global_net_dev_manager.cc:36] [110933][GlobalNetDevMgr][~GlobalNetDevMgr] start.
[INFO] HCCL(110933,npu_reader):2026-09-21-12:13:50.668.100 [global_net_dev_manager.cc:40] [110933][GlobalNetDevMgr][~GlobalNetDevMgr] end.
[INFO] HCCL(110933,npu_reader):2026-09-21-12:13:50.668.102 [global_net_dev_manager.cc:36] [110933][GlobalNetDevMgr][~GlobalNetDevMgr] start.
[INFO] HCCL(110933,npu_reader):2026-09-21-12:13:50.668.105 [global_net_dev_manager.cc:40] [110933][GlobalNetDevMgr][~GlobalNetDevMgr] end.
[INFO] HCCL(110933,npu_reader):2026-09-21-12:13:50.668.107 [global_net_dev_manager.cc:36] [110933][GlobalNetDevMgr][~GlobalNetDevMgr] start.
[INFO] HCCL(110933,npu_reader):2026-09-21-12:13:50.668.109 [global_net_dev_manager.cc:40] [110933][GlobalNetDevMgr][~GlobalNetDevMgr] end.
[INFO] HCCL(110933,npu_reader):2026-09-21-12:13:50.668.111 [global_net_dev_manager.cc:36] [110933][GlobalNetDevMgr][~GlobalNetDevMgr] start.
[INFO] HCCL(110933,npu_reader):2026-09-21-12:13:50.668.115 [global_net_dev_manager.cc:40] [110933][GlobalNetDevMgr][~GlobalNetDevMgr] end.
[INFO] HCCL(110933,npu_reader):2026-09-21-12:13:50.668.117 [global_net_dev_manager.cc:36] [110933][GlobalNetDevMgr][~GlobalNetDevMgr] start.
[INFO] HCCL(110933,npu_reader):2026-09-21-12:13:50.668.119 [global_net_dev_manager.cc:40] [110933][GlobalNetDevMgr][~GlobalNetDevMgr] end.
[INFO] HCCL(110933,npu_reader):2026-09-21-12:13:50.668.121 [global_net_dev_manager.cc:36] [110933][GlobalNetDevMgr][~GlobalNetDevMgr] start.
[INFO] HCCL(110933,npu_reader):2026-09-21-12:13:50.668.123 [global_net_dev_manager.cc:40] [110933][GlobalNetDevMgr][~GlobalNetDevMgr] end.
[INFO] HCCL(110933,npu_reader):2026-09-21-12:13:50.668.160 [global_net_dev_manager.cc:36] [110933][GlobalNetDevMgr][~GlobalNetDevMgr] start.
[INFO] HCCL(110933,npu_reader):2026-09-21-12:13:50.668.163 [global_net_dev_manager.cc:40] [110933][GlobalNetDevMgr][~GlobalNetDevMgr] end.
[INFO] HCCL(110933,npu_reader):2026-09-21-12:13:50.668.165 [global_net_dev_manager.cc:36] [110933][GlobalNetDevMgr][~GlobalNetDevMgr] start.
[INFO] HCCL(110933,npu_reader):2026-09-21-12:13:50.668.167 [global_net_dev_manager.cc:40] [110933][GlobalNetDevMgr][~GlobalNetDevMgr] end.
[INFO] HCCL(110933,npu_reader):2026-09-21-12:13:50.668.169 [global_net_dev_manager.cc:36] [110933][GlobalNetDevMgr][~GlobalNetDevMgr] start.
[INFO] HCCL(110933,npu_reader):2026-09-21-12:13:50.668.171 [global_net_dev_manager.cc:40] [110933][GlobalNetDevMgr][~GlobalNetDevMgr] end.
[INFO] HCCL(110933,npu_reader):2026-09-21-12:13:50.668.173 [global_net_dev_manager.cc:36] [110933][GlobalNetDevMgr][~GlobalNetDevMgr] start.
[INFO] HCCL(110933,npu_reader):2026-09-21-12:13:50.668.175 [global_net_dev_manager.cc:40] [110933][GlobalNetDevMgr][~GlobalNetDevMgr] end.
[INFO] HCCL(110933,npu_reader):2026-09-21-12:13:50.668.177 [global_net_dev_manager.cc:36] [110933][GlobalNetDevMgr][~GlobalNetDevMgr] start.
[INFO] HCCL(110933,npu_reader):2026-09-21-12:13:50.668.179 [global_net_dev_manager.cc:40] [110933][GlobalNetDevMgr][~GlobalNetDevMgr] end.
[INFO] HCCL(110933,npu_reader):2026-09-21-12:13:50.668.181 [global_net_dev_manager.cc:36] [110933][GlobalNetDevMgr][~GlobalNetDevMgr] start.
[INFO] HCCL(110933,npu_reader):2026-09-21-12:13:50.668.184 [global_net_dev_manager.cc:40] [110933][GlobalNetDevMgr][~GlobalNetDevMgr] end.
[INFO] HCCL(110933,npu_reader):2026-09-21-12:13:50.668.186 [global_net_dev_manager.cc:36] [110933][GlobalNetDevMgr][~GlobalNetDevMgr] start.
[INFO] HCCL(110933,npu_reader):2026-09-21-12:13:50.668.188 [global_net_dev_manager.cc:40] [110933][GlobalNetDevMgr][~GlobalNetDevMgr] end.
[INFO] HCCL(110933,npu_reader):2026-09-21-12:13:50.668.190 [global_net_dev_manager.cc:36] [110933][GlobalNetDevMgr][~GlobalNetDevMgr] start.
[INFO] HCCL(110933,npu_reader):2026-09-21-12:13:50.668.192 [global_net_dev_manager.cc:40] [110933][GlobalNetDevMgr][~GlobalNetDevMgr] end.
[INFO] HCCL(110933,npu_reader):2026-09-21-12:13:50.668.194 [global_net_dev_manager.cc:36] [110933][GlobalNetDevMgr][~GlobalNetDevMgr] start.
[INFO] HCCL(110933,npu_reader):2026-09-21-12:13:50.668.196 [global_net_dev_manager.cc:40] [110933][GlobalNetDevMgr][~GlobalNetDevMgr] end.
[INFO] HCCL(110933,npu_reader):2026-09-21-12:13:50.668.198 [global_net_dev_manager.cc:36] [110933][GlobalNetDevMgr][~GlobalNetDevMgr] start.
[INFO] HCCL(110933,npu_reader):2026-09-21-12:13:50.668.200 [global_net_dev_manager.cc:40] [110933][GlobalNetDevMgr][~GlobalNetDevMgr] end.
[INFO] HCCL(110933,npu_reader):2026-09-21-12:13:50.668.202 [global_net_dev_manager.cc:36] [110933][GlobalNetDevMgr][~GlobalNetDevMgr] start.
[INFO] HCCL(110933,npu_reader):2026-09-21-12:13:50.668.204 [global_net_dev_manager.cc:40] [110933][GlobalNetDevMgr][~GlobalNetDevMgr] end.
[INFO] HCCL(110933,npu_reader):2026-09-21-12:13:50.668.206 [global_net_dev_manager.cc:36] [110933][GlobalNetDevMgr][~GlobalNetDevMgr] start.
[INFO] HCCL(110933,npu_reader):2026-09-21-12:13:50.668.209 [global_net_dev_manager.cc:40] [110933][GlobalNetDevMgr][~GlobalNetDevMgr] end.
[INFO] HCCL(110933,npu_reader):2026-09-21-12:13:50.668.212 [global_net_dev_manager.cc:36] [110933][GlobalNetDevMgr][~GlobalNetDevMgr] start.
[INFO] HCCL(110933,npu_reader):2026-09-21-12:13:50.668.214 [global_net_dev_manager.cc:40] [110933][GlobalNetDevMgr][~GlobalNetDevMgr] end.
[INFO] HCCL(110933,npu_reader):2026-09-21-12:13:50.668.216 [global_net_dev_manager.cc:36] [110933][GlobalNetDevMgr][~GlobalNetDevMgr] start.
[INFO] HCCL(110933,npu_reader):2026-09-21-12:13:50.668.219 [global_net_dev_manager.cc:40] [110933][GlobalNetDevMgr][~GlobalNetDevMgr] end.
[INFO] HCCL(110933,npu_reader):2026-09-21-12:13:50.668.221 [global_net_dev_manager.cc:36] [110933][GlobalNetDevMgr][~GlobalNetDevMgr] start.
[INFO] HCCL(110933,npu_reader):2026-09-21-12:13:50.668.223 [global_net_dev_manager.cc:40] [110933][GlobalNetDevMgr][~GlobalNetDevMgr] end.
[INFO] HCCL(110933,npu_reader):2026-09-21-12:13:50.668.225 [global_net_dev_manager.cc:36] [110933][GlobalNetDevMgr][~GlobalNetDevMgr] start.
[INFO] HCCL(110933,npu_reader):2026-09-21-12:13:50.668.227 [global_net_dev_manager.cc:40] [110933][GlobalNetDevMgr][~GlobalNetDevMgr] end.
[INFO] HCCL(110933,npu_reader):2026-09-21-12:13:50.668.229 [global_net_dev_manager.cc:36] [110933][GlobalNetDevMgr][~GlobalNetDevMgr] start.
[INFO] HCCL(110933,npu_reader):2026-09-21-12:13:50.668.231 [global_net_dev_manager.cc:40] [110933][GlobalNetDevMgr][~GlobalNetDevMgr] end.
[INFO] HCCL(110933,npu_reader):2026-09-21-12:13:50.668.233 [global_net_dev_manager.cc:36] [110933][GlobalNetDevMgr][~GlobalNetDevMgr] start.
[INFO] HCCL(110933,npu_reader):2026-09-21-12:13:50.668.235 [global_net_dev_manager.cc:40] [110933][GlobalNetDevMgr][~GlobalNetDevMgr] end.
[INFO] HCCL(110933,npu_reader):2026-09-21-12:13:50.668.237 [global_net_dev_manager.cc:36] [110933][GlobalNetDevMgr][~GlobalNetDevMgr] start.
[INFO] HCCL(110933,npu_reader):2026-09-21-12:13:50.668.239 [global_net_dev_manager.cc:40] [110933][GlobalNetDevMgr][~GlobalNetDevMgr] end.
[INFO] HCCL(110933,npu_reader):2026-09-21-12:13:50.668.241 [global_net_dev_manager.cc:36] [110933][GlobalNetDevMgr][~GlobalNetDevMgr] start.
[INFO] HCCL(110933,npu_reader):2026-09-21-12:13:50.668.243 [global_net_dev_manager.cc:40] [110933][GlobalNetDevMgr][~GlobalNetDevMgr] end.
[INFO] HCCL(110933,npu_reader):2026-09-21-12:13:50.668.245 [global_net_dev_manager.cc:36] [110933][GlobalNetDevMgr][~GlobalNetDevMgr] start.
[INFO] HCCL(110933,npu_reader):2026-09-21-12:13:50.668.247 [global_net_dev_manager.cc:40] [110933][GlobalNetDevMgr][~GlobalNetDevMgr] end.
[INFO] HCCL(110933,npu_reader):2026-09-21-12:13:50.668.249 [global_net_dev_manager.cc:36] [110933][GlobalNetDevMgr][~GlobalNetDevMgr] start.
[INFO] HCCL(110933,npu_reader):2026-09-21-12:13:50.668.252 [global_net_dev_manager.cc:40] [110933][GlobalNetDevMgr][~GlobalNetDevMgr] end.
[INFO] HCCL(110933,npu_reader):2026-09-21-12:13:50.668.254 [global_net_dev_manager.cc:36] [110933][GlobalNetDevMgr][~GlobalNetDevMgr] start.
[INFO] HCCL(110933,npu_reader):2026-09-21-12:13:50.668.256 [global_net_dev_manager.cc:40] [110933][GlobalNetDevMgr][~GlobalNetDevMgr] end.
[INFO] HCCL(110933,npu_reader):2026-09-21-12:13:50.668.258 [global_net_dev_manager.cc:36] [110933][GlobalNetDevMgr][~GlobalNetDevMgr] start.
[INFO] HCCL(110933,npu_reader):2026-09-21-12:13:50.668.260 [global_net_dev_manager.cc:40] [110933][GlobalNetDevMgr][~GlobalNetDevMgr] end.
[INFO] HCCL(110933,npu_reader):2026-09-21-12:13:50.668.262 [global_net_dev_manager.cc:36] [110933][GlobalNetDevMgr][~GlobalNetDevMgr] start.
[INFO] HCCL(110933,npu_reader):2026-09-21-12:13:50.668.264 [global_net_dev_manager.cc:40] [110933][GlobalNetDevMgr][~GlobalNetDevMgr] end.
[INFO] HCCL(110933,npu_reader):2026-09-21-12:13:50.719.734 [network_manager.cc:1442] [110933]destroy all nic/vnic.
[INFO] HCCL(110933,npu_reader):2026-09-21-12:13:50.719.791 [network_manager.cc:1442] [110933]destroy all nic/vnic.
[INFO] HCCL(110933,npu_reader):2026-09-21-12:13:50.719.794 [network_manager.cc:1442] [110933]destroy all nic/vnic.
[INFO] HCCL(110933,npu_reader):2026-09-21-12:13:50.719.798 [network_manager.cc:1442] [110933]destroy all nic/vnic.
[INFO] HCCL(110933,npu_reader):2026-09-21-12:13:50.719.810 [network_manager.cc:1442] [110933]destroy all nic/vnic.
[INFO] HCCL(110933,npu_reader):2026-09-21-12:13:50.719.815 [network_manager.cc:1442] [110933]destroy all nic/vnic.
[INFO] HCCL(110933,npu_reader):2026-09-21-12:13:50.719.819 [network_manager.cc:1442] [110933]destroy all nic/vnic.
[INFO] HCCL(110933,npu_reader):2026-09-21-12:13:50.719.823 [network_manager.cc:1442] [110933]destroy all nic/vnic.
[INFO] HCCL(110933,npu_reader):2026-09-21-12:13:50.719.828 [network_manager.cc:1442] [110933]destroy all nic/vnic.
[INFO] HCCL(110933,npu_reader):2026-09-21-12:13:50.719.831 [network_manager.cc:1442] [110933]destroy all nic/vnic.
[INFO] HCCL(110933,npu_reader):2026-09-21-12:13:50.719.835 [network_manager.cc:1442] [110933]destroy all nic/vnic.
[INFO] HCCL(110933,npu_reader):2026-09-21-12:13:50.719.839 [network_manager.cc:1442] [110933]destroy all nic/vnic.
[INFO] HCCL(110933,npu_reader):2026-09-21-12:13:50.719.844 [network_manager.cc:1442] [110933]destroy all nic/vnic.
[INFO] HCCL(110933,npu_reader):2026-09-21-12:13:50.719.847 [network_manager.cc:1442] [110933]destroy all nic/vnic.
[INFO] HCCL(110933,npu_reader):2026-09-21-12:13:50.719.852 [network_manager.cc:1442] [110933]destroy all nic/vnic.
[INFO] HCCL(110933,npu_reader):2026-09-21-12:13:50.719.855 [network_manager.cc:1442] [110933]destroy all nic/vnic.
[INFO] HCCL(110933,npu_reader):2026-09-21-12:13:50.719.860 [network_manager.cc:1442] [110933]destroy all nic/vnic.
[INFO] HCCL(110933,npu_reader):2026-09-21-12:13:50.719.864 [network_manager.cc:1442] [110933]destroy all nic/vnic.
[INFO] HCCL(110933,npu_reader):2026-09-21-12:13:50.719.867 [network_manager.cc:1442] [110933]destroy all nic/vnic.
[INFO] HCCL(110933,npu_reader):2026-09-21-12:13:50.719.870 [network_manager.cc:1442] [110933]destroy all nic/vnic.
[INFO] HCCL(110933,npu_reader):2026-09-21-12:13:50.719.873 [network_manager.cc:1442] [110933]destroy all nic/vnic.
[INFO] HCCL(110933,npu_reader):2026-09-21-12:13:50.719.877 [network_manager.cc:1442] [110933]destroy all nic/vnic.
[INFO] HCCL(110933,npu_reader):2026-09-21-12:13:50.719.881 [network_manager.cc:1442] [110933]destroy all nic/vnic.
[INFO] HCCL(110933,npu_reader):2026-09-21-12:13:50.719.884 [network_manager.cc:1442] [110933]destroy all nic/vnic.
[INFO] HCCL(110933,npu_reader):2026-09-21-12:13:50.719.887 [network_manager.cc:1442] [110933]destroy all nic/vnic.
[INFO] HCCL(110933,npu_reader):2026-09-21-12:13:50.719.891 [network_manager.cc:1442] [110933]destroy all nic/vnic.
[INFO] HCCL(110933,npu_reader):2026-09-21-12:13:50.719.894 [network_manager.cc:1442] [110933]destroy all nic/vnic.
[INFO] HCCL(110933,npu_reader):2026-09-21-12:13:50.719.899 [network_manager.cc:1442] [110933]destroy all nic/vnic.
[INFO] HCCL(110933,npu_reader):2026-09-21-12:13:50.719.903 [network_manager.cc:1442] [110933]destroy all nic/vnic.
[INFO] HCCL(110933,npu_reader):2026-09-21-12:13:50.719.906 [network_manager.cc:1442] [110933]destroy all nic/vnic.
[INFO] HCCL(110933,npu_reader):2026-09-21-12:13:50.719.909 [network_manager.cc:1442] [110933]destroy all nic/vnic.
[INFO] HCCL(110933,npu_reader):2026-09-21-12:13:50.719.911 [network_manager.cc:1442] [110933]destroy all nic/vnic.
[INFO] HCCL(110933,npu_reader):2026-09-21-12:13:50.734.511 [global_mirror_tasks.cc:24][110933][GlobalMirrorTasks][~GlobalMirrorTasks]GlobalMirrorTasks Destroy
[INFO] HCCL(110933,npu_reader):2026-09-21-12:13:50.744.962 [tbe_crack_cleared.cc:69] [110933]TbeCrackCleard Deinit
[INFO] HCCL(110933,npu_reader):2026-09-21-12:13:50.745.016 [tbe_crack_cleared.cc:69] [110933]TbeCrackCleard Deinit
[INFO] HCCL(110933,npu_reader):2026-09-21-12:13:50.745.020 [tbe_crack_cleared.cc:69] [110933]TbeCrackCleard Deinit
[INFO] HCCL(110933,npu_reader):2026-09-21-12:13:50.745.024 [tbe_crack_cleared.cc:69] [110933]TbeCrackCleard Deinit
[INFO] HCCL(110933,npu_reader):2026-09-21-12:13:50.745.029 [tbe_crack_cleared.cc:69] [110933]TbeCrackCleard Deinit
[INFO] HCCL(110933,npu_reader):2026-09-21-12:13:50.745.033 [tbe_crack_cleared.cc:69] [110933]TbeCrackCleard Deinit
[INFO] HCCL(110933,npu_reader):2026-09-21-12:13:50.745.048 [tbe_crack_cleared.cc:69] [110933]TbeCrackCleard Deinit
[INFO] HCCL(110933,npu_reader):2026-09-21-12:13:50.745.053 [tbe_crack_cleared.cc:69] [110933]TbeCrackCleard Deinit
[INFO] HCCL(110933,npu_reader):2026-09-21-12:13:50.745.057 [tbe_crack_cleared.cc:69] [110933]TbeCrackCleard Deinit
[INFO] HCCL(110933,npu_reader):2026-09-21-12:13:50.745.061 [tbe_crack_cleared.cc:69] [110933]TbeCrackCleard Deinit
[INFO] HCCL(110933,npu_reader):2026-09-21-12:13:50.745.065 [tbe_crack_cleared.cc:69] [110933]TbeCrackCleard Deinit
[INFO] HCCL(110933,npu_reader):2026-09-21-12:13:50.745.069 [tbe_crack_cleared.cc:69] [110933]TbeCrackCleard Deinit
[INFO] HCCL(110933,npu_reader):2026-09-21-12:13:50.745.072 [tbe_crack_cleared.cc:69] [110933]TbeCrackCleard Deinit
[INFO] HCCL(110933,npu_reader):2026-09-21-12:13:50.745.077 [tbe_crack_cleared.cc:69] [110933]TbeCrackCleard Deinit
[INFO] HCCL(110933,npu_reader):2026-09-21-12:13:50.745.081 [tbe_crack_cleared.cc:69] [110933]TbeCrackCleard Deinit
[INFO] HCCL(110933,npu_reader):2026-09-21-12:13:50.745.085 [tbe_crack_cleared.cc:69] [110933]TbeCrackCleard Deinit
[INFO] HCCL(110933,npu_reader):2026-09-21-12:13:50.745.089 [tbe_crack_cleared.cc:69] [110933]TbeCrackCleard Deinit
[INFO] HCCL(110933,npu_reader):2026-09-21-12:13:50.745.093 [tbe_crack_cleared.cc:69] [110933]TbeCrackCleard Deinit
[INFO] HCCL(110933,npu_reader):2026-09-21-12:13:50.745.097 [tbe_crack_cleared.cc:69] [110933]TbeCrackCleard Deinit
[INFO] HCCL(110933,npu_reader):2026-09-21-12:13:50.745.100 [tbe_crack_cleared.cc:69] [110933]TbeCrackCleard Deinit
[INFO] HCCL(110933,npu_reader):2026-09-21-12:13:50.745.105 [tbe_crack_cleared.cc:69] [110933]TbeCrackCleard Deinit
[INFO] HCCL(110933,npu_reader):2026-09-21-12:13:50.745.108 [tbe_crack_cleared.cc:69] [110933]TbeCrackCleard Deinit
[INFO] HCCL(110933,npu_reader):2026-09-21-12:13:50.745.112 [tbe_crack_cleared.cc:69] [110933]TbeCrackCleard Deinit
[INFO] HCCL(110933,npu_reader):2026-09-21-12:13:50.745.116 [tbe_crack_cleared.cc:69] [110933]TbeCrackCleard Deinit
[INFO] HCCL(110933,npu_reader):2026-09-21-12:13:50.745.120 [tbe_crack_cleared.cc:69] [110933]TbeCrackCleard Deinit
[INFO] HCCL(110933,npu_reader):2026-09-21-12:13:50.745.125 [tbe_crack_cleared.cc:69] [110933]TbeCrackCleard Deinit
[INFO] HCCL(110933,npu_reader):2026-09-21-12:13:50.745.128 [tbe_crack_cleared.cc:69] [110933]TbeCrackCleard Deinit
[INFO] HCCL(110933,npu_reader):2026-09-21-12:13:50.745.132 [tbe_crack_cleared.cc:69] [110933]TbeCrackCleard Deinit
[INFO] HCCL(110933,npu_reader):2026-09-21-12:13:50.745.136 [tbe_crack_cleared.cc:69] [110933]TbeCrackCleard Deinit
[INFO] HCCL(110933,npu_reader):2026-09-21-12:13:50.745.140 [tbe_crack_cleared.cc:69] [110933]TbeCrackCleard Deinit
[INFO] HCCL(110933,npu_reader):2026-09-21-12:13:50.745.144 [tbe_crack_cleared.cc:69] [110933]TbeCrackCleard Deinit
[INFO] HCCL(110933,npu_reader):2026-09-21-12:13:50.745.150 [tbe_vector_reduce.cc:102] [110933]TbeVectorReduce Deinit
[INFO] HCCL(110933,npu_reader):2026-09-21-12:13:50.745.153 [tbe_vector_reduce.cc:102] [110933]TbeVectorReduce Deinit
[INFO] HCCL(110933,npu_reader):2026-09-21-12:13:50.745.156 [tbe_vector_reduce.cc:102] [110933]TbeVectorReduce Deinit
[INFO] HCCL(110933,npu_reader):2026-09-21-12:13:50.745.159 [tbe_vector_reduce.cc:102] [110933]TbeVectorReduce Deinit
[INFO] HCCL(110933,npu_reader):2026-09-21-12:13:50.745.163 [tbe_vector_reduce.cc:102] [110933]TbeVectorReduce Deinit
[INFO] HCCL(110933,npu_reader):2026-09-21-12:13:50.745.167 [tbe_vector_reduce.cc:102] [110933]TbeVectorReduce Deinit
[INFO] HCCL(110933,npu_reader):2026-09-21-12:13:50.745.171 [tbe_vector_reduce.cc:102] [110933]TbeVectorReduce Deinit
[INFO] HCCL(110933,npu_reader):2026-09-21-12:13:50.745.175 [tbe_vector_reduce.cc:102] [110933]TbeVectorReduce Deinit
[INFO] HCCL(110933,npu_reader):2026-09-21-12:13:50.745.178 [tbe_vector_reduce.cc:102] [110933]TbeVectorReduce Deinit
[INFO] HCCL(110933,npu_reader):2026-09-21-12:13:50.745.181 [tbe_vector_reduce.cc:102] [110933]TbeVectorReduce Deinit
[INFO] HCCL(110933,npu_reader):2026-09-21-12:13:50.745.185 [tbe_vector_reduce.cc:102] [110933]TbeVectorReduce Deinit
[INFO] HCCL(110933,npu_reader):2026-09-21-12:13:50.745.190 [tbe_vector_reduce.cc:102] [110933]TbeVectorReduce Deinit
[INFO] HCCL(110933,npu_reader):2026-09-21-12:13:50.745.194 [tbe_vector_reduce.cc:102] [110933]TbeVectorReduce Deinit
[INFO] HCCL(110933,npu_reader):2026-09-21-12:13:50.745.198 [tbe_vector_reduce.cc:102] [110933]TbeVectorReduce Deinit
[INFO] HCCL(110933,npu_reader):2026-09-21-12:13:50.745.202 [tbe_vector_reduce.cc:102] [110933]TbeVectorReduce Deinit
[INFO] HCCL(110933,npu_reader):2026-09-21-12:13:50.745.205 [tbe_vector_reduce.cc:102] [110933]TbeVectorReduce Deinit
[INFO] HCCL(110933,npu_reader):2026-09-21-12:13:50.745.208 [tbe_vector_reduce.cc:102] [110933]TbeVectorReduce Deinit
[INFO] HCCL(110933,npu_reader):2026-09-21-12:13:50.745.212 [tbe_vector_reduce.cc:102] [110933]TbeVectorReduce Deinit
[INFO] HCCL(110933,npu_reader):2026-09-21-12:13:50.745.215 [tbe_vector_reduce.cc:102] [110933]TbeVectorReduce Deinit
[INFO] HCCL(110933,npu_reader):2026-09-21-12:13:50.745.218 [tbe_vector_reduce.cc:102] [110933]TbeVectorReduce Deinit
[INFO] HCCL(110933,npu_reader):2026-09-21-12:13:50.745.223 [tbe_vector_reduce.cc:102] [110933]TbeVectorReduce Deinit
[INFO] HCCL(110933,npu_reader):2026-09-21-12:13:50.745.227 [tbe_vector_reduce.cc:102] [110933]TbeVectorReduce Deinit
[INFO] HCCL(110933,npu_reader):2026-09-21-12:13:50.745.231 [tbe_vector_reduce.cc:102] [110933]TbeVectorReduce Deinit
[INFO] HCCL(110933,npu_reader):2026-09-21-12:13:50.745.235 [tbe_vector_reduce.cc:102] [110933]TbeVectorReduce Deinit
[INFO] HCCL(110933,npu_reader):2026-09-21-12:13:50.745.239 [tbe_vector_reduce.cc:102] [110933]TbeVectorReduce Deinit
[INFO] HCCL(110933,npu_reader):2026-09-21-12:13:50.745.242 [tbe_vector_reduce.cc:102] [110933]TbeVectorReduce Deinit
[INFO] HCCL(110933,npu_reader):2026-09-21-12:13:50.745.246 [tbe_vector_reduce.cc:102] [110933]TbeVectorReduce Deinit
[INFO] HCCL(110933,npu_reader):2026-09-21-12:13:50.745.249 [tbe_vector_reduce.cc:102] [110933]TbeVectorReduce Deinit
[INFO] HCCL(110933,npu_reader):2026-09-21-12:13:50.745.253 [tbe_vector_reduce.cc:102] [110933]TbeVectorReduce Deinit
[INFO] HCCL(110933,npu_reader):2026-09-21-12:13:50.746.176 [tbe_vector_reduce.cc:102] [110933]TbeVectorReduce Deinit
[INFO] HCCL(110933,npu_reader):2026-09-21-12:13:50.746.189 [tbe_vector_reduce.cc:102] [110933]TbeVectorReduce Deinit
[INFO] IDEDD(110933,npu_reader):2026-09-21-12:13:50.756.089 [kernel_dfx_dumper.cpp:151][tid:110933] Begin to stop the dfx dump task.
[INFO] RUNTIME(110933,npu_reader):2026-09-21-12:13:50.757.754 [runtime_keeper.cc:228] 110933 DestroyPoolRegistryImpl: Destroy PoolRegistry success.
[INFO] RUNTIME(110933,npu_reader):2026-09-21-12:13:50.757.793 [runtime_adapt.cc:58] 110933 ~Runtime: runtime destructor.
[INFO] RUNTIME(110933,npu_reader):2026-09-21-12:13:51.218.225 [global_state_manager.cc:132] 111009 DecBackgroundThreadCount: ReportRasRun thread does not need to be locked. Total:0
[INFO] RUNTIME(110933,npu_reader):2026-09-21-12:13:51.218.278 [runtime.cc:4967] 111009 ReportRasRun: Report ras thread exits normally!
[INFO] RUNTIME(110933,npu_reader):2026-09-21-12:13:51.242.734 [runtime.cc:4936] 110933 DestroyReportRasThread: Join report ras thread OK.
[INFO] RUNTIME(110933,npu_reader):2026-09-21-12:13:51.242.766 [runtime.cc:1340] 110933 WaitMonitorExit: wait monitor success, used count=0.
[INFO] RUNTIME(110933,npu_reader):2026-09-21-12:13:51.352.040 [tprt.cc:23][TPRT]TID[110933] ~TprtManage: ~TprtManage
[INFO] RUNTIME(110933,npu_reader):2026-09-21-12:13:51.352.048 [plugin_old_arch.cc:39] 110933 DestructorRuntimeImpl: RuntimeImpl destructor success
[INFO] RUNTIME(110933,npu_reader):2026-09-21-12:13:51.352.052 [runtime_keeper.cc:245] 110933 DestroyRuntimeImpl: Destroy Runtime success
[INFO] RUNTIME(110933,npu_reader):2026-09-21-12:13:51.355.152 [xpu_task_fail_callback_data_manager.cc:64] 110933 ~XpuTaskFailCallBackManager: XpuTaskFailCallBackManager Destructor.
[INFO] RUNTIME(110933,npu_reader):2026-09-21-12:13:51.355.163 [task_fail_callback_data_manager.cc:98] 110933 ~TaskFailCallBackManager: Destructor.
[INFO] ATRACE(110933,npu_reader):2026-09-21-12:13:51.355.805 [stacktrace_signal.c:199](tid:110933) unregister all signal handlers, can not capture signal.
[INFO] ATRACE(110933,npu_reader):2026-09-21-12:13:51.425.532 [awatchdog_monitor.c:233](tid:110933) AwdMonitorExit
