[INFO] ATRACE(680,host_server):2026-09-21-12:13:27.818.402 [trace_core.c:31](tid:680) atrace is not supported, init nothing.
[INFO] ATRACE(680,host_server):2026-09-21-12:13:27.818.442 [awatchdog_core.c:99](tid:680) watchdog get platform host side
[INFO] ATRACE(680,host_server):2026-09-21-12:13:27.818.565 [awatchdog_monitor.c:127](tid:680) create monitor thread successfully, tid :281473703248896 
[INFO] ATRACE(680,host_server):2026-09-21-12:13:27.818.568 [awatchdog_monitor.c:225](tid:680) AwdMonitorInit
[WARNING] RUNTIME(680,host_server):2026-09-21-12:13:27.818.724 [runtime_keeper.cc:258] 680 RegisterDrvErrMsgHandle: [drv api] drv_log_report_err_msg_handle_register does not exist, skip register err msg handle.
[INFO] RUNTIME(680,host_server):2026-09-21-12:13:27.818.728 [task_fail_callback_data_manager.cc:93] 680 TaskFailCallBackManager: Constructor.
[INFO] RUNTIME(680,host_server):2026-09-21-12:13:27.818.730 [xpu_task_fail_callback_data_manager.cc:59] 680 XpuTaskFailCallBackManager: XpuTaskFailCallBackManager Constructor.
[INFO] IDEDD(680,host_server):2026-09-21-12:13:27.819.044 [dump_config_converter.cpp:1153][tid:680] No Env enable exception dump
[INFO] TDT(680,host_server):2026-09-21-12:13:27.819.925 [package_worker_factory.cpp:38][RegisterPackageWorkerCreator][tid:680] Register[2] package worker was created successfully
[INFO] TDT(680,host_server):2026-09-21-12:13:27.819.931 [package_worker_factory.cpp:38][RegisterPackageWorkerCreator][tid:680] Register[3] package worker was created successfully
[INFO] HCCL(680,host_server):2026-09-21-12:13:27.824.507 [global_mirror_tasks.cc:19][680][GlobalMirrorTasks][GlobalMirrorTasks]GlobalMirrorTasks Contruct
[INFO] HCCL(680,host_server):2026-09-21-12:13:27.831.180 [adapter_rts.cc:2585] [680][adapter_rts.cc][CallBackInitRts] g_deviceType [8] g_deviceLogicId [-1] g_devicePhyId [-1]
[INFO] GE(680,host_server):2026-09-21-12:13:27.846.638 [error_manager.cc:1047]680 RegisterFormatErrorMessage:RegisterFormatErrorMessage, try to register error message
LIBRARY HcommEndpointCreate => /usr/local/Ascend/cann-9.1.0/lib64/libhcomm.so

STAGE 1. 创建 HOST/ROCE Endpoint，hcomm 插件管理 mlx5 网络资源
API EndpointDescInit(&desc, 1) => 0
[WARNING] HCCL(680,host_server):2026-09-21-12:13:27.854.523 [hcomm_adapter_runtime.cc:33] [680][HcommAdapterRuntime][ResolveRuntimeDevicePhyId] force Host-only resource id[0], env[HCOMM_FORCE_HOST_NIC_PLUGIN]=1, test only.
[INFO] ASCENDCL(680,host_server):2026-09-21-12:13:27.854.641 [device.cpp:216]680 aclrtGetDeviceCountImpl: start to execute aclrtGetDeviceCount
[INFO] RUNTIME(680,host_server):2026-09-21-12:13:27.854.652 [runtime_keeper.cc:98] 680 GetDeviceType: hardwareVersion=0xffffffffffffffff
[INFO] RUNTIME(680,host_server):2026-09-21-12:13:27.855.470 [plugin_old_arch.cc:21] 680 ConstructRuntimeImpl: RuntimeImpl construct success, runtime = 0xaaab17668780
[INFO] RUNTIME(680,host_server):2026-09-21-12:13:27.855.478 [runtime_keeper.cc:211] 680 CreateRuntimeImpl: Open libruntime_v100.so successfully
[INFO] RUNTIME(680,host_server):2026-09-21-12:13:27.855.480 [runtime_keeper.cc:331] 680 BootRuntime: new Runtime ok, Runtime_alloc_size 13920.
[INFO] RUNTIME(680,host_server):2026-09-21-12:13:27.855.487 [runtime.cc:1081] 680 CheckHaveDevice: hardwareVersion=0xffffffffffffffff
[INFO] RUNTIME(680,host_server):2026-09-21-12:13:27.855.499 [runtime.cc:810] 680 InitChipTypeAndSocVersion: Runtime init: device type=0, soc version=, have device=0
[WARNING] RUNTIME(680,host_server):2026-09-21-12:13:27.855.505 [ini_parse_utils.cc:136] 680 ParseIniFile: socVersion is empty, skip ini parse.
[INFO] RUNTIME(680,host_server):2026-09-21-12:13:27.855.511 [runtime.cc:822] 680 InitApiImplies: ApiImpl:Runtime_alloc_size 16
[INFO] RUNTIME(680,host_server):2026-09-21-12:13:27.855.513 [runtime.cc:830] 680 InitApiImplies: ApiImplMbuf:Runtime_alloc_size 8
[INFO] RUNTIME(680,host_server):2026-09-21-12:13:27.855.514 [runtime.cc:838] 680 InitApiImplies: ApiImplSoma:Runtime_alloc_size 8
[INFO] RUNTIME(680,host_server):2026-09-21-12:13:27.855.516 [runtime.cc:849] 680 InitLogger: Logger:Runtime_alloc_size 32
[INFO] RUNTIME(680,host_server):2026-09-21-12:13:27.855.527 [runtime.cc:860] 680 InitApiProfiler: RProfiler:Runtime_alloc_size 176
[INFO] RUNTIME(680,host_server):2026-09-21-12:13:27.855.534 [profiler.cc:88] 680 Init: Init ok, Runtime_alloc_size 48
[INFO] RUNTIME(680,host_server):2026-09-21-12:13:27.855.538 [runtime.cc:877] 680 InitApiErrorDecorator: ApiErrorDecorator:Runtime_alloc_size 16.
[INFO] RUNTIME(680,host_server):2026-09-21-12:13:27.855.540 [runtime.cc:888] 680 InitThreadGuard: Runtime init:new ThreadGuard ok, Runtime_alloc_size 104.
[INFO] RUNTIME(680,host_server):2026-09-21-12:13:27.855.541 [runtime.cc:900] 680 InitStreamObserver: EngineStreamObserver:Runtime_alloc_size 8.
[INFO] RUNTIME(680,host_server):2026-09-21-12:13:27.855.543 [runtime.cc:913] 680 InitAicpuStreamIdBitmap: Bitmap(1024):Runtime_alloc_size 80.
[INFO] RUNTIME(680,host_server):2026-09-21-12:13:27.855.545 [runtime.cc:931] 680 InitCbSubscribe: The thread group num is 128
[INFO] RUNTIME(680,host_server):2026-09-21-12:13:27.855.546 [runtime.cc:938] 680 InitCbSubscribe: Runtime init:new CbSubscribe ok, Runtime_alloc_size 320.
[INFO] RUNTIME(680,host_server):2026-09-21-12:13:27.855.565 [runtime.cc:115] 680 Init: ObjAllocator alloc success, Runtime_alloc_size 1920(bytes)
[INFO] RUNTIME(680,host_server):2026-09-21-12:13:27.855.570 [runtime.cc:127] 680 Init: ObjAllocator alloc success, Runtime_alloc_size 11520(bytes)
[INFO] RUNTIME(680,host_server):2026-09-21-12:13:27.855.605 [runtime.cc:1011] 680 InitLabelAllocator: Runtime init:new LabelAllocator ok, Runtime_alloc_size 131152.
[INFO] RUNTIME(680,host_server):2026-09-21-12:13:27.855.607 [runtime.cc:1019] 680 InitSetRuntimeVersion: set runtime api ver success
[INFO] RUNTIME(680,host_server):2026-09-21-12:13:27.855.609 [runtime.cc:1032] 680 InitNpuCollectPath: NPU_COLLECT_PATH is not set!
[INFO] RUNTIME(680,host_server):2026-09-21-12:13:27.855.628 [runtime.cc:1195] 680 FindDcacheLockOp: Dcache lock feature is not supported on chip type=0.
[INFO] PROFILING(680,host_server):2026-09-21-12:13:27.855.632 [prof_cann_plugin.cpp:390] (tid:680) Register module[RUNTIME(7)] callback.
[INFO] ASCENDCL(680,host_server):2026-09-21-12:13:27.855.638 [device.cpp:220]680 aclrtGetDeviceCountImpl: successfully execute aclrtGetDeviceCount, get device count is 0.
[INFO] HCCL(680,host_server):2026-09-21-12:13:27.856.176 [nic_plugin_manager.cc:110] [680][NicPlugin] protocol[1] is handled by plugin[hcomm_cpu_roce].
[INFO] HCCL(680,host_server):2026-09-21-12:13:27.856.668 [nic_plugin_manager.cc:110] [680][NicPlugin] protocol[5] is handled by plugin[hcomm_cpu_ub].
[INFO] HCCL(680,host_server):2026-09-21-12:13:27.856.672 [nic_plugin_manager.cc:110] [680][NicPlugin] protocol[4] is handled by plugin[hcomm_cpu_ub].
[INFO] HCCL(680,host_server):2026-09-21-12:13:27.856.678 [cpu_roce_endpoint.cc:50] [680][Init] localEndpoint protocol[1]
[INFO] HCCL(680,host_server):2026-09-21-12:13:27.856.720 [orion_adapter_hccp.cc:737][680][HrtRaSocketSetWhiteListStatus] Input params: enable=1
[INFO] HCCP(680,host_server):2026-09-21-12:13:27.856.727 [ra_host.c:1558]tid:680,RaSocketSetWhiteListStatus : Input parameters: enable[1]
[INFO] HCCL(680,host_server):2026-09-21-12:13:27.856.732 [orion_adapter_hccp.cc:744][680]set host socket whitelist status[1] success.
[INFO] HCCL(680,host_server):2026-09-21-12:13:27.856.735 [orion_adapter_hccp.cc:198][680][Init][Ra] Input params: phyId=[0], mode=[0]
[INFO] HCCL(680,host_server):2026-09-21-12:13:27.856.758 [base_config.cc:21][680][HCCL_ENV] HCCL_IF_IP set by default to [IpAddress[0000:0000:0000:0000:0000:0000:0000:0000, AF=IPv4, addr=0.0.0.0]]
[INFO] HCCL(680,host_server):2026-09-21-12:13:27.856.761 [base_config.cc:25][680][HCCL_ENV] HCCL_IF_BASE_PORT set by default to [65536]
[INFO] HCCL(680,host_server):2026-09-21-12:13:27.856.763 [base_config.cc:29][680][HCCL_ENV] HCCL_SOCKET_IFNAME set by default to []
[INFO] HCCL(680,host_server):2026-09-21-12:13:27.856.766 [base_config.cc:33][680][HCCL_ENV] HCCL_WHITELIST_DISABLE set by environment to [0]
[INFO] HCCL(680,host_server):2026-09-21-12:13:27.856.768 [base_config.cc:38][680][HCCL_ENV] HCCL_WHITELIST_FILE set by default to []
[INFO] HCCL(680,host_server):2026-09-21-12:13:27.856.777 [base_config.cc:47][680][HCCL_ENV] HCCL_HOST_SOCKET_PORT_RANGE set by default to 
[INFO] HCCL(680,host_server):2026-09-21-12:13:27.856.779 [base_config.cc:55][680][HCCL_ENV] HCCL_NPU_SOCKET_PORT_RANGE set by default to 
[INFO] HCCL(680,host_server):2026-09-21-12:13:27.856.781 [base_config.cc:99][680][HCCL_ENV] HCCL_SOCKET_FAMILY set by default to [-1]
[INFO] HCCL(680,host_server):2026-09-21-12:13:27.856.787 [base_config.cc:103][680][HCCL_ENV] HCCL_CONNECT_TIMEOUT set by environment to [120]s
[INFO] HCCL(680,host_server):2026-09-21-12:13:27.856.790 [base_config.cc:123][680][HCCL_ENV] HCCL_EXEC_TIMEOUT set by default to [1836]s
[INFO] HCCL(680,host_server):2026-09-21-12:13:27.856.792 [base_config.cc:142][680][HCCL_ENV] HCCL_RDMA_TC set by default to [132]
[INFO] HCCL(680,host_server):2026-09-21-12:13:27.856.793 [base_config.cc:146][680][HCCL_ENV] HCCL_RDMA_SL set by default to [4]
[INFO] HCCL(680,host_server):2026-09-21-12:13:27.856.795 [base_config.cc:150][680][HCCL_ENV] HCCL_RDMA_TIMEOUT set by default to [20]
[INFO] HCCL(680,host_server):2026-09-21-12:13:27.856.797 [base_config.cc:154][680][HCCL_ENV] HCCL_RDMA_RETRY_CNT set by default to [7]
[INFO] HCCL(680,host_server):2026-09-21-12:13:27.856.798 [base_config.cc:158][680][HCCL_ENV] HCCL_UBOE_TIMEOUT set by default to [16]
[INFO] HCCL(680,host_server):2026-09-21-12:13:27.856.800 [base_config.cc:162][680][HCCL_ENV] HCCL_UB_TIMEOUT set by default to [8]
[INFO] HCCL(680,host_server):2026-09-21-12:13:27.856.801 [base_config.cc:166][680][HCCL_ENV] HCCL_RDMA_QPS_PER_CONNECTION set by default to [1]
[INFO] HCCL(680,host_server):2026-09-21-12:13:27.856.803 [base_config.cc:170][680][HCCL_ENV] HCCL_MULTI_QP_THRESHOLD set by default to [512]B
[INFO] HCCL(680,host_server):2026-09-21-12:13:27.856.805 [base_config.cc:218][680][HCCL_ENV] PRIM_QUEUE_GEN_NAME set by default to []
[INFO] HCCL(680,host_server):2026-09-21-12:13:27.856.807 [base_config.cc:232][680][HCCL_ENV] HCCL_ALGO set by default to []
[INFO] HCCL(680,host_server):2026-09-21-12:13:27.856.809 [base_config.cc:236][680][HCCL_ENV] HCCL_BUFFSIZE set by default to [209715200]B
[INFO] HCCL(680,host_server):2026-09-21-12:13:27.856.815 [base_config.cc:240][680][HCCL_ENV] HCCL_OP_EXPANSION_MODE set by default to [HcclAccelerator::AICPU_TS]
[INFO] HCCL(680,host_server):2026-09-21-12:13:27.856.817 [base_config.cc:268][680][HCCL_ENV] HCCL_ENTRY_LOG_ENABLE set by default to [0]
[INFO] HCCL(680,host_server):2026-09-21-12:13:27.856.844 [env_func.cc:700][680][CannVersion][Verification]cann version path /usr/local/Ascend/nnal/atb/latest/version.cfg is not a valid real path
[INFO] HCCL(680,host_server):2026-09-21-12:13:27.856.847 [base_config.cc:272][680][HCCL_ENV] LD_LIBRARY_PATH set by environment to []
[INFO] HCCL(680,host_server):2026-09-21-12:13:27.856.850 [base_config.cc:276][680][HCCL_ENV] HCCL_DFS_CONFIG task_exception set by default to [1], cluster_heartbeat set by default to [1], rankConsistentState set by default to [0]
[INFO] HCCL(680,host_server):2026-09-21-12:13:27.856.855 [base_config.cc:302][680][HCCL_ENV] HCCL_DETOUR set by default to [HcclDetourType::HCCL_DETOUR_DISABLE]
[INFO] HCCP(680,host_server):2026-09-21-12:13:27.856.856 [ra_init.c:165]tid:680,RaInit : Input parameters: phyId[0], nicPosition:[0] hdcType:[18] enableHdcAsync[1]
[INFO] NET(680,host_server):2026-09-21-12:13:27.856.874 [dl_hal_function.c:296]DlHalInit : dl_hal_init success!
[INFO] HCCP(680,host_server):2026-09-21-12:13:27.856.876 [ra_host.c:1552]tid:680,RaSocketGetWhiteListStatus : white list status: enable[1]
[INFO] HCCP(680,host_server):2026-09-21-12:13:27.856.878 [ra_peer.c:992]tid:680,RaPeerInit : [init][ra_peer]ra_peer_init phyId[0] start
[INFO] NET(680,host_server):2026-09-21-12:13:27.856.901 [dl_hal_function.c:296]DlHalInit : dl_hal_init success!
[INFO] NET(680,host_server):2026-09-21-12:13:27.856.917 [dl_hal_function.c:296]DlHalInit : dl_hal_init success!
[INFO] HCCP(680,host_server):2026-09-21-12:13:27.856.920 [rs.c:225]tid:680,RsPthreadMutexInit : mutex init ok
[INFO] NET(680,host_server):2026-09-21-12:13:27.856.924 [dl_hal_function.c:281]DlHalInit : dl_hal_init success, no need to dlopen libascend_hal.so!
[INFO] NET(680,host_server):2026-09-21-12:13:27.856.926 [dl_hal_function.c:262]DlHalDeinit : dl_hal_deinit success, no need to dlclose libascend_hal.so!
[INFO] HCCP(680,host_server):2026-09-21-12:13:27.856.934 [rs.c:2237]tid:680,RsGetProductType : [Get][ChipInfo]chip name is , type:7
[WARNING] HCCP(680,host_server):2026-09-21-12:13:27.856.969 [rs_tls.c:1521]tid:680,rs_ssl_init: can not get manage data, ret(-2). maybe not set tls
[INFO] HCCP(680,host_server):2026-09-21-12:13:27.856.971 [rs_tls.c:1537]tid:680,rs_ssl_init: TLS SWITCH (0)
[INFO] HCCP(680,host_server):2026-09-21-12:13:27.856.983 [rs_epoll.c:724]tid:680,RsEpollConnectHandleInit : rs_create_epoll ok
[INFO] HCCP(680,host_server):2026-09-21-12:13:27.857.086 [rs_epoll.c:518]tid:742,RsEpollHandle : <EPOLL> thread begin! thread_id:281473685832704, pid:680, ppid:675
[INFO] HCCP(680,host_server):2026-09-21-12:13:27.857.100 [rs_epoll.c:455]tid:742,BindDataCpu : no device need bind cpu, device num 0
[INFO] HCCP(680,host_server):2026-09-21-12:13:27.857.104 [rs_epoll.c:543]tid:742,RsEpollHandle : pthread[epoll_pthread] is alive!
[INFO] HCCP(680,host_server):2026-09-21-12:13:27.857.112 [rs_epoll.c:745]tid:680,RsEpollConnectHandleInit : RS INIT OK!
[INFO] HCCP(680,host_server):2026-09-21-12:13:27.857.116 [rs.c:325]tid:680,RsInitRscbCfg : rs_epoll_connect_handle_init ok cost [0.143000] ms
[INFO] HCCP(680,host_server):2026-09-21-12:13:27.857.127 [rs_epoll.c:654]tid:743,RsConnectHandle : <SOCKET> thread begin! thread_id:281473677378560, pid:680, ppid:675
[INFO] HCCP(680,host_server):2026-09-21-12:13:27.857.141 [rs_epoll.c:673]tid:743,RsConnectHandle : pthread[connect_pthread] is alive!
[INFO] HCCP(680,host_server):2026-09-21-12:13:27.859.173 [rs.c:440]tid:680,RsInit : rs init success, chipId[0]
[INFO] HCCP(680,host_server):2026-09-21-12:13:27.859.178 [ra_peer.c:1029]tid:680,RaPeerInit : [init][ra_peer]ra_peer_init phyId[0] succ
[INFO] HCCL(680,host_server):2026-09-21-12:13:27.859.182 [orion_adapter_hccp.cc:228][680]init ra success,return: ret[0]
[INFO] HCCL(680,host_server):2026-09-21-12:13:27.859.185 [plugin_core.cc:112] [680][CpuRoceEndpoint][InitHostPeerRaOnce] host peer RA init success, hostResourceId[0].
[INFO] HCCL(680,host_server):2026-09-21-12:13:27.859.195 [rdma_handle_manager.cc:68][680]RdmaHandleManager::Create, devPhyId[0], LinkProtoType[LinkProtoType::RDMA], localIp[20.168.0.19]
[INFO] HCCL(680,host_server):2026-09-21-12:13:27.859.198 [orion_adapter_hccp.cc:970][680][HrtRaRdmaInit] Input params: mode=0, phyId=0
[INFO] HCCP(680,host_server):2026-09-21-12:13:27.859.200 [ra_host.c:1727]tid:680,RaGetIfnum : Input parameters: phyId[0], nicPosition:[0], isAll:[0]
[INFO] HCCP(680,host_server):2026-09-21-12:13:27.859.203 [ra_peer.c:1101]tid:680,RaPeerGetIfnum : [get][ra_peer_ifnum]ra_peer_get_ifnum phyId[0] start
[INFO] HCCP(680,host_server):2026-09-21-12:13:27.859.210 [ra_peer.c:1108]tid:680,RaPeerGetIfnum : [get][ra_peer_ifnum]ra_peer_get_ifnum phyId[0] succ
[INFO] HCCP(680,host_server):2026-09-21-12:13:27.859.212 [ra_host.c:1777]tid:680,RaGetIfaddrs : Input parameters: phyId[0], nicPosition:[0], isAll[0], interface num[35]
[INFO] HCCP(680,host_server):2026-09-21-12:13:27.859.213 [ra_peer.c:1118]tid:680,RaPeerGetIfaddrs : [get][ra_peer_ifaddrs] ra_peer_get_ifaddrs phyId[0] start
[INFO] HCCP(680,host_server):2026-09-21-12:13:27.859.215 [rs_drv_socket.c:249]tid:680,RsPeerFillIfaddrInfos : ifname[lo] addr[0x0100007f]
[INFO] HCCP(680,host_server):2026-09-21-12:13:27.859.220 [rs_drv_socket.c:249]tid:680,RsPeerFillIfaddrInfos : ifname[bond0] addr[0x1b65010a]
[INFO] HCCP(680,host_server):2026-09-21-12:13:27.859.221 [rs_drv_socket.c:249]tid:680,RsPeerFillIfaddrInfos : ifname[enp38s0f0np0] addr[0x1401a814]
[INFO] HCCP(680,host_server):2026-09-21-12:13:27.859.223 [rs_drv_socket.c:249]tid:680,RsPeerFillIfaddrInfos : ifname[enp38s0f1np1] addr[0x1c03a814]
[INFO] HCCP(680,host_server):2026-09-21-12:13:27.859.224 [rs_drv_socket.c:249]tid:680,RsPeerFillIfaddrInfos : ifname[enp165s0f0np0] addr[0x1300a814]
[INFO] HCCP(680,host_server):2026-09-21-12:13:27.859.230 [rs_drv_socket.c:249]tid:680,RsPeerFillIfaddrInfos : ifname[enp165s0f1np1] addr[0x1b02a814]
[INFO] HCCP(680,host_server):2026-09-21-12:13:27.859.232 [rs_drv_socket.c:249]tid:680,RsPeerFillIfaddrInfos : ifname[docker0] addr[0x010011ac]
[INFO] HCCP(680,host_server):2026-09-21-12:13:27.859.233 [rs_drv_socket.c:253]tid:680,RsPeerFillIfaddrInfos : ifname[lo] scope_id[0] flowinfo[0]
[INFO] HCCP(680,host_server):2026-09-21-12:13:27.859.235 [rs_drv_socket.c:257]tid:680,RsPeerFillIfaddrInfos : addr[0] 0x00
[INFO] HCCP(680,host_server):2026-09-21-12:13:27.859.236 [rs_drv_socket.c:257]tid:680,RsPeerFillIfaddrInfos : addr[1] 0x00
[INFO] HCCP(680,host_server):2026-09-21-12:13:27.859.238 [rs_drv_socket.c:257]tid:680,RsPeerFillIfaddrInfos : addr[2] 0x00
[INFO] HCCP(680,host_server):2026-09-21-12:13:27.859.239 [rs_drv_socket.c:257]tid:680,RsPeerFillIfaddrInfos : addr[3] 0x00
[INFO] HCCP(680,host_server):2026-09-21-12:13:27.859.240 [rs_drv_socket.c:257]tid:680,RsPeerFillIfaddrInfos : addr[4] 0x00
[INFO] HCCP(680,host_server):2026-09-21-12:13:27.859.241 [rs_drv_socket.c:257]tid:680,RsPeerFillIfaddrInfos : addr[5] 0x00
[INFO] HCCP(680,host_server):2026-09-21-12:13:27.859.243 [rs_drv_socket.c:257]tid:680,RsPeerFillIfaddrInfos : addr[6] 0x00
[INFO] HCCP(680,host_server):2026-09-21-12:13:27.859.244 [rs_drv_socket.c:257]tid:680,RsPeerFillIfaddrInfos : addr[7] 0x00
[INFO] HCCP(680,host_server):2026-09-21-12:13:27.859.245 [rs_drv_socket.c:257]tid:680,RsPeerFillIfaddrInfos : addr[8] 0x00
[INFO] HCCP(680,host_server):2026-09-21-12:13:27.859.246 [rs_drv_socket.c:257]tid:680,RsPeerFillIfaddrInfos : addr[9] 0x00
[INFO] HCCP(680,host_server):2026-09-21-12:13:27.859.248 [rs_drv_socket.c:257]tid:680,RsPeerFillIfaddrInfos : addr[10] 0x00
[INFO] HCCP(680,host_server):2026-09-21-12:13:27.859.249 [rs_drv_socket.c:257]tid:680,RsPeerFillIfaddrInfos : addr[11] 0x00
[INFO] HCCP(680,host_server):2026-09-21-12:13:27.859.250 [rs_drv_socket.c:257]tid:680,RsPeerFillIfaddrInfos : addr[12] 0x00
[INFO] HCCP(680,host_server):2026-09-21-12:13:27.859.251 [rs_drv_socket.c:257]tid:680,RsPeerFillIfaddrInfos : addr[13] 0x00
[INFO] HCCP(680,host_server):2026-09-21-12:13:27.859.253 [rs_drv_socket.c:257]tid:680,RsPeerFillIfaddrInfos : addr[14] 0x00
[INFO] HCCP(680,host_server):2026-09-21-12:13:27.859.254 [rs_drv_socket.c:257]tid:680,RsPeerFillIfaddrInfos : addr[15] 0x01
[INFO] HCCP(680,host_server):2026-09-21-12:13:27.859.255 [rs_drv_socket.c:253]tid:680,RsPeerFillIfaddrInfos : ifname[bond0] scope_id[10] flowinfo[0]
[INFO] HCCP(680,host_server):2026-09-21-12:13:27.859.257 [rs_drv_socket.c:257]tid:680,RsPeerFillIfaddrInfos : addr[0] 0xfe
[INFO] HCCP(680,host_server):2026-09-21-12:13:27.859.258 [rs_drv_socket.c:257]tid:680,RsPeerFillIfaddrInfos : addr[1] 0x80
[INFO] HCCP(680,host_server):2026-09-21-12:13:27.859.259 [rs_drv_socket.c:257]tid:680,RsPeerFillIfaddrInfos : addr[2] 0x00
[INFO] HCCP(680,host_server):2026-09-21-12:13:27.859.261 [rs_drv_socket.c:257]tid:680,RsPeerFillIfaddrInfos : addr[3] 0x00
[INFO] HCCP(680,host_server):2026-09-21-12:13:27.859.262 [rs_drv_socket.c:257]tid:680,RsPeerFillIfaddrInfos : addr[4] 0x00
[INFO] HCCP(680,host_server):2026-09-21-12:13:27.859.263 [rs_drv_socket.c:257]tid:680,RsPeerFillIfaddrInfos : addr[5] 0x00
[INFO] HCCP(680,host_server):2026-09-21-12:13:27.859.264 [rs_drv_socket.c:257]tid:680,RsPeerFillIfaddrInfos : addr[6] 0x00
[INFO] HCCP(680,host_server):2026-09-21-12:13:27.859.265 [rs_drv_socket.c:257]tid:680,RsPeerFillIfaddrInfos : addr[7] 0x00
[INFO] HCCP(680,host_server):2026-09-21-12:13:27.859.267 [rs_drv_socket.c:257]tid:680,RsPeerFillIfaddrInfos : addr[8] 0x2a
[INFO] HCCP(680,host_server):2026-09-21-12:13:27.859.268 [rs_drv_socket.c:257]tid:680,RsPeerFillIfaddrInfos : addr[9] 0xff
[INFO] HCCP(680,host_server):2026-09-21-12:13:27.859.269 [rs_drv_socket.c:257]tid:680,RsPeerFillIfaddrInfos : addr[10] 0x7b
[INFO] HCCP(680,host_server):2026-09-21-12:13:27.859.270 [rs_drv_socket.c:257]tid:680,RsPeerFillIfaddrInfos : addr[11] 0x56
[INFO] HCCP(680,host_server):2026-09-21-12:13:27.859.273 [rs_drv_socket.c:257]tid:680,RsPeerFillIfaddrInfos : addr[12] 0xf9
[INFO] HCCP(680,host_server):2026-09-21-12:13:27.859.274 [rs_drv_socket.c:257]tid:680,RsPeerFillIfaddrInfos : addr[13] 0xd4
[INFO] HCCP(680,host_server):2026-09-21-12:13:27.859.275 [rs_drv_socket.c:257]tid:680,RsPeerFillIfaddrInfos : addr[14] 0x16
[INFO] HCCP(680,host_server):2026-09-21-12:13:27.859.276 [rs_drv_socket.c:257]tid:680,RsPeerFillIfaddrInfos : addr[15] 0x19
[INFO] HCCP(680,host_server):2026-09-21-12:13:27.859.278 [rs_drv_socket.c:253]tid:680,RsPeerFillIfaddrInfos : ifname[enp38s0f0np0] scope_id[11] flowinfo[0]
[INFO] HCCP(680,host_server):2026-09-21-12:13:27.859.279 [rs_drv_socket.c:257]tid:680,RsPeerFillIfaddrInfos : addr[0] 0xfe
[INFO] HCCP(680,host_server):2026-09-21-12:13:27.859.280 [rs_drv_socket.c:257]tid:680,RsPeerFillIfaddrInfos : addr[1] 0x80
[INFO] HCCP(680,host_server):2026-09-21-12:13:27.859.282 [rs_drv_socket.c:257]tid:680,RsPeerFillIfaddrInfos : addr[2] 0x00
[INFO] HCCP(680,host_server):2026-09-21-12:13:27.859.283 [rs_drv_socket.c:257]tid:680,RsPeerFillIfaddrInfos : addr[3] 0x00
[INFO] HCCP(680,host_server):2026-09-21-12:13:27.859.284 [rs_drv_socket.c:257]tid:680,RsPeerFillIfaddrInfos : addr[4] 0x00
[INFO] HCCP(680,host_server):2026-09-21-12:13:27.859.285 [rs_drv_socket.c:257]tid:680,RsPeerFillIfaddrInfos : addr[5] 0x00
[INFO] HCCP(680,host_server):2026-09-21-12:13:27.859.287 [rs_drv_socket.c:257]tid:680,RsPeerFillIfaddrInfos : addr[6] 0x00
[INFO] HCCP(680,host_server):2026-09-21-12:13:27.859.288 [rs_drv_socket.c:257]tid:680,RsPeerFillIfaddrInfos : addr[7] 0x00
[INFO] HCCP(680,host_server):2026-09-21-12:13:27.859.289 [rs_drv_socket.c:257]tid:680,RsPeerFillIfaddrInfos : addr[8] 0x98
[INFO] HCCP(680,host_server):2026-09-21-12:13:27.859.290 [rs_drv_socket.c:257]tid:680,RsPeerFillIfaddrInfos : addr[9] 0x07
[INFO] HCCP(680,host_server):2026-09-21-12:13:27.859.292 [rs_drv_socket.c:257]tid:680,RsPeerFillIfaddrInfos : addr[10] 0x86
[INFO] HCCP(680,host_server):2026-09-21-12:13:27.859.293 [rs_drv_socket.c:257]tid:680,RsPeerFillIfaddrInfos : addr[11] 0x8d
[INFO] HCCP(680,host_server):2026-09-21-12:13:27.859.294 [rs_drv_socket.c:257]tid:680,RsPeerFillIfaddrInfos : addr[12] 0xb8
[INFO] HCCP(680,host_server):2026-09-21-12:13:27.859.295 [rs_drv_socket.c:257]tid:680,RsPeerFillIfaddrInfos : addr[13] 0x2f
[INFO] HCCP(680,host_server):2026-09-21-12:13:27.859.296 [rs_drv_socket.c:257]tid:680,RsPeerFillIfaddrInfos : addr[14] 0x34
[INFO] HCCP(680,host_server):2026-09-21-12:13:27.859.298 [rs_drv_socket.c:257]tid:680,RsPeerFillIfaddrInfos : addr[15] 0x0b
[INFO] HCCP(680,host_server):2026-09-21-12:13:27.859.299 [rs_drv_socket.c:253]tid:680,RsPeerFillIfaddrInfos : ifname[enp38s0f1np1] scope_id[12] flowinfo[0]
[INFO] HCCP(680,host_server):2026-09-21-12:13:27.859.300 [rs_drv_socket.c:257]tid:680,RsPeerFillIfaddrInfos : addr[0] 0xfe
[INFO] HCCP(680,host_server):2026-09-21-12:13:27.859.302 [rs_drv_socket.c:257]tid:680,RsPeerFillIfaddrInfos : addr[1] 0x80
[INFO] HCCP(680,host_server):2026-09-21-12:13:27.859.303 [rs_drv_socket.c:257]tid:680,RsPeerFillIfaddrInfos : addr[2] 0x00
[INFO] HCCP(680,host_server):2026-09-21-12:13:27.859.304 [rs_drv_socket.c:257]tid:680,RsPeerFillIfaddrInfos : addr[3] 0x00
[INFO] HCCP(680,host_server):2026-09-21-12:13:27.859.305 [rs_drv_socket.c:257]tid:680,RsPeerFillIfaddrInfos : addr[4] 0x00
[INFO] HCCP(680,host_server):2026-09-21-12:13:27.859.307 [rs_drv_socket.c:257]tid:680,RsPeerFillIfaddrInfos : addr[5] 0x00
[INFO] HCCP(680,host_server):2026-09-21-12:13:27.859.308 [rs_drv_socket.c:257]tid:680,RsPeerFillIfaddrInfos : addr[6] 0x00
[INFO] HCCP(680,host_server):2026-09-21-12:13:27.859.309 [rs_drv_socket.c:257]tid:680,RsPeerFillIfaddrInfos : addr[7] 0x00
[INFO] HCCP(680,host_server):2026-09-21-12:13:27.859.310 [rs_drv_socket.c:257]tid:680,RsPeerFillIfaddrInfos : addr[8] 0x0d
[INFO] HCCP(680,host_server):2026-09-21-12:13:27.859.311 [rs_drv_socket.c:257]tid:680,RsPeerFillIfaddrInfos : addr[9] 0xbd
[INFO] HCCP(680,host_server):2026-09-21-12:13:27.859.313 [rs_drv_socket.c:257]tid:680,RsPeerFillIfaddrInfos : addr[10] 0xbe
[INFO] HCCP(680,host_server):2026-09-21-12:13:27.859.315 [rs_drv_socket.c:257]tid:680,RsPeerFillIfaddrInfos : addr[11] 0xf5
[INFO] HCCP(680,host_server):2026-09-21-12:13:27.859.316 [rs_drv_socket.c:257]tid:680,RsPeerFillIfaddrInfos : addr[12] 0xd6
[INFO] HCCP(680,host_server):2026-09-21-12:13:27.859.317 [rs_drv_socket.c:257]tid:680,RsPeerFillIfaddrInfos : addr[13] 0x37
[INFO] HCCP(680,host_server):2026-09-21-12:13:27.859.319 [rs_drv_socket.c:257]tid:680,RsPeerFillIfaddrInfos : addr[14] 0x47
[INFO] HCCP(680,host_server):2026-09-21-12:13:27.859.320 [rs_drv_socket.c:257]tid:680,RsPeerFillIfaddrInfos : addr[15] 0xd7
[INFO] HCCP(680,host_server):2026-09-21-12:13:27.859.321 [rs_drv_socket.c:253]tid:680,RsPeerFillIfaddrInfos : ifname[enp165s0f0np0] scope_id[13] flowinfo[0]
[INFO] HCCP(680,host_server):2026-09-21-12:13:27.859.322 [rs_drv_socket.c:257]tid:680,RsPeerFillIfaddrInfos : addr[0] 0xfe
[INFO] HCCP(680,host_server):2026-09-21-12:13:27.859.324 [rs_drv_socket.c:257]tid:680,RsPeerFillIfaddrInfos : addr[1] 0x80
[INFO] HCCP(680,host_server):2026-09-21-12:13:27.859.325 [rs_drv_socket.c:257]tid:680,RsPeerFillIfaddrInfos : addr[2] 0x00
[INFO] HCCP(680,host_server):2026-09-21-12:13:27.859.326 [rs_drv_socket.c:257]tid:680,RsPeerFillIfaddrInfos : addr[3] 0x00
[INFO] HCCP(680,host_server):2026-09-21-12:13:27.859.327 [rs_drv_socket.c:257]tid:680,RsPeerFillIfaddrInfos : addr[4] 0x00
[INFO] HCCP(680,host_server):2026-09-21-12:13:27.859.329 [rs_drv_socket.c:257]tid:680,RsPeerFillIfaddrInfos : addr[5] 0x00
[INFO] HCCP(680,host_server):2026-09-21-12:13:27.859.330 [rs_drv_socket.c:257]tid:680,RsPeerFillIfaddrInfos : addr[6] 0x00
[INFO] HCCP(680,host_server):2026-09-21-12:13:27.859.331 [rs_drv_socket.c:257]tid:680,RsPeerFillIfaddrInfos : addr[7] 0x00
[INFO] HCCP(680,host_server):2026-09-21-12:13:27.859.332 [rs_drv_socket.c:257]tid:680,RsPeerFillIfaddrInfos : addr[8] 0xa2
[INFO] HCCP(680,host_server):2026-09-21-12:13:27.859.334 [rs_drv_socket.c:257]tid:680,RsPeerFillIfaddrInfos : addr[9] 0x88
[INFO] HCCP(680,host_server):2026-09-21-12:13:27.859.335 [rs_drv_socket.c:257]tid:680,RsPeerFillIfaddrInfos : addr[10] 0xc2
[INFO] HCCP(680,host_server):2026-09-21-12:13:27.859.336 [rs_drv_socket.c:257]tid:680,RsPeerFillIfaddrInfos : addr[11] 0xff
[INFO] HCCP(680,host_server):2026-09-21-12:13:27.859.337 [rs_drv_socket.c:257]tid:680,RsPeerFillIfaddrInfos : addr[12] 0xfe
[INFO] HCCP(680,host_server):2026-09-21-12:13:27.859.339 [rs_drv_socket.c:257]tid:680,RsPeerFillIfaddrInfos : addr[13] 0x70
[INFO] HCCP(680,host_server):2026-09-21-12:13:27.859.340 [rs_drv_socket.c:257]tid:680,RsPeerFillIfaddrInfos : addr[14] 0x84
[INFO] HCCP(680,host_server):2026-09-21-12:13:27.859.341 [rs_drv_socket.c:257]tid:680,RsPeerFillIfaddrInfos : addr[15] 0x4e
[INFO] HCCP(680,host_server):2026-09-21-12:13:27.859.342 [rs_drv_socket.c:253]tid:680,RsPeerFillIfaddrInfos : ifname[enp165s0f1np1] scope_id[14] flowinfo[0]
[INFO] HCCP(680,host_server):2026-09-21-12:13:27.859.344 [rs_drv_socket.c:257]tid:680,RsPeerFillIfaddrInfos : addr[0] 0xfe
[INFO] HCCP(680,host_server):2026-09-21-12:13:27.859.345 [rs_drv_socket.c:257]tid:680,RsPeerFillIfaddrInfos : addr[1] 0x80
[INFO] HCCP(680,host_server):2026-09-21-12:13:27.859.346 [rs_drv_socket.c:257]tid:680,RsPeerFillIfaddrInfos : addr[2] 0x00
[INFO] HCCP(680,host_server):2026-09-21-12:13:27.859.347 [rs_drv_socket.c:257]tid:680,RsPeerFillIfaddrInfos : addr[3] 0x00
[INFO] HCCP(680,host_server):2026-09-21-12:13:27.859.349 [rs_drv_socket.c:257]tid:680,RsPeerFillIfaddrInfos : addr[4] 0x00
[INFO] HCCP(680,host_server):2026-09-21-12:13:27.859.350 [rs_drv_socket.c:257]tid:680,RsPeerFillIfaddrInfos : addr[5] 0x00
[INFO] HCCP(680,host_server):2026-09-21-12:13:27.859.351 [rs_drv_socket.c:257]tid:680,RsPeerFillIfaddrInfos : addr[6] 0x00
[INFO] HCCP(680,host_server):2026-09-21-12:13:27.859.352 [rs_drv_socket.c:257]tid:680,RsPeerFillIfaddrInfos : addr[7] 0x00
[INFO] HCCP(680,host_server):2026-09-21-12:13:27.859.353 [rs_drv_socket.c:257]tid:680,RsPeerFillIfaddrInfos : addr[8] 0xa2
[INFO] HCCP(680,host_server):2026-09-21-12:13:27.859.356 [rs_drv_socket.c:257]tid:680,RsPeerFillIfaddrInfos : addr[9] 0x88
[INFO] HCCP(680,host_server):2026-09-21-12:13:27.859.357 [rs_drv_socket.c:257]tid:680,RsPeerFillIfaddrInfos : addr[10] 0xc2
[INFO] HCCP(680,host_server):2026-09-21-12:13:27.859.358 [rs_drv_socket.c:257]tid:680,RsPeerFillIfaddrInfos : addr[11] 0xff
[INFO] HCCP(680,host_server):2026-09-21-12:13:27.859.359 [rs_drv_socket.c:257]tid:680,RsPeerFillIfaddrInfos : addr[12] 0xfe
[INFO] HCCP(680,host_server):2026-09-21-12:13:27.859.361 [rs_drv_socket.c:257]tid:680,RsPeerFillIfaddrInfos : addr[13] 0x70
[INFO] HCCP(680,host_server):2026-09-21-12:13:27.859.362 [rs_drv_socket.c:257]tid:680,RsPeerFillIfaddrInfos : addr[14] 0x84
[INFO] HCCP(680,host_server):2026-09-21-12:13:27.859.363 [rs_drv_socket.c:257]tid:680,RsPeerFillIfaddrInfos : addr[15] 0x4f
[INFO] HCCP(680,host_server):2026-09-21-12:13:27.859.364 [rs_drv_socket.c:253]tid:680,RsPeerFillIfaddrInfos : ifname[ipourma0] scope_id[0] flowinfo[0]
[INFO] HCCP(680,host_server):2026-09-21-12:13:27.859.366 [rs_drv_socket.c:257]tid:680,RsPeerFillIfaddrInfos : addr[0] 0x00
[INFO] HCCP(680,host_server):2026-09-21-12:13:27.859.367 [rs_drv_socket.c:257]tid:680,RsPeerFillIfaddrInfos : addr[1] 0x00
[INFO] HCCP(680,host_server):2026-09-21-12:13:27.859.368 [rs_drv_socket.c:257]tid:680,RsPeerFillIfaddrInfos : addr[2] 0x00
[INFO] HCCP(680,host_server):2026-09-21-12:13:27.859.369 [rs_drv_socket.c:257]tid:680,RsPeerFillIfaddrInfos : addr[3] 0x00
[INFO] HCCP(680,host_server):2026-09-21-12:13:27.859.371 [rs_drv_socket.c:257]tid:680,RsPeerFillIfaddrInfos : addr[4] 0x00
[INFO] HCCP(680,host_server):2026-09-21-12:13:27.859.372 [rs_drv_socket.c:257]tid:680,RsPeerFillIfaddrInfos : addr[5] 0x01
[INFO] HCCP(680,host_server):2026-09-21-12:13:27.859.373 [rs_drv_socket.c:257]tid:680,RsPeerFillIfaddrInfos : addr[6] 0x02
[INFO] HCCP(680,host_server):2026-09-21-12:13:27.859.374 [rs_drv_socket.c:257]tid:680,RsPeerFillIfaddrInfos : addr[7] 0x00
[INFO] HCCP(680,host_server):2026-09-21-12:13:27.859.375 [rs_drv_socket.c:257]tid:680,RsPeerFillIfaddrInfos : addr[8] 0x00
[INFO] HCCP(680,host_server):2026-09-21-12:13:27.859.377 [rs_drv_socket.c:257]tid:680,RsPeerFillIfaddrInfos : addr[9] 0x10
[INFO] HCCP(680,host_server):2026-09-21-12:13:27.859.378 [rs_drv_socket.c:257]tid:680,RsPeerFillIfaddrInfos : addr[10] 0x00
[INFO] HCCP(680,host_server):2026-09-21-12:13:27.859.379 [rs_drv_socket.c:257]tid:680,RsPeerFillIfaddrInfos : addr[11] 0x00
[INFO] HCCP(680,host_server):2026-09-21-12:13:27.859.380 [rs_drv_socket.c:257]tid:680,RsPeerFillIfaddrInfos : addr[12] 0xdf
[INFO] HCCP(680,host_server):2026-09-21-12:13:27.859.382 [rs_drv_socket.c:257]tid:680,RsPeerFillIfaddrInfos : addr[13] 0x00
[INFO] HCCP(680,host_server):2026-09-21-12:13:27.859.383 [rs_drv_socket.c:257]tid:680,RsPeerFillIfaddrInfos : addr[14] 0x82
[INFO] HCCP(680,host_server):2026-09-21-12:13:27.859.384 [rs_drv_socket.c:257]tid:680,RsPeerFillIfaddrInfos : addr[15] 0x00
[INFO] HCCP(680,host_server):2026-09-21-12:13:27.859.385 [rs_drv_socket.c:253]tid:680,RsPeerFillIfaddrInfos : ifname[ipourma0] scope_id[0] flowinfo[0]
[INFO] HCCP(680,host_server):2026-09-21-12:13:27.859.387 [rs_drv_socket.c:257]tid:680,RsPeerFillIfaddrInfos : addr[0] 0x00
[INFO] HCCP(680,host_server):2026-09-21-12:13:27.859.388 [rs_drv_socket.c:257]tid:680,RsPeerFillIfaddrInfos : addr[1] 0x00
[INFO] HCCP(680,host_server):2026-09-21-12:13:27.859.389 [rs_drv_socket.c:257]tid:680,RsPeerFillIfaddrInfos : addr[2] 0x00
[INFO] HCCP(680,host_server):2026-09-21-12:13:27.859.390 [rs_drv_socket.c:257]tid:680,RsPeerFillIfaddrInfos : addr[3] 0x00
[INFO] HCCP(680,host_server):2026-09-21-12:13:27.859.392 [rs_drv_socket.c:257]tid:680,RsPeerFillIfaddrInfos : addr[4] 0x00
[INFO] HCCP(680,host_server):2026-09-21-12:13:27.859.393 [rs_drv_socket.c:257]tid:680,RsPeerFillIfaddrInfos : addr[5] 0x3f
[INFO] HCCP(680,host_server):2026-09-21-12:13:27.859.394 [rs_drv_socket.c:257]tid:680,RsPeerFillIfaddrInfos : addr[6] 0x02
[INFO] HCCP(680,host_server):2026-09-21-12:13:27.859.395 [rs_drv_socket.c:257]tid:680,RsPeerFillIfaddrInfos : addr[7] 0x00
[INFO] HCCP(680,host_server):2026-09-21-12:13:27.859.398 [rs_drv_socket.c:257]tid:680,RsPeerFillIfaddrInfos : addr[8] 0x00
[INFO] HCCP(680,host_server):2026-09-21-12:13:27.859.399 [rs_drv_socket.c:257]tid:680,RsPeerFillIfaddrInfos : addr[9] 0x10
[INFO] HCCP(680,host_server):2026-09-21-12:13:27.859.400 [rs_drv_socket.c:257]tid:680,RsPeerFillIfaddrInfos : addr[10] 0x00
[INFO] HCCP(680,host_server):2026-09-21-12:13:27.859.401 [rs_drv_socket.c:257]tid:680,RsPeerFillIfaddrInfos : addr[11] 0x00
[INFO] HCCP(680,host_server):2026-09-21-12:13:27.859.403 [rs_drv_socket.c:257]tid:680,RsPeerFillIfaddrInfos : addr[12] 0xdf
[INFO] HCCP(680,host_server):2026-09-21-12:13:27.859.404 [rs_drv_socket.c:257]tid:680,RsPeerFillIfaddrInfos : addr[13] 0x00
[INFO] HCCP(680,host_server):2026-09-21-12:13:27.859.405 [rs_drv_socket.c:257]tid:680,RsPeerFillIfaddrInfos : addr[14] 0x8b
[INFO] HCCP(680,host_server):2026-09-21-12:13:27.859.406 [rs_drv_socket.c:257]tid:680,RsPeerFillIfaddrInfos : addr[15] 0x00
[INFO] HCCP(680,host_server):2026-09-21-12:13:27.859.408 [rs_drv_socket.c:253]tid:680,RsPeerFillIfaddrInfos : ifname[ipourma0] scope_id[0] flowinfo[0]
[INFO] HCCP(680,host_server):2026-09-21-12:13:27.859.409 [rs_drv_socket.c:257]tid:680,RsPeerFillIfaddrInfos : addr[0] 0x00
[INFO] HCCP(680,host_server):2026-09-21-12:13:27.859.410 [rs_drv_socket.c:257]tid:680,RsPeerFillIfaddrInfos : addr[1] 0x00
[INFO] HCCP(680,host_server):2026-09-21-12:13:27.859.411 [rs_drv_socket.c:257]tid:680,RsPeerFillIfaddrInfos : addr[2] 0x00
[INFO] HCCP(680,host_server):2026-09-21-12:13:27.859.413 [rs_drv_socket.c:257]tid:680,RsPeerFillIfaddrInfos : addr[3] 0x00
[INFO] HCCP(680,host_server):2026-09-21-12:13:27.859.414 [rs_drv_socket.c:257]tid:680,RsPeerFillIfaddrInfos : addr[4] 0x00
[INFO] HCCP(680,host_server):2026-09-21-12:13:27.859.415 [rs_drv_socket.c:257]tid:680,RsPeerFillIfaddrInfos : addr[5] 0x07
[INFO] HCCP(680,host_server):2026-09-21-12:13:27.859.416 [rs_drv_socket.c:257]tid:680,RsPeerFillIfaddrInfos : addr[6] 0x02
[INFO] HCCP(680,host_server):2026-09-21-12:13:27.859.417 [rs_drv_socket.c:257]tid:680,RsPeerFillIfaddrInfos : addr[7] 0x00
[INFO] HCCP(680,host_server):2026-09-21-12:13:27.859.419 [rs_drv_socket.c:257]tid:680,RsPeerFillIfaddrInfos : addr[8] 0x00
[INFO] HCCP(680,host_server):2026-09-21-12:13:27.859.420 [rs_drv_socket.c:257]tid:680,RsPeerFillIfaddrInfos : addr[9] 0x10
[INFO] HCCP(680,host_server):2026-09-21-12:13:27.859.421 [rs_drv_socket.c:257]tid:680,RsPeerFillIfaddrInfos : addr[10] 0x00
[INFO] HCCP(680,host_server):2026-09-21-12:13:27.859.422 [rs_drv_socket.c:257]tid:680,RsPeerFillIfaddrInfos : addr[11] 0x00
[INFO] HCCP(680,host_server):2026-09-21-12:13:27.859.424 [rs_drv_socket.c:257]tid:680,RsPeerFillIfaddrInfos : addr[12] 0xdf
[INFO] HCCP(680,host_server):2026-09-21-12:13:27.859.425 [rs_drv_socket.c:257]tid:680,RsPeerFillIfaddrInfos : addr[13] 0x00
[INFO] HCCP(680,host_server):2026-09-21-12:13:27.859.426 [rs_drv_socket.c:257]tid:680,RsPeerFillIfaddrInfos : addr[14] 0x88
[INFO] HCCP(680,host_server):2026-09-21-12:13:27.859.427 [rs_drv_socket.c:257]tid:680,RsPeerFillIfaddrInfos : addr[15] 0x00
[INFO] HCCP(680,host_server):2026-09-21-12:13:27.859.429 [rs_drv_socket.c:253]tid:680,RsPeerFillIfaddrInfos : ifname[ipourma0] scope_id[0] flowinfo[0]
[INFO] HCCP(680,host_server):2026-09-21-12:13:27.859.430 [rs_drv_socket.c:257]tid:680,RsPeerFillIfaddrInfos : addr[0] 0x00
[INFO] HCCP(680,host_server):2026-09-21-12:13:27.859.431 [rs_drv_socket.c:257]tid:680,RsPeerFillIfaddrInfos : addr[1] 0x00
[INFO] HCCP(680,host_server):2026-09-21-12:13:27.859.432 [rs_drv_socket.c:257]tid:680,RsPeerFillIfaddrInfos : addr[2] 0x00
[INFO] HCCP(680,host_server):2026-09-21-12:13:27.859.434 [rs_drv_socket.c:257]tid:680,RsPeerFillIfaddrInfos : addr[3] 0x00
[INFO] HCCP(680,host_server):2026-09-21-12:13:27.859.435 [rs_drv_socket.c:257]tid:680,RsPeerFillIfaddrInfos : addr[4] 0x00
[INFO] HCCP(680,host_server):2026-09-21-12:13:27.859.436 [rs_drv_socket.c:257]tid:680,RsPeerFillIfaddrInfos : addr[5] 0x06
[INFO] HCCP(680,host_server):2026-09-21-12:13:27.859.437 [rs_drv_socket.c:257]tid:680,RsPeerFillIfaddrInfos : addr[6] 0x02
[INFO] HCCP(680,host_server):2026-09-21-12:13:27.859.439 [rs_drv_socket.c:257]tid:680,RsPeerFillIfaddrInfos : addr[7] 0x00
[INFO] HCCP(680,host_server):2026-09-21-12:13:27.859.441 [rs_drv_socket.c:257]tid:680,RsPeerFillIfaddrInfos : addr[8] 0x00
[INFO] HCCP(680,host_server):2026-09-21-12:13:27.859.442 [rs_drv_socket.c:257]tid:680,RsPeerFillIfaddrInfos : addr[9] 0x10
[INFO] HCCP(680,host_server):2026-09-21-12:13:27.859.443 [rs_drv_socket.c:257]tid:680,RsPeerFillIfaddrInfos : addr[10] 0x00
[INFO] HCCP(680,host_server):2026-09-21-12:13:27.859.444 [rs_drv_socket.c:257]tid:680,RsPeerFillIfaddrInfos : addr[11] 0x00
[INFO] HCCP(680,host_server):2026-09-21-12:13:27.859.445 [rs_drv_socket.c:257]tid:680,RsPeerFillIfaddrInfos : addr[12] 0xdf
[INFO] HCCP(680,host_server):2026-09-21-12:13:27.859.447 [rs_drv_socket.c:257]tid:680,RsPeerFillIfaddrInfos : addr[13] 0x00
[INFO] HCCP(680,host_server):2026-09-21-12:13:27.859.448 [rs_drv_socket.c:257]tid:680,RsPeerFillIfaddrInfos : addr[14] 0x87
[INFO] HCCP(680,host_server):2026-09-21-12:13:27.859.449 [rs_drv_socket.c:257]tid:680,RsPeerFillIfaddrInfos : addr[15] 0x00
[INFO] HCCP(680,host_server):2026-09-21-12:13:27.859.450 [rs_drv_socket.c:253]tid:680,RsPeerFillIfaddrInfos : ifname[ipourma0] scope_id[0] flowinfo[0]
[INFO] HCCP(680,host_server):2026-09-21-12:13:27.859.452 [rs_drv_socket.c:257]tid:680,RsPeerFillIfaddrInfos : addr[0] 0x00
[INFO] HCCP(680,host_server):2026-09-21-12:13:27.859.453 [rs_drv_socket.c:257]tid:680,RsPeerFillIfaddrInfos : addr[1] 0x00
[INFO] HCCP(680,host_server):2026-09-21-12:13:27.859.454 [rs_drv_socket.c:257]tid:680,RsPeerFillIfaddrInfos : addr[2] 0x00
[INFO] HCCP(680,host_server):2026-09-21-12:13:27.859.455 [rs_drv_socket.c:257]tid:680,RsPeerFillIfaddrInfos : addr[3] 0x00
[INFO] HCCP(680,host_server):2026-09-21-12:13:27.859.457 [rs_drv_socket.c:257]tid:680,RsPeerFillIfaddrInfos : addr[4] 0x00
[INFO] HCCP(680,host_server):2026-09-21-12:13:27.859.458 [rs_drv_socket.c:257]tid:680,RsPeerFillIfaddrInfos : addr[5] 0x05
[INFO] HCCP(680,host_server):2026-09-21-12:13:27.859.459 [rs_drv_socket.c:257]tid:680,RsPeerFillIfaddrInfos : addr[6] 0x02
[INFO] HCCP(680,host_server):2026-09-21-12:13:27.859.460 [rs_drv_socket.c:257]tid:680,RsPeerFillIfaddrInfos : addr[7] 0x00
[INFO] HCCP(680,host_server):2026-09-21-12:13:27.859.462 [rs_drv_socket.c:257]tid:680,RsPeerFillIfaddrInfos : addr[8] 0x00
[INFO] HCCP(680,host_server):2026-09-21-12:13:27.859.463 [rs_drv_socket.c:257]tid:680,RsPeerFillIfaddrInfos : addr[9] 0x10
[INFO] HCCP(680,host_server):2026-09-21-12:13:27.859.464 [rs_drv_socket.c:257]tid:680,RsPeerFillIfaddrInfos : addr[10] 0x00
[INFO] HCCP(680,host_server):2026-09-21-12:13:27.859.465 [rs_drv_socket.c:257]tid:680,RsPeerFillIfaddrInfos : addr[11] 0x00
[INFO] HCCP(680,host_server):2026-09-21-12:13:27.859.466 [rs_drv_socket.c:257]tid:680,RsPeerFillIfaddrInfos : addr[12] 0xdf
[INFO] HCCP(680,host_server):2026-09-21-12:13:27.859.468 [rs_drv_socket.c:257]tid:680,RsPeerFillIfaddrInfos : addr[13] 0x00
[INFO] HCCP(680,host_server):2026-09-21-12:13:27.859.469 [rs_drv_socket.c:257]tid:680,RsPeerFillIfaddrInfos : addr[14] 0x86
[INFO] HCCP(680,host_server):2026-09-21-12:13:27.859.470 [rs_drv_socket.c:257]tid:680,RsPeerFillIfaddrInfos : addr[15] 0x00
[INFO] HCCP(680,host_server):2026-09-21-12:13:27.859.471 [rs_drv_socket.c:253]tid:680,RsPeerFillIfaddrInfos : ifname[ipourma0] scope_id[0] flowinfo[0]
[INFO] HCCP(680,host_server):2026-09-21-12:13:27.859.473 [rs_drv_socket.c:257]tid:680,RsPeerFillIfaddrInfos : addr[0] 0x00
[INFO] HCCP(680,host_server):2026-09-21-12:13:27.859.474 [rs_drv_socket.c:257]tid:680,RsPeerFillIfaddrInfos : addr[1] 0x00
[INFO] HCCP(680,host_server):2026-09-21-12:13:27.859.475 [rs_drv_socket.c:257]tid:680,RsPeerFillIfaddrInfos : addr[2] 0x00
[INFO] HCCP(680,host_server):2026-09-21-12:13:27.859.476 [rs_drv_socket.c:257]tid:680,RsPeerFillIfaddrInfos : addr[3] 0x00
[INFO] HCCP(680,host_server):2026-09-21-12:13:27.859.478 [rs_drv_socket.c:257]tid:680,RsPeerFillIfaddrInfos : addr[4] 0x00
[INFO] HCCP(680,host_server):2026-09-21-12:13:27.859.479 [rs_drv_socket.c:257]tid:680,RsPeerFillIfaddrInfos : addr[5] 0x04
[INFO] HCCP(680,host_server):2026-09-21-12:13:27.859.481 [rs_drv_socket.c:257]tid:680,RsPeerFillIfaddrInfos : addr[6] 0x02
[INFO] HCCP(680,host_server):2026-09-21-12:13:27.859.482 [rs_drv_socket.c:257]tid:680,RsPeerFillIfaddrInfos : addr[7] 0x00
[INFO] HCCP(680,host_server):2026-09-21-12:13:27.859.484 [rs_drv_socket.c:257]tid:680,RsPeerFillIfaddrInfos : addr[8] 0x00
[INFO] HCCP(680,host_server):2026-09-21-12:13:27.859.485 [rs_drv_socket.c:257]tid:680,RsPeerFillIfaddrInfos : addr[9] 0x10
[INFO] HCCP(680,host_server):2026-09-21-12:13:27.859.486 [rs_drv_socket.c:257]tid:680,RsPeerFillIfaddrInfos : addr[10] 0x00
[INFO] HCCP(680,host_server):2026-09-21-12:13:27.859.487 [rs_drv_socket.c:257]tid:680,RsPeerFillIfaddrInfos : addr[11] 0x00
[INFO] HCCP(680,host_server):2026-09-21-12:13:27.859.488 [rs_drv_socket.c:257]tid:680,RsPeerFillIfaddrInfos : addr[12] 0xdf
[INFO] HCCP(680,host_server):2026-09-21-12:13:27.859.490 [rs_drv_socket.c:257]tid:680,RsPeerFillIfaddrInfos : addr[13] 0x00
[INFO] HCCP(680,host_server):2026-09-21-12:13:27.859.491 [rs_drv_socket.c:257]tid:680,RsPeerFillIfaddrInfos : addr[14] 0x85
[INFO] HCCP(680,host_server):2026-09-21-12:13:27.859.492 [rs_drv_socket.c:257]tid:680,RsPeerFillIfaddrInfos : addr[15] 0x00
[INFO] HCCP(680,host_server):2026-09-21-12:13:27.859.493 [rs_drv_socket.c:253]tid:680,RsPeerFillIfaddrInfos : ifname[ipourma0] scope_id[0] flowinfo[0]
[INFO] HCCP(680,host_server):2026-09-21-12:13:27.859.495 [rs_drv_socket.c:257]tid:680,RsPeerFillIfaddrInfos : addr[0] 0x00
[INFO] HCCP(680,host_server):2026-09-21-12:13:27.859.496 [rs_drv_socket.c:257]tid:680,RsPeerFillIfaddrInfos : addr[1] 0x00
[INFO] HCCP(680,host_server):2026-09-21-12:13:27.859.497 [rs_drv_socket.c:257]tid:680,RsPeerFillIfaddrInfos : addr[2] 0x00
[INFO] HCCP(680,host_server):2026-09-21-12:13:27.859.498 [rs_drv_socket.c:257]tid:680,RsPeerFillIfaddrInfos : addr[3] 0x00
[INFO] HCCP(680,host_server):2026-09-21-12:13:27.859.500 [rs_drv_socket.c:257]tid:680,RsPeerFillIfaddrInfos : addr[4] 0x00
[INFO] HCCP(680,host_server):2026-09-21-12:13:27.859.501 [rs_drv_socket.c:257]tid:680,RsPeerFillIfaddrInfos : addr[5] 0x03
[INFO] HCCP(680,host_server):2026-09-21-12:13:27.859.502 [rs_drv_socket.c:257]tid:680,RsPeerFillIfaddrInfos : addr[6] 0x02
[INFO] HCCP(680,host_server):2026-09-21-12:13:27.859.503 [rs_drv_socket.c:257]tid:680,RsPeerFillIfaddrInfos : addr[7] 0x00
[INFO] HCCP(680,host_server):2026-09-21-12:13:27.859.505 [rs_drv_socket.c:257]tid:680,RsPeerFillIfaddrInfos : addr[8] 0x00
[INFO] HCCP(680,host_server):2026-09-21-12:13:27.859.506 [rs_drv_socket.c:257]tid:680,RsPeerFillIfaddrInfos : addr[9] 0x10
[INFO] HCCP(680,host_server):2026-09-21-12:13:27.859.507 [rs_drv_socket.c:257]tid:680,RsPeerFillIfaddrInfos : addr[10] 0x00
[INFO] HCCP(680,host_server):2026-09-21-12:13:27.859.508 [rs_drv_socket.c:257]tid:680,RsPeerFillIfaddrInfos : addr[11] 0x00
[INFO] HCCP(680,host_server):2026-09-21-12:13:27.859.510 [rs_drv_socket.c:257]tid:680,RsPeerFillIfaddrInfos : addr[12] 0xdf
[INFO] HCCP(680,host_server):2026-09-21-12:13:27.859.511 [rs_drv_socket.c:257]tid:680,RsPeerFillIfaddrInfos : addr[13] 0x00
[INFO] HCCP(680,host_server):2026-09-21-12:13:27.859.512 [rs_drv_socket.c:257]tid:680,RsPeerFillIfaddrInfos : addr[14] 0x84
[INFO] HCCP(680,host_server):2026-09-21-12:13:27.859.513 [rs_drv_socket.c:257]tid:680,RsPeerFillIfaddrInfos : addr[15] 0x00
[INFO] HCCP(680,host_server):2026-09-21-12:13:27.859.514 [rs_drv_socket.c:253]tid:680,RsPeerFillIfaddrInfos : ifname[ipourma0] scope_id[0] flowinfo[0]
[INFO] HCCP(680,host_server):2026-09-21-12:13:27.859.516 [rs_drv_socket.c:257]tid:680,RsPeerFillIfaddrInfos : addr[0] 0x00
[INFO] HCCP(680,host_server):2026-09-21-12:13:27.859.517 [rs_drv_socket.c:257]tid:680,RsPeerFillIfaddrInfos : addr[1] 0x00
[INFO] HCCP(680,host_server):2026-09-21-12:13:27.859.518 [rs_drv_socket.c:257]tid:680,RsPeerFillIfaddrInfos : addr[2] 0x00
[INFO] HCCP(680,host_server):2026-09-21-12:13:27.859.519 [rs_drv_socket.c:257]tid:680,RsPeerFillIfaddrInfos : addr[3] 0x00
[INFO] HCCP(680,host_server):2026-09-21-12:13:27.859.522 [rs_drv_socket.c:257]tid:680,RsPeerFillIfaddrInfos : addr[4] 0x00
[INFO] HCCP(680,host_server):2026-09-21-12:13:27.859.523 [rs_drv_socket.c:257]tid:680,RsPeerFillIfaddrInfos : addr[5] 0x02
[INFO] HCCP(680,host_server):2026-09-21-12:13:27.859.524 [rs_drv_socket.c:257]tid:680,RsPeerFillIfaddrInfos : addr[6] 0x02
[INFO] HCCP(680,host_server):2026-09-21-12:13:27.859.525 [rs_drv_socket.c:257]tid:680,RsPeerFillIfaddrInfos : addr[7] 0x00
[INFO] HCCP(680,host_server):2026-09-21-12:13:27.859.526 [rs_drv_socket.c:257]tid:680,RsPeerFillIfaddrInfos : addr[8] 0x00
[INFO] HCCP(680,host_server):2026-09-21-12:13:27.859.528 [rs_drv_socket.c:257]tid:680,RsPeerFillIfaddrInfos : addr[9] 0x10
[INFO] HCCP(680,host_server):2026-09-21-12:13:27.859.529 [rs_drv_socket.c:257]tid:680,RsPeerFillIfaddrInfos : addr[10] 0x00
[INFO] HCCP(680,host_server):2026-09-21-12:13:27.859.530 [rs_drv_socket.c:257]tid:680,RsPeerFillIfaddrInfos : addr[11] 0x00
[INFO] HCCP(680,host_server):2026-09-21-12:13:27.859.531 [rs_drv_socket.c:257]tid:680,RsPeerFillIfaddrInfos : addr[12] 0xdf
[INFO] HCCP(680,host_server):2026-09-21-12:13:27.859.533 [rs_drv_socket.c:257]tid:680,RsPeerFillIfaddrInfos : addr[13] 0x00
[INFO] HCCP(680,host_server):2026-09-21-12:13:27.859.534 [rs_drv_socket.c:257]tid:680,RsPeerFillIfaddrInfos : addr[14] 0x83
[INFO] HCCP(680,host_server):2026-09-21-12:13:27.859.535 [rs_drv_socket.c:257]tid:680,RsPeerFillIfaddrInfos : addr[15] 0x00
[INFO] HCCP(680,host_server):2026-09-21-12:13:27.859.536 [rs_drv_socket.c:253]tid:680,RsPeerFillIfaddrInfos : ifname[ipourma1] scope_id[0] flowinfo[0]
[INFO] HCCP(680,host_server):2026-09-21-12:13:27.859.538 [rs_drv_socket.c:257]tid:680,RsPeerFillIfaddrInfos : addr[0] 0x00
[INFO] HCCP(680,host_server):2026-09-21-12:13:27.859.539 [rs_drv_socket.c:257]tid:680,RsPeerFillIfaddrInfos : addr[1] 0x00
[INFO] HCCP(680,host_server):2026-09-21-12:13:27.859.540 [rs_drv_socket.c:257]tid:680,RsPeerFillIfaddrInfos : addr[2] 0x00
[INFO] HCCP(680,host_server):2026-09-21-12:13:27.859.541 [rs_drv_socket.c:257]tid:680,RsPeerFillIfaddrInfos : addr[3] 0x00
[INFO] HCCP(680,host_server):2026-09-21-12:13:27.859.543 [rs_drv_socket.c:257]tid:680,RsPeerFillIfaddrInfos : addr[4] 0x00
[INFO] HCCP(680,host_server):2026-09-21-12:13:27.859.544 [rs_drv_socket.c:257]tid:680,RsPeerFillIfaddrInfos : addr[5] 0x41
[INFO] HCCP(680,host_server):2026-09-21-12:13:27.859.545 [rs_drv_socket.c:257]tid:680,RsPeerFillIfaddrInfos : addr[6] 0x02
[INFO] HCCP(680,host_server):2026-09-21-12:13:27.859.546 [rs_drv_socket.c:257]tid:680,RsPeerFillIfaddrInfos : addr[7] 0x00
[INFO] HCCP(680,host_server):2026-09-21-12:13:27.859.548 [rs_drv_socket.c:257]tid:680,RsPeerFillIfaddrInfos : addr[8] 0x00
[INFO] HCCP(680,host_server):2026-09-21-12:13:27.859.549 [rs_drv_socket.c:257]tid:680,RsPeerFillIfaddrInfos : addr[9] 0x10
[INFO] HCCP(680,host_server):2026-09-21-12:13:27.859.550 [rs_drv_socket.c:257]tid:680,RsPeerFillIfaddrInfos : addr[10] 0x00
[INFO] HCCP(680,host_server):2026-09-21-12:13:27.859.551 [rs_drv_socket.c:257]tid:680,RsPeerFillIfaddrInfos : addr[11] 0x00
[INFO] HCCP(680,host_server):2026-09-21-12:13:27.859.552 [rs_drv_socket.c:257]tid:680,RsPeerFillIfaddrInfos : addr[12] 0xdf
[INFO] HCCP(680,host_server):2026-09-21-12:13:27.859.554 [rs_drv_socket.c:257]tid:680,RsPeerFillIfaddrInfos : addr[13] 0x04
[INFO] HCCP(680,host_server):2026-09-21-12:13:27.859.555 [rs_drv_socket.c:257]tid:680,RsPeerFillIfaddrInfos : addr[14] 0x82
[INFO] HCCP(680,host_server):2026-09-21-12:13:27.859.556 [rs_drv_socket.c:257]tid:680,RsPeerFillIfaddrInfos : addr[15] 0x00
[INFO] HCCP(680,host_server):2026-09-21-12:13:27.859.557 [rs_drv_socket.c:253]tid:680,RsPeerFillIfaddrInfos : ifname[ipourma1] scope_id[0] flowinfo[0]
[INFO] HCCP(680,host_server):2026-09-21-12:13:27.859.559 [rs_drv_socket.c:257]tid:680,RsPeerFillIfaddrInfos : addr[0] 0x00
[INFO] HCCP(680,host_server):2026-09-21-12:13:27.859.560 [rs_drv_socket.c:257]tid:680,RsPeerFillIfaddrInfos : addr[1] 0x00
[INFO] HCCP(680,host_server):2026-09-21-12:13:27.859.561 [rs_drv_socket.c:257]tid:680,RsPeerFillIfaddrInfos : addr[2] 0x00
[INFO] HCCP(680,host_server):2026-09-21-12:13:27.859.563 [rs_drv_socket.c:257]tid:680,RsPeerFillIfaddrInfos : addr[3] 0x00
[INFO] HCCP(680,host_server):2026-09-21-12:13:27.859.565 [rs_drv_socket.c:257]tid:680,RsPeerFillIfaddrInfos : addr[4] 0x00
[INFO] HCCP(680,host_server):2026-09-21-12:13:27.859.566 [rs_drv_socket.c:257]tid:680,RsPeerFillIfaddrInfos : addr[5] 0x7f
[INFO] HCCP(680,host_server):2026-09-21-12:13:27.859.567 [rs_drv_socket.c:257]tid:680,RsPeerFillIfaddrInfos : addr[6] 0x02
[INFO] HCCP(680,host_server):2026-09-21-12:13:27.859.568 [rs_drv_socket.c:257]tid:680,RsPeerFillIfaddrInfos : addr[7] 0x00
[INFO] HCCP(680,host_server):2026-09-21-12:13:27.859.570 [rs_drv_socket.c:257]tid:680,RsPeerFillIfaddrInfos : addr[8] 0x00
[INFO] HCCP(680,host_server):2026-09-21-12:13:27.859.571 [rs_drv_socket.c:257]tid:680,RsPeerFillIfaddrInfos : addr[9] 0x10
[INFO] HCCP(680,host_server):2026-09-21-12:13:27.859.572 [rs_drv_socket.c:257]tid:680,RsPeerFillIfaddrInfos : addr[10] 0x00
[INFO] HCCP(680,host_server):2026-09-21-12:13:27.859.573 [rs_drv_socket.c:257]tid:680,RsPeerFillIfaddrInfos : addr[11] 0x00
[INFO] HCCP(680,host_server):2026-09-21-12:13:27.859.574 [rs_drv_socket.c:257]tid:680,RsPeerFillIfaddrInfos : addr[12] 0xdf
[INFO] HCCP(680,host_server):2026-09-21-12:13:27.859.576 [rs_drv_socket.c:257]tid:680,RsPeerFillIfaddrInfos : addr[13] 0x04
[INFO] HCCP(680,host_server):2026-09-21-12:13:27.859.577 [rs_drv_socket.c:257]tid:680,RsPeerFillIfaddrInfos : addr[14] 0x8b
[INFO] HCCP(680,host_server):2026-09-21-12:13:27.859.578 [rs_drv_socket.c:257]tid:680,RsPeerFillIfaddrInfos : addr[15] 0x00
[INFO] HCCP(680,host_server):2026-09-21-12:13:27.859.579 [rs_drv_socket.c:253]tid:680,RsPeerFillIfaddrInfos : ifname[ipourma1] scope_id[0] flowinfo[0]
[INFO] HCCP(680,host_server):2026-09-21-12:13:27.859.581 [rs_drv_socket.c:257]tid:680,RsPeerFillIfaddrInfos : addr[0] 0x00
[INFO] HCCP(680,host_server):2026-09-21-12:13:27.859.582 [rs_drv_socket.c:257]tid:680,RsPeerFillIfaddrInfos : addr[1] 0x00
[INFO] HCCP(680,host_server):2026-09-21-12:13:27.859.583 [rs_drv_socket.c:257]tid:680,RsPeerFillIfaddrInfos : addr[2] 0x00
[INFO] HCCP(680,host_server):2026-09-21-12:13:27.859.584 [rs_drv_socket.c:257]tid:680,RsPeerFillIfaddrInfos : addr[3] 0x00
[INFO] HCCP(680,host_server):2026-09-21-12:13:27.859.586 [rs_drv_socket.c:257]tid:680,RsPeerFillIfaddrInfos : addr[4] 0x00
[INFO] HCCP(680,host_server):2026-09-21-12:13:27.859.587 [rs_drv_socket.c:257]tid:680,RsPeerFillIfaddrInfos : addr[5] 0x47
[INFO] HCCP(680,host_server):2026-09-21-12:13:27.859.588 [rs_drv_socket.c:257]tid:680,RsPeerFillIfaddrInfos : addr[6] 0x02
[INFO] HCCP(680,host_server):2026-09-21-12:13:27.859.589 [rs_drv_socket.c:257]tid:680,RsPeerFillIfaddrInfos : addr[7] 0x00
[INFO] HCCP(680,host_server):2026-09-21-12:13:27.859.591 [rs_drv_socket.c:257]tid:680,RsPeerFillIfaddrInfos : addr[8] 0x00
[INFO] HCCP(680,host_server):2026-09-21-12:13:27.859.592 [rs_drv_socket.c:257]tid:680,RsPeerFillIfaddrInfos : addr[9] 0x10
[INFO] HCCP(680,host_server):2026-09-21-12:13:27.859.593 [rs_drv_socket.c:257]tid:680,RsPeerFillIfaddrInfos : addr[10] 0x00
[INFO] HCCP(680,host_server):2026-09-21-12:13:27.859.595 [rs_drv_socket.c:257]tid:680,RsPeerFillIfaddrInfos : addr[11] 0x00
[INFO] HCCP(680,host_server):2026-09-21-12:13:27.859.596 [rs_drv_socket.c:257]tid:680,RsPeerFillIfaddrInfos : addr[12] 0xdf
[INFO] HCCP(680,host_server):2026-09-21-12:13:27.859.597 [rs_drv_socket.c:257]tid:680,RsPeerFillIfaddrInfos : addr[13] 0x04
[INFO] HCCP(680,host_server):2026-09-21-12:13:27.859.598 [rs_drv_socket.c:257]tid:680,RsPeerFillIfaddrInfos : addr[14] 0x88
[INFO] HCCP(680,host_server):2026-09-21-12:13:27.859.600 [rs_drv_socket.c:257]tid:680,RsPeerFillIfaddrInfos : addr[15] 0x00
[INFO] HCCP(680,host_server):2026-09-21-12:13:27.859.601 [rs_drv_socket.c:253]tid:680,RsPeerFillIfaddrInfos : ifname[ipourma1] scope_id[0] flowinfo[0]
[INFO] HCCP(680,host_server):2026-09-21-12:13:27.859.602 [rs_drv_socket.c:257]tid:680,RsPeerFillIfaddrInfos : addr[0] 0x00
[INFO] HCCP(680,host_server):2026-09-21-12:13:27.859.604 [rs_drv_socket.c:257]tid:680,RsPeerFillIfaddrInfos : addr[1] 0x00
[INFO] HCCP(680,host_server):2026-09-21-12:13:27.859.606 [rs_drv_socket.c:257]tid:680,RsPeerFillIfaddrInfos : addr[2] 0x00
[INFO] HCCP(680,host_server):2026-09-21-12:13:27.859.607 [rs_drv_socket.c:257]tid:680,RsPeerFillIfaddrInfos : addr[3] 0x00
[INFO] HCCP(680,host_server):2026-09-21-12:13:27.859.608 [rs_drv_socket.c:257]tid:680,RsPeerFillIfaddrInfos : addr[4] 0x00
[INFO] HCCP(680,host_server):2026-09-21-12:13:27.859.609 [rs_drv_socket.c:257]tid:680,RsPeerFillIfaddrInfos : addr[5] 0x46
[INFO] HCCP(680,host_server):2026-09-21-12:13:27.859.611 [rs_drv_socket.c:257]tid:680,RsPeerFillIfaddrInfos : addr[6] 0x02
[INFO] HCCP(680,host_server):2026-09-21-12:13:27.859.612 [rs_drv_socket.c:257]tid:680,RsPeerFillIfaddrInfos : addr[7] 0x00
[INFO] HCCP(680,host_server):2026-09-21-12:13:27.859.613 [rs_drv_socket.c:257]tid:680,RsPeerFillIfaddrInfos : addr[8] 0x00
[INFO] HCCP(680,host_server):2026-09-21-12:13:27.859.615 [rs_drv_socket.c:257]tid:680,RsPeerFillIfaddrInfos : addr[9] 0x10
[INFO] HCCP(680,host_server):2026-09-21-12:13:27.859.616 [rs_drv_socket.c:257]tid:680,RsPeerFillIfaddrInfos : addr[10] 0x00
[INFO] HCCP(680,host_server):2026-09-21-12:13:27.859.617 [rs_drv_socket.c:257]tid:680,RsPeerFillIfaddrInfos : addr[11] 0x00
[INFO] HCCP(680,host_server):2026-09-21-12:13:27.859.618 [rs_drv_socket.c:257]tid:680,RsPeerFillIfaddrInfos : addr[12] 0xdf
[INFO] HCCP(680,host_server):2026-09-21-12:13:27.859.620 [rs_drv_socket.c:257]tid:680,RsPeerFillIfaddrInfos : addr[13] 0x04
[INFO] HCCP(680,host_server):2026-09-21-12:13:27.859.621 [rs_drv_socket.c:257]tid:680,RsPeerFillIfaddrInfos : addr[14] 0x87
[INFO] HCCP(680,host_server):2026-09-21-12:13:27.859.622 [rs_drv_socket.c:257]tid:680,RsPeerFillIfaddrInfos : addr[15] 0x00
[INFO] HCCP(680,host_server):2026-09-21-12:13:27.859.624 [rs_drv_socket.c:253]tid:680,RsPeerFillIfaddrInfos : ifname[ipourma1] scope_id[0] flowinfo[0]
[INFO] HCCP(680,host_server):2026-09-21-12:13:27.859.625 [rs_drv_socket.c:257]tid:680,RsPeerFillIfaddrInfos : addr[0] 0x00
[INFO] HCCP(680,host_server):2026-09-21-12:13:27.859.626 [rs_drv_socket.c:257]tid:680,RsPeerFillIfaddrInfos : addr[1] 0x00
[INFO] HCCP(680,host_server):2026-09-21-12:13:27.859.627 [rs_drv_socket.c:257]tid:680,RsPeerFillIfaddrInfos : addr[2] 0x00
[INFO] HCCP(680,host_server):2026-09-21-12:13:27.859.629 [rs_drv_socket.c:257]tid:680,RsPeerFillIfaddrInfos : addr[3] 0x00
[INFO] HCCP(680,host_server):2026-09-21-12:13:27.859.630 [rs_drv_socket.c:257]tid:680,RsPeerFillIfaddrInfos : addr[4] 0x00
[INFO] HCCP(680,host_server):2026-09-21-12:13:27.859.631 [rs_drv_socket.c:257]tid:680,RsPeerFillIfaddrInfos : addr[5] 0x45
[INFO] HCCP(680,host_server):2026-09-21-12:13:27.859.632 [rs_drv_socket.c:257]tid:680,RsPeerFillIfaddrInfos : addr[6] 0x02
[INFO] HCCP(680,host_server):2026-09-21-12:13:27.859.634 [rs_drv_socket.c:257]tid:680,RsPeerFillIfaddrInfos : addr[7] 0x00
[INFO] HCCP(680,host_server):2026-09-21-12:13:27.859.635 [rs_drv_socket.c:257]tid:680,RsPeerFillIfaddrInfos : addr[8] 0x00
[INFO] HCCP(680,host_server):2026-09-21-12:13:27.859.636 [rs_drv_socket.c:257]tid:680,RsPeerFillIfaddrInfos : addr[9] 0x10
[INFO] HCCP(680,host_server):2026-09-21-12:13:27.859.637 [rs_drv_socket.c:257]tid:680,RsPeerFillIfaddrInfos : addr[10] 0x00
[INFO] HCCP(680,host_server):2026-09-21-12:13:27.859.639 [rs_drv_socket.c:257]tid:680,RsPeerFillIfaddrInfos : addr[11] 0x00
[INFO] HCCP(680,host_server):2026-09-21-12:13:27.859.640 [rs_drv_socket.c:257]tid:680,RsPeerFillIfaddrInfos : addr[12] 0xdf
[INFO] HCCP(680,host_server):2026-09-21-12:13:27.859.641 [rs_drv_socket.c:257]tid:680,RsPeerFillIfaddrInfos : addr[13] 0x04
[INFO] HCCP(680,host_server):2026-09-21-12:13:27.859.643 [rs_drv_socket.c:257]tid:680,RsPeerFillIfaddrInfos : addr[14] 0x86
[INFO] HCCP(680,host_server):2026-09-21-12:13:27.859.644 [rs_drv_socket.c:257]tid:680,RsPeerFillIfaddrInfos : addr[15] 0x00
[INFO] HCCP(680,host_server):2026-09-21-12:13:27.859.645 [rs_drv_socket.c:253]tid:680,RsPeerFillIfaddrInfos : ifname[ipourma1] scope_id[0] flowinfo[0]
[INFO] HCCP(680,host_server):2026-09-21-12:13:27.859.646 [rs_drv_socket.c:257]tid:680,RsPeerFillIfaddrInfos : addr[0] 0x00
[INFO] HCCP(680,host_server):2026-09-21-12:13:27.859.649 [rs_drv_socket.c:257]tid:680,RsPeerFillIfaddrInfos : addr[1] 0x00
[INFO] HCCP(680,host_server):2026-09-21-12:13:27.859.650 [rs_drv_socket.c:257]tid:680,RsPeerFillIfaddrInfos : addr[2] 0x00
[INFO] HCCP(680,host_server):2026-09-21-12:13:27.859.651 [rs_drv_socket.c:257]tid:680,RsPeerFillIfaddrInfos : addr[3] 0x00
[INFO] HCCP(680,host_server):2026-09-21-12:13:27.859.652 [rs_drv_socket.c:257]tid:680,RsPeerFillIfaddrInfos : addr[4] 0x00
[INFO] HCCP(680,host_server):2026-09-21-12:13:27.859.654 [rs_drv_socket.c:257]tid:680,RsPeerFillIfaddrInfos : addr[5] 0x44
[INFO] HCCP(680,host_server):2026-09-21-12:13:27.859.655 [rs_drv_socket.c:257]tid:680,RsPeerFillIfaddrInfos : addr[6] 0x02
[INFO] HCCP(680,host_server):2026-09-21-12:13:27.859.656 [rs_drv_socket.c:257]tid:680,RsPeerFillIfaddrInfos : addr[7] 0x00
[INFO] HCCP(680,host_server):2026-09-21-12:13:27.859.657 [rs_drv_socket.c:257]tid:680,RsPeerFillIfaddrInfos : addr[8] 0x00
[INFO] HCCP(680,host_server):2026-09-21-12:13:27.859.659 [rs_drv_socket.c:257]tid:680,RsPeerFillIfaddrInfos : addr[9] 0x10
[INFO] HCCP(680,host_server):2026-09-21-12:13:27.859.660 [rs_drv_socket.c:257]tid:680,RsPeerFillIfaddrInfos : addr[10] 0x00
[INFO] HCCP(680,host_server):2026-09-21-12:13:27.859.661 [rs_drv_socket.c:257]tid:680,RsPeerFillIfaddrInfos : addr[11] 0x00
[INFO] HCCP(680,host_server):2026-09-21-12:13:27.859.663 [rs_drv_socket.c:257]tid:680,RsPeerFillIfaddrInfos : addr[12] 0xdf
[INFO] HCCP(680,host_server):2026-09-21-12:13:27.859.664 [rs_drv_socket.c:257]tid:680,RsPeerFillIfaddrInfos : addr[13] 0x04
[INFO] HCCP(680,host_server):2026-09-21-12:13:27.859.665 [rs_drv_socket.c:257]tid:680,RsPeerFillIfaddrInfos : addr[14] 0x85
[INFO] HCCP(680,host_server):2026-09-21-12:13:27.859.666 [rs_drv_socket.c:257]tid:680,RsPeerFillIfaddrInfos : addr[15] 0x00
[INFO] HCCP(680,host_server):2026-09-21-12:13:27.859.668 [rs_drv_socket.c:253]tid:680,RsPeerFillIfaddrInfos : ifname[ipourma1] scope_id[0] flowinfo[0]
[INFO] HCCP(680,host_server):2026-09-21-12:13:27.859.669 [rs_drv_socket.c:257]tid:680,RsPeerFillIfaddrInfos : addr[0] 0x00
[INFO] HCCP(680,host_server):2026-09-21-12:13:27.859.670 [rs_drv_socket.c:257]tid:680,RsPeerFillIfaddrInfos : addr[1] 0x00
[INFO] HCCP(680,host_server):2026-09-21-12:13:27.859.671 [rs_drv_socket.c:257]tid:680,RsPeerFillIfaddrInfos : addr[2] 0x00
[INFO] HCCP(680,host_server):2026-09-21-12:13:27.859.673 [rs_drv_socket.c:257]tid:680,RsPeerFillIfaddrInfos : addr[3] 0x00
[INFO] HCCP(680,host_server):2026-09-21-12:13:27.859.674 [rs_drv_socket.c:257]tid:680,RsPeerFillIfaddrInfos : addr[4] 0x00
[INFO] HCCP(680,host_server):2026-09-21-12:13:27.859.675 [rs_drv_socket.c:257]tid:680,RsPeerFillIfaddrInfos : addr[5] 0x43
[INFO] HCCP(680,host_server):2026-09-21-12:13:27.859.676 [rs_drv_socket.c:257]tid:680,RsPeerFillIfaddrInfos : addr[6] 0x02
[INFO] HCCP(680,host_server):2026-09-21-12:13:27.859.678 [rs_drv_socket.c:257]tid:680,RsPeerFillIfaddrInfos : addr[7] 0x00
[INFO] HCCP(680,host_server):2026-09-21-12:13:27.859.679 [rs_drv_socket.c:257]tid:680,RsPeerFillIfaddrInfos : addr[8] 0x00
[INFO] HCCP(680,host_server):2026-09-21-12:13:27.859.680 [rs_drv_socket.c:257]tid:680,RsPeerFillIfaddrInfos : addr[9] 0x10
[INFO] HCCP(680,host_server):2026-09-21-12:13:27.859.681 [rs_drv_socket.c:257]tid:680,RsPeerFillIfaddrInfos : addr[10] 0x00
[INFO] HCCP(680,host_server):2026-09-21-12:13:27.859.683 [rs_drv_socket.c:257]tid:680,RsPeerFillIfaddrInfos : addr[11] 0x00
[INFO] HCCP(680,host_server):2026-09-21-12:13:27.859.684 [rs_drv_socket.c:257]tid:680,RsPeerFillIfaddrInfos : addr[12] 0xdf
[INFO] HCCP(680,host_server):2026-09-21-12:13:27.859.685 [rs_drv_socket.c:257]tid:680,RsPeerFillIfaddrInfos : addr[13] 0x04
[INFO] HCCP(680,host_server):2026-09-21-12:13:27.859.687 [rs_drv_socket.c:257]tid:680,RsPeerFillIfaddrInfos : addr[14] 0x84
[INFO] HCCP(680,host_server):2026-09-21-12:13:27.859.688 [rs_drv_socket.c:257]tid:680,RsPeerFillIfaddrInfos : addr[15] 0x00
[INFO] HCCP(680,host_server):2026-09-21-12:13:27.859.689 [rs_drv_socket.c:253]tid:680,RsPeerFillIfaddrInfos : ifname[ipourma1] scope_id[0] flowinfo[0]
[INFO] HCCP(680,host_server):2026-09-21-12:13:27.859.691 [rs_drv_socket.c:257]tid:680,RsPeerFillIfaddrInfos : addr[0] 0x00
[INFO] HCCP(680,host_server):2026-09-21-12:13:27.859.693 [rs_drv_socket.c:257]tid:680,RsPeerFillIfaddrInfos : addr[1] 0x00
[INFO] HCCP(680,host_server):2026-09-21-12:13:27.859.694 [rs_drv_socket.c:257]tid:680,RsPeerFillIfaddrInfos : addr[2] 0x00
[INFO] HCCP(680,host_server):2026-09-21-12:13:27.859.695 [rs_drv_socket.c:257]tid:680,RsPeerFillIfaddrInfos : addr[3] 0x00
[INFO] HCCP(680,host_server):2026-09-21-12:13:27.859.696 [rs_drv_socket.c:257]tid:680,RsPeerFillIfaddrInfos : addr[4] 0x00
[INFO] HCCP(680,host_server):2026-09-21-12:13:27.859.698 [rs_drv_socket.c:257]tid:680,RsPeerFillIfaddrInfos : addr[5] 0x42
[INFO] HCCP(680,host_server):2026-09-21-12:13:27.859.699 [rs_drv_socket.c:257]tid:680,RsPeerFillIfaddrInfos : addr[6] 0x02
[INFO] HCCP(680,host_server):2026-09-21-12:13:27.859.700 [rs_drv_socket.c:257]tid:680,RsPeerFillIfaddrInfos : addr[7] 0x00
[INFO] HCCP(680,host_server):2026-09-21-12:13:27.859.701 [rs_drv_socket.c:257]tid:680,RsPeerFillIfaddrInfos : addr[8] 0x00
[INFO] HCCP(680,host_server):2026-09-21-12:13:27.859.703 [rs_drv_socket.c:257]tid:680,RsPeerFillIfaddrInfos : addr[9] 0x10
[INFO] HCCP(680,host_server):2026-09-21-12:13:27.859.704 [rs_drv_socket.c:257]tid:680,RsPeerFillIfaddrInfos : addr[10] 0x00
[INFO] HCCP(680,host_server):2026-09-21-12:13:27.859.705 [rs_drv_socket.c:257]tid:680,RsPeerFillIfaddrInfos : addr[11] 0x00
[INFO] HCCP(680,host_server):2026-09-21-12:13:27.859.706 [rs_drv_socket.c:257]tid:680,RsPeerFillIfaddrInfos : addr[12] 0xdf
[INFO] HCCP(680,host_server):2026-09-21-12:13:27.859.708 [rs_drv_socket.c:257]tid:680,RsPeerFillIfaddrInfos : addr[13] 0x04
[INFO] HCCP(680,host_server):2026-09-21-12:13:27.859.709 [rs_drv_socket.c:257]tid:680,RsPeerFillIfaddrInfos : addr[14] 0x83
[INFO] HCCP(680,host_server):2026-09-21-12:13:27.859.710 [rs_drv_socket.c:257]tid:680,RsPeerFillIfaddrInfos : addr[15] 0x00
[INFO] HCCP(680,host_server):2026-09-21-12:13:27.859.712 [rs_drv_socket.c:253]tid:680,RsPeerFillIfaddrInfos : ifname[ipourma2] scope_id[0] flowinfo[0]
[INFO] HCCP(680,host_server):2026-09-21-12:13:27.859.713 [rs_drv_socket.c:257]tid:680,RsPeerFillIfaddrInfos : addr[0] 0x00
[INFO] HCCP(680,host_server):2026-09-21-12:13:27.859.714 [rs_drv_socket.c:257]tid:680,RsPeerFillIfaddrInfos : addr[1] 0x00
[INFO] HCCP(680,host_server):2026-09-21-12:13:27.859.715 [rs_drv_socket.c:257]tid:680,RsPeerFillIfaddrInfos : addr[2] 0x00
[INFO] HCCP(680,host_server):2026-09-21-12:13:27.859.717 [rs_drv_socket.c:257]tid:680,RsPeerFillIfaddrInfos : addr[3] 0x00
[INFO] HCCP(680,host_server):2026-09-21-12:13:27.859.718 [rs_drv_socket.c:257]tid:680,RsPeerFillIfaddrInfos : addr[4] 0x00
[INFO] HCCP(680,host_server):2026-09-21-12:13:27.859.719 [rs_drv_socket.c:257]tid:680,RsPeerFillIfaddrInfos : addr[5] 0x00
[INFO] HCCP(680,host_server):2026-09-21-12:13:27.859.720 [rs_drv_socket.c:257]tid:680,RsPeerFillIfaddrInfos : addr[6] 0x04
[INFO] HCCP(680,host_server):2026-09-21-12:13:27.859.722 [rs_drv_socket.c:257]tid:680,RsPeerFillIfaddrInfos : addr[7] 0x00
[INFO] HCCP(680,host_server):2026-09-21-12:13:27.859.723 [rs_drv_socket.c:257]tid:680,RsPeerFillIfaddrInfos : addr[8] 0x00
[INFO] HCCP(680,host_server):2026-09-21-12:13:27.859.724 [rs_drv_socket.c:257]tid:680,RsPeerFillIfaddrInfos : addr[9] 0x10
[INFO] HCCP(680,host_server):2026-09-21-12:13:27.859.725 [rs_drv_socket.c:257]tid:680,RsPeerFillIfaddrInfos : addr[10] 0x00
[INFO] HCCP(680,host_server):2026-09-21-12:13:27.859.727 [rs_drv_socket.c:257]tid:680,RsPeerFillIfaddrInfos : addr[11] 0x00
[INFO] HCCP(680,host_server):2026-09-21-12:13:27.859.728 [rs_drv_socket.c:257]tid:680,RsPeerFillIfaddrInfos : addr[12] 0xdf
[INFO] HCCP(680,host_server):2026-09-21-12:13:27.859.729 [rs_drv_socket.c:257]tid:680,RsPeerFillIfaddrInfos : addr[13] 0x00
[INFO] HCCP(680,host_server):2026-09-21-12:13:27.859.730 [rs_drv_socket.c:257]tid:680,RsPeerFillIfaddrInfos : addr[14] 0x81
[INFO] HCCP(680,host_server):2026-09-21-12:13:27.859.733 [rs_drv_socket.c:257]tid:680,RsPeerFillIfaddrInfos : addr[15] 0x00
[INFO] HCCP(680,host_server):2026-09-21-12:13:27.859.734 [rs_drv_socket.c:253]tid:680,RsPeerFillIfaddrInfos : ifname[ipourma2] scope_id[0] flowinfo[0]
[INFO] HCCP(680,host_server):2026-09-21-12:13:27.859.735 [rs_drv_socket.c:257]tid:680,RsPeerFillIfaddrInfos : addr[0] 0x00
[INFO] HCCP(680,host_server):2026-09-21-12:13:27.859.737 [rs_drv_socket.c:257]tid:680,RsPeerFillIfaddrInfos : addr[1] 0x00
[INFO] HCCP(680,host_server):2026-09-21-12:13:27.859.738 [rs_drv_socket.c:257]tid:680,RsPeerFillIfaddrInfos : addr[2] 0x00
[INFO] HCCP(680,host_server):2026-09-21-12:13:27.859.739 [rs_drv_socket.c:257]tid:680,RsPeerFillIfaddrInfos : addr[3] 0x00
[INFO] HCCP(680,host_server):2026-09-21-12:13:27.859.740 [rs_drv_socket.c:257]tid:680,RsPeerFillIfaddrInfos : addr[4] 0x00
[INFO] HCCP(680,host_server):2026-09-21-12:13:27.859.742 [rs_drv_socket.c:257]tid:680,RsPeerFillIfaddrInfos : addr[5] 0x08
[INFO] HCCP(680,host_server):2026-09-21-12:13:27.859.743 [rs_drv_socket.c:257]tid:680,RsPeerFillIfaddrInfos : addr[6] 0x04
[INFO] HCCP(680,host_server):2026-09-21-12:13:27.859.744 [rs_drv_socket.c:257]tid:680,RsPeerFillIfaddrInfos : addr[7] 0x00
[INFO] HCCP(680,host_server):2026-09-21-12:13:27.859.745 [rs_drv_socket.c:257]tid:680,RsPeerFillIfaddrInfos : addr[8] 0x00
[INFO] HCCP(680,host_server):2026-09-21-12:13:27.859.746 [rs_drv_socket.c:257]tid:680,RsPeerFillIfaddrInfos : addr[9] 0x10
[INFO] HCCP(680,host_server):2026-09-21-12:13:27.859.748 [rs_drv_socket.c:257]tid:680,RsPeerFillIfaddrInfos : addr[10] 0x00
[INFO] HCCP(680,host_server):2026-09-21-12:13:27.859.749 [rs_drv_socket.c:257]tid:680,RsPeerFillIfaddrInfos : addr[11] 0x00
[INFO] HCCP(680,host_server):2026-09-21-12:13:27.859.750 [rs_drv_socket.c:257]tid:680,RsPeerFillIfaddrInfos : addr[12] 0xdf
[INFO] HCCP(680,host_server):2026-09-21-12:13:27.859.752 [rs_drv_socket.c:257]tid:680,RsPeerFillIfaddrInfos : addr[13] 0x00
[INFO] HCCP(680,host_server):2026-09-21-12:13:27.859.753 [rs_drv_socket.c:257]tid:680,RsPeerFillIfaddrInfos : addr[14] 0x89
[INFO] HCCP(680,host_server):2026-09-21-12:13:27.859.754 [rs_drv_socket.c:257]tid:680,RsPeerFillIfaddrInfos : addr[15] 0x00
[INFO] HCCP(680,host_server):2026-09-21-12:13:27.859.755 [rs_drv_socket.c:253]tid:680,RsPeerFillIfaddrInfos : ifname[ipourma3] scope_id[0] flowinfo[0]
[INFO] HCCP(680,host_server):2026-09-21-12:13:27.859.757 [rs_drv_socket.c:257]tid:680,RsPeerFillIfaddrInfos : addr[0] 0x00
[INFO] HCCP(680,host_server):2026-09-21-12:13:27.859.758 [rs_drv_socket.c:257]tid:680,RsPeerFillIfaddrInfos : addr[1] 0x00
[INFO] HCCP(680,host_server):2026-09-21-12:13:27.859.759 [rs_drv_socket.c:257]tid:680,RsPeerFillIfaddrInfos : addr[2] 0x00
[INFO] HCCP(680,host_server):2026-09-21-12:13:27.859.761 [rs_drv_socket.c:257]tid:680,RsPeerFillIfaddrInfos : addr[3] 0x00
[INFO] HCCP(680,host_server):2026-09-21-12:13:27.859.762 [rs_drv_socket.c:257]tid:680,RsPeerFillIfaddrInfos : addr[4] 0x00
[INFO] HCCP(680,host_server):2026-09-21-12:13:27.859.763 [rs_drv_socket.c:257]tid:680,RsPeerFillIfaddrInfos : addr[5] 0x00
[INFO] HCCP(680,host_server):2026-09-21-12:13:27.859.764 [rs_drv_socket.c:257]tid:680,RsPeerFillIfaddrInfos : addr[6] 0x03
[INFO] HCCP(680,host_server):2026-09-21-12:13:27.859.765 [rs_drv_socket.c:257]tid:680,RsPeerFillIfaddrInfos : addr[7] 0x00
[INFO] HCCP(680,host_server):2026-09-21-12:13:27.859.767 [rs_drv_socket.c:257]tid:680,RsPeerFillIfaddrInfos : addr[8] 0x00
[INFO] HCCP(680,host_server):2026-09-21-12:13:27.859.768 [rs_drv_socket.c:257]tid:680,RsPeerFillIfaddrInfos : addr[9] 0x10
[INFO] HCCP(680,host_server):2026-09-21-12:13:27.859.769 [rs_drv_socket.c:257]tid:680,RsPeerFillIfaddrInfos : addr[10] 0x00
[INFO] HCCP(680,host_server):2026-09-21-12:13:27.859.770 [rs_drv_socket.c:257]tid:680,RsPeerFillIfaddrInfos : addr[11] 0x00
[INFO] HCCP(680,host_server):2026-09-21-12:13:27.859.772 [rs_drv_socket.c:257]tid:680,RsPeerFillIfaddrInfos : addr[12] 0xdf
[INFO] HCCP(680,host_server):2026-09-21-12:13:27.859.773 [rs_drv_socket.c:257]tid:680,RsPeerFillIfaddrInfos : addr[13] 0x00
[INFO] HCCP(680,host_server):2026-09-21-12:13:27.859.775 [rs_drv_socket.c:257]tid:680,RsPeerFillIfaddrInfos : addr[14] 0x81
[INFO] HCCP(680,host_server):2026-09-21-12:13:27.859.776 [rs_drv_socket.c:257]tid:680,RsPeerFillIfaddrInfos : addr[15] 0x00
[INFO] HCCP(680,host_server):2026-09-21-12:13:27.859.778 [rs_drv_socket.c:253]tid:680,RsPeerFillIfaddrInfos : ifname[ipourma4] scope_id[0] flowinfo[0]
[INFO] HCCP(680,host_server):2026-09-21-12:13:27.859.779 [rs_drv_socket.c:257]tid:680,RsPeerFillIfaddrInfos : addr[0] 0x00
[INFO] HCCP(680,host_server):2026-09-21-12:13:27.859.780 [rs_drv_socket.c:257]tid:680,RsPeerFillIfaddrInfos : addr[1] 0x00
[INFO] HCCP(680,host_server):2026-09-21-12:13:27.859.781 [rs_drv_socket.c:257]tid:680,RsPeerFillIfaddrInfos : addr[2] 0x00
[INFO] HCCP(680,host_server):2026-09-21-12:13:27.859.783 [rs_drv_socket.c:257]tid:680,RsPeerFillIfaddrInfos : addr[3] 0x00
[INFO] HCCP(680,host_server):2026-09-21-12:13:27.859.784 [rs_drv_socket.c:257]tid:680,RsPeerFillIfaddrInfos : addr[4] 0x00
[INFO] HCCP(680,host_server):2026-09-21-12:13:27.859.785 [rs_drv_socket.c:257]tid:680,RsPeerFillIfaddrInfos : addr[5] 0x40
[INFO] HCCP(680,host_server):2026-09-21-12:13:27.859.786 [rs_drv_socket.c:257]tid:680,RsPeerFillIfaddrInfos : addr[6] 0x03
[INFO] HCCP(680,host_server):2026-09-21-12:13:27.859.788 [rs_drv_socket.c:257]tid:680,RsPeerFillIfaddrInfos : addr[7] 0x00
[INFO] HCCP(680,host_server):2026-09-21-12:13:27.859.789 [rs_drv_socket.c:257]tid:680,RsPeerFillIfaddrInfos : addr[8] 0x00
[INFO] HCCP(680,host_server):2026-09-21-12:13:27.859.790 [rs_drv_socket.c:257]tid:680,RsPeerFillIfaddrInfos : addr[9] 0x10
[INFO] HCCP(680,host_server):2026-09-21-12:13:27.859.791 [rs_drv_socket.c:257]tid:680,RsPeerFillIfaddrInfos : addr[10] 0x00
[INFO] HCCP(680,host_server):2026-09-21-12:13:27.859.792 [rs_drv_socket.c:257]tid:680,RsPeerFillIfaddrInfos : addr[11] 0x00
[INFO] HCCP(680,host_server):2026-09-21-12:13:27.859.794 [rs_drv_socket.c:257]tid:680,RsPeerFillIfaddrInfos : addr[12] 0xdf
[INFO] HCCP(680,host_server):2026-09-21-12:13:27.859.795 [rs_drv_socket.c:257]tid:680,RsPeerFillIfaddrInfos : addr[13] 0x04
[INFO] HCCP(680,host_server):2026-09-21-12:13:27.859.796 [rs_drv_socket.c:257]tid:680,RsPeerFillIfaddrInfos : addr[14] 0x81
[INFO] HCCP(680,host_server):2026-09-21-12:13:27.859.798 [rs_drv_socket.c:257]tid:680,RsPeerFillIfaddrInfos : addr[15] 0x00
[INFO] HCCP(680,host_server):2026-09-21-12:13:27.859.799 [rs_drv_socket.c:253]tid:680,RsPeerFillIfaddrInfos : ifname[ipourma5] scope_id[0] flowinfo[0]
[INFO] HCCP(680,host_server):2026-09-21-12:13:27.859.800 [rs_drv_socket.c:257]tid:680,RsPeerFillIfaddrInfos : addr[0] 0x00
[INFO] HCCP(680,host_server):2026-09-21-12:13:27.859.801 [rs_drv_socket.c:257]tid:680,RsPeerFillIfaddrInfos : addr[1] 0x00
[INFO] HCCP(680,host_server):2026-09-21-12:13:27.859.803 [rs_drv_socket.c:257]tid:680,RsPeerFillIfaddrInfos : addr[2] 0x00
[INFO] HCCP(680,host_server):2026-09-21-12:13:27.859.804 [rs_drv_socket.c:257]tid:680,RsPeerFillIfaddrInfos : addr[3] 0x00
[INFO] HCCP(680,host_server):2026-09-21-12:13:27.859.805 [rs_drv_socket.c:257]tid:680,RsPeerFillIfaddrInfos : addr[4] 0x00
[INFO] HCCP(680,host_server):2026-09-21-12:13:27.859.806 [rs_drv_socket.c:257]tid:680,RsPeerFillIfaddrInfos : addr[5] 0x40
[INFO] HCCP(680,host_server):2026-09-21-12:13:27.859.807 [rs_drv_socket.c:257]tid:680,RsPeerFillIfaddrInfos : addr[6] 0x04
[INFO] HCCP(680,host_server):2026-09-21-12:13:27.859.809 [rs_drv_socket.c:257]tid:680,RsPeerFillIfaddrInfos : addr[7] 0x00
[INFO] HCCP(680,host_server):2026-09-21-12:13:27.859.810 [rs_drv_socket.c:257]tid:680,RsPeerFillIfaddrInfos : addr[8] 0x00
[INFO] HCCP(680,host_server):2026-09-21-12:13:27.859.811 [rs_drv_socket.c:257]tid:680,RsPeerFillIfaddrInfos : addr[9] 0x10
[INFO] HCCP(680,host_server):2026-09-21-12:13:27.859.812 [rs_drv_socket.c:257]tid:680,RsPeerFillIfaddrInfos : addr[10] 0x00
[INFO] HCCP(680,host_server):2026-09-21-12:13:27.859.814 [rs_drv_socket.c:257]tid:680,RsPeerFillIfaddrInfos : addr[11] 0x00
[INFO] HCCP(680,host_server):2026-09-21-12:13:27.859.815 [rs_drv_socket.c:257]tid:680,RsPeerFillIfaddrInfos : addr[12] 0xdf
[INFO] HCCP(680,host_server):2026-09-21-12:13:27.859.817 [rs_drv_socket.c:257]tid:680,RsPeerFillIfaddrInfos : addr[13] 0x04
[INFO] HCCP(680,host_server):2026-09-21-12:13:27.859.818 [rs_drv_socket.c:257]tid:680,RsPeerFillIfaddrInfos : addr[14] 0x81
[INFO] HCCP(680,host_server):2026-09-21-12:13:27.859.820 [rs_drv_socket.c:257]tid:680,RsPeerFillIfaddrInfos : addr[15] 0x00
[INFO] HCCP(680,host_server):2026-09-21-12:13:27.859.821 [rs_drv_socket.c:253]tid:680,RsPeerFillIfaddrInfos : ifname[ipourma5] scope_id[0] flowinfo[0]
[INFO] HCCP(680,host_server):2026-09-21-12:13:27.859.822 [rs_drv_socket.c:257]tid:680,RsPeerFillIfaddrInfos : addr[0] 0x00
[INFO] HCCP(680,host_server):2026-09-21-12:13:27.859.823 [rs_drv_socket.c:257]tid:680,RsPeerFillIfaddrInfos : addr[1] 0x00
[INFO] HCCP(680,host_server):2026-09-21-12:13:27.859.825 [rs_drv_socket.c:257]tid:680,RsPeerFillIfaddrInfos : addr[2] 0x00
[INFO] HCCP(680,host_server):2026-09-21-12:13:27.859.826 [rs_drv_socket.c:257]tid:680,RsPeerFillIfaddrInfos : addr[3] 0x00
[INFO] HCCP(680,host_server):2026-09-21-12:13:27.859.827 [rs_drv_socket.c:257]tid:680,RsPeerFillIfaddrInfos : addr[4] 0x00
[INFO] HCCP(680,host_server):2026-09-21-12:13:27.859.828 [rs_drv_socket.c:257]tid:680,RsPeerFillIfaddrInfos : addr[5] 0x48
[INFO] HCCP(680,host_server):2026-09-21-12:13:27.859.830 [rs_drv_socket.c:257]tid:680,RsPeerFillIfaddrInfos : addr[6] 0x04
[INFO] HCCP(680,host_server):2026-09-21-12:13:27.859.831 [rs_drv_socket.c:257]tid:680,RsPeerFillIfaddrInfos : addr[7] 0x00
[INFO] HCCP(680,host_server):2026-09-21-12:13:27.859.832 [rs_drv_socket.c:257]tid:680,RsPeerFillIfaddrInfos : addr[8] 0x00
[INFO] HCCP(680,host_server):2026-09-21-12:13:27.859.833 [rs_drv_socket.c:257]tid:680,RsPeerFillIfaddrInfos : addr[9] 0x10
[INFO] HCCP(680,host_server):2026-09-21-12:13:27.859.834 [rs_drv_socket.c:257]tid:680,RsPeerFillIfaddrInfos : addr[10] 0x00
[INFO] HCCP(680,host_server):2026-09-21-12:13:27.859.836 [rs_drv_socket.c:257]tid:680,RsPeerFillIfaddrInfos : addr[11] 0x00
[INFO] HCCP(680,host_server):2026-09-21-12:13:27.859.837 [rs_drv_socket.c:257]tid:680,RsPeerFillIfaddrInfos : addr[12] 0xdf
[INFO] HCCP(680,host_server):2026-09-21-12:13:27.859.838 [rs_drv_socket.c:257]tid:680,RsPeerFillIfaddrInfos : addr[13] 0x04
[INFO] HCCP(680,host_server):2026-09-21-12:13:27.859.839 [rs_drv_socket.c:257]tid:680,RsPeerFillIfaddrInfos : addr[14] 0x89
[INFO] HCCP(680,host_server):2026-09-21-12:13:27.859.841 [rs_drv_socket.c:257]tid:680,RsPeerFillIfaddrInfos : addr[15] 0x00
[INFO] HCCP(680,host_server):2026-09-21-12:13:27.859.842 [ra_peer.c:1126]tid:680,RaPeerGetIfaddrs : [get][ra_peer_ifaddrs] ra_peer_get_ifaddrs phyId[0] succ
[INFO] HCCP(680,host_server):2026-09-21-12:13:27.859.845 [ra_host.c:508]tid:680,RaRdevInitWithBackupInfo : rdev_init:mode=0 phyId=0 family=2 ip=20.168.0.19 notify_type=0
[INFO] HCCP(680,host_server):2026-09-21-12:13:27.859.848 [ra_peer.c:1244]tid:680,RaPeerRdevInit : [init][ra_peer_rdev]ra_peer_rdev_init phyId[0] notify_type[0] physical device id[0]
[WARNING] HCCP(680,host_server):2026-09-21-12:13:27.860.459 [dl_ibverbs_function.c:526]tid:680,RsHrnApiInit : HccpDlopen[libhrn3-rdmav34.so] doesn't exist!
[WARNING] HCCP(680,host_server):2026-09-21-12:13:27.860.525 [dl_nda_function.c:100]tid:680,RsNdaApiInit : HccpDlopen[libibv_extend.so] doesn't exist!
[INFO] HCCP(680,host_server):2026-09-21-12:13:27.861.505 [rs.c:1047]tid:680,RsRdevInitWithBackupInfo : ibv_get_device_list phyId[0] dev_num[4]
[INFO] HCCP(680,host_server):2026-09-21-12:13:27.875.146 [rs.c:1060]tid:680,RsRdevInitWithBackupInfo : rdev init success, phyId:0, localIp:0x1300a814, rdevIndex:1
[INFO] HCCL(680,host_server):2026-09-21-12:13:27.875.166 [rdma_handle_manager.cc:143][680][RdmaHandleManager::GetByAddr] one rdmahandle [0xaaab176de570], devPhyId [0], portAddr [IpAddress[0000:0000:0000:0000:0000:0000:14a8:0013, AF=IPv4, addr=20.168.0.19]]
[INFO] HCCL(680,host_server):2026-09-21-12:13:27.875.169 [cpu_roce_endpoint.cc:72] [680]CpuRoceEndpoint::Init success, hostResourceId[0], ipAddr[IpAddress[0000:0000:0000:0000:0000:0000:14a8:0013, AF=IPv4, addr=20.168.0.19]], ctxHandle[0xaaab176de570]
[INFO] HCCL(680,host_server):2026-09-21-12:13:27.875.178 [hcomm_c_adpt.cc:376] [680][NicPluginDebug][HcommEndpointCreate] plugin endpoint created, protocol[1], handle[0x8000aaab176d8db0].
API HcommEndpointCreate(&desc, &endpoint) => 0

STAGE 2. 分配并注册 Host DRAM，填入唯一被测字符串
[WARNING] HCCL(680,host_server):2026-09-21-12:13:27.875.185 [hcomm_adapter_runtime.cc:33] [680][HcommAdapterRuntime][ResolveRuntimeDevicePhyId] force Host-only resource id[0], env[HCOMM_FORCE_HOST_NIC_PLUGIN]=1, test only.
[INFO] HCCL(680,host_server):2026-09-21-12:13:27.875.188 [hcomm_c_adpt.cc:460] [680][HcommMemReg] START. endpointHandle[0x8000aaab176d8db0].
[INFO] HCCL(680,host_server):2026-09-21-12:13:27.875.191 [roce_mem.cc:32] [680][RegisterMemory] Begin
[WARNING] HCCL(680,host_server):2026-09-21-12:13:27.875.197 [roce_mem.cc:107] [680]Key[addr:187651809509376, size:4096] not found. There is no key in table.
[INFO] HCCP(680,host_server):2026-09-21-12:13:27.875.201 [rs_rdma.c:713]tid:680,RsRegisterMr : [rs_register_mr] len[0x1000], access[15]
[INFO] HCCP(680,host_server):2026-09-21-12:13:27.875.433 [rs_rdma.c:742]tid:680,RsRegisterMr : rs_register_mr succ
[INFO] HCCL(680,host_server):2026-09-21-12:13:27.875.438 [local_rdma_rma_buffer.cc:45][680]LocalRdmaRmaBuffer[rdmaHandle=0xaaab176de570, mrHandle = 0xaaab17727970, buf=Buffer[addr=0xaaab17728000, size=0x1000, memInfo=host-dram]]
[INFO] HCCL(680,host_server):2026-09-21-12:13:27.875.440 [roce_mem.cc:69] [680][RoceRegedMemMgr][RegisterMemory]Register memory success! Add key {0xaaab17728000, 4096}
API HcommMemReg(endpoint, "host-dram", &memory, &registration) => 0
[WARNING] HCCL(680,host_server):2026-09-21-12:13:27.875.444 [hcomm_adapter_runtime.cc:33] [680][HcommAdapterRuntime][ResolveRuntimeDevicePhyId] force Host-only resource id[0], env[HCOMM_FORCE_HOST_NIC_PLUGIN]=1, test only.
[INFO] HCCL(680,host_server):2026-09-21-12:13:27.875.445 [hcomm_c_adpt.cc:508] [680][HcommMemExport] START. endpointHandle[0x8000aaab176d8db0].
[INFO] HCCL(680,host_server):2026-09-21-12:13:27.875.447 [roce_mem.cc:147] [680][MemoryExport] Begin
API HcommMemExport(endpoint, registration, &description, &bytes) => 0

STAGE 3. TCP 交换 opaque MR 描述符，NPU 使用标准接口导入 Host DRAM
Control listening 10.1.101.27:19516

STAGE 4. 标准 HcommChannelCreate/GetStatus 完成 Host 侧建链
API HcommChannelDescInit(&desc, 1) => 0
API EndpointDescInit(&desc, 1) => 0
[INFO] HCCL(680,host_server):2026-09-21-12:13:46.070.435 [hcomm_c_adpt.cc:642] [680][HcommChannelCreate] START. endpointHandle[0x8000aaab176d8db0], engine[CPU], channelNum[1].
[WARNING] HCCL(680,host_server):2026-09-21-12:13:46.070.441 [hcomm_adapter_runtime.cc:33] [680][HcommAdapterRuntime][ResolveRuntimeDevicePhyId] force Host-only resource id[0], env[HCOMM_FORCE_HOST_NIC_PLUGIN]=1, test only.
[INFO] HCCL(680,host_server):2026-09-21-12:13:46.070.448 [host_cpu_roce_channel.cc:101] [680][HostCpuRoceChannel][ParseInputParam] Start. endpointHandle[0xaaab15938b50]
[INFO] HCCL(680,host_server):2026-09-21-12:13:46.070.450 [host_cpu_roce_channel.cc:115] [680][HostCpuRoceChannel][ParseInputParam] exchangeAllMems == True. Get memHandles from endpoint.
[INFO] HCCL(680,host_server):2026-09-21-12:13:46.070.452 [roce_mem.cc:251] [680][GetAllMemHandles] Begin
[INFO] HCCL(680,host_server):2026-09-21-12:13:46.070.454 [roce_mem.cc:257] [680][RoceRegedMemMgr][[GetAllMemHandles] memHandleNum is [1]
[INFO] HCCL(680,host_server):2026-09-21-12:13:46.070.456 [host_cpu_roce_channel.cc:119] [680][HostCpuRoceChannel][ParseInputParam] Got memHandleNum[1].
[INFO] HCCL(680,host_server):2026-09-21-12:13:46.070.458 [host_cpu_roce_channel.cc:124] [680][HostCpuRoceChannel][ParseInputParam] Got memHandle No.0: addr[0xaaab17728000], size[0x1000], memInfo[host-dram].
[INFO] HCCL(680,host_server):2026-09-21-12:13:46.070.461 [cpu_roce_endpoint.cc:181] [680][CpuRoceEndpoint::GetCapabilities] START.
[INFO] HCCL(680,host_server):2026-09-21-12:13:46.070.464 [cpu_roce_endpoint.cc:195] [680][CpuRoceEndpoint::GetCapabilities] SUCCESS.
[INFO] HCCL(680,host_server):2026-09-21-12:13:46.070.471 [host_cpu_roce_channel.cc:153] [680][HostCpuRoceChannel][ParseInputParam] maxMsgSize_[0x40000000].
[INFO] HCCL(680,host_server):2026-09-21-12:13:46.070.473 [host_cpu_roce_channel.cc:161] [680][HostCpuRoceChannel::StartListen] Start. EndpointHandle[0xaaab15938b50], port[19517]
[INFO] HCCL(680,host_server):2026-09-21-12:13:46.070.475 [cpu_roce_endpoint.cc:84] [680][ConnProto2LinkProto] linkType is[LinkProtoType::RDMA]
[INFO] HCCL(680,host_server):2026-09-21-12:13:46.070.480 [cpu_roce_endpoint.cc:91] [680][CpuRoceEndpoint::ServerSocketListen] hostResourceId[0] ipAddress[IpAddress[0000:0000:0000:0000:0000:0000:14a8:0013, AF=IPv4, addr=20.168.0.19]]
[INFO] HCCL(680,host_server):2026-09-21-12:13:46.070.484 [host_socket_handle_manager.cc:34][680][HostSocketHandleManager::Create] start
[INFO] HCCL(680,host_server):2026-09-21-12:13:46.070.489 [orion_adapter_hccp.cc:709][680][HrtRaSocketInit] Input params: mode=0, ip=318810132, device id=0, family=2
[INFO] HCCP(680,host_server):2026-09-21-12:13:46.070.491 [ra_host.c:239]tid:680,RaSocketInit : socket init:mode=0 phyId=0 family=2 ip=20.168.0.19
[INFO] HCCL(680,host_server):2026-09-21-12:13:46.070.494 [orion_adapter_hccp.cc:719][680]socket init success, ip[318810132], device id[0], ret[0]
[INFO] HCCL(680,host_server):2026-09-21-12:13:46.070.498 [host_socket_handle_manager.cc:68][680][HostSocketHandleManager::Create] devicePhyId[0] hostIp[20.168.0.19] create end.
[INFO] HCCL(680,host_server):2026-09-21-12:13:46.070.507 [server_socket_manager.cc:50] [680][ServerSocketManager][HostSocketListen] listen_socket_info[Socket[role=SocketRole::SERVER, localIp=IpAddress[0000:0000:0000:0000:0000:0000:14a8:0013, AF=IPv4, addr=20.168.0.19], listenPort=19517, remoteIp=IpAddress[0000:0000:0000:0000:0000:0000:14a8:0013, AF=IPv4, addr=20.168.0.19], tag=server, nicType=NicType::HOST_NIC_TYPE]]
[INFO] HCCL(680,host_server):2026-09-21-12:13:46.070.511 [socket.cc:33][680][Socket::Listen] listen start, listenPort[19517]
[INFO] HCCL(680,host_server):2026-09-21-12:13:46.070.513 [orion_adapter_hccp.cc:452][680][ListenStart][RaSocket] Input params: socketHandle: 0xaaab17727ee0, port: 19517
[INFO] HCCL(680,host_server):2026-09-21-12:13:46.070.515 [orion_adapter_hccp.cc:364][680][ListenStart][RaSocket] Input params: num=1
[INFO] HCCP(680,host_server):2026-09-21-12:13:46.070.517 [ra_host.c:833]tid:680,RaSocketListenStart : Input parameters: [0]th, phyId[0], localIp[20.168.0.19], port[19517]
[INFO] HCCP(680,host_server):2026-09-21-12:13:46.070.522 [rs_socket.c:645]tid:680,RsSocketInitListen : listen [0] IP 0xffff1300a814, ret_vnic -1
[INFO] HCCP(680,host_server):2026-09-21-12:13:46.070.525 [rs_drv_socket.c:563]tid:680,RsFindListenNode : listen node for IP(20.168.0.19), serverPort(19517) is not listen!
[INFO] HCCP(680,host_server):2026-09-21-12:13:46.070.526 [rs_drv_socket.c:563]tid:680,RsFindListenNode : listen node for IP(20.168.0.19), serverPort(19517) is not listen!
[INFO] HCCP(680,host_server):2026-09-21-12:13:46.070.531 [rs_drv_socket.c:620]tid:680,RsListenNodeAlloc : create listen node for IP(20.168.0.19)!
[INFO] HCCP(680,host_server):2026-09-21-12:13:46.070.543 [rs_socket.c:573]tid:680,RsSocketListenBindListen : listen state:1, then bind for (IP 20.168.0.19 : port 19517)
[INFO] HCCP(680,host_server):2026-09-21-12:13:46.070.545 [rs_socket.c:576]tid:680,RsSocketListenBindListen : socket bind: family 2, addr 20.168.0.19, port 19517
[INFO] HCCP(680,host_server):2026-09-21-12:13:46.070.547 [rs_socket.c:583]tid:680,RsSocketListenBindListen : socket bind: family 2, port 15692, addr 0x1300a814
[INFO] HCCP(680,host_server):2026-09-21-12:13:46.070.554 [rs_socket.c:614]tid:680,RsSocketListenBindListen : IP 20.168.0.19 : port 19517 begin listen, fd:7 !
[INFO] HCCL(680,host_server):2026-09-21-12:13:46.070.563 [orion_adapter_hccp.cc:372][680]socket listen start success, ret=0
[INFO] HCCL(680,host_server):2026-09-21-12:13:46.070.567 [host_cpu_roce_channel.cc:169] [680][HostCpuRoceChannel::StartListen] SUCCESS. port[19517].
[INFO] HCCL(680,host_server):2026-09-21-12:13:46.070.572 [host_cpu_roce_channel.cc:178] [680][HostCpuRoceChannel::BuildSocket] socket ptr is NULL, rebuild Socket
[INFO] HCCL(680,host_server):2026-09-21-12:13:46.070.582 [host_cpu_roce_channel.cc:182] [680][HostCpuRoceChannel::BuildSocket] built linkData: LinkData:type=PortDeploymentType::HOST_NET, protocol=LinkProtocol::ROCE, localRankId=0, localAddr=IpAddress[0000:0000:0000:0000:0000:0000:14a8:0013, AF=IPv4, addr=20.168.0.19], remoteRankId=2, remoteAddr=IpAddress[0000:0000:0000:0000:0000:0000:14a8:0003, AF=IPv4, addr=20.168.0.3], reuseIdx=0
[WARNING] HCCL(680,host_server):2026-09-21-12:13:46.070.588 [hcomm_adapter_runtime.cc:33] [680][HcommAdapterRuntime][ResolveRuntimeDevicePhyId] force Host-only resource id[0], env[HCOMM_FORCE_HOST_NIC_PLUGIN]=1, test only.
[INFO] HCCL(680,host_server):2026-09-21-12:13:46.070.590 [socket_mgr.cc:60] [680][SocketMgr][Init] init socket mgr, noDevice[1], runtimeDevicePhyId[0], devicePhyId[0].
[INFO] HCCL(680,host_server):2026-09-21-12:13:46.070.596 [socket_mgr.cc:113] [680][SocketMgr][GetSocketHandle] socketHandle[0xaaab17727ee0] devicePhyId[0] localPort[PortData[rankId=0, type=PortDeploymentType::HOST_NET, id=0, addr=IpAddress[0000:0000:0000:0000:0000:0000:14a8:0013, AF=IPv4, addr=20.168.0.19]]]
[INFO] HCCL(680,host_server):2026-09-21-12:13:46.070.602 [orion_adapter_hccp.cc:763][680][HrtRaSocketWhiteListAdd] Input params: socketHandle=0xaaab17727ee0
[INFO] HCCL(680,host_server):2026-09-21-12:13:46.070.607 [orion_adapter_hccp.cc:781][680]add whitelistInfo tag=[standard-host-to-hbm_20.168.0.19_20.168.0.3_19517], remoteIp[IpAddress[0000:0000:0000:0000:0000:0000:14a8:0003, AF=IPv4, addr=20.168.0.3]]
[INFO] HCCP(680,host_server):2026-09-21-12:13:46.070.609 [ra_host.c:1598]tid:680,RaSocketWhiteListAdd : Input parameters: phyId[0], localIp[20.168.0.19], num[1]
[INFO] HCCP(680,host_server):2026-09-21-12:13:46.070.612 [rs_socket.c:1992]tid:680,RsSocketGetIpInfo : white list listen IP 0x1300a814, ret_vnic -1
[INFO] HCCP(680,host_server):2026-09-21-12:13:46.070.614 [rs_socket.c:1995]tid:680,RsSocketGetIpInfo : white list client IP 0x300a814, ret_vnic -1
[INFO] HCCP(680,host_server):2026-09-21-12:13:46.070.617 [rs_drv_socket.c:753]tid:680,RsFindWhiteList : white list for IP(20.168.0.19) doesn't exist!
[INFO] HCCP(680,host_server):2026-09-21-12:13:46.070.619 [rs_drv_socket.c:729]tid:680,RsFindWhiteListNode : white list node for IP(20.168.0.3), tag(standard-host-to-hbm_20.168.0.19_20.168.0.3_19517) doesn't exist!
[INFO] HCCL(680,host_server):2026-09-21-12:13:46.070.622 [orion_adapter_hccp.cc:791][680]add white list: num[1], remain [0].
[INFO] HCCL(680,host_server):2026-09-21-12:13:46.070.623 [orion_adapter_hccp.cc:797][680][HrtRaSocketWhiteListAdd] Success. Total add num [1]
[INFO] HCCL(680,host_server):2026-09-21-12:13:46.070.629 [socket_mgr.cc:153] [680][SocketMgr][CreateSocket] client_socket_info[Socket[role=SocketRole::SERVER, localIp=IpAddress[0000:0000:0000:0000:0000:0000:14a8:0013, AF=IPv4, addr=20.168.0.19], listenPort=19517, remoteIp=IpAddress[0000:0000:0000:0000:0000:0000:14a8:0003, AF=IPv4, addr=20.168.0.3], tag=standard-host-to-hbm_20.168.0.19_20.168.0.3_19517, nicType=NicType::HOST_NIC_TYPE]]
[INFO] HCCL(680,host_server):2026-09-21-12:13:46.070.632 [socket.cc:61][680]socket role_ is 0, SocketRole::SERVER
[INFO] HCCL(680,host_server):2026-09-21-12:13:46.070.637 [host_cpu_roce_channel.cc:195] [680][HostCpuRoceChannel::BuildSocket] SUCCESS. port[19517].
[INFO] HCCL(680,host_server):2026-09-21-12:13:46.070.640 [host_rdma_connection.cc:28] [680][HostRdmaConnection][GetHostQpMode] host-only default qpMode[2].
[INFO] HCCL(680,host_server):2026-09-21-12:13:46.070.642 [host_cpu_roce_channel.cc:227] [680][HostCpuRoceChannel::BuildConnection] QpInfo[0]: lbValue[0], serviceLevel[0], trafficClass[0], retryCnt[4294967295], retryInterval[4294967295].
[INFO] HCCL(680,host_server):2026-09-21-12:13:46.070.649 [host_cpu_roce_channel.cc:233] [680][HostCpuRoceChannel::BuildConnection] Success, Qp count = 1
[INFO] HCCL(680,host_server):2026-09-21-12:13:46.070.653 [dpu_notify_manager.cc:64] [680][DpuNotifyManager::AllocNotifyIds] notifyNum == 0, no need to alloc.
[INFO] HCCL(680,host_server):2026-09-21-12:13:46.070.661 [orion_adapter_hccp.cc:518][680][GetOneSocket][RaSocket] Input params: role=0,socketHandle=0xaaab17727ee0, fdHandle=(nil), remoteIp=IpAddress[0000:0000:0000:0000:0000:0000:14a8:0003, AF=IPv4, addr=20.168.0.3], timeout=0
[INFO] HCCL(680,host_server):2026-09-21-12:13:46.070.664 [orion_adapter_hccp.cc:533][680]Socket Get tag=[standard-host-to-hbm_20.168.0.19_20.168.0.3_19517], remoteIp[IpAddress[0000:0000:0000:0000:0000:0000:14a8:0003, AF=IPv4, addr=20.168.0.3]], ret[0]
[INFO] HCCL(680,host_server):2026-09-21-12:13:46.070.666 [orion_adapter_hccp.cc:484][680][GetSockets][RaBlock] Input params: role=0, num=1, timeoutSec=0
[INFO] HCCP(680,host_server):2026-09-21-12:13:46.071.543 [rs_socket.c:493]tid:742,RsEpollEventListenInHandle : [server]server_ip:20.168.0.19 server_port:19517 accept ok, listen_fd:7, new fd:9
[INFO] HCCP(680,host_server):2026-09-21-12:13:46.071.582 [rs_socket.c:377]tid:742,RsTcpRecvTagInHandle : recv tag success, server:{20.168.0.19:19517} client:20.168.0.3 timeCost:0.027000ms tagSyncTimes:1 tagEintrTimes:0
[INFO] HCCP(680,host_server):2026-09-21-12:13:46.071.599 [rs_drv_socket.c:718]tid:742,RsFindWhiteListNode : client_ip 20.168.0.3 0x0300a814, expectIp 20.168.0.3 0x0300a814
[INFO] HCCP(680,host_server):2026-09-21-12:13:46.071.640 [rs_epoll.c:126]tid:742,RsWlistCheckConnAdd : [Server]chip_id 0, fd 9 accept, server ip:20.168.0.19, client ip:20.168.0.3, state:8, tag:standard-host-to-hbm_20.168.0.19_20.168.0.3_19517
[INFO] HCCP(680,host_server):2026-09-21-12:13:46.071.643 [rs_drv_socket.c:505]tid:742,ShowConnNode : current server ip: 20.168.0.19, client ip:20.168.0.3, fd:9, state:8, tag:standard-host-to-hbm_20.168.0.19_20.168.0.3_19517
[INFO] HCCP(680,host_server):2026-09-21-12:13:46.071.645 [rs_epoll.c:333]tid:742,RsEpollEventInHandle : the fd:7 is tcp listened, no need to go on, ret:0
[INFO] HCCL(680,host_server):2026-09-21-12:13:46.071.729 [orion_adapter_hccp.cc:505][680]block get sockets success, socket num[1]
[INFO] HCCL(680,host_server):2026-09-21-12:13:46.071.736 [socket.cc:110][680]socketinfo.tag=standard-host-to-hbm_20.168.0.19_20.168.0.3_19517 status=SocketStatus::OK, role=SocketRole::SERVER
[INFO] HCCL(680,host_server):2026-09-21-12:13:46.071.738 [host_cpu_roce_channel.cc:1476] [680][Hybrid][HostCpuRoceChannel] Starting capability exchange
[INFO] HCCL(680,host_server):2026-09-21-12:13:46.071.741 [orion_adapter_hccp.cc:550][680]before ra socket send, para: fdHandle[0xaaab1772b110], data[0xffffc87920f8], size[20]
[INFO] HCCL(680,host_server):2026-09-21-12:13:46.071.756 [orion_adapter_hccp.cc:556][680]ra socket send, data[0xffffc87920f8], size[20] send size[0]
[INFO] HCCL(680,host_server):2026-09-21-12:13:46.071.758 [orion_adapter_hccp.cc:582][680]ra socket send finished,ret[0]
[INFO] HCCL(680,host_server):2026-09-21-12:13:46.071.760 [host_cpu_roce_channel.cc:1487] [680][Hybrid][HostCpuRoceChannel] Sent capability, version=1
[INFO] HCCL(680,host_server):2026-09-21-12:13:46.071.762 [orion_adapter_hccp.cc:662][680]before ra socket recv, para: fdHandle[0xaaab1772b110], data[0xffffc8792110], size[20]
[INFO] HCCL(680,host_server):2026-09-21-12:13:46.085.469 [orion_adapter_hccp.cc:698][680]ra socket receive finished. ret[0]
[INFO] HCCL(680,host_server):2026-09-21-12:13:46.085.474 [host_cpu_roce_channel.cc:1493] [680][Hybrid][HostCpuRoceChannel] recvCap success
[INFO] HCCL(680,host_server):2026-09-21-12:13:46.085.476 [host_cpu_roce_channel.cc:1531] [680][Hybrid][HostCpuRoceChannel] Capability exchange success, remote commStack=1, version=1, mode=hybrid
[INFO] HCCL(680,host_server):2026-09-21-12:13:46.085.479 [socket.cc:84][680]socketinfo.tag=standard-host-to-hbm_20.168.0.19_20.168.0.3_19517 status is OK, role=SocketRole::SERVER
[INFO] HCCL(680,host_server):2026-09-21-12:13:46.085.481 [host_rdma_connection.cc:77] [680]HostRdmaConnection CreateCompChannel
[INFO] HCCP(680,host_server):2026-09-21-12:13:46.085.492 [rs_rdma.c:3266]tid:680,RsCreateCompChannel : create comp channel success!
[INFO] HCCP(680,host_server):2026-09-21-12:13:46.085.498 [rs_rdma.c:3266]tid:680,RsCreateCompChannel : create comp channel success!
[INFO] HCCL(680,host_server):2026-09-21-12:13:46.085.500 [host_rdma_connection.cc:94] [680]HostRdmaConnection CreateCqAndQp
[INFO] HCCL(680,host_server):2026-09-21-12:13:46.085.503 [orion_adapter_hccp.cc:2419][680][HrtRaCreateQpWithCq] Input params: rdmaHandle=0xaaab176de570, sqEvent=-1, rqEvent=-1, sendChannel=0xaaab1772b210, recvChannel=0xaaab1772b1b0
[INFO] HCCL(680,host_server):2026-09-21-12:13:46.085.508 [orion_adapter_hccp.cc:2471][680][HrtRaCreateCq] Input params: rdmaHandle=0xaaab176de570, sq=(nil), rq=(nil), context=(nil)
[INFO] HCCP(680,host_server):2026-09-21-12:13:46.085.510 [ra_host.c:1907]tid:680,RaCqCreate : Input parameters: phyId[0]
[INFO] HCCP(680,host_server):2026-09-21-12:13:46.088.150 [rs_drv_rdma.c:1287]tid:680,RsDrvCreateCqWithChannel : create cq with channel success
[INFO] HCCL(680,host_server):2026-09-21-12:13:46.088.159 [orion_adapter_hccp.cc:2521][680][HrtRaNormalQpCreate] Input params: rdmaHandle=0xaaab176de570, context=0xaaab1772b440
[INFO] HCCP(680,host_server):2026-09-21-12:13:46.088.161 [ra_host.c:1968]tid:680,RaNormalQpCreate : Input parameters: phyId[0]
[INFO] HCCP(680,host_server):2026-09-21-12:13:46.089.593 [rs_drv_rdma.c:1365]tid:680,RsDrvNormalQpCreate : chip_id 0, rdevIndex:1, qp[549] create succ.
[INFO] HCCP(680,host_server):2026-09-21-12:13:46.089.597 [rs_rdma.c:3208]tid:680,RsNormalQpCreate : qp 549 create qp.
[INFO] HCCL(680,host_server):2026-09-21-12:13:46.089.599 [host_rdma_connection.cc:101] [680][CreateQp]Set qp qos success by config, TC[0] SL[0]
[INFO] HCCP(680,host_server):2026-09-21-12:13:46.089.602 [rs.c:1994]tid:680,RsSetQpAttrQos : set qp qos attr: qpn[549] tc[0] sl[0]
[INFO] HCCP(680,host_server):2026-09-21-12:13:46.089.604 [rs.c:2010]tid:680,RsSetQpAttrTimeout : set qp qos attr: qpn[549] timeout[4294967295]
[INFO] HCCP(680,host_server):2026-09-21-12:13:46.089.606 [rs.c:2026]tid:680,RsSetQpAttrRetryCnt : set qp qos attr: qpn[549] retry_cnt[4294967295]
[INFO] HCCL(680,host_server):2026-09-21-12:13:46.089.607 [host_cpu_roce_channel.cc:370] [680][HostCpuRoceChannel::IsResReady] all connections resources connected.
[INFO] HCCL(680,host_server):2026-09-21-12:13:46.089.610 [host_cpu_roce_channel.cc:1728] [680][Hybrid] Starting hybrid data exchange
[INFO] HCCP(680,host_server):2026-09-21-12:13:46.089.615 [rs_rdma.c:580]tid:680,RsMrReg : qpn[549], len[0x4], access[7]
[INFO] HCCP(680,host_server):2026-09-21-12:13:46.089.617 [rs_rdma.c:115]tid:680,RsGetMrcb : cannot find mrcb for addr@0xaaab1772ba00 !
[INFO] HCCP(680,host_server):2026-09-21-12:13:46.089.845 [rs_rdma.c:610]tid:680,RsMrReg : rs_mr_reg succ, state:0
[INFO] HCCP(680,host_server):2026-09-21-12:13:46.089.848 [rs_rdma.c:580]tid:680,RsMrReg : qpn[549], len[0x4], access[7]
[INFO] HCCP(680,host_server):2026-09-21-12:13:46.089.850 [rs_rdma.c:115]tid:680,RsGetMrcb : cannot find mrcb for addr@0xaaab1772ba20 !
[INFO] HCCP(680,host_server):2026-09-21-12:13:46.090.050 [rs_rdma.c:610]tid:680,RsMrReg : rs_mr_reg succ, state:0
[INFO] HCCL(680,host_server):2026-09-21-12:13:46.090.053 [orion_adapter_hccp.cc:550][680]before ra socket send, para: fdHandle[0xaaab1772b110], data[0xaaab1772b130], size[109]
[INFO] HCCL(680,host_server):2026-09-21-12:13:46.090.070 [orion_adapter_hccp.cc:556][680]ra socket send, data[0xaaab1772b130], size[109] send size[0]
[INFO] HCCL(680,host_server):2026-09-21-12:13:46.090.072 [orion_adapter_hccp.cc:582][680]ra socket send finished,ret[0]
[INFO] HCCL(680,host_server):2026-09-21-12:13:46.090.074 [orion_adapter_hccp.cc:662][680]before ra socket recv, para: fdHandle[0xaaab1772b110], data[0xaaab17759450], size[109]
[INFO] HCCL(680,host_server):2026-09-21-12:13:46.104.832 [orion_adapter_hccp.cc:698][680]ra socket receive finished. ret[0]
[INFO] HCCP(680,host_server):2026-09-21-12:13:46.104.839 [rs_rdma.c:2564]tid:680,RsQpConnectAsync : qp:549, fd:9
[INFO] HCCP(680,host_server):2026-09-21-12:13:46.104.847 [rs_rdma.c:2588]tid:680,RsQpConnectAsync : after socket fd 9 send QP 549, chipId 0, state:3!
[INFO] HCCP(680,host_server):2026-09-21-12:13:46.104.856 [rs_rdma.c:331]tid:680,RsEpollRecvHandle : Message for qp:549, qpCb->remainSize:0, size:120
[INFO] HCCP(680,host_server):2026-09-21-12:13:46.104.963 [rs_rdma.c:168]tid:680,RsQpStateModify : qpn:549 state:1 start modify
[INFO] HCCP(680,host_server):2026-09-21-12:13:46.105.949 [rs_drv_rdma.c:508]tid:680,RsDrvQpStateModifytoRtr : qp qos attr: qpn[549] tc[0] sl[0]
[INFO] HCCP(680,host_server):2026-09-21-12:13:46.106.072 [rs_drv_rdma.c:531]tid:680,RsDrvQpStateModifytoRts : qp rdma attr: qpn[549] timeout[4294967295] retrycnt[4294967295]
[INFO] HCCP(680,host_server):2026-09-21-12:13:46.106.074 [rs_rdma.c:199]tid:680,RsQpStateModify : local qpn[549] remote qpn[106] modify succ
[INFO] HCCP(680,host_server):2026-09-21-12:13:46.106.076 [rs_rdma.c:225]tid:680,RsEpollRecvQpHandle : local qpn[549] remote qpn [106] connect success! cost [1.235000] ms
[INFO] HCCP(680,host_server):2026-09-21-12:13:46.106.080 [rs_rdma.c:229]tid:680,RsEpollRecvQpHandle : qp [549] state has been migrate to RTS!, qpCb state is 3
[INFO] HCCP(680,host_server):2026-09-21-12:13:46.106.082 [rs_rdma.c:137]tid:680,RsNotifyMrListAdd : qpn is 549, rdevIndex:1, chipId 0, recv notify va is 0x12c180000000, notify size is 1048576
[INFO] HCCP(680,host_server):2026-09-21-12:13:46.106.085 [rs_rdma.c:269]tid:680,RsCmdQpInfoHandle : rs_notify_mr_list_add
[INFO] HCCP(680,host_server):2026-09-21-12:13:46.106.086 [rs_rdma.c:272]tid:680,RsCmdQpInfoHandle : qp_info cur_size(0) len(64) !
[INFO] HCCP(680,host_server):2026-09-21-12:13:46.106.088 [rs_rdma.c:252]tid:680,RsEpollRecvMrHandle : recv mr addr is 0x12c180000000
[INFO] HCCP(680,host_server):2026-09-21-12:13:46.106.089 [rs_rdma.c:253]tid:680,RsEpollRecvMrHandle : recv mr len is 1048576
[INFO] HCCP(680,host_server):2026-09-21-12:13:46.106.091 [rs_rdma.c:287]tid:680,RsCmdMrInfoHandle : mr_info cur_size(64) len(24) !
[INFO] HCCP(680,host_server):2026-09-21-12:13:46.106.093 [rs_rdma.c:252]tid:680,RsEpollRecvMrHandle : recv mr addr is 0x12c081200000
[INFO] HCCP(680,host_server):2026-09-21-12:13:46.106.094 [rs_rdma.c:253]tid:680,RsEpollRecvMrHandle : recv mr len is 4
[INFO] HCCP(680,host_server):2026-09-21-12:13:46.106.096 [rs_rdma.c:287]tid:680,RsCmdMrInfoHandle : mr_info cur_size(88) len(24) !
[INFO] HCCP(680,host_server):2026-09-21-12:13:46.106.097 [rs_rdma.c:459]tid:680,RsMrInfoSync : mr state:0, addr:0xaaab1772ba00
[INFO] HCCP(680,host_server):2026-09-21-12:13:46.106.105 [rs_rdma.c:484]tid:680,RsMrInfoSync : after send mr state:1, addr:0xaaab1772ba00
[INFO] HCCP(680,host_server):2026-09-21-12:13:46.106.107 [rs_rdma.c:459]tid:680,RsMrInfoSync : mr state:0, addr:0xaaab1772ba20
[INFO] HCCP(680,host_server):2026-09-21-12:13:46.106.111 [rs_rdma.c:484]tid:680,RsMrInfoSync : after send mr state:1, addr:0xaaab1772ba20
[INFO] HCCP(680,host_server):2026-09-21-12:13:46.106.114 [rs_rdma.c:2599]tid:680,RsQpConnectAsync : QP 549 async done, state:3!
[INFO] HCCL(680,host_server):2026-09-21-12:13:46.106.116 [host_cpu_roce_channel.cc:1701] [680]HostCpuRoceChannel: waiting for qp status ready...
[INFO] HCCL(680,host_server):2026-09-21-12:13:46.106.118 [host_cpu_roce_channel.cc:1714] [680]In link ibv, QP get status success.
[INFO] HCCL(680,host_server):2026-09-21-12:13:46.106.121 [socket_mgr.cc:277] [680][SocketMgr][PutSocket] start to put a socket
[INFO] HCCL(680,host_server):2026-09-21-12:13:46.106.125 [nic_plugin_dispatcher.cc:80] [680][ConnectPluginChannels] SUCCESS.
API HcommChannelCreate(endpoint, engine, &desc, 1, &channel) => 0
[WARNING] HCCL(680,host_server):2026-09-21-12:13:46.106.130 [hcomm_adapter_runtime.cc:33] [680][HcommAdapterRuntime][ResolveRuntimeDevicePhyId] force Host-only resource id[0], env[HCOMM_FORCE_HOST_NIC_PLUGIN]=1, test only.
CHANNEL status=0

STAGE 5. 保持 DRAM/MR 有效，等待 NPU 完成 READ 和数据验证
PASS: NPU confirmed standard HCOMM READ and HBM validation

STAGE 6. 先销毁通道，再注销 MR 和释放源 DRAM
[WARNING] HCCL(680,host_server):2026-09-21-12:13:46.216.675 [hcomm_adapter_runtime.cc:33] [680][HcommAdapterRuntime][ResolveRuntimeDevicePhyId] force Host-only resource id[0], env[HCOMM_FORCE_HOST_NIC_PLUGIN]=1, test only.
[INFO] HCCL(680,host_server):2026-09-21-12:13:46.216.682 [adapter_hccp.cc:363] [680]ra mr dereg: qphandle[0xaaab1772e010], addr[0xaaab1772ba00], size[0 Byte], access[0].
[INFO] HCCL(680,host_server):2026-09-21-12:13:46.216.705 [host_cpu_roce_channel.cc:81] [680][~HostCpuRoceChannel] Dereg mem, type=2, addr:0xaaab1772ba00, lkey:0, size:0, access:0
[INFO] HCCL(680,host_server):2026-09-21-12:13:46.216.708 [adapter_hccp.cc:363] [680]ra mr dereg: qphandle[0xaaab1772e010], addr[0xaaab1772ba20], size[0 Byte], access[0].
[INFO] HCCL(680,host_server):2026-09-21-12:13:46.216.720 [host_cpu_roce_channel.cc:81] [680][~HostCpuRoceChannel] Dereg mem, type=6, addr:0xaaab1772ba20, lkey:0, size:0, access:0
[INFO] HCCL(680,host_server):2026-09-21-12:13:46.216.723 [dpu_notify_manager.cc:110] [680][DpuNotifyManager::FreeNotifyIds] notifyNum == 0, no need to free.
[INFO] HCCL(680,host_server):2026-09-21-12:13:46.216.726 [orion_adapter_hccp.cc:2545][680][HrtRaNormalQpDestroy] Input params: qpHandle=0xaaab1772e010
[INFO] HCCP(680,host_server):2026-09-21-12:13:46.216.728 [ra_host.c:1994]tid:680,RaNormalQpDestroy : Input parameters: qpn[549], phyId[0], rdevIndex[1]
[INFO] HCCP(680,host_server):2026-09-21-12:13:46.218.169 [rs_rdma.c:3236]tid:680,RsNormalQpDestroy : qp 549 destroy qp, send wr[0].
[INFO] HCCL(680,host_server):2026-09-21-12:13:46.218.172 [orion_adapter_hccp.cc:2503][680][HrtRaDestroyCq] Input params: rdmaHandle=0xaaab176de570, sq=0xaaab1772b4a0, rq=0xaaab1772b700, context=0xaaab1772b440
[INFO] HCCP(680,host_server):2026-09-21-12:13:46.218.174 [ra_host.c:1933]tid:680,RaCqDestroy : Input parameters: phyId[0]
[INFO] HCCP(680,host_server):2026-09-21-12:13:46.218.884 [rs_rdma.c:3277]tid:680,RsDestroyCompChannel : destroy comp channel success!
[INFO] HCCP(680,host_server):2026-09-21-12:13:46.218.888 [rs_rdma.c:3277]tid:680,RsDestroyCompChannel : destroy comp channel success!
API HcommChannelDestroy(&channel, 1) => 0
[WARNING] HCCL(680,host_server):2026-09-21-12:13:46.218.892 [hcomm_adapter_runtime.cc:33] [680][HcommAdapterRuntime][ResolveRuntimeDevicePhyId] force Host-only resource id[0], env[HCOMM_FORCE_HOST_NIC_PLUGIN]=1, test only.
[INFO] HCCL(680,host_server):2026-09-21-12:13:46.218.894 [hcomm_c_adpt.cc:483] [680][HcommMemUnreg] START. endpointHandle[0x8000aaab176d8db0].
[INFO] HCCL(680,host_server):2026-09-21-12:13:46.218.897 [roce_mem.cc:82] [680][UnregisterMemory] Begin
[INFO] HCCP(680,host_server):2026-09-21-12:13:46.218.914 [rs_rdma.c:1000]tid:680,RsDeregisterMr : rs_deregister_mr succ
API HcommMemUnreg(endpoint, registration) => 0
[WARNING] HCCL(680,host_server):2026-09-21-12:13:46.218.917 [hcomm_adapter_runtime.cc:33] [680][HcommAdapterRuntime][ResolveRuntimeDevicePhyId] force Host-only resource id[0], env[HCOMM_FORCE_HOST_NIC_PLUGIN]=1, test only.
[INFO] HCCL(680,host_server):2026-09-21-12:13:46.218.919 [hcomm_c_adpt.cc:390] [680][HcommEndpointDestroy] START. endpointHandle[0x8000aaab176d8db0].
API HcommEndpointDestroy(endpoint) => 0
[INFO] HCCL(680,host_server):2026-09-21-12:13:46.218.941 [orion_adapter_hccp.cc:474][680][ListenOneStop][RaSocket] Input params: socketHandle: 0xaaab17727ee0, port: 19517
[INFO] HCCL(680,host_server):2026-09-21-12:13:46.218.943 [orion_adapter_hccp.cc:426][680][ListenStop][RaSocket] Input params: num=1
[INFO] HCCP(680,host_server):2026-09-21-12:13:46.218.945 [ra_host.c:870]tid:680,RaSocketListenStop : Input parameters: [0]th, phyId[0], localIp[20.168.0.19]
[INFO] HCCP(680,host_server):2026-09-21-12:13:46.218.948 [rs_socket.c:870]tid:680,RsSocketListenStop : listen [0] IP 0xffff1300a814, ret_vnic -1
[INFO] HCCP(680,host_server):2026-09-21-12:13:46.218.951 [rs_drv_socket.c:650]tid:680,RsSocketListenDelFromEpoll : IP:20.168.0.19 server_port:19517 listen_fd:7 del from epoll:3
[INFO] HCCP(680,host_server):2026-09-21-12:13:46.218.961 [rs_socket.c:899]tid:680,RsSocketListenStop : IP(20.168.0.19) close listen fd:7 !
[INFO] HCCL(680,host_server):2026-09-21-12:13:46.218.963 [orion_adapter_hccp.cc:433][680]socket listen stop success, ret=0
[INFO] HCCL(680,host_server):2026-09-21-12:13:46.219.308 [orion_adapter_hccp.cc:340][680][CloseOne][RaSocket] Input params: socketHandle=0xaaab17727ee0, fdHandle=0xaaab1772b110
[INFO] HCCL(680,host_server):2026-09-21-12:13:46.219.310 [orion_adapter_hccp.cc:313][680][BatchClose][RaSocket] Input params: num=1
[INFO] HCCL(680,host_server):2026-09-21-12:13:46.219.312 [orion_adapter_hccp.cc:314][680]ra socket batch close
[INFO] HCCP(680,host_server):2026-09-21-12:13:46.219.314 [ra_host.c:754]tid:680,RaSocketBatchClose : Input parameters: [0]th, phyId[0], localIp[20.168.0.19], cnt[0]
[INFO] HCCP(680,host_server):2026-09-21-12:13:46.219.317 [rs_socket.c:1527]tid:680,RsSocketBatchClose : conn node of IP(20.168.0.19) fd:9, state:9
[INFO] HCCL(680,host_server):2026-09-21-12:13:46.227.256 [orion_adapter_hccp.cc:321][680]socket batch close success, ret=0
[WARNING] HCCL(680,host_server):2026-09-21-12:13:46.227.263 [host_socket_handle_manager.cc:105][680][HostSocketHandleManager::DestroyAll] release is not as expected, devicePhyId[0] hostIp[20.168.0.19] ref[1]
[INFO] HCCL(680,host_server):2026-09-21-12:13:46.227.266 [orion_adapter_hccp.cc:726][680][HrtRaSocketDeInit] Input params: socketHandle=0xaaab17727ee0
[INFO] HCCP(680,host_server):2026-09-21-12:13:46.227.268 [ra_host.c:363]tid:680,RaSocketDeinit : Input parameters: phyId[0] family[2] local_ip[20.168.0.19]
[INFO] HCCP(680,host_server):2026-09-21-12:13:46.227.270 [rs.c:1660]tid:680,RsSocketDeinit : rs socket deinit start, phyId:0
[INFO] HCCP(680,host_server):2026-09-21-12:13:46.227.272 [rs.c:1672]tid:680,RsSocketDeinit : socket deinit local IP is 0x1300a814, ret:-1
[INFO] HCCP(680,host_server):2026-09-21-12:13:46.227.275 [rs.c:1582]tid:680,RsWhiteListNodeFree : free White list client IP:20.168.0.3, tag:standard-host-to-hbm_20.168.0.19_20.168.0.3_19517
[INFO] HCCP(680,host_server):2026-09-21-12:13:46.227.277 [rs.c:1597]tid:680,RsFreeWhiteOneNode : White list server IP:20.168.0.19
[INFO] HCCP(680,host_server):2026-09-21-12:13:46.227.278 [rs.c:1684]tid:680,RsSocketDeinit : socket deinit success, phyId:0, localIp:20.168.0.19
[INFO] HCCL(680,host_server):2026-09-21-12:13:46.227.291 [rdma_handle_manager.cc:299][680][RdmaHandleManager::DestroyAll] destroy all
[INFO] HCCL(680,host_server):2026-09-21-12:13:46.227.295 [orion_adapter_hccp.cc:991][680][HrtRaRdmaDeInit] Input params: rdmaHandle=0xaaab176de570, netMode=0
[INFO] HCCP(680,host_server):2026-09-21-12:13:46.227.297 [ra_host.c:607]tid:680,RaRdevDeinitParaCheck : Input parameters: phyId[0] rdev_index[1] family[2] local_ip[20.168.0.19]
[INFO] HCCP(680,host_server):2026-09-21-12:13:46.227.299 [ra_peer.c:1287]tid:680,RaPeerRdevDeinit : [deinit][ra_peer_rdev]ra_peer_rdev_deinit phyId[0]
[INFO] HCCP(680,host_server):2026-09-21-12:13:46.227.301 [rs.c:1145]tid:680,RsRdevDeinit : rdev deinit start, phyId:0, rdevIndex:1
[INFO] HCCP(680,host_server):2026-09-21-12:13:46.227.303 [rs.c:1161]tid:680,RsRdevDeinit : poll_cqe_num[0]
[INFO] HCCP(680,host_server):2026-09-21-12:13:46.227.304 [rs.c:1134]tid:680,RsFreeTypicalMrCb : rs_free_typical_mr_cb is succ
[INFO] HCCP(680,host_server):2026-09-21-12:13:46.227.780 [rs.c:1196]tid:680,RsRdevDeinit : rdev deinit success, phyId:0, rdevIndex:1
[INFO] ASCENDCL(680,host_server):2026-09-21-12:13:46.227.803 [callback.cpp:193]680 aclrtRegDeviceStateCallbackImpl: start to execute aclrtRegDeviceStateCallback
[INFO] RUNTIME(680,host_server):2026-09-21-12:13:46.227.818 [api_impl.cc:4386] 680 RegDeviceStateCallback: Reg device state callback, regName=hcomm_res_mgr.
[INFO] ASCENDCL(680,host_server):2026-09-21-12:13:46.227.822 [callback.cpp:197]680 aclrtRegDeviceStateCallbackImpl: successfully execute aclrtRegDeviceStateCallback
[INFO] HCCL(680,host_server):2026-09-21-12:13:46.227.824 [hccp_hdc_manager.cc:91][680][HccpHdcManager] aclrtRegDeviceStateCallback unregister success
[INFO] HCCL(680,host_server):2026-09-21-12:13:46.229.288 [cluster_monitor.cc:744] [680][DeInit] heartbeat deinit begin.
[INFO] HCCL(680,host_server):2026-09-21-12:13:46.229.466 [cluster_monitor.cc:768] [680][DeInit] heartbeat deinit end.
[INFO] HCCL(680,host_server):2026-09-21-12:13:46.229.476 [cluster_monitor.cc:744] [680][DeInit] heartbeat deinit begin.
[INFO] HCCL(680,host_server):2026-09-21-12:13:46.229.478 [cluster_monitor.cc:768] [680][DeInit] heartbeat deinit end.
[INFO] HCCL(680,host_server):2026-09-21-12:13:46.229.480 [cluster_monitor.cc:744] [680][DeInit] heartbeat deinit begin.
[INFO] HCCL(680,host_server):2026-09-21-12:13:46.229.482 [cluster_monitor.cc:768] [680][DeInit] heartbeat deinit end.
[INFO] HCCL(680,host_server):2026-09-21-12:13:46.229.484 [cluster_monitor.cc:744] [680][DeInit] heartbeat deinit begin.
[INFO] HCCL(680,host_server):2026-09-21-12:13:46.229.486 [cluster_monitor.cc:768] [680][DeInit] heartbeat deinit end.
[INFO] HCCL(680,host_server):2026-09-21-12:13:46.229.488 [cluster_monitor.cc:744] [680][DeInit] heartbeat deinit begin.
[INFO] HCCL(680,host_server):2026-09-21-12:13:46.229.489 [cluster_monitor.cc:768] [680][DeInit] heartbeat deinit end.
[INFO] HCCL(680,host_server):2026-09-21-12:13:46.229.491 [cluster_monitor.cc:744] [680][DeInit] heartbeat deinit begin.
[INFO] HCCL(680,host_server):2026-09-21-12:13:46.229.493 [cluster_monitor.cc:768] [680][DeInit] heartbeat deinit end.
[INFO] HCCL(680,host_server):2026-09-21-12:13:46.229.495 [cluster_monitor.cc:744] [680][DeInit] heartbeat deinit begin.
[INFO] HCCL(680,host_server):2026-09-21-12:13:46.229.496 [cluster_monitor.cc:768] [680][DeInit] heartbeat deinit end.
[INFO] HCCL(680,host_server):2026-09-21-12:13:46.229.498 [cluster_monitor.cc:744] [680][DeInit] heartbeat deinit begin.
[INFO] HCCL(680,host_server):2026-09-21-12:13:46.229.500 [cluster_monitor.cc:768] [680][DeInit] heartbeat deinit end.
[INFO] HCCL(680,host_server):2026-09-21-12:13:46.229.501 [cluster_monitor.cc:744] [680][DeInit] heartbeat deinit begin.
[INFO] HCCL(680,host_server):2026-09-21-12:13:46.229.503 [cluster_monitor.cc:768] [680][DeInit] heartbeat deinit end.
[INFO] HCCL(680,host_server):2026-09-21-12:13:46.229.505 [cluster_monitor.cc:744] [680][DeInit] heartbeat deinit begin.
[INFO] HCCL(680,host_server):2026-09-21-12:13:46.229.506 [cluster_monitor.cc:768] [680][DeInit] heartbeat deinit end.
[INFO] HCCL(680,host_server):2026-09-21-12:13:46.229.508 [cluster_monitor.cc:744] [680][DeInit] heartbeat deinit begin.
[INFO] HCCL(680,host_server):2026-09-21-12:13:46.229.510 [cluster_monitor.cc:768] [680][DeInit] heartbeat deinit end.
[INFO] HCCL(680,host_server):2026-09-21-12:13:46.229.511 [cluster_monitor.cc:744] [680][DeInit] heartbeat deinit begin.
[INFO] HCCL(680,host_server):2026-09-21-12:13:46.229.513 [cluster_monitor.cc:768] [680][DeInit] heartbeat deinit end.
[INFO] HCCL(680,host_server):2026-09-21-12:13:46.229.515 [cluster_monitor.cc:744] [680][DeInit] heartbeat deinit begin.
[INFO] HCCL(680,host_server):2026-09-21-12:13:46.229.517 [cluster_monitor.cc:768] [680][DeInit] heartbeat deinit end.
[INFO] HCCL(680,host_server):2026-09-21-12:13:46.229.518 [cluster_monitor.cc:744] [680][DeInit] heartbeat deinit begin.
[INFO] HCCL(680,host_server):2026-09-21-12:13:46.229.520 [cluster_monitor.cc:768] [680][DeInit] heartbeat deinit end.
[INFO] HCCL(680,host_server):2026-09-21-12:13:46.229.522 [cluster_monitor.cc:744] [680][DeInit] heartbeat deinit begin.
[INFO] HCCL(680,host_server):2026-09-21-12:13:46.229.523 [cluster_monitor.cc:768] [680][DeInit] heartbeat deinit end.
[INFO] HCCL(680,host_server):2026-09-21-12:13:46.229.525 [cluster_monitor.cc:744] [680][DeInit] heartbeat deinit begin.
[INFO] HCCL(680,host_server):2026-09-21-12:13:46.229.527 [cluster_monitor.cc:768] [680][DeInit] heartbeat deinit end.
[INFO] HCCL(680,host_server):2026-09-21-12:13:46.229.529 [cluster_monitor.cc:744] [680][DeInit] heartbeat deinit begin.
[INFO] HCCL(680,host_server):2026-09-21-12:13:46.229.530 [cluster_monitor.cc:768] [680][DeInit] heartbeat deinit end.
[INFO] HCCL(680,host_server):2026-09-21-12:13:46.229.532 [cluster_monitor.cc:744] [680][DeInit] heartbeat deinit begin.
[INFO] HCCL(680,host_server):2026-09-21-12:13:46.229.533 [cluster_monitor.cc:768] [680][DeInit] heartbeat deinit end.
[INFO] HCCL(680,host_server):2026-09-21-12:13:46.229.543 [cluster_monitor.cc:744] [680][DeInit] heartbeat deinit begin.
[INFO] HCCL(680,host_server):2026-09-21-12:13:46.229.544 [cluster_monitor.cc:768] [680][DeInit] heartbeat deinit end.
[INFO] HCCL(680,host_server):2026-09-21-12:13:46.229.546 [cluster_monitor.cc:744] [680][DeInit] heartbeat deinit begin.
[INFO] HCCL(680,host_server):2026-09-21-12:13:46.229.547 [cluster_monitor.cc:768] [680][DeInit] heartbeat deinit end.
[INFO] HCCL(680,host_server):2026-09-21-12:13:46.229.549 [cluster_monitor.cc:744] [680][DeInit] heartbeat deinit begin.
[INFO] HCCL(680,host_server):2026-09-21-12:13:46.229.551 [cluster_monitor.cc:768] [680][DeInit] heartbeat deinit end.
[INFO] HCCL(680,host_server):2026-09-21-12:13:46.229.552 [cluster_monitor.cc:744] [680][DeInit] heartbeat deinit begin.
[INFO] HCCL(680,host_server):2026-09-21-12:13:46.229.554 [cluster_monitor.cc:768] [680][DeInit] heartbeat deinit end.
[INFO] HCCL(680,host_server):2026-09-21-12:13:46.229.556 [cluster_monitor.cc:744] [680][DeInit] heartbeat deinit begin.
[INFO] HCCL(680,host_server):2026-09-21-12:13:46.229.557 [cluster_monitor.cc:768] [680][DeInit] heartbeat deinit end.
[INFO] HCCL(680,host_server):2026-09-21-12:13:46.229.559 [cluster_monitor.cc:744] [680][DeInit] heartbeat deinit begin.
[INFO] HCCL(680,host_server):2026-09-21-12:13:46.229.561 [cluster_monitor.cc:768] [680][DeInit] heartbeat deinit end.
[INFO] HCCL(680,host_server):2026-09-21-12:13:46.229.562 [cluster_monitor.cc:744] [680][DeInit] heartbeat deinit begin.
[INFO] HCCL(680,host_server):2026-09-21-12:13:46.229.564 [cluster_monitor.cc:768] [680][DeInit] heartbeat deinit end.
[INFO] HCCL(680,host_server):2026-09-21-12:13:46.229.566 [cluster_monitor.cc:744] [680][DeInit] heartbeat deinit begin.
[INFO] HCCL(680,host_server):2026-09-21-12:13:46.229.567 [cluster_monitor.cc:768] [680][DeInit] heartbeat deinit end.
[INFO] HCCL(680,host_server):2026-09-21-12:13:46.229.569 [cluster_monitor.cc:744] [680][DeInit] heartbeat deinit begin.
[INFO] HCCL(680,host_server):2026-09-21-12:13:46.229.571 [cluster_monitor.cc:768] [680][DeInit] heartbeat deinit end.
[INFO] HCCL(680,host_server):2026-09-21-12:13:46.229.572 [cluster_monitor.cc:744] [680][DeInit] heartbeat deinit begin.
[INFO] HCCL(680,host_server):2026-09-21-12:13:46.229.574 [cluster_monitor.cc:768] [680][DeInit] heartbeat deinit end.
[INFO] HCCL(680,host_server):2026-09-21-12:13:46.229.576 [cluster_monitor.cc:744] [680][DeInit] heartbeat deinit begin.
[INFO] HCCL(680,host_server):2026-09-21-12:13:46.229.577 [cluster_monitor.cc:768] [680][DeInit] heartbeat deinit end.
[INFO] HCCL(680,host_server):2026-09-21-12:13:46.229.579 [cluster_monitor.cc:744] [680][DeInit] heartbeat deinit begin.
[INFO] HCCL(680,host_server):2026-09-21-12:13:46.229.581 [cluster_monitor.cc:768] [680][DeInit] heartbeat deinit end.
[INFO] HCCL(680,host_server):2026-09-21-12:13:46.229.582 [cluster_monitor.cc:744] [680][DeInit] heartbeat deinit begin.
[INFO] HCCL(680,host_server):2026-09-21-12:13:46.229.584 [cluster_monitor.cc:768] [680][DeInit] heartbeat deinit end.
[INFO] HCCL(680,host_server):2026-09-21-12:13:46.229.585 [cluster_monitor.cc:744] [680][DeInit] heartbeat deinit begin.
[INFO] HCCL(680,host_server):2026-09-21-12:13:46.229.587 [cluster_monitor.cc:768] [680][DeInit] heartbeat deinit end.
[INFO] HCCL(680,host_server):2026-09-21-12:13:46.229.589 [cluster_monitor.cc:744] [680][DeInit] heartbeat deinit begin.
[INFO] HCCL(680,host_server):2026-09-21-12:13:46.229.590 [cluster_monitor.cc:768] [680][DeInit] heartbeat deinit end.
[INFO] HCCL(680,host_server):2026-09-21-12:13:46.229.592 [cluster_monitor.cc:744] [680][DeInit] heartbeat deinit begin.
[INFO] HCCL(680,host_server):2026-09-21-12:13:46.229.594 [cluster_monitor.cc:768] [680][DeInit] heartbeat deinit end.
[INFO] HCCL(680,host_server):2026-09-21-12:13:46.229.596 [cluster_monitor.cc:744] [680][DeInit] heartbeat deinit begin.
[INFO] HCCL(680,host_server):2026-09-21-12:13:46.229.597 [cluster_monitor.cc:768] [680][DeInit] heartbeat deinit end.
[INFO] HCCL(680,host_server):2026-09-21-12:13:46.229.599 [cluster_monitor.cc:744] [680][DeInit] heartbeat deinit begin.
[INFO] HCCL(680,host_server):2026-09-21-12:13:46.229.602 [cluster_monitor.cc:768] [680][DeInit] heartbeat deinit end.
[INFO] HCCL(680,host_server):2026-09-21-12:13:46.229.603 [cluster_monitor.cc:744] [680][DeInit] heartbeat deinit begin.
[INFO] HCCL(680,host_server):2026-09-21-12:13:46.229.605 [cluster_monitor.cc:768] [680][DeInit] heartbeat deinit end.
[INFO] HCCL(680,host_server):2026-09-21-12:13:46.229.607 [cluster_monitor.cc:744] [680][DeInit] heartbeat deinit begin.
[INFO] HCCL(680,host_server):2026-09-21-12:13:46.229.608 [cluster_monitor.cc:768] [680][DeInit] heartbeat deinit end.
[INFO] HCCL(680,host_server):2026-09-21-12:13:46.229.610 [cluster_monitor.cc:744] [680][DeInit] heartbeat deinit begin.
[INFO] HCCL(680,host_server):2026-09-21-12:13:46.229.612 [cluster_monitor.cc:768] [680][DeInit] heartbeat deinit end.
[INFO] HCCL(680,host_server):2026-09-21-12:13:46.229.613 [cluster_monitor.cc:744] [680][DeInit] heartbeat deinit begin.
[INFO] HCCL(680,host_server):2026-09-21-12:13:46.229.615 [cluster_monitor.cc:768] [680][DeInit] heartbeat deinit end.
[INFO] HCCL(680,host_server):2026-09-21-12:13:46.229.617 [cluster_monitor.cc:744] [680][DeInit] heartbeat deinit begin.
[INFO] HCCL(680,host_server):2026-09-21-12:13:46.229.618 [cluster_monitor.cc:768] [680][DeInit] heartbeat deinit end.
[INFO] HCCL(680,host_server):2026-09-21-12:13:46.229.620 [cluster_monitor.cc:744] [680][DeInit] heartbeat deinit begin.
[INFO] HCCL(680,host_server):2026-09-21-12:13:46.229.621 [cluster_monitor.cc:768] [680][DeInit] heartbeat deinit end.
[INFO] HCCL(680,host_server):2026-09-21-12:13:46.229.623 [cluster_monitor.cc:744] [680][DeInit] heartbeat deinit begin.
[INFO] HCCL(680,host_server):2026-09-21-12:13:46.229.625 [cluster_monitor.cc:768] [680][DeInit] heartbeat deinit end.
[INFO] HCCL(680,host_server):2026-09-21-12:13:46.229.627 [cluster_monitor.cc:744] [680][DeInit] heartbeat deinit begin.
[INFO] HCCL(680,host_server):2026-09-21-12:13:46.229.628 [cluster_monitor.cc:768] [680][DeInit] heartbeat deinit end.
[INFO] HCCL(680,host_server):2026-09-21-12:13:46.229.630 [cluster_monitor.cc:744] [680][DeInit] heartbeat deinit begin.
[INFO] HCCL(680,host_server):2026-09-21-12:13:46.229.632 [cluster_monitor.cc:768] [680][DeInit] heartbeat deinit end.
[INFO] HCCL(680,host_server):2026-09-21-12:13:46.229.633 [cluster_monitor.cc:744] [680][DeInit] heartbeat deinit begin.
[INFO] HCCL(680,host_server):2026-09-21-12:13:46.229.635 [cluster_monitor.cc:768] [680][DeInit] heartbeat deinit end.
[INFO] HCCL(680,host_server):2026-09-21-12:13:46.229.637 [cluster_monitor.cc:744] [680][DeInit] heartbeat deinit begin.
[INFO] HCCL(680,host_server):2026-09-21-12:13:46.229.638 [cluster_monitor.cc:768] [680][DeInit] heartbeat deinit end.
[INFO] HCCL(680,host_server):2026-09-21-12:13:46.229.640 [cluster_monitor.cc:744] [680][DeInit] heartbeat deinit begin.
[INFO] HCCL(680,host_server):2026-09-21-12:13:46.229.641 [cluster_monitor.cc:768] [680][DeInit] heartbeat deinit end.
[INFO] HCCL(680,host_server):2026-09-21-12:13:46.229.643 [cluster_monitor.cc:744] [680][DeInit] heartbeat deinit begin.
[INFO] HCCL(680,host_server):2026-09-21-12:13:46.229.645 [cluster_monitor.cc:768] [680][DeInit] heartbeat deinit end.
[INFO] HCCL(680,host_server):2026-09-21-12:13:46.229.646 [cluster_monitor.cc:744] [680][DeInit] heartbeat deinit begin.
[INFO] HCCL(680,host_server):2026-09-21-12:13:46.229.648 [cluster_monitor.cc:768] [680][DeInit] heartbeat deinit end.
[INFO] HCCL(680,host_server):2026-09-21-12:13:46.229.650 [cluster_monitor.cc:744] [680][DeInit] heartbeat deinit begin.
[INFO] HCCL(680,host_server):2026-09-21-12:13:46.229.651 [cluster_monitor.cc:768] [680][DeInit] heartbeat deinit end.
[INFO] HCCL(680,host_server):2026-09-21-12:13:46.229.653 [cluster_monitor.cc:744] [680][DeInit] heartbeat deinit begin.
[INFO] HCCL(680,host_server):2026-09-21-12:13:46.229.654 [cluster_monitor.cc:768] [680][DeInit] heartbeat deinit end.
[INFO] HCCL(680,host_server):2026-09-21-12:13:46.229.656 [cluster_monitor.cc:744] [680][DeInit] heartbeat deinit begin.
[INFO] HCCL(680,host_server):2026-09-21-12:13:46.229.659 [cluster_monitor.cc:768] [680][DeInit] heartbeat deinit end.
[INFO] HCCL(680,host_server):2026-09-21-12:13:46.229.662 [cluster_monitor.cc:744] [680][DeInit] heartbeat deinit begin.
[INFO] HCCL(680,host_server):2026-09-21-12:13:46.229.663 [cluster_monitor.cc:768] [680][DeInit] heartbeat deinit end.
[INFO] HCCL(680,host_server):2026-09-21-12:13:46.229.665 [cluster_monitor.cc:744] [680][DeInit] heartbeat deinit begin.
[INFO] HCCL(680,host_server):2026-09-21-12:13:46.229.666 [cluster_monitor.cc:768] [680][DeInit] heartbeat deinit end.
[INFO] HCCL(680,host_server):2026-09-21-12:13:46.229.668 [cluster_monitor.cc:744] [680][DeInit] heartbeat deinit begin.
[INFO] HCCL(680,host_server):2026-09-21-12:13:46.229.670 [cluster_monitor.cc:768] [680][DeInit] heartbeat deinit end.
[INFO] HCCL(680,host_server):2026-09-21-12:13:46.229.672 [cluster_monitor.cc:744] [680][DeInit] heartbeat deinit begin.
[INFO] HCCL(680,host_server):2026-09-21-12:13:46.229.673 [cluster_monitor.cc:768] [680][DeInit] heartbeat deinit end.
[INFO] HCCL(680,host_server):2026-09-21-12:13:46.229.675 [cluster_monitor.cc:744] [680][DeInit] heartbeat deinit begin.
[INFO] HCCL(680,host_server):2026-09-21-12:13:46.229.676 [cluster_monitor.cc:768] [680][DeInit] heartbeat deinit end.
[INFO] HCCL(680,host_server):2026-09-21-12:13:46.229.678 [cluster_monitor.cc:744] [680][DeInit] heartbeat deinit begin.
[INFO] HCCL(680,host_server):2026-09-21-12:13:46.229.680 [cluster_monitor.cc:768] [680][DeInit] heartbeat deinit end.
[INFO] HCCL(680,host_server):2026-09-21-12:13:46.229.681 [cluster_monitor.cc:744] [680][DeInit] heartbeat deinit begin.
[INFO] HCCL(680,host_server):2026-09-21-12:13:46.229.683 [cluster_monitor.cc:768] [680][DeInit] heartbeat deinit end.
[INFO] HCCL(680,host_server):2026-09-21-12:13:46.229.685 [cluster_monitor.cc:744] [680][DeInit] heartbeat deinit begin.
[INFO] HCCL(680,host_server):2026-09-21-12:13:46.229.686 [cluster_monitor.cc:768] [680][DeInit] heartbeat deinit end.
[INFO] HCCL(680,host_server):2026-09-21-12:13:46.229.688 [cluster_monitor.cc:744] [680][DeInit] heartbeat deinit begin.
[INFO] HCCL(680,host_server):2026-09-21-12:13:46.229.689 [cluster_monitor.cc:768] [680][DeInit] heartbeat deinit end.
[INFO] HCCL(680,host_server):2026-09-21-12:13:46.229.691 [cluster_monitor.cc:744] [680][DeInit] heartbeat deinit begin.
[INFO] HCCL(680,host_server):2026-09-21-12:13:46.229.693 [cluster_monitor.cc:768] [680][DeInit] heartbeat deinit end.
[INFO] HCCL(680,host_server):2026-09-21-12:13:46.229.695 [cluster_monitor.cc:744] [680][DeInit] heartbeat deinit begin.
[INFO] HCCL(680,host_server):2026-09-21-12:13:46.229.696 [cluster_monitor.cc:768] [680][DeInit] heartbeat deinit end.
[INFO] HCCL(680,host_server):2026-09-21-12:13:46.229.698 [cluster_monitor.cc:744] [680][DeInit] heartbeat deinit begin.
[INFO] HCCL(680,host_server):2026-09-21-12:13:46.229.699 [cluster_monitor.cc:768] [680][DeInit] heartbeat deinit end.
[INFO] HCCL(680,host_server):2026-09-21-12:13:46.230.082 [global_net_dev_manager.cc:36] [680][GlobalNetDevMgr][~GlobalNetDevMgr] start.
[INFO] HCCL(680,host_server):2026-09-21-12:13:46.230.084 [global_net_dev_manager.cc:40] [680][GlobalNetDevMgr][~GlobalNetDevMgr] end.
[INFO] HCCL(680,host_server):2026-09-21-12:13:46.230.085 [global_net_dev_manager.cc:36] [680][GlobalNetDevMgr][~GlobalNetDevMgr] start.
[INFO] HCCL(680,host_server):2026-09-21-12:13:46.230.087 [global_net_dev_manager.cc:40] [680][GlobalNetDevMgr][~GlobalNetDevMgr] end.
[INFO] HCCL(680,host_server):2026-09-21-12:13:46.230.088 [global_net_dev_manager.cc:36] [680][GlobalNetDevMgr][~GlobalNetDevMgr] start.
[INFO] HCCL(680,host_server):2026-09-21-12:13:46.230.089 [global_net_dev_manager.cc:40] [680][GlobalNetDevMgr][~GlobalNetDevMgr] end.
[INFO] HCCL(680,host_server):2026-09-21-12:13:46.230.090 [global_net_dev_manager.cc:36] [680][GlobalNetDevMgr][~GlobalNetDevMgr] start.
[INFO] HCCL(680,host_server):2026-09-21-12:13:46.230.092 [global_net_dev_manager.cc:40] [680][GlobalNetDevMgr][~GlobalNetDevMgr] end.
[INFO] HCCL(680,host_server):2026-09-21-12:13:46.230.095 [global_net_dev_manager.cc:36] [680][GlobalNetDevMgr][~GlobalNetDevMgr] start.
[INFO] HCCL(680,host_server):2026-09-21-12:13:46.230.096 [global_net_dev_manager.cc:40] [680][GlobalNetDevMgr][~GlobalNetDevMgr] end.
[INFO] HCCL(680,host_server):2026-09-21-12:13:46.230.098 [global_net_dev_manager.cc:36] [680][GlobalNetDevMgr][~GlobalNetDevMgr] start.
[INFO] HCCL(680,host_server):2026-09-21-12:13:46.230.099 [global_net_dev_manager.cc:40] [680][GlobalNetDevMgr][~GlobalNetDevMgr] end.
[INFO] HCCL(680,host_server):2026-09-21-12:13:46.230.100 [global_net_dev_manager.cc:36] [680][GlobalNetDevMgr][~GlobalNetDevMgr] start.
[INFO] HCCL(680,host_server):2026-09-21-12:13:46.230.101 [global_net_dev_manager.cc:40] [680][GlobalNetDevMgr][~GlobalNetDevMgr] end.
[INFO] HCCL(680,host_server):2026-09-21-12:13:46.230.103 [global_net_dev_manager.cc:36] [680][GlobalNetDevMgr][~GlobalNetDevMgr] start.
[INFO] HCCL(680,host_server):2026-09-21-12:13:46.230.104 [global_net_dev_manager.cc:40] [680][GlobalNetDevMgr][~GlobalNetDevMgr] end.
[INFO] HCCL(680,host_server):2026-09-21-12:13:46.230.105 [global_net_dev_manager.cc:36] [680][GlobalNetDevMgr][~GlobalNetDevMgr] start.
[INFO] HCCL(680,host_server):2026-09-21-12:13:46.230.107 [global_net_dev_manager.cc:40] [680][GlobalNetDevMgr][~GlobalNetDevMgr] end.
[INFO] HCCL(680,host_server):2026-09-21-12:13:46.230.108 [global_net_dev_manager.cc:36] [680][GlobalNetDevMgr][~GlobalNetDevMgr] start.
[INFO] HCCL(680,host_server):2026-09-21-12:13:46.230.109 [global_net_dev_manager.cc:40] [680][GlobalNetDevMgr][~GlobalNetDevMgr] end.
[INFO] HCCL(680,host_server):2026-09-21-12:13:46.230.110 [global_net_dev_manager.cc:36] [680][GlobalNetDevMgr][~GlobalNetDevMgr] start.
[INFO] HCCL(680,host_server):2026-09-21-12:13:46.230.112 [global_net_dev_manager.cc:40] [680][GlobalNetDevMgr][~GlobalNetDevMgr] end.
[INFO] HCCL(680,host_server):2026-09-21-12:13:46.230.113 [global_net_dev_manager.cc:36] [680][GlobalNetDevMgr][~GlobalNetDevMgr] start.
[INFO] HCCL(680,host_server):2026-09-21-12:13:46.230.114 [global_net_dev_manager.cc:40] [680][GlobalNetDevMgr][~GlobalNetDevMgr] end.
[INFO] HCCL(680,host_server):2026-09-21-12:13:46.230.116 [global_net_dev_manager.cc:36] [680][GlobalNetDevMgr][~GlobalNetDevMgr] start.
[INFO] HCCL(680,host_server):2026-09-21-12:13:46.230.117 [global_net_dev_manager.cc:40] [680][GlobalNetDevMgr][~GlobalNetDevMgr] end.
[INFO] HCCL(680,host_server):2026-09-21-12:13:46.230.118 [global_net_dev_manager.cc:36] [680][GlobalNetDevMgr][~GlobalNetDevMgr] start.
[INFO] HCCL(680,host_server):2026-09-21-12:13:46.230.119 [global_net_dev_manager.cc:40] [680][GlobalNetDevMgr][~GlobalNetDevMgr] end.
[INFO] HCCL(680,host_server):2026-09-21-12:13:46.230.121 [global_net_dev_manager.cc:36] [680][GlobalNetDevMgr][~GlobalNetDevMgr] start.
[INFO] HCCL(680,host_server):2026-09-21-12:13:46.230.122 [global_net_dev_manager.cc:40] [680][GlobalNetDevMgr][~GlobalNetDevMgr] end.
[INFO] HCCL(680,host_server):2026-09-21-12:13:46.230.123 [global_net_dev_manager.cc:36] [680][GlobalNetDevMgr][~GlobalNetDevMgr] start.
[INFO] HCCL(680,host_server):2026-09-21-12:13:46.230.124 [global_net_dev_manager.cc:40] [680][GlobalNetDevMgr][~GlobalNetDevMgr] end.
[INFO] HCCL(680,host_server):2026-09-21-12:13:46.230.126 [global_net_dev_manager.cc:36] [680][GlobalNetDevMgr][~GlobalNetDevMgr] start.
[INFO] HCCL(680,host_server):2026-09-21-12:13:46.230.127 [global_net_dev_manager.cc:40] [680][GlobalNetDevMgr][~GlobalNetDevMgr] end.
[INFO] HCCL(680,host_server):2026-09-21-12:13:46.230.128 [global_net_dev_manager.cc:36] [680][GlobalNetDevMgr][~GlobalNetDevMgr] start.
[INFO] HCCL(680,host_server):2026-09-21-12:13:46.230.129 [global_net_dev_manager.cc:40] [680][GlobalNetDevMgr][~GlobalNetDevMgr] end.
[INFO] HCCL(680,host_server):2026-09-21-12:13:46.230.131 [global_net_dev_manager.cc:36] [680][GlobalNetDevMgr][~GlobalNetDevMgr] start.
[INFO] HCCL(680,host_server):2026-09-21-12:13:46.230.132 [global_net_dev_manager.cc:40] [680][GlobalNetDevMgr][~GlobalNetDevMgr] end.
[INFO] HCCL(680,host_server):2026-09-21-12:13:46.230.133 [global_net_dev_manager.cc:36] [680][GlobalNetDevMgr][~GlobalNetDevMgr] start.
[INFO] HCCL(680,host_server):2026-09-21-12:13:46.230.135 [global_net_dev_manager.cc:40] [680][GlobalNetDevMgr][~GlobalNetDevMgr] end.
[INFO] HCCL(680,host_server):2026-09-21-12:13:46.230.137 [global_net_dev_manager.cc:36] [680][GlobalNetDevMgr][~GlobalNetDevMgr] start.
[INFO] HCCL(680,host_server):2026-09-21-12:13:46.230.138 [global_net_dev_manager.cc:40] [680][GlobalNetDevMgr][~GlobalNetDevMgr] end.
[INFO] HCCL(680,host_server):2026-09-21-12:13:46.230.139 [global_net_dev_manager.cc:36] [680][GlobalNetDevMgr][~GlobalNetDevMgr] start.
[INFO] HCCL(680,host_server):2026-09-21-12:13:46.230.140 [global_net_dev_manager.cc:40] [680][GlobalNetDevMgr][~GlobalNetDevMgr] end.
[INFO] HCCL(680,host_server):2026-09-21-12:13:46.230.142 [global_net_dev_manager.cc:36] [680][GlobalNetDevMgr][~GlobalNetDevMgr] start.
[INFO] HCCL(680,host_server):2026-09-21-12:13:46.230.143 [global_net_dev_manager.cc:40] [680][GlobalNetDevMgr][~GlobalNetDevMgr] end.
[INFO] HCCL(680,host_server):2026-09-21-12:13:46.230.144 [global_net_dev_manager.cc:36] [680][GlobalNetDevMgr][~GlobalNetDevMgr] start.
[INFO] HCCL(680,host_server):2026-09-21-12:13:46.230.145 [global_net_dev_manager.cc:40] [680][GlobalNetDevMgr][~GlobalNetDevMgr] end.
[INFO] HCCL(680,host_server):2026-09-21-12:13:46.230.147 [global_net_dev_manager.cc:36] [680][GlobalNetDevMgr][~GlobalNetDevMgr] start.
[INFO] HCCL(680,host_server):2026-09-21-12:13:46.230.148 [global_net_dev_manager.cc:40] [680][GlobalNetDevMgr][~GlobalNetDevMgr] end.
[INFO] HCCL(680,host_server):2026-09-21-12:13:46.230.149 [global_net_dev_manager.cc:36] [680][GlobalNetDevMgr][~GlobalNetDevMgr] start.
[INFO] HCCL(680,host_server):2026-09-21-12:13:46.230.150 [global_net_dev_manager.cc:40] [680][GlobalNetDevMgr][~GlobalNetDevMgr] end.
[INFO] HCCL(680,host_server):2026-09-21-12:13:46.230.152 [global_net_dev_manager.cc:36] [680][GlobalNetDevMgr][~GlobalNetDevMgr] start.
[INFO] HCCL(680,host_server):2026-09-21-12:13:46.230.153 [global_net_dev_manager.cc:40] [680][GlobalNetDevMgr][~GlobalNetDevMgr] end.
[INFO] HCCL(680,host_server):2026-09-21-12:13:46.230.154 [global_net_dev_manager.cc:36] [680][GlobalNetDevMgr][~GlobalNetDevMgr] start.
[INFO] HCCL(680,host_server):2026-09-21-12:13:46.230.155 [global_net_dev_manager.cc:40] [680][GlobalNetDevMgr][~GlobalNetDevMgr] end.
[INFO] HCCL(680,host_server):2026-09-21-12:13:46.230.157 [global_net_dev_manager.cc:36] [680][GlobalNetDevMgr][~GlobalNetDevMgr] start.
[INFO] HCCL(680,host_server):2026-09-21-12:13:46.230.158 [global_net_dev_manager.cc:40] [680][GlobalNetDevMgr][~GlobalNetDevMgr] end.
[INFO] HCCL(680,host_server):2026-09-21-12:13:46.230.159 [global_net_dev_manager.cc:36] [680][GlobalNetDevMgr][~GlobalNetDevMgr] start.
[INFO] HCCL(680,host_server):2026-09-21-12:13:46.230.160 [global_net_dev_manager.cc:40] [680][GlobalNetDevMgr][~GlobalNetDevMgr] end.
[INFO] HCCL(680,host_server):2026-09-21-12:13:46.230.161 [global_net_dev_manager.cc:36] [680][GlobalNetDevMgr][~GlobalNetDevMgr] start.
[INFO] HCCL(680,host_server):2026-09-21-12:13:46.230.163 [global_net_dev_manager.cc:40] [680][GlobalNetDevMgr][~GlobalNetDevMgr] end.
[INFO] HCCL(680,host_server):2026-09-21-12:13:46.230.164 [global_net_dev_manager.cc:36] [680][GlobalNetDevMgr][~GlobalNetDevMgr] start.
[INFO] HCCL(680,host_server):2026-09-21-12:13:46.230.165 [global_net_dev_manager.cc:40] [680][GlobalNetDevMgr][~GlobalNetDevMgr] end.
[INFO] HCCL(680,host_server):2026-09-21-12:13:46.230.166 [global_net_dev_manager.cc:36] [680][GlobalNetDevMgr][~GlobalNetDevMgr] start.
[INFO] HCCL(680,host_server):2026-09-21-12:13:46.230.168 [global_net_dev_manager.cc:40] [680][GlobalNetDevMgr][~GlobalNetDevMgr] end.
[INFO] HCCL(680,host_server):2026-09-21-12:13:46.230.169 [global_net_dev_manager.cc:36] [680][GlobalNetDevMgr][~GlobalNetDevMgr] start.
[INFO] HCCL(680,host_server):2026-09-21-12:13:46.230.170 [global_net_dev_manager.cc:40] [680][GlobalNetDevMgr][~GlobalNetDevMgr] end.
[INFO] HCCL(680,host_server):2026-09-21-12:13:46.230.171 [global_net_dev_manager.cc:36] [680][GlobalNetDevMgr][~GlobalNetDevMgr] start.
[INFO] HCCL(680,host_server):2026-09-21-12:13:46.230.174 [global_net_dev_manager.cc:40] [680][GlobalNetDevMgr][~GlobalNetDevMgr] end.
[INFO] HCCL(680,host_server):2026-09-21-12:13:46.230.175 [global_net_dev_manager.cc:36] [680][GlobalNetDevMgr][~GlobalNetDevMgr] start.
[INFO] HCCL(680,host_server):2026-09-21-12:13:46.230.176 [global_net_dev_manager.cc:40] [680][GlobalNetDevMgr][~GlobalNetDevMgr] end.
[INFO] HCCL(680,host_server):2026-09-21-12:13:46.230.177 [global_net_dev_manager.cc:36] [680][GlobalNetDevMgr][~GlobalNetDevMgr] start.
[INFO] HCCL(680,host_server):2026-09-21-12:13:46.230.179 [global_net_dev_manager.cc:40] [680][GlobalNetDevMgr][~GlobalNetDevMgr] end.
[INFO] HCCL(680,host_server):2026-09-21-12:13:46.230.180 [global_net_dev_manager.cc:36] [680][GlobalNetDevMgr][~GlobalNetDevMgr] start.
[INFO] HCCL(680,host_server):2026-09-21-12:13:46.230.181 [global_net_dev_manager.cc:40] [680][GlobalNetDevMgr][~GlobalNetDevMgr] end.
[INFO] HCCL(680,host_server):2026-09-21-12:13:46.230.182 [global_net_dev_manager.cc:36] [680][GlobalNetDevMgr][~GlobalNetDevMgr] start.
[INFO] HCCL(680,host_server):2026-09-21-12:13:46.230.184 [global_net_dev_manager.cc:40] [680][GlobalNetDevMgr][~GlobalNetDevMgr] end.
[INFO] HCCL(680,host_server):2026-09-21-12:13:46.230.185 [global_net_dev_manager.cc:36] [680][GlobalNetDevMgr][~GlobalNetDevMgr] start.
[INFO] HCCL(680,host_server):2026-09-21-12:13:46.230.186 [global_net_dev_manager.cc:40] [680][GlobalNetDevMgr][~GlobalNetDevMgr] end.
[INFO] HCCL(680,host_server):2026-09-21-12:13:46.230.187 [global_net_dev_manager.cc:36] [680][GlobalNetDevMgr][~GlobalNetDevMgr] start.
[INFO] HCCL(680,host_server):2026-09-21-12:13:46.230.188 [global_net_dev_manager.cc:40] [680][GlobalNetDevMgr][~GlobalNetDevMgr] end.
[INFO] HCCL(680,host_server):2026-09-21-12:13:46.230.190 [global_net_dev_manager.cc:36] [680][GlobalNetDevMgr][~GlobalNetDevMgr] start.
[INFO] HCCL(680,host_server):2026-09-21-12:13:46.230.191 [global_net_dev_manager.cc:40] [680][GlobalNetDevMgr][~GlobalNetDevMgr] end.
[INFO] HCCL(680,host_server):2026-09-21-12:13:46.230.192 [global_net_dev_manager.cc:36] [680][GlobalNetDevMgr][~GlobalNetDevMgr] start.
[INFO] HCCL(680,host_server):2026-09-21-12:13:46.230.193 [global_net_dev_manager.cc:40] [680][GlobalNetDevMgr][~GlobalNetDevMgr] end.
[INFO] HCCL(680,host_server):2026-09-21-12:13:46.230.195 [global_net_dev_manager.cc:36] [680][GlobalNetDevMgr][~GlobalNetDevMgr] start.
[INFO] HCCL(680,host_server):2026-09-21-12:13:46.230.196 [global_net_dev_manager.cc:40] [680][GlobalNetDevMgr][~GlobalNetDevMgr] end.
[INFO] HCCL(680,host_server):2026-09-21-12:13:46.230.197 [global_net_dev_manager.cc:36] [680][GlobalNetDevMgr][~GlobalNetDevMgr] start.
[INFO] HCCL(680,host_server):2026-09-21-12:13:46.230.198 [global_net_dev_manager.cc:40] [680][GlobalNetDevMgr][~GlobalNetDevMgr] end.
[INFO] HCCL(680,host_server):2026-09-21-12:13:46.230.200 [global_net_dev_manager.cc:36] [680][GlobalNetDevMgr][~GlobalNetDevMgr] start.
[INFO] HCCL(680,host_server):2026-09-21-12:13:46.230.201 [global_net_dev_manager.cc:40] [680][GlobalNetDevMgr][~GlobalNetDevMgr] end.
[INFO] HCCL(680,host_server):2026-09-21-12:13:46.230.202 [global_net_dev_manager.cc:36] [680][GlobalNetDevMgr][~GlobalNetDevMgr] start.
[INFO] HCCL(680,host_server):2026-09-21-12:13:46.230.203 [global_net_dev_manager.cc:40] [680][GlobalNetDevMgr][~GlobalNetDevMgr] end.
[INFO] HCCL(680,host_server):2026-09-21-12:13:46.230.205 [global_net_dev_manager.cc:36] [680][GlobalNetDevMgr][~GlobalNetDevMgr] start.
[INFO] HCCL(680,host_server):2026-09-21-12:13:46.230.206 [global_net_dev_manager.cc:40] [680][GlobalNetDevMgr][~GlobalNetDevMgr] end.
[INFO] HCCL(680,host_server):2026-09-21-12:13:46.230.207 [global_net_dev_manager.cc:36] [680][GlobalNetDevMgr][~GlobalNetDevMgr] start.
[INFO] HCCL(680,host_server):2026-09-21-12:13:46.230.208 [global_net_dev_manager.cc:40] [680][GlobalNetDevMgr][~GlobalNetDevMgr] end.
[INFO] HCCL(680,host_server):2026-09-21-12:13:46.230.209 [global_net_dev_manager.cc:36] [680][GlobalNetDevMgr][~GlobalNetDevMgr] start.
[INFO] HCCL(680,host_server):2026-09-21-12:13:46.230.212 [global_net_dev_manager.cc:40] [680][GlobalNetDevMgr][~GlobalNetDevMgr] end.
[INFO] HCCL(680,host_server):2026-09-21-12:13:46.230.213 [global_net_dev_manager.cc:36] [680][GlobalNetDevMgr][~GlobalNetDevMgr] start.
[INFO] HCCL(680,host_server):2026-09-21-12:13:46.230.214 [global_net_dev_manager.cc:40] [680][GlobalNetDevMgr][~GlobalNetDevMgr] end.
[INFO] HCCL(680,host_server):2026-09-21-12:13:46.230.215 [global_net_dev_manager.cc:36] [680][GlobalNetDevMgr][~GlobalNetDevMgr] start.
[INFO] HCCL(680,host_server):2026-09-21-12:13:46.230.217 [global_net_dev_manager.cc:40] [680][GlobalNetDevMgr][~GlobalNetDevMgr] end.
[INFO] HCCL(680,host_server):2026-09-21-12:13:46.230.218 [global_net_dev_manager.cc:36] [680][GlobalNetDevMgr][~GlobalNetDevMgr] start.
[INFO] HCCL(680,host_server):2026-09-21-12:13:46.230.219 [global_net_dev_manager.cc:40] [680][GlobalNetDevMgr][~GlobalNetDevMgr] end.
[INFO] HCCL(680,host_server):2026-09-21-12:13:46.230.220 [global_net_dev_manager.cc:36] [680][GlobalNetDevMgr][~GlobalNetDevMgr] start.
[INFO] HCCL(680,host_server):2026-09-21-12:13:46.230.222 [global_net_dev_manager.cc:40] [680][GlobalNetDevMgr][~GlobalNetDevMgr] end.
[INFO] HCCL(680,host_server):2026-09-21-12:13:46.230.223 [global_net_dev_manager.cc:36] [680][GlobalNetDevMgr][~GlobalNetDevMgr] start.
[INFO] HCCL(680,host_server):2026-09-21-12:13:46.230.224 [global_net_dev_manager.cc:40] [680][GlobalNetDevMgr][~GlobalNetDevMgr] end.
[INFO] HCCL(680,host_server):2026-09-21-12:13:46.230.225 [global_net_dev_manager.cc:36] [680][GlobalNetDevMgr][~GlobalNetDevMgr] start.
[INFO] HCCL(680,host_server):2026-09-21-12:13:46.230.226 [global_net_dev_manager.cc:40] [680][GlobalNetDevMgr][~GlobalNetDevMgr] end.
[INFO] HCCL(680,host_server):2026-09-21-12:13:46.230.228 [global_net_dev_manager.cc:36] [680][GlobalNetDevMgr][~GlobalNetDevMgr] start.
[INFO] HCCL(680,host_server):2026-09-21-12:13:46.230.229 [global_net_dev_manager.cc:40] [680][GlobalNetDevMgr][~GlobalNetDevMgr] end.
[INFO] HCCL(680,host_server):2026-09-21-12:13:46.230.230 [global_net_dev_manager.cc:36] [680][GlobalNetDevMgr][~GlobalNetDevMgr] start.
[INFO] HCCL(680,host_server):2026-09-21-12:13:46.230.231 [global_net_dev_manager.cc:40] [680][GlobalNetDevMgr][~GlobalNetDevMgr] end.
[INFO] HCCL(680,host_server):2026-09-21-12:13:46.230.233 [global_net_dev_manager.cc:36] [680][GlobalNetDevMgr][~GlobalNetDevMgr] start.
[INFO] HCCL(680,host_server):2026-09-21-12:13:46.230.234 [global_net_dev_manager.cc:40] [680][GlobalNetDevMgr][~GlobalNetDevMgr] end.
[INFO] HCCL(680,host_server):2026-09-21-12:13:46.230.235 [global_net_dev_manager.cc:36] [680][GlobalNetDevMgr][~GlobalNetDevMgr] start.
[INFO] HCCL(680,host_server):2026-09-21-12:13:46.230.236 [global_net_dev_manager.cc:40] [680][GlobalNetDevMgr][~GlobalNetDevMgr] end.
[INFO] HCCL(680,host_server):2026-09-21-12:13:46.230.238 [global_net_dev_manager.cc:36] [680][GlobalNetDevMgr][~GlobalNetDevMgr] start.
[INFO] HCCL(680,host_server):2026-09-21-12:13:46.230.239 [global_net_dev_manager.cc:40] [680][GlobalNetDevMgr][~GlobalNetDevMgr] end.
[INFO] HCCL(680,host_server):2026-09-21-12:13:46.230.240 [global_net_dev_manager.cc:36] [680][GlobalNetDevMgr][~GlobalNetDevMgr] start.
[INFO] HCCL(680,host_server):2026-09-21-12:13:46.230.241 [global_net_dev_manager.cc:40] [680][GlobalNetDevMgr][~GlobalNetDevMgr] end.
[INFO] HCCL(680,host_server):2026-09-21-12:13:46.230.243 [global_net_dev_manager.cc:36] [680][GlobalNetDevMgr][~GlobalNetDevMgr] start.
[INFO] HCCL(680,host_server):2026-09-21-12:13:46.230.244 [global_net_dev_manager.cc:40] [680][GlobalNetDevMgr][~GlobalNetDevMgr] end.
[INFO] HCCL(680,host_server):2026-09-21-12:13:46.230.245 [global_net_dev_manager.cc:36] [680][GlobalNetDevMgr][~GlobalNetDevMgr] start.
[INFO] HCCL(680,host_server):2026-09-21-12:13:46.230.246 [global_net_dev_manager.cc:40] [680][GlobalNetDevMgr][~GlobalNetDevMgr] end.
[INFO] HCCL(680,host_server):2026-09-21-12:13:46.230.247 [global_net_dev_manager.cc:36] [680][GlobalNetDevMgr][~GlobalNetDevMgr] start.
[INFO] HCCL(680,host_server):2026-09-21-12:13:46.230.249 [global_net_dev_manager.cc:40] [680][GlobalNetDevMgr][~GlobalNetDevMgr] end.
[INFO] HCCL(680,host_server):2026-09-21-12:13:46.230.251 [global_net_dev_manager.cc:36] [680][GlobalNetDevMgr][~GlobalNetDevMgr] start.
[INFO] HCCL(680,host_server):2026-09-21-12:13:46.230.252 [global_net_dev_manager.cc:40] [680][GlobalNetDevMgr][~GlobalNetDevMgr] end.
[INFO] HCCL(680,host_server):2026-09-21-12:13:46.236.180 [global_mirror_tasks.cc:24][680][GlobalMirrorTasks][~GlobalMirrorTasks]GlobalMirrorTasks Destroy
[INFO] HCCL(680,host_server):2026-09-21-12:13:46.242.589 [network_manager.cc:1442] [680]destroy all nic/vnic.
[INFO] HCCL(680,host_server):2026-09-21-12:13:46.242.596 [network_manager.cc:1442] [680]destroy all nic/vnic.
[INFO] HCCL(680,host_server):2026-09-21-12:13:46.242.597 [network_manager.cc:1442] [680]destroy all nic/vnic.
[INFO] HCCL(680,host_server):2026-09-21-12:13:46.242.598 [network_manager.cc:1442] [680]destroy all nic/vnic.
[INFO] HCCL(680,host_server):2026-09-21-12:13:46.242.600 [network_manager.cc:1442] [680]destroy all nic/vnic.
[INFO] HCCL(680,host_server):2026-09-21-12:13:46.242.601 [network_manager.cc:1442] [680]destroy all nic/vnic.
[INFO] HCCL(680,host_server):2026-09-21-12:13:46.242.603 [network_manager.cc:1442] [680]destroy all nic/vnic.
[INFO] HCCL(680,host_server):2026-09-21-12:13:46.242.604 [network_manager.cc:1442] [680]destroy all nic/vnic.
[INFO] HCCL(680,host_server):2026-09-21-12:13:46.242.605 [network_manager.cc:1442] [680]destroy all nic/vnic.
[INFO] HCCL(680,host_server):2026-09-21-12:13:46.242.606 [network_manager.cc:1442] [680]destroy all nic/vnic.
[INFO] HCCL(680,host_server):2026-09-21-12:13:46.242.608 [network_manager.cc:1442] [680]destroy all nic/vnic.
[INFO] HCCL(680,host_server):2026-09-21-12:13:46.242.609 [network_manager.cc:1442] [680]destroy all nic/vnic.
[INFO] HCCL(680,host_server):2026-09-21-12:13:46.242.610 [network_manager.cc:1442] [680]destroy all nic/vnic.
[INFO] HCCL(680,host_server):2026-09-21-12:13:46.242.612 [network_manager.cc:1442] [680]destroy all nic/vnic.
[INFO] HCCL(680,host_server):2026-09-21-12:13:46.242.613 [network_manager.cc:1442] [680]destroy all nic/vnic.
[INFO] HCCL(680,host_server):2026-09-21-12:13:46.242.614 [network_manager.cc:1442] [680]destroy all nic/vnic.
[INFO] HCCL(680,host_server):2026-09-21-12:13:46.242.616 [network_manager.cc:1442] [680]destroy all nic/vnic.
[INFO] HCCL(680,host_server):2026-09-21-12:13:46.242.617 [network_manager.cc:1442] [680]destroy all nic/vnic.
[INFO] HCCL(680,host_server):2026-09-21-12:13:46.242.618 [network_manager.cc:1442] [680]destroy all nic/vnic.
[INFO] HCCL(680,host_server):2026-09-21-12:13:46.242.619 [network_manager.cc:1442] [680]destroy all nic/vnic.
[INFO] HCCL(680,host_server):2026-09-21-12:13:46.242.621 [network_manager.cc:1442] [680]destroy all nic/vnic.
[INFO] HCCL(680,host_server):2026-09-21-12:13:46.242.622 [network_manager.cc:1442] [680]destroy all nic/vnic.
[INFO] HCCL(680,host_server):2026-09-21-12:13:46.242.623 [network_manager.cc:1442] [680]destroy all nic/vnic.
[INFO] HCCL(680,host_server):2026-09-21-12:13:46.242.624 [network_manager.cc:1442] [680]destroy all nic/vnic.
[INFO] HCCL(680,host_server):2026-09-21-12:13:46.242.626 [network_manager.cc:1442] [680]destroy all nic/vnic.
[INFO] HCCL(680,host_server):2026-09-21-12:13:46.242.627 [network_manager.cc:1442] [680]destroy all nic/vnic.
[INFO] HCCL(680,host_server):2026-09-21-12:13:46.242.628 [network_manager.cc:1442] [680]destroy all nic/vnic.
[INFO] HCCL(680,host_server):2026-09-21-12:13:46.242.630 [network_manager.cc:1442] [680]destroy all nic/vnic.
[INFO] HCCL(680,host_server):2026-09-21-12:13:46.242.631 [network_manager.cc:1442] [680]destroy all nic/vnic.
[INFO] HCCL(680,host_server):2026-09-21-12:13:46.242.632 [network_manager.cc:1442] [680]destroy all nic/vnic.
[INFO] HCCL(680,host_server):2026-09-21-12:13:46.242.633 [network_manager.cc:1442] [680]destroy all nic/vnic.
[INFO] HCCL(680,host_server):2026-09-21-12:13:46.242.635 [network_manager.cc:1442] [680]destroy all nic/vnic.
[INFO] HCCL(680,host_server):2026-09-21-12:13:46.243.958 [tbe_crack_cleared.cc:69] [680]TbeCrackCleard Deinit
[INFO] HCCL(680,host_server):2026-09-21-12:13:46.243.967 [tbe_crack_cleared.cc:69] [680]TbeCrackCleard Deinit
[INFO] HCCL(680,host_server):2026-09-21-12:13:46.243.969 [tbe_crack_cleared.cc:69] [680]TbeCrackCleard Deinit
[INFO] HCCL(680,host_server):2026-09-21-12:13:46.243.970 [tbe_crack_cleared.cc:69] [680]TbeCrackCleard Deinit
[INFO] HCCL(680,host_server):2026-09-21-12:13:46.243.971 [tbe_crack_cleared.cc:69] [680]TbeCrackCleard Deinit
[INFO] HCCL(680,host_server):2026-09-21-12:13:46.243.972 [tbe_crack_cleared.cc:69] [680]TbeCrackCleard Deinit
[INFO] HCCL(680,host_server):2026-09-21-12:13:46.243.974 [tbe_crack_cleared.cc:69] [680]TbeCrackCleard Deinit
[INFO] HCCL(680,host_server):2026-09-21-12:13:46.243.975 [tbe_crack_cleared.cc:69] [680]TbeCrackCleard Deinit
[INFO] HCCL(680,host_server):2026-09-21-12:13:46.243.977 [tbe_crack_cleared.cc:69] [680]TbeCrackCleard Deinit
[INFO] HCCL(680,host_server):2026-09-21-12:13:46.243.978 [tbe_crack_cleared.cc:69] [680]TbeCrackCleard Deinit
[INFO] HCCL(680,host_server):2026-09-21-12:13:46.243.979 [tbe_crack_cleared.cc:69] [680]TbeCrackCleard Deinit
[INFO] HCCL(680,host_server):2026-09-21-12:13:46.243.981 [tbe_crack_cleared.cc:69] [680]TbeCrackCleard Deinit
[INFO] HCCL(680,host_server):2026-09-21-12:13:46.243.982 [tbe_crack_cleared.cc:69] [680]TbeCrackCleard Deinit
[INFO] HCCL(680,host_server):2026-09-21-12:13:46.243.984 [tbe_crack_cleared.cc:69] [680]TbeCrackCleard Deinit
[INFO] HCCL(680,host_server):2026-09-21-12:13:46.243.985 [tbe_crack_cleared.cc:69] [680]TbeCrackCleard Deinit
[INFO] HCCL(680,host_server):2026-09-21-12:13:46.243.986 [tbe_crack_cleared.cc:69] [680]TbeCrackCleard Deinit
[INFO] HCCL(680,host_server):2026-09-21-12:13:46.243.988 [tbe_crack_cleared.cc:69] [680]TbeCrackCleard Deinit
[INFO] HCCL(680,host_server):2026-09-21-12:13:46.243.989 [tbe_crack_cleared.cc:69] [680]TbeCrackCleard Deinit
[INFO] HCCL(680,host_server):2026-09-21-12:13:46.243.990 [tbe_crack_cleared.cc:69] [680]TbeCrackCleard Deinit
[INFO] HCCL(680,host_server):2026-09-21-12:13:46.243.992 [tbe_crack_cleared.cc:69] [680]TbeCrackCleard Deinit
[INFO] HCCL(680,host_server):2026-09-21-12:13:46.243.993 [tbe_crack_cleared.cc:69] [680]TbeCrackCleard Deinit
[INFO] HCCL(680,host_server):2026-09-21-12:13:46.243.995 [tbe_crack_cleared.cc:69] [680]TbeCrackCleard Deinit
[INFO] HCCL(680,host_server):2026-09-21-12:13:46.243.996 [tbe_crack_cleared.cc:69] [680]TbeCrackCleard Deinit
[INFO] HCCL(680,host_server):2026-09-21-12:13:46.243.997 [tbe_crack_cleared.cc:69] [680]TbeCrackCleard Deinit
[INFO] HCCL(680,host_server):2026-09-21-12:13:46.243.999 [tbe_crack_cleared.cc:69] [680]TbeCrackCleard Deinit
[INFO] HCCL(680,host_server):2026-09-21-12:13:46.244.000 [tbe_crack_cleared.cc:69] [680]TbeCrackCleard Deinit
[INFO] HCCL(680,host_server):2026-09-21-12:13:46.244.001 [tbe_crack_cleared.cc:69] [680]TbeCrackCleard Deinit
[INFO] HCCL(680,host_server):2026-09-21-12:13:46.244.003 [tbe_crack_cleared.cc:69] [680]TbeCrackCleard Deinit
[INFO] HCCL(680,host_server):2026-09-21-12:13:46.244.004 [tbe_crack_cleared.cc:69] [680]TbeCrackCleard Deinit
[INFO] HCCL(680,host_server):2026-09-21-12:13:46.244.006 [tbe_crack_cleared.cc:69] [680]TbeCrackCleard Deinit
[INFO] HCCL(680,host_server):2026-09-21-12:13:46.244.007 [tbe_crack_cleared.cc:69] [680]TbeCrackCleard Deinit
[INFO] HCCL(680,host_server):2026-09-21-12:13:46.244.008 [tbe_crack_cleared.cc:69] [680]TbeCrackCleard Deinit
[INFO] HCCL(680,host_server):2026-09-21-12:13:46.244.010 [tbe_vector_reduce.cc:102] [680]TbeVectorReduce Deinit
[INFO] HCCL(680,host_server):2026-09-21-12:13:46.244.012 [tbe_vector_reduce.cc:102] [680]TbeVectorReduce Deinit
[INFO] HCCL(680,host_server):2026-09-21-12:13:46.244.013 [tbe_vector_reduce.cc:102] [680]TbeVectorReduce Deinit
[INFO] HCCL(680,host_server):2026-09-21-12:13:46.244.014 [tbe_vector_reduce.cc:102] [680]TbeVectorReduce Deinit
[INFO] HCCL(680,host_server):2026-09-21-12:13:46.244.016 [tbe_vector_reduce.cc:102] [680]TbeVectorReduce Deinit
[INFO] HCCL(680,host_server):2026-09-21-12:13:46.244.017 [tbe_vector_reduce.cc:102] [680]TbeVectorReduce Deinit
[INFO] HCCL(680,host_server):2026-09-21-12:13:46.244.019 [tbe_vector_reduce.cc:102] [680]TbeVectorReduce Deinit
[INFO] HCCL(680,host_server):2026-09-21-12:13:46.244.021 [tbe_vector_reduce.cc:102] [680]TbeVectorReduce Deinit
[INFO] HCCL(680,host_server):2026-09-21-12:13:46.244.022 [tbe_vector_reduce.cc:102] [680]TbeVectorReduce Deinit
[INFO] HCCL(680,host_server):2026-09-21-12:13:46.244.023 [tbe_vector_reduce.cc:102] [680]TbeVectorReduce Deinit
[INFO] HCCL(680,host_server):2026-09-21-12:13:46.244.025 [tbe_vector_reduce.cc:102] [680]TbeVectorReduce Deinit
[INFO] HCCL(680,host_server):2026-09-21-12:13:46.244.026 [tbe_vector_reduce.cc:102] [680]TbeVectorReduce Deinit
[INFO] HCCL(680,host_server):2026-09-21-12:13:46.244.028 [tbe_vector_reduce.cc:102] [680]TbeVectorReduce Deinit
[INFO] HCCL(680,host_server):2026-09-21-12:13:46.244.029 [tbe_vector_reduce.cc:102] [680]TbeVectorReduce Deinit
[INFO] HCCL(680,host_server):2026-09-21-12:13:46.244.030 [tbe_vector_reduce.cc:102] [680]TbeVectorReduce Deinit
[INFO] HCCL(680,host_server):2026-09-21-12:13:46.244.032 [tbe_vector_reduce.cc:102] [680]TbeVectorReduce Deinit
[INFO] HCCL(680,host_server):2026-09-21-12:13:46.244.033 [tbe_vector_reduce.cc:102] [680]TbeVectorReduce Deinit
[INFO] HCCL(680,host_server):2026-09-21-12:13:46.244.034 [tbe_vector_reduce.cc:102] [680]TbeVectorReduce Deinit
[INFO] HCCL(680,host_server):2026-09-21-12:13:46.244.036 [tbe_vector_reduce.cc:102] [680]TbeVectorReduce Deinit
[INFO] HCCL(680,host_server):2026-09-21-12:13:46.244.037 [tbe_vector_reduce.cc:102] [680]TbeVectorReduce Deinit
[INFO] HCCL(680,host_server):2026-09-21-12:13:46.244.051 [tbe_vector_reduce.cc:102] [680]TbeVectorReduce Deinit
[INFO] HCCL(680,host_server):2026-09-21-12:13:46.244.052 [tbe_vector_reduce.cc:102] [680]TbeVectorReduce Deinit
[INFO] HCCL(680,host_server):2026-09-21-12:13:46.244.053 [tbe_vector_reduce.cc:102] [680]TbeVectorReduce Deinit
[INFO] HCCL(680,host_server):2026-09-21-12:13:46.244.055 [tbe_vector_reduce.cc:102] [680]TbeVectorReduce Deinit
[INFO] HCCL(680,host_server):2026-09-21-12:13:46.244.056 [tbe_vector_reduce.cc:102] [680]TbeVectorReduce Deinit
[INFO] HCCL(680,host_server):2026-09-21-12:13:46.244.057 [tbe_vector_reduce.cc:102] [680]TbeVectorReduce Deinit
[INFO] HCCL(680,host_server):2026-09-21-12:13:46.244.059 [tbe_vector_reduce.cc:102] [680]TbeVectorReduce Deinit
[INFO] HCCL(680,host_server):2026-09-21-12:13:46.244.060 [tbe_vector_reduce.cc:102] [680]TbeVectorReduce Deinit
[INFO] HCCL(680,host_server):2026-09-21-12:13:46.244.062 [tbe_vector_reduce.cc:102] [680]TbeVectorReduce Deinit
[INFO] HCCL(680,host_server):2026-09-21-12:13:46.244.063 [tbe_vector_reduce.cc:102] [680]TbeVectorReduce Deinit
[INFO] HCCL(680,host_server):2026-09-21-12:13:46.244.064 [tbe_vector_reduce.cc:102] [680]TbeVectorReduce Deinit
[INFO] HCCL(680,host_server):2026-09-21-12:13:46.244.066 [tbe_vector_reduce.cc:102] [680]TbeVectorReduce Deinit
[INFO] IDEDD(680,host_server):2026-09-21-12:13:46.244.680 [kernel_dfx_dumper.cpp:151][tid:680] Begin to stop the dfx dump task.
[INFO] RUNTIME(680,host_server):2026-09-21-12:13:46.244.822 [runtime_keeper.cc:228] 680 DestroyPoolRegistryImpl: Destroy PoolRegistry success.
[INFO] RUNTIME(680,host_server):2026-09-21-12:13:46.244.827 [runtime_adapt.cc:58] 680 ~Runtime: runtime destructor.
[INFO] RUNTIME(680,host_server):2026-09-21-12:13:46.244.829 [runtime.cc:1340] 680 WaitMonitorExit: wait monitor success, used count=0.
[INFO] RUNTIME(680,host_server):2026-09-21-12:13:46.251.974 [tprt.cc:23][TPRT]TID[680] ~TprtManage: ~TprtManage
[INFO] RUNTIME(680,host_server):2026-09-21-12:13:46.251.981 [plugin_old_arch.cc:39] 680 DestructorRuntimeImpl: RuntimeImpl destructor success
[INFO] RUNTIME(680,host_server):2026-09-21-12:13:46.251.983 [runtime_keeper.cc:245] 680 DestroyRuntimeImpl: Destroy Runtime success
[INFO] RUNTIME(680,host_server):2026-09-21-12:13:46.252.236 [xpu_task_fail_callback_data_manager.cc:64] 680 ~XpuTaskFailCallBackManager: XpuTaskFailCallBackManager Destructor.
[INFO] RUNTIME(680,host_server):2026-09-21-12:13:46.252.241 [task_fail_callback_data_manager.cc:98] 680 ~TaskFailCallBackManager: Destructor.
[INFO] ATRACE(680,host_server):2026-09-21-12:13:46.252.611 [awatchdog_monitor.c:233](tid:680) AwdMonitorExit
