[INFO] ATRACE(1243,host_server):2026-09-21-12:30:16.563.070 [trace_core.c:31](tid:1243) atrace is not supported, init nothing.
[INFO] ATRACE(1243,host_server):2026-09-21-12:30:16.563.110 [awatchdog_core.c:99](tid:1243) watchdog get platform host side
[INFO] ATRACE(1243,host_server):2026-09-21-12:30:16.563.219 [awatchdog_monitor.c:127](tid:1243) create monitor thread successfully, tid :281473654555648 
[INFO] ATRACE(1243,host_server):2026-09-21-12:30:16.563.222 [awatchdog_monitor.c:225](tid:1243) AwdMonitorInit
[WARNING] RUNTIME(1243,host_server):2026-09-21-12:30:16.563.391 [runtime_keeper.cc:258] 1243 RegisterDrvErrMsgHandle: [drv api] drv_log_report_err_msg_handle_register does not exist, skip register err msg handle.
[INFO] RUNTIME(1243,host_server):2026-09-21-12:30:16.563.395 [task_fail_callback_data_manager.cc:93] 1243 TaskFailCallBackManager: Constructor.
[INFO] RUNTIME(1243,host_server):2026-09-21-12:30:16.563.397 [xpu_task_fail_callback_data_manager.cc:59] 1243 XpuTaskFailCallBackManager: XpuTaskFailCallBackManager Constructor.
[INFO] IDEDD(1243,host_server):2026-09-21-12:30:16.563.722 [dump_config_converter.cpp:1153][tid:1243] No Env enable exception dump
[INFO] TDT(1243,host_server):2026-09-21-12:30:16.564.653 [package_worker_factory.cpp:38][RegisterPackageWorkerCreator][tid:1243] Register[2] package worker was created successfully
[INFO] TDT(1243,host_server):2026-09-21-12:30:16.564.663 [package_worker_factory.cpp:38][RegisterPackageWorkerCreator][tid:1243] Register[3] package worker was created successfully
[INFO] HCCL(1243,host_server):2026-09-21-12:30:16.569.312 [global_mirror_tasks.cc:19][1243][GlobalMirrorTasks][GlobalMirrorTasks]GlobalMirrorTasks Contruct
[INFO] HCCL(1243,host_server):2026-09-21-12:30:16.575.990 [adapter_rts.cc:2585] [1243][adapter_rts.cc][CallBackInitRts] g_deviceType [8] g_deviceLogicId [-1] g_devicePhyId [-1]
[INFO] GE(1243,host_server):2026-09-21-12:30:16.591.611 [error_manager.cc:1047]1243 RegisterFormatErrorMessage:RegisterFormatErrorMessage, try to register error message
LIBRARY HcommEndpointCreate => /usr/local/Ascend/cann-9.1.0/lib64/libhcomm.so

STAGE 1. 创建 HOST/ROCE Endpoint，hcomm 插件管理 mlx5 网络资源
API EndpointDescInit(&desc, 1) => 0
[WARNING] HCCL(1243,host_server):2026-09-21-12:30:16.599.521 [hcomm_adapter_runtime.cc:33] [1243][HcommAdapterRuntime][ResolveRuntimeDevicePhyId] force Host-only resource id[0], env[HCOMM_FORCE_HOST_NIC_PLUGIN]=1, test only.
[INFO] ASCENDCL(1243,host_server):2026-09-21-12:30:16.599.642 [device.cpp:216]1243 aclrtGetDeviceCountImpl: start to execute aclrtGetDeviceCount
[INFO] RUNTIME(1243,host_server):2026-09-21-12:30:16.599.654 [runtime_keeper.cc:98] 1243 GetDeviceType: hardwareVersion=0xffffffffffffffff
[INFO] RUNTIME(1243,host_server):2026-09-21-12:30:16.600.606 [plugin_old_arch.cc:21] 1243 ConstructRuntimeImpl: RuntimeImpl construct success, runtime = 0xaaaaf921f780
[INFO] RUNTIME(1243,host_server):2026-09-21-12:30:16.600.617 [runtime_keeper.cc:211] 1243 CreateRuntimeImpl: Open libruntime_v100.so successfully
[INFO] RUNTIME(1243,host_server):2026-09-21-12:30:16.600.619 [runtime_keeper.cc:331] 1243 BootRuntime: new Runtime ok, Runtime_alloc_size 13920.
[INFO] RUNTIME(1243,host_server):2026-09-21-12:30:16.600.629 [runtime.cc:1081] 1243 CheckHaveDevice: hardwareVersion=0xffffffffffffffff
[INFO] RUNTIME(1243,host_server):2026-09-21-12:30:16.600.640 [runtime.cc:810] 1243 InitChipTypeAndSocVersion: Runtime init: device type=0, soc version=, have device=0
[WARNING] RUNTIME(1243,host_server):2026-09-21-12:30:16.600.646 [ini_parse_utils.cc:136] 1243 ParseIniFile: socVersion is empty, skip ini parse.
[INFO] RUNTIME(1243,host_server):2026-09-21-12:30:16.600.653 [runtime.cc:822] 1243 InitApiImplies: ApiImpl:Runtime_alloc_size 16
[INFO] RUNTIME(1243,host_server):2026-09-21-12:30:16.600.655 [runtime.cc:830] 1243 InitApiImplies: ApiImplMbuf:Runtime_alloc_size 8
[INFO] RUNTIME(1243,host_server):2026-09-21-12:30:16.600.656 [runtime.cc:838] 1243 InitApiImplies: ApiImplSoma:Runtime_alloc_size 8
[INFO] RUNTIME(1243,host_server):2026-09-21-12:30:16.600.658 [runtime.cc:849] 1243 InitLogger: Logger:Runtime_alloc_size 32
[INFO] RUNTIME(1243,host_server):2026-09-21-12:30:16.600.670 [runtime.cc:860] 1243 InitApiProfiler: RProfiler:Runtime_alloc_size 176
[INFO] RUNTIME(1243,host_server):2026-09-21-12:30:16.600.679 [profiler.cc:88] 1243 Init: Init ok, Runtime_alloc_size 48
[INFO] RUNTIME(1243,host_server):2026-09-21-12:30:16.600.684 [runtime.cc:877] 1243 InitApiErrorDecorator: ApiErrorDecorator:Runtime_alloc_size 16.
[INFO] RUNTIME(1243,host_server):2026-09-21-12:30:16.600.685 [runtime.cc:888] 1243 InitThreadGuard: Runtime init:new ThreadGuard ok, Runtime_alloc_size 104.
[INFO] RUNTIME(1243,host_server):2026-09-21-12:30:16.600.687 [runtime.cc:900] 1243 InitStreamObserver: EngineStreamObserver:Runtime_alloc_size 8.
[INFO] RUNTIME(1243,host_server):2026-09-21-12:30:16.600.689 [runtime.cc:913] 1243 InitAicpuStreamIdBitmap: Bitmap(1024):Runtime_alloc_size 80.
[INFO] RUNTIME(1243,host_server):2026-09-21-12:30:16.600.690 [runtime.cc:931] 1243 InitCbSubscribe: The thread group num is 128
[INFO] RUNTIME(1243,host_server):2026-09-21-12:30:16.600.692 [runtime.cc:938] 1243 InitCbSubscribe: Runtime init:new CbSubscribe ok, Runtime_alloc_size 320.
[INFO] RUNTIME(1243,host_server):2026-09-21-12:30:16.600.711 [runtime.cc:115] 1243 Init: ObjAllocator alloc success, Runtime_alloc_size 1920(bytes)
[INFO] RUNTIME(1243,host_server):2026-09-21-12:30:16.600.715 [runtime.cc:127] 1243 Init: ObjAllocator alloc success, Runtime_alloc_size 11520(bytes)
[INFO] RUNTIME(1243,host_server):2026-09-21-12:30:16.600.750 [runtime.cc:1011] 1243 InitLabelAllocator: Runtime init:new LabelAllocator ok, Runtime_alloc_size 131152.
[INFO] RUNTIME(1243,host_server):2026-09-21-12:30:16.600.752 [runtime.cc:1019] 1243 InitSetRuntimeVersion: set runtime api ver success
[INFO] RUNTIME(1243,host_server):2026-09-21-12:30:16.600.754 [runtime.cc:1032] 1243 InitNpuCollectPath: NPU_COLLECT_PATH is not set!
[INFO] RUNTIME(1243,host_server):2026-09-21-12:30:16.600.772 [runtime.cc:1195] 1243 FindDcacheLockOp: Dcache lock feature is not supported on chip type=0.
[INFO] PROFILING(1243,host_server):2026-09-21-12:30:16.600.776 [prof_cann_plugin.cpp:390] (tid:1243) Register module[RUNTIME(7)] callback.
[INFO] ASCENDCL(1243,host_server):2026-09-21-12:30:16.600.784 [device.cpp:220]1243 aclrtGetDeviceCountImpl: successfully execute aclrtGetDeviceCount, get device count is 0.
[INFO] HCCL(1243,host_server):2026-09-21-12:30:16.601.313 [nic_plugin_manager.cc:110] [1243][NicPlugin] protocol[1] is handled by plugin[hcomm_cpu_roce].
[INFO] HCCL(1243,host_server):2026-09-21-12:30:16.601.803 [nic_plugin_manager.cc:110] [1243][NicPlugin] protocol[5] is handled by plugin[hcomm_cpu_ub].
[INFO] HCCL(1243,host_server):2026-09-21-12:30:16.601.807 [nic_plugin_manager.cc:110] [1243][NicPlugin] protocol[4] is handled by plugin[hcomm_cpu_ub].
[INFO] HCCL(1243,host_server):2026-09-21-12:30:16.601.812 [cpu_roce_endpoint.cc:50] [1243][Init] localEndpoint protocol[1]
[INFO] HCCL(1243,host_server):2026-09-21-12:30:16.601.856 [orion_adapter_hccp.cc:737][1243][HrtRaSocketSetWhiteListStatus] Input params: enable=1
[INFO] HCCP(1243,host_server):2026-09-21-12:30:16.601.863 [ra_host.c:1558]tid:1243,RaSocketSetWhiteListStatus : Input parameters: enable[1]
[INFO] HCCL(1243,host_server):2026-09-21-12:30:16.601.869 [orion_adapter_hccp.cc:744][1243]set host socket whitelist status[1] success.
[INFO] HCCL(1243,host_server):2026-09-21-12:30:16.601.875 [orion_adapter_hccp.cc:198][1243][Init][Ra] Input params: phyId=[0], mode=[0]
[INFO] HCCL(1243,host_server):2026-09-21-12:30:16.601.900 [base_config.cc:21][1243][HCCL_ENV] HCCL_IF_IP set by default to [IpAddress[0000:0000:0000:0000:0000:0000:0000:0000, AF=IPv4, addr=0.0.0.0]]
[INFO] HCCL(1243,host_server):2026-09-21-12:30:16.601.903 [base_config.cc:25][1243][HCCL_ENV] HCCL_IF_BASE_PORT set by default to [65536]
[INFO] HCCL(1243,host_server):2026-09-21-12:30:16.601.905 [base_config.cc:29][1243][HCCL_ENV] HCCL_SOCKET_IFNAME set by default to []
[INFO] HCCL(1243,host_server):2026-09-21-12:30:16.601.908 [base_config.cc:33][1243][HCCL_ENV] HCCL_WHITELIST_DISABLE set by environment to [0]
[INFO] HCCL(1243,host_server):2026-09-21-12:30:16.601.915 [base_config.cc:38][1243][HCCL_ENV] HCCL_WHITELIST_FILE set by default to []
[INFO] HCCL(1243,host_server):2026-09-21-12:30:16.601.920 [base_config.cc:47][1243][HCCL_ENV] HCCL_HOST_SOCKET_PORT_RANGE set by default to 
[INFO] HCCL(1243,host_server):2026-09-21-12:30:16.601.922 [base_config.cc:55][1243][HCCL_ENV] HCCL_NPU_SOCKET_PORT_RANGE set by default to 
[INFO] HCCL(1243,host_server):2026-09-21-12:30:16.601.924 [base_config.cc:99][1243][HCCL_ENV] HCCL_SOCKET_FAMILY set by default to [-1]
[INFO] HCCL(1243,host_server):2026-09-21-12:30:16.601.930 [base_config.cc:103][1243][HCCL_ENV] HCCL_CONNECT_TIMEOUT set by environment to [120]s
[INFO] HCCL(1243,host_server):2026-09-21-12:30:16.601.933 [base_config.cc:123][1243][HCCL_ENV] HCCL_EXEC_TIMEOUT set by default to [1836]s
[INFO] HCCL(1243,host_server):2026-09-21-12:30:16.601.935 [base_config.cc:142][1243][HCCL_ENV] HCCL_RDMA_TC set by default to [132]
[INFO] HCCL(1243,host_server):2026-09-21-12:30:16.601.937 [base_config.cc:146][1243][HCCL_ENV] HCCL_RDMA_SL set by default to [4]
[INFO] HCCL(1243,host_server):2026-09-21-12:30:16.601.938 [base_config.cc:150][1243][HCCL_ENV] HCCL_RDMA_TIMEOUT set by default to [20]
[INFO] HCCL(1243,host_server):2026-09-21-12:30:16.601.940 [base_config.cc:154][1243][HCCL_ENV] HCCL_RDMA_RETRY_CNT set by default to [7]
[INFO] HCCL(1243,host_server):2026-09-21-12:30:16.601.941 [base_config.cc:158][1243][HCCL_ENV] HCCL_UBOE_TIMEOUT set by default to [16]
[INFO] HCCL(1243,host_server):2026-09-21-12:30:16.601.943 [base_config.cc:162][1243][HCCL_ENV] HCCL_UB_TIMEOUT set by default to [8]
[INFO] HCCL(1243,host_server):2026-09-21-12:30:16.601.945 [base_config.cc:166][1243][HCCL_ENV] HCCL_RDMA_QPS_PER_CONNECTION set by default to [1]
[INFO] HCCL(1243,host_server):2026-09-21-12:30:16.601.946 [base_config.cc:170][1243][HCCL_ENV] HCCL_MULTI_QP_THRESHOLD set by default to [512]B
[INFO] HCCL(1243,host_server):2026-09-21-12:30:16.601.948 [base_config.cc:218][1243][HCCL_ENV] PRIM_QUEUE_GEN_NAME set by default to []
[INFO] HCCL(1243,host_server):2026-09-21-12:30:16.601.951 [base_config.cc:232][1243][HCCL_ENV] HCCL_ALGO set by default to []
[INFO] HCCL(1243,host_server):2026-09-21-12:30:16.601.953 [base_config.cc:236][1243][HCCL_ENV] HCCL_BUFFSIZE set by default to [209715200]B
[INFO] HCCL(1243,host_server):2026-09-21-12:30:16.601.959 [base_config.cc:240][1243][HCCL_ENV] HCCL_OP_EXPANSION_MODE set by default to [HcclAccelerator::AICPU_TS]
[INFO] HCCL(1243,host_server):2026-09-21-12:30:16.601.961 [base_config.cc:268][1243][HCCL_ENV] HCCL_ENTRY_LOG_ENABLE set by default to [0]
[INFO] HCCL(1243,host_server):2026-09-21-12:30:16.601.989 [env_func.cc:700][1243][CannVersion][Verification]cann version path /usr/local/Ascend/nnal/atb/latest/version.cfg is not a valid real path
[INFO] HCCL(1243,host_server):2026-09-21-12:30:16.601.992 [base_config.cc:272][1243][HCCL_ENV] LD_LIBRARY_PATH set by environment to []
[INFO] HCCL(1243,host_server):2026-09-21-12:30:16.601.994 [base_config.cc:276][1243][HCCL_ENV] HCCL_DFS_CONFIG task_exception set by default to [1], cluster_heartbeat set by default to [1], rankConsistentState set by default to [0]
[INFO] HCCL(1243,host_server):2026-09-21-12:30:16.601.999 [base_config.cc:302][1243][HCCL_ENV] HCCL_DETOUR set by default to [HcclDetourType::HCCL_DETOUR_DISABLE]
[INFO] HCCP(1243,host_server):2026-09-21-12:30:16.602.001 [ra_init.c:165]tid:1243,RaInit : Input parameters: phyId[0], nicPosition:[0] hdcType:[18] enableHdcAsync[1]
[INFO] NET(1243,host_server):2026-09-21-12:30:16.602.018 [dl_hal_function.c:296]DlHalInit : dl_hal_init success!
[INFO] HCCP(1243,host_server):2026-09-21-12:30:16.602.021 [ra_host.c:1552]tid:1243,RaSocketGetWhiteListStatus : white list status: enable[1]
[INFO] HCCP(1243,host_server):2026-09-21-12:30:16.602.023 [ra_peer.c:992]tid:1243,RaPeerInit : [init][ra_peer]ra_peer_init phyId[0] start
[INFO] NET(1243,host_server):2026-09-21-12:30:16.602.048 [dl_hal_function.c:296]DlHalInit : dl_hal_init success!
[INFO] NET(1243,host_server):2026-09-21-12:30:16.602.065 [dl_hal_function.c:296]DlHalInit : dl_hal_init success!
[INFO] HCCP(1243,host_server):2026-09-21-12:30:16.602.071 [rs.c:225]tid:1243,RsPthreadMutexInit : mutex init ok
[INFO] NET(1243,host_server):2026-09-21-12:30:16.602.073 [dl_hal_function.c:281]DlHalInit : dl_hal_init success, no need to dlopen libascend_hal.so!
[INFO] NET(1243,host_server):2026-09-21-12:30:16.602.074 [dl_hal_function.c:262]DlHalDeinit : dl_hal_deinit success, no need to dlclose libascend_hal.so!
[INFO] HCCP(1243,host_server):2026-09-21-12:30:16.602.081 [rs.c:2237]tid:1243,RsGetProductType : [Get][ChipInfo]chip name is , type:7
[WARNING] HCCP(1243,host_server):2026-09-21-12:30:16.602.193 [rs_tls.c:1521]tid:1243,rs_ssl_init: can not get manage data, ret(-2). maybe not set tls
[INFO] HCCP(1243,host_server):2026-09-21-12:30:16.602.195 [rs_tls.c:1537]tid:1243,rs_ssl_init: TLS SWITCH (0)
[INFO] HCCP(1243,host_server):2026-09-21-12:30:16.602.206 [rs_epoll.c:724]tid:1243,RsEpollConnectHandleInit : rs_create_epoll ok
[INFO] HCCP(1243,host_server):2026-09-21-12:30:16.602.305 [rs_epoll.c:518]tid:1305,RsEpollHandle : <EPOLL> thread begin! thread_id:281473637139456, pid:1243, ppid:1238
[INFO] HCCP(1243,host_server):2026-09-21-12:30:16.602.321 [rs_epoll.c:455]tid:1305,BindDataCpu : no device need bind cpu, device num 0
[INFO] HCCP(1243,host_server):2026-09-21-12:30:16.602.325 [rs_epoll.c:543]tid:1305,RsEpollHandle : pthread[epoll_pthread] is alive!
[INFO] HCCP(1243,host_server):2026-09-21-12:30:16.602.332 [rs_epoll.c:745]tid:1243,RsEpollConnectHandleInit : RS INIT OK!
[INFO] HCCP(1243,host_server):2026-09-21-12:30:16.602.336 [rs.c:325]tid:1243,RsInitRscbCfg : rs_epoll_connect_handle_init ok cost [0.138000] ms
[INFO] HCCP(1243,host_server):2026-09-21-12:30:16.602.354 [rs_epoll.c:654]tid:1306,RsConnectHandle : <SOCKET> thread begin! thread_id:281473628685312, pid:1243, ppid:1238
[INFO] HCCP(1243,host_server):2026-09-21-12:30:16.602.371 [rs_epoll.c:673]tid:1306,RsConnectHandle : pthread[connect_pthread] is alive!
[INFO] HCCP(1243,host_server):2026-09-21-12:30:16.604.344 [rs.c:440]tid:1243,RsInit : rs init success, chipId[0]
[INFO] HCCP(1243,host_server):2026-09-21-12:30:16.604.352 [ra_peer.c:1029]tid:1243,RaPeerInit : [init][ra_peer]ra_peer_init phyId[0] succ
[INFO] HCCL(1243,host_server):2026-09-21-12:30:16.604.356 [orion_adapter_hccp.cc:228][1243]init ra success,return: ret[0]
[INFO] HCCL(1243,host_server):2026-09-21-12:30:16.604.359 [plugin_core.cc:112] [1243][CpuRoceEndpoint][InitHostPeerRaOnce] host peer RA init success, hostResourceId[0].
[INFO] HCCL(1243,host_server):2026-09-21-12:30:16.604.370 [rdma_handle_manager.cc:68][1243]RdmaHandleManager::Create, devPhyId[0], LinkProtoType[LinkProtoType::RDMA], localIp[20.168.0.19]
[INFO] HCCL(1243,host_server):2026-09-21-12:30:16.604.372 [orion_adapter_hccp.cc:970][1243][HrtRaRdmaInit] Input params: mode=0, phyId=0
[INFO] HCCP(1243,host_server):2026-09-21-12:30:16.604.375 [ra_host.c:1727]tid:1243,RaGetIfnum : Input parameters: phyId[0], nicPosition:[0], isAll:[0]
[INFO] HCCP(1243,host_server):2026-09-21-12:30:16.604.378 [ra_peer.c:1101]tid:1243,RaPeerGetIfnum : [get][ra_peer_ifnum]ra_peer_get_ifnum phyId[0] start
[INFO] HCCP(1243,host_server):2026-09-21-12:30:16.604.385 [ra_peer.c:1108]tid:1243,RaPeerGetIfnum : [get][ra_peer_ifnum]ra_peer_get_ifnum phyId[0] succ
[INFO] HCCP(1243,host_server):2026-09-21-12:30:16.604.387 [ra_host.c:1777]tid:1243,RaGetIfaddrs : Input parameters: phyId[0], nicPosition:[0], isAll[0], interface num[35]
[INFO] HCCP(1243,host_server):2026-09-21-12:30:16.604.388 [ra_peer.c:1118]tid:1243,RaPeerGetIfaddrs : [get][ra_peer_ifaddrs] ra_peer_get_ifaddrs phyId[0] start
[INFO] HCCP(1243,host_server):2026-09-21-12:30:16.604.391 [rs_drv_socket.c:249]tid:1243,RsPeerFillIfaddrInfos : ifname[lo] addr[0x0100007f]
[INFO] HCCP(1243,host_server):2026-09-21-12:30:16.604.396 [rs_drv_socket.c:249]tid:1243,RsPeerFillIfaddrInfos : ifname[bond0] addr[0x1b65010a]
[INFO] HCCP(1243,host_server):2026-09-21-12:30:16.604.397 [rs_drv_socket.c:249]tid:1243,RsPeerFillIfaddrInfos : ifname[enp38s0f0np0] addr[0x1401a814]
[INFO] HCCP(1243,host_server):2026-09-21-12:30:16.604.403 [rs_drv_socket.c:249]tid:1243,RsPeerFillIfaddrInfos : ifname[enp38s0f1np1] addr[0x1c03a814]
[INFO] HCCP(1243,host_server):2026-09-21-12:30:16.604.405 [rs_drv_socket.c:249]tid:1243,RsPeerFillIfaddrInfos : ifname[enp165s0f0np0] addr[0x1300a814]
[INFO] HCCP(1243,host_server):2026-09-21-12:30:16.604.406 [rs_drv_socket.c:249]tid:1243,RsPeerFillIfaddrInfos : ifname[enp165s0f1np1] addr[0x1b02a814]
[INFO] HCCP(1243,host_server):2026-09-21-12:30:16.604.407 [rs_drv_socket.c:249]tid:1243,RsPeerFillIfaddrInfos : ifname[docker0] addr[0x010011ac]
[INFO] HCCP(1243,host_server):2026-09-21-12:30:16.604.409 [rs_drv_socket.c:253]tid:1243,RsPeerFillIfaddrInfos : ifname[lo] scope_id[0] flowinfo[0]
[INFO] HCCP(1243,host_server):2026-09-21-12:30:16.604.410 [rs_drv_socket.c:257]tid:1243,RsPeerFillIfaddrInfos : addr[0] 0x00
[INFO] HCCP(1243,host_server):2026-09-21-12:30:16.604.412 [rs_drv_socket.c:257]tid:1243,RsPeerFillIfaddrInfos : addr[1] 0x00
[INFO] HCCP(1243,host_server):2026-09-21-12:30:16.604.413 [rs_drv_socket.c:257]tid:1243,RsPeerFillIfaddrInfos : addr[2] 0x00
[INFO] HCCP(1243,host_server):2026-09-21-12:30:16.604.415 [rs_drv_socket.c:257]tid:1243,RsPeerFillIfaddrInfos : addr[3] 0x00
[INFO] HCCP(1243,host_server):2026-09-21-12:30:16.604.416 [rs_drv_socket.c:257]tid:1243,RsPeerFillIfaddrInfos : addr[4] 0x00
[INFO] HCCP(1243,host_server):2026-09-21-12:30:16.604.417 [rs_drv_socket.c:257]tid:1243,RsPeerFillIfaddrInfos : addr[5] 0x00
[INFO] HCCP(1243,host_server):2026-09-21-12:30:16.604.418 [rs_drv_socket.c:257]tid:1243,RsPeerFillIfaddrInfos : addr[6] 0x00
[INFO] HCCP(1243,host_server):2026-09-21-12:30:16.604.420 [rs_drv_socket.c:257]tid:1243,RsPeerFillIfaddrInfos : addr[7] 0x00
[INFO] HCCP(1243,host_server):2026-09-21-12:30:16.604.421 [rs_drv_socket.c:257]tid:1243,RsPeerFillIfaddrInfos : addr[8] 0x00
[INFO] HCCP(1243,host_server):2026-09-21-12:30:16.604.422 [rs_drv_socket.c:257]tid:1243,RsPeerFillIfaddrInfos : addr[9] 0x00
[INFO] HCCP(1243,host_server):2026-09-21-12:30:16.604.423 [rs_drv_socket.c:257]tid:1243,RsPeerFillIfaddrInfos : addr[10] 0x00
[INFO] HCCP(1243,host_server):2026-09-21-12:30:16.604.425 [rs_drv_socket.c:257]tid:1243,RsPeerFillIfaddrInfos : addr[11] 0x00
[INFO] HCCP(1243,host_server):2026-09-21-12:30:16.604.426 [rs_drv_socket.c:257]tid:1243,RsPeerFillIfaddrInfos : addr[12] 0x00
[INFO] HCCP(1243,host_server):2026-09-21-12:30:16.604.427 [rs_drv_socket.c:257]tid:1243,RsPeerFillIfaddrInfos : addr[13] 0x00
[INFO] HCCP(1243,host_server):2026-09-21-12:30:16.604.428 [rs_drv_socket.c:257]tid:1243,RsPeerFillIfaddrInfos : addr[14] 0x00
[INFO] HCCP(1243,host_server):2026-09-21-12:30:16.604.430 [rs_drv_socket.c:257]tid:1243,RsPeerFillIfaddrInfos : addr[15] 0x01
[INFO] HCCP(1243,host_server):2026-09-21-12:30:16.604.431 [rs_drv_socket.c:253]tid:1243,RsPeerFillIfaddrInfos : ifname[bond0] scope_id[10] flowinfo[0]
[INFO] HCCP(1243,host_server):2026-09-21-12:30:16.604.432 [rs_drv_socket.c:257]tid:1243,RsPeerFillIfaddrInfos : addr[0] 0xfe
[INFO] HCCP(1243,host_server):2026-09-21-12:30:16.604.434 [rs_drv_socket.c:257]tid:1243,RsPeerFillIfaddrInfos : addr[1] 0x80
[INFO] HCCP(1243,host_server):2026-09-21-12:30:16.604.435 [rs_drv_socket.c:257]tid:1243,RsPeerFillIfaddrInfos : addr[2] 0x00
[INFO] HCCP(1243,host_server):2026-09-21-12:30:16.604.436 [rs_drv_socket.c:257]tid:1243,RsPeerFillIfaddrInfos : addr[3] 0x00
[INFO] HCCP(1243,host_server):2026-09-21-12:30:16.604.438 [rs_drv_socket.c:257]tid:1243,RsPeerFillIfaddrInfos : addr[4] 0x00
[INFO] HCCP(1243,host_server):2026-09-21-12:30:16.604.439 [rs_drv_socket.c:257]tid:1243,RsPeerFillIfaddrInfos : addr[5] 0x00
[INFO] HCCP(1243,host_server):2026-09-21-12:30:16.604.440 [rs_drv_socket.c:257]tid:1243,RsPeerFillIfaddrInfos : addr[6] 0x00
[INFO] HCCP(1243,host_server):2026-09-21-12:30:16.604.441 [rs_drv_socket.c:257]tid:1243,RsPeerFillIfaddrInfos : addr[7] 0x00
[INFO] HCCP(1243,host_server):2026-09-21-12:30:16.604.443 [rs_drv_socket.c:257]tid:1243,RsPeerFillIfaddrInfos : addr[8] 0x2a
[INFO] HCCP(1243,host_server):2026-09-21-12:30:16.604.444 [rs_drv_socket.c:257]tid:1243,RsPeerFillIfaddrInfos : addr[9] 0xff
[INFO] HCCP(1243,host_server):2026-09-21-12:30:16.604.446 [rs_drv_socket.c:257]tid:1243,RsPeerFillIfaddrInfos : addr[10] 0x7b
[INFO] HCCP(1243,host_server):2026-09-21-12:30:16.604.447 [rs_drv_socket.c:257]tid:1243,RsPeerFillIfaddrInfos : addr[11] 0x56
[INFO] HCCP(1243,host_server):2026-09-21-12:30:16.604.449 [rs_drv_socket.c:257]tid:1243,RsPeerFillIfaddrInfos : addr[12] 0xf9
[INFO] HCCP(1243,host_server):2026-09-21-12:30:16.604.450 [rs_drv_socket.c:257]tid:1243,RsPeerFillIfaddrInfos : addr[13] 0xd4
[INFO] HCCP(1243,host_server):2026-09-21-12:30:16.604.451 [rs_drv_socket.c:257]tid:1243,RsPeerFillIfaddrInfos : addr[14] 0x16
[INFO] HCCP(1243,host_server):2026-09-21-12:30:16.604.453 [rs_drv_socket.c:257]tid:1243,RsPeerFillIfaddrInfos : addr[15] 0x19
[INFO] HCCP(1243,host_server):2026-09-21-12:30:16.604.454 [rs_drv_socket.c:253]tid:1243,RsPeerFillIfaddrInfos : ifname[enp38s0f0np0] scope_id[11] flowinfo[0]
[INFO] HCCP(1243,host_server):2026-09-21-12:30:16.604.455 [rs_drv_socket.c:257]tid:1243,RsPeerFillIfaddrInfos : addr[0] 0xfe
[INFO] HCCP(1243,host_server):2026-09-21-12:30:16.604.457 [rs_drv_socket.c:257]tid:1243,RsPeerFillIfaddrInfos : addr[1] 0x80
[INFO] HCCP(1243,host_server):2026-09-21-12:30:16.604.458 [rs_drv_socket.c:257]tid:1243,RsPeerFillIfaddrInfos : addr[2] 0x00
[INFO] HCCP(1243,host_server):2026-09-21-12:30:16.604.459 [rs_drv_socket.c:257]tid:1243,RsPeerFillIfaddrInfos : addr[3] 0x00
[INFO] HCCP(1243,host_server):2026-09-21-12:30:16.604.460 [rs_drv_socket.c:257]tid:1243,RsPeerFillIfaddrInfos : addr[4] 0x00
[INFO] HCCP(1243,host_server):2026-09-21-12:30:16.604.461 [rs_drv_socket.c:257]tid:1243,RsPeerFillIfaddrInfos : addr[5] 0x00
[INFO] HCCP(1243,host_server):2026-09-21-12:30:16.604.463 [rs_drv_socket.c:257]tid:1243,RsPeerFillIfaddrInfos : addr[6] 0x00
[INFO] HCCP(1243,host_server):2026-09-21-12:30:16.604.464 [rs_drv_socket.c:257]tid:1243,RsPeerFillIfaddrInfos : addr[7] 0x00
[INFO] HCCP(1243,host_server):2026-09-21-12:30:16.604.465 [rs_drv_socket.c:257]tid:1243,RsPeerFillIfaddrInfos : addr[8] 0x98
[INFO] HCCP(1243,host_server):2026-09-21-12:30:16.604.466 [rs_drv_socket.c:257]tid:1243,RsPeerFillIfaddrInfos : addr[9] 0x07
[INFO] HCCP(1243,host_server):2026-09-21-12:30:16.604.468 [rs_drv_socket.c:257]tid:1243,RsPeerFillIfaddrInfos : addr[10] 0x86
[INFO] HCCP(1243,host_server):2026-09-21-12:30:16.604.469 [rs_drv_socket.c:257]tid:1243,RsPeerFillIfaddrInfos : addr[11] 0x8d
[INFO] HCCP(1243,host_server):2026-09-21-12:30:16.604.470 [rs_drv_socket.c:257]tid:1243,RsPeerFillIfaddrInfos : addr[12] 0xb8
[INFO] HCCP(1243,host_server):2026-09-21-12:30:16.604.471 [rs_drv_socket.c:257]tid:1243,RsPeerFillIfaddrInfos : addr[13] 0x2f
[INFO] HCCP(1243,host_server):2026-09-21-12:30:16.604.473 [rs_drv_socket.c:257]tid:1243,RsPeerFillIfaddrInfos : addr[14] 0x34
[INFO] HCCP(1243,host_server):2026-09-21-12:30:16.604.474 [rs_drv_socket.c:257]tid:1243,RsPeerFillIfaddrInfos : addr[15] 0x0b
[INFO] HCCP(1243,host_server):2026-09-21-12:30:16.604.475 [rs_drv_socket.c:253]tid:1243,RsPeerFillIfaddrInfos : ifname[enp38s0f1np1] scope_id[12] flowinfo[0]
[INFO] HCCP(1243,host_server):2026-09-21-12:30:16.604.477 [rs_drv_socket.c:257]tid:1243,RsPeerFillIfaddrInfos : addr[0] 0xfe
[INFO] HCCP(1243,host_server):2026-09-21-12:30:16.604.478 [rs_drv_socket.c:257]tid:1243,RsPeerFillIfaddrInfos : addr[1] 0x80
[INFO] HCCP(1243,host_server):2026-09-21-12:30:16.604.479 [rs_drv_socket.c:257]tid:1243,RsPeerFillIfaddrInfos : addr[2] 0x00
[INFO] HCCP(1243,host_server):2026-09-21-12:30:16.604.480 [rs_drv_socket.c:257]tid:1243,RsPeerFillIfaddrInfos : addr[3] 0x00
[INFO] HCCP(1243,host_server):2026-09-21-12:30:16.604.482 [rs_drv_socket.c:257]tid:1243,RsPeerFillIfaddrInfos : addr[4] 0x00
[INFO] HCCP(1243,host_server):2026-09-21-12:30:16.604.483 [rs_drv_socket.c:257]tid:1243,RsPeerFillIfaddrInfos : addr[5] 0x00
[INFO] HCCP(1243,host_server):2026-09-21-12:30:16.604.484 [rs_drv_socket.c:257]tid:1243,RsPeerFillIfaddrInfos : addr[6] 0x00
[INFO] HCCP(1243,host_server):2026-09-21-12:30:16.604.485 [rs_drv_socket.c:257]tid:1243,RsPeerFillIfaddrInfos : addr[7] 0x00
[INFO] HCCP(1243,host_server):2026-09-21-12:30:16.604.487 [rs_drv_socket.c:257]tid:1243,RsPeerFillIfaddrInfos : addr[8] 0x0d
[INFO] HCCP(1243,host_server):2026-09-21-12:30:16.604.489 [rs_drv_socket.c:257]tid:1243,RsPeerFillIfaddrInfos : addr[9] 0xbd
[INFO] HCCP(1243,host_server):2026-09-21-12:30:16.604.490 [rs_drv_socket.c:257]tid:1243,RsPeerFillIfaddrInfos : addr[10] 0xbe
[INFO] HCCP(1243,host_server):2026-09-21-12:30:16.604.491 [rs_drv_socket.c:257]tid:1243,RsPeerFillIfaddrInfos : addr[11] 0xf5
[INFO] HCCP(1243,host_server):2026-09-21-12:30:16.604.493 [rs_drv_socket.c:257]tid:1243,RsPeerFillIfaddrInfos : addr[12] 0xd6
[INFO] HCCP(1243,host_server):2026-09-21-12:30:16.604.494 [rs_drv_socket.c:257]tid:1243,RsPeerFillIfaddrInfos : addr[13] 0x37
[INFO] HCCP(1243,host_server):2026-09-21-12:30:16.604.495 [rs_drv_socket.c:257]tid:1243,RsPeerFillIfaddrInfos : addr[14] 0x47
[INFO] HCCP(1243,host_server):2026-09-21-12:30:16.604.496 [rs_drv_socket.c:257]tid:1243,RsPeerFillIfaddrInfos : addr[15] 0xd7
[INFO] HCCP(1243,host_server):2026-09-21-12:30:16.604.498 [rs_drv_socket.c:253]tid:1243,RsPeerFillIfaddrInfos : ifname[enp165s0f0np0] scope_id[13] flowinfo[0]
[INFO] HCCP(1243,host_server):2026-09-21-12:30:16.604.499 [rs_drv_socket.c:257]tid:1243,RsPeerFillIfaddrInfos : addr[0] 0xfe
[INFO] HCCP(1243,host_server):2026-09-21-12:30:16.604.500 [rs_drv_socket.c:257]tid:1243,RsPeerFillIfaddrInfos : addr[1] 0x80
[INFO] HCCP(1243,host_server):2026-09-21-12:30:16.604.501 [rs_drv_socket.c:257]tid:1243,RsPeerFillIfaddrInfos : addr[2] 0x00
[INFO] HCCP(1243,host_server):2026-09-21-12:30:16.604.503 [rs_drv_socket.c:257]tid:1243,RsPeerFillIfaddrInfos : addr[3] 0x00
[INFO] HCCP(1243,host_server):2026-09-21-12:30:16.604.504 [rs_drv_socket.c:257]tid:1243,RsPeerFillIfaddrInfos : addr[4] 0x00
[INFO] HCCP(1243,host_server):2026-09-21-12:30:16.604.505 [rs_drv_socket.c:257]tid:1243,RsPeerFillIfaddrInfos : addr[5] 0x00
[INFO] HCCP(1243,host_server):2026-09-21-12:30:16.604.506 [rs_drv_socket.c:257]tid:1243,RsPeerFillIfaddrInfos : addr[6] 0x00
[INFO] HCCP(1243,host_server):2026-09-21-12:30:16.604.508 [rs_drv_socket.c:257]tid:1243,RsPeerFillIfaddrInfos : addr[7] 0x00
[INFO] HCCP(1243,host_server):2026-09-21-12:30:16.604.509 [rs_drv_socket.c:257]tid:1243,RsPeerFillIfaddrInfos : addr[8] 0xa2
[INFO] HCCP(1243,host_server):2026-09-21-12:30:16.604.510 [rs_drv_socket.c:257]tid:1243,RsPeerFillIfaddrInfos : addr[9] 0x88
[INFO] HCCP(1243,host_server):2026-09-21-12:30:16.604.511 [rs_drv_socket.c:257]tid:1243,RsPeerFillIfaddrInfos : addr[10] 0xc2
[INFO] HCCP(1243,host_server):2026-09-21-12:30:16.604.512 [rs_drv_socket.c:257]tid:1243,RsPeerFillIfaddrInfos : addr[11] 0xff
[INFO] HCCP(1243,host_server):2026-09-21-12:30:16.604.514 [rs_drv_socket.c:257]tid:1243,RsPeerFillIfaddrInfos : addr[12] 0xfe
[INFO] HCCP(1243,host_server):2026-09-21-12:30:16.604.515 [rs_drv_socket.c:257]tid:1243,RsPeerFillIfaddrInfos : addr[13] 0x70
[INFO] HCCP(1243,host_server):2026-09-21-12:30:16.604.516 [rs_drv_socket.c:257]tid:1243,RsPeerFillIfaddrInfos : addr[14] 0x84
[INFO] HCCP(1243,host_server):2026-09-21-12:30:16.604.517 [rs_drv_socket.c:257]tid:1243,RsPeerFillIfaddrInfos : addr[15] 0x4e
[INFO] HCCP(1243,host_server):2026-09-21-12:30:16.604.519 [rs_drv_socket.c:253]tid:1243,RsPeerFillIfaddrInfos : ifname[enp165s0f1np1] scope_id[14] flowinfo[0]
[INFO] HCCP(1243,host_server):2026-09-21-12:30:16.604.520 [rs_drv_socket.c:257]tid:1243,RsPeerFillIfaddrInfos : addr[0] 0xfe
[INFO] HCCP(1243,host_server):2026-09-21-12:30:16.604.521 [rs_drv_socket.c:257]tid:1243,RsPeerFillIfaddrInfos : addr[1] 0x80
[INFO] HCCP(1243,host_server):2026-09-21-12:30:16.604.523 [rs_drv_socket.c:257]tid:1243,RsPeerFillIfaddrInfos : addr[2] 0x00
[INFO] HCCP(1243,host_server):2026-09-21-12:30:16.604.524 [rs_drv_socket.c:257]tid:1243,RsPeerFillIfaddrInfos : addr[3] 0x00
[INFO] HCCP(1243,host_server):2026-09-21-12:30:16.604.525 [rs_drv_socket.c:257]tid:1243,RsPeerFillIfaddrInfos : addr[4] 0x00
[INFO] HCCP(1243,host_server):2026-09-21-12:30:16.604.526 [rs_drv_socket.c:257]tid:1243,RsPeerFillIfaddrInfos : addr[5] 0x00
[INFO] HCCP(1243,host_server):2026-09-21-12:30:16.604.528 [rs_drv_socket.c:257]tid:1243,RsPeerFillIfaddrInfos : addr[6] 0x00
[INFO] HCCP(1243,host_server):2026-09-21-12:30:16.604.530 [rs_drv_socket.c:257]tid:1243,RsPeerFillIfaddrInfos : addr[7] 0x00
[INFO] HCCP(1243,host_server):2026-09-21-12:30:16.604.531 [rs_drv_socket.c:257]tid:1243,RsPeerFillIfaddrInfos : addr[8] 0xa2
[INFO] HCCP(1243,host_server):2026-09-21-12:30:16.604.532 [rs_drv_socket.c:257]tid:1243,RsPeerFillIfaddrInfos : addr[9] 0x88
[INFO] HCCP(1243,host_server):2026-09-21-12:30:16.604.533 [rs_drv_socket.c:257]tid:1243,RsPeerFillIfaddrInfos : addr[10] 0xc2
[INFO] HCCP(1243,host_server):2026-09-21-12:30:16.604.535 [rs_drv_socket.c:257]tid:1243,RsPeerFillIfaddrInfos : addr[11] 0xff
[INFO] HCCP(1243,host_server):2026-09-21-12:30:16.604.536 [rs_drv_socket.c:257]tid:1243,RsPeerFillIfaddrInfos : addr[12] 0xfe
[INFO] HCCP(1243,host_server):2026-09-21-12:30:16.604.537 [rs_drv_socket.c:257]tid:1243,RsPeerFillIfaddrInfos : addr[13] 0x70
[INFO] HCCP(1243,host_server):2026-09-21-12:30:16.604.538 [rs_drv_socket.c:257]tid:1243,RsPeerFillIfaddrInfos : addr[14] 0x84
[INFO] HCCP(1243,host_server):2026-09-21-12:30:16.604.540 [rs_drv_socket.c:257]tid:1243,RsPeerFillIfaddrInfos : addr[15] 0x4f
[INFO] HCCP(1243,host_server):2026-09-21-12:30:16.604.541 [rs_drv_socket.c:253]tid:1243,RsPeerFillIfaddrInfos : ifname[ipourma0] scope_id[0] flowinfo[0]
[INFO] HCCP(1243,host_server):2026-09-21-12:30:16.604.542 [rs_drv_socket.c:257]tid:1243,RsPeerFillIfaddrInfos : addr[0] 0x00
[INFO] HCCP(1243,host_server):2026-09-21-12:30:16.604.544 [rs_drv_socket.c:257]tid:1243,RsPeerFillIfaddrInfos : addr[1] 0x00
[INFO] HCCP(1243,host_server):2026-09-21-12:30:16.604.545 [rs_drv_socket.c:257]tid:1243,RsPeerFillIfaddrInfos : addr[2] 0x00
[INFO] HCCP(1243,host_server):2026-09-21-12:30:16.604.546 [rs_drv_socket.c:257]tid:1243,RsPeerFillIfaddrInfos : addr[3] 0x00
[INFO] HCCP(1243,host_server):2026-09-21-12:30:16.604.547 [rs_drv_socket.c:257]tid:1243,RsPeerFillIfaddrInfos : addr[4] 0x00
[INFO] HCCP(1243,host_server):2026-09-21-12:30:16.604.549 [rs_drv_socket.c:257]tid:1243,RsPeerFillIfaddrInfos : addr[5] 0x01
[INFO] HCCP(1243,host_server):2026-09-21-12:30:16.604.550 [rs_drv_socket.c:257]tid:1243,RsPeerFillIfaddrInfos : addr[6] 0x02
[INFO] HCCP(1243,host_server):2026-09-21-12:30:16.604.551 [rs_drv_socket.c:257]tid:1243,RsPeerFillIfaddrInfos : addr[7] 0x00
[INFO] HCCP(1243,host_server):2026-09-21-12:30:16.604.552 [rs_drv_socket.c:257]tid:1243,RsPeerFillIfaddrInfos : addr[8] 0x00
[INFO] HCCP(1243,host_server):2026-09-21-12:30:16.604.553 [rs_drv_socket.c:257]tid:1243,RsPeerFillIfaddrInfos : addr[9] 0x10
[INFO] HCCP(1243,host_server):2026-09-21-12:30:16.604.555 [rs_drv_socket.c:257]tid:1243,RsPeerFillIfaddrInfos : addr[10] 0x00
[INFO] HCCP(1243,host_server):2026-09-21-12:30:16.604.556 [rs_drv_socket.c:257]tid:1243,RsPeerFillIfaddrInfos : addr[11] 0x00
[INFO] HCCP(1243,host_server):2026-09-21-12:30:16.604.557 [rs_drv_socket.c:257]tid:1243,RsPeerFillIfaddrInfos : addr[12] 0xdf
[INFO] HCCP(1243,host_server):2026-09-21-12:30:16.604.558 [rs_drv_socket.c:257]tid:1243,RsPeerFillIfaddrInfos : addr[13] 0x00
[INFO] HCCP(1243,host_server):2026-09-21-12:30:16.604.560 [rs_drv_socket.c:257]tid:1243,RsPeerFillIfaddrInfos : addr[14] 0x82
[INFO] HCCP(1243,host_server):2026-09-21-12:30:16.604.561 [rs_drv_socket.c:257]tid:1243,RsPeerFillIfaddrInfos : addr[15] 0x00
[INFO] HCCP(1243,host_server):2026-09-21-12:30:16.604.562 [rs_drv_socket.c:253]tid:1243,RsPeerFillIfaddrInfos : ifname[ipourma0] scope_id[0] flowinfo[0]
[INFO] HCCP(1243,host_server):2026-09-21-12:30:16.604.564 [rs_drv_socket.c:257]tid:1243,RsPeerFillIfaddrInfos : addr[0] 0x00
[INFO] HCCP(1243,host_server):2026-09-21-12:30:16.604.565 [rs_drv_socket.c:257]tid:1243,RsPeerFillIfaddrInfos : addr[1] 0x00
[INFO] HCCP(1243,host_server):2026-09-21-12:30:16.604.566 [rs_drv_socket.c:257]tid:1243,RsPeerFillIfaddrInfos : addr[2] 0x00
[INFO] HCCP(1243,host_server):2026-09-21-12:30:16.604.567 [rs_drv_socket.c:257]tid:1243,RsPeerFillIfaddrInfos : addr[3] 0x00
[INFO] HCCP(1243,host_server):2026-09-21-12:30:16.604.570 [rs_drv_socket.c:257]tid:1243,RsPeerFillIfaddrInfos : addr[4] 0x00
[INFO] HCCP(1243,host_server):2026-09-21-12:30:16.604.571 [rs_drv_socket.c:257]tid:1243,RsPeerFillIfaddrInfos : addr[5] 0x3f
[INFO] HCCP(1243,host_server):2026-09-21-12:30:16.604.572 [rs_drv_socket.c:257]tid:1243,RsPeerFillIfaddrInfos : addr[6] 0x02
[INFO] HCCP(1243,host_server):2026-09-21-12:30:16.604.573 [rs_drv_socket.c:257]tid:1243,RsPeerFillIfaddrInfos : addr[7] 0x00
[INFO] HCCP(1243,host_server):2026-09-21-12:30:16.604.574 [rs_drv_socket.c:257]tid:1243,RsPeerFillIfaddrInfos : addr[8] 0x00
[INFO] HCCP(1243,host_server):2026-09-21-12:30:16.604.576 [rs_drv_socket.c:257]tid:1243,RsPeerFillIfaddrInfos : addr[9] 0x10
[INFO] HCCP(1243,host_server):2026-09-21-12:30:16.604.577 [rs_drv_socket.c:257]tid:1243,RsPeerFillIfaddrInfos : addr[10] 0x00
[INFO] HCCP(1243,host_server):2026-09-21-12:30:16.604.578 [rs_drv_socket.c:257]tid:1243,RsPeerFillIfaddrInfos : addr[11] 0x00
[INFO] HCCP(1243,host_server):2026-09-21-12:30:16.604.579 [rs_drv_socket.c:257]tid:1243,RsPeerFillIfaddrInfos : addr[12] 0xdf
[INFO] HCCP(1243,host_server):2026-09-21-12:30:16.604.581 [rs_drv_socket.c:257]tid:1243,RsPeerFillIfaddrInfos : addr[13] 0x00
[INFO] HCCP(1243,host_server):2026-09-21-12:30:16.604.582 [rs_drv_socket.c:257]tid:1243,RsPeerFillIfaddrInfos : addr[14] 0x8b
[INFO] HCCP(1243,host_server):2026-09-21-12:30:16.604.583 [rs_drv_socket.c:257]tid:1243,RsPeerFillIfaddrInfos : addr[15] 0x00
[INFO] HCCP(1243,host_server):2026-09-21-12:30:16.604.584 [rs_drv_socket.c:253]tid:1243,RsPeerFillIfaddrInfos : ifname[ipourma0] scope_id[0] flowinfo[0]
[INFO] HCCP(1243,host_server):2026-09-21-12:30:16.604.586 [rs_drv_socket.c:257]tid:1243,RsPeerFillIfaddrInfos : addr[0] 0x00
[INFO] HCCP(1243,host_server):2026-09-21-12:30:16.604.587 [rs_drv_socket.c:257]tid:1243,RsPeerFillIfaddrInfos : addr[1] 0x00
[INFO] HCCP(1243,host_server):2026-09-21-12:30:16.604.588 [rs_drv_socket.c:257]tid:1243,RsPeerFillIfaddrInfos : addr[2] 0x00
[INFO] HCCP(1243,host_server):2026-09-21-12:30:16.604.590 [rs_drv_socket.c:257]tid:1243,RsPeerFillIfaddrInfos : addr[3] 0x00
[INFO] HCCP(1243,host_server):2026-09-21-12:30:16.604.591 [rs_drv_socket.c:257]tid:1243,RsPeerFillIfaddrInfos : addr[4] 0x00
[INFO] HCCP(1243,host_server):2026-09-21-12:30:16.604.592 [rs_drv_socket.c:257]tid:1243,RsPeerFillIfaddrInfos : addr[5] 0x07
[INFO] HCCP(1243,host_server):2026-09-21-12:30:16.604.593 [rs_drv_socket.c:257]tid:1243,RsPeerFillIfaddrInfos : addr[6] 0x02
[INFO] HCCP(1243,host_server):2026-09-21-12:30:16.604.594 [rs_drv_socket.c:257]tid:1243,RsPeerFillIfaddrInfos : addr[7] 0x00
[INFO] HCCP(1243,host_server):2026-09-21-12:30:16.604.596 [rs_drv_socket.c:257]tid:1243,RsPeerFillIfaddrInfos : addr[8] 0x00
[INFO] HCCP(1243,host_server):2026-09-21-12:30:16.604.597 [rs_drv_socket.c:257]tid:1243,RsPeerFillIfaddrInfos : addr[9] 0x10
[INFO] HCCP(1243,host_server):2026-09-21-12:30:16.604.598 [rs_drv_socket.c:257]tid:1243,RsPeerFillIfaddrInfos : addr[10] 0x00
[INFO] HCCP(1243,host_server):2026-09-21-12:30:16.604.599 [rs_drv_socket.c:257]tid:1243,RsPeerFillIfaddrInfos : addr[11] 0x00
[INFO] HCCP(1243,host_server):2026-09-21-12:30:16.604.601 [rs_drv_socket.c:257]tid:1243,RsPeerFillIfaddrInfos : addr[12] 0xdf
[INFO] HCCP(1243,host_server):2026-09-21-12:30:16.604.602 [rs_drv_socket.c:257]tid:1243,RsPeerFillIfaddrInfos : addr[13] 0x00
[INFO] HCCP(1243,host_server):2026-09-21-12:30:16.604.603 [rs_drv_socket.c:257]tid:1243,RsPeerFillIfaddrInfos : addr[14] 0x88
[INFO] HCCP(1243,host_server):2026-09-21-12:30:16.604.604 [rs_drv_socket.c:257]tid:1243,RsPeerFillIfaddrInfos : addr[15] 0x00
[INFO] HCCP(1243,host_server):2026-09-21-12:30:16.604.606 [rs_drv_socket.c:253]tid:1243,RsPeerFillIfaddrInfos : ifname[ipourma0] scope_id[0] flowinfo[0]
[INFO] HCCP(1243,host_server):2026-09-21-12:30:16.604.607 [rs_drv_socket.c:257]tid:1243,RsPeerFillIfaddrInfos : addr[0] 0x00
[INFO] HCCP(1243,host_server):2026-09-21-12:30:16.604.608 [rs_drv_socket.c:257]tid:1243,RsPeerFillIfaddrInfos : addr[1] 0x00
[INFO] HCCP(1243,host_server):2026-09-21-12:30:16.604.610 [rs_drv_socket.c:257]tid:1243,RsPeerFillIfaddrInfos : addr[2] 0x00
[INFO] HCCP(1243,host_server):2026-09-21-12:30:16.604.612 [rs_drv_socket.c:257]tid:1243,RsPeerFillIfaddrInfos : addr[3] 0x00
[INFO] HCCP(1243,host_server):2026-09-21-12:30:16.604.613 [rs_drv_socket.c:257]tid:1243,RsPeerFillIfaddrInfos : addr[4] 0x00
[INFO] HCCP(1243,host_server):2026-09-21-12:30:16.604.614 [rs_drv_socket.c:257]tid:1243,RsPeerFillIfaddrInfos : addr[5] 0x06
[INFO] HCCP(1243,host_server):2026-09-21-12:30:16.604.615 [rs_drv_socket.c:257]tid:1243,RsPeerFillIfaddrInfos : addr[6] 0x02
[INFO] HCCP(1243,host_server):2026-09-21-12:30:16.604.617 [rs_drv_socket.c:257]tid:1243,RsPeerFillIfaddrInfos : addr[7] 0x00
[INFO] HCCP(1243,host_server):2026-09-21-12:30:16.604.618 [rs_drv_socket.c:257]tid:1243,RsPeerFillIfaddrInfos : addr[8] 0x00
[INFO] HCCP(1243,host_server):2026-09-21-12:30:16.604.619 [rs_drv_socket.c:257]tid:1243,RsPeerFillIfaddrInfos : addr[9] 0x10
[INFO] HCCP(1243,host_server):2026-09-21-12:30:16.604.620 [rs_drv_socket.c:257]tid:1243,RsPeerFillIfaddrInfos : addr[10] 0x00
[INFO] HCCP(1243,host_server):2026-09-21-12:30:16.604.622 [rs_drv_socket.c:257]tid:1243,RsPeerFillIfaddrInfos : addr[11] 0x00
[INFO] HCCP(1243,host_server):2026-09-21-12:30:16.604.623 [rs_drv_socket.c:257]tid:1243,RsPeerFillIfaddrInfos : addr[12] 0xdf
[INFO] HCCP(1243,host_server):2026-09-21-12:30:16.604.624 [rs_drv_socket.c:257]tid:1243,RsPeerFillIfaddrInfos : addr[13] 0x00
[INFO] HCCP(1243,host_server):2026-09-21-12:30:16.604.625 [rs_drv_socket.c:257]tid:1243,RsPeerFillIfaddrInfos : addr[14] 0x87
[INFO] HCCP(1243,host_server):2026-09-21-12:30:16.604.627 [rs_drv_socket.c:257]tid:1243,RsPeerFillIfaddrInfos : addr[15] 0x00
[INFO] HCCP(1243,host_server):2026-09-21-12:30:16.604.628 [rs_drv_socket.c:253]tid:1243,RsPeerFillIfaddrInfos : ifname[ipourma0] scope_id[0] flowinfo[0]
[INFO] HCCP(1243,host_server):2026-09-21-12:30:16.604.629 [rs_drv_socket.c:257]tid:1243,RsPeerFillIfaddrInfos : addr[0] 0x00
[INFO] HCCP(1243,host_server):2026-09-21-12:30:16.604.630 [rs_drv_socket.c:257]tid:1243,RsPeerFillIfaddrInfos : addr[1] 0x00
[INFO] HCCP(1243,host_server):2026-09-21-12:30:16.604.632 [rs_drv_socket.c:257]tid:1243,RsPeerFillIfaddrInfos : addr[2] 0x00
[INFO] HCCP(1243,host_server):2026-09-21-12:30:16.604.633 [rs_drv_socket.c:257]tid:1243,RsPeerFillIfaddrInfos : addr[3] 0x00
[INFO] HCCP(1243,host_server):2026-09-21-12:30:16.604.634 [rs_drv_socket.c:257]tid:1243,RsPeerFillIfaddrInfos : addr[4] 0x00
[INFO] HCCP(1243,host_server):2026-09-21-12:30:16.604.635 [rs_drv_socket.c:257]tid:1243,RsPeerFillIfaddrInfos : addr[5] 0x05
[INFO] HCCP(1243,host_server):2026-09-21-12:30:16.604.637 [rs_drv_socket.c:257]tid:1243,RsPeerFillIfaddrInfos : addr[6] 0x02
[INFO] HCCP(1243,host_server):2026-09-21-12:30:16.604.638 [rs_drv_socket.c:257]tid:1243,RsPeerFillIfaddrInfos : addr[7] 0x00
[INFO] HCCP(1243,host_server):2026-09-21-12:30:16.604.639 [rs_drv_socket.c:257]tid:1243,RsPeerFillIfaddrInfos : addr[8] 0x00
[INFO] HCCP(1243,host_server):2026-09-21-12:30:16.604.640 [rs_drv_socket.c:257]tid:1243,RsPeerFillIfaddrInfos : addr[9] 0x10
[INFO] HCCP(1243,host_server):2026-09-21-12:30:16.604.641 [rs_drv_socket.c:257]tid:1243,RsPeerFillIfaddrInfos : addr[10] 0x00
[INFO] HCCP(1243,host_server):2026-09-21-12:30:16.604.643 [rs_drv_socket.c:257]tid:1243,RsPeerFillIfaddrInfos : addr[11] 0x00
[INFO] HCCP(1243,host_server):2026-09-21-12:30:16.604.644 [rs_drv_socket.c:257]tid:1243,RsPeerFillIfaddrInfos : addr[12] 0xdf
[INFO] HCCP(1243,host_server):2026-09-21-12:30:16.604.645 [rs_drv_socket.c:257]tid:1243,RsPeerFillIfaddrInfos : addr[13] 0x00
[INFO] HCCP(1243,host_server):2026-09-21-12:30:16.604.646 [rs_drv_socket.c:257]tid:1243,RsPeerFillIfaddrInfos : addr[14] 0x86
[INFO] HCCP(1243,host_server):2026-09-21-12:30:16.604.648 [rs_drv_socket.c:257]tid:1243,RsPeerFillIfaddrInfos : addr[15] 0x00
[INFO] HCCP(1243,host_server):2026-09-21-12:30:16.604.649 [rs_drv_socket.c:253]tid:1243,RsPeerFillIfaddrInfos : ifname[ipourma0] scope_id[0] flowinfo[0]
[INFO] HCCP(1243,host_server):2026-09-21-12:30:16.604.650 [rs_drv_socket.c:257]tid:1243,RsPeerFillIfaddrInfos : addr[0] 0x00
[INFO] HCCP(1243,host_server):2026-09-21-12:30:16.604.653 [rs_drv_socket.c:257]tid:1243,RsPeerFillIfaddrInfos : addr[1] 0x00
[INFO] HCCP(1243,host_server):2026-09-21-12:30:16.604.654 [rs_drv_socket.c:257]tid:1243,RsPeerFillIfaddrInfos : addr[2] 0x00
[INFO] HCCP(1243,host_server):2026-09-21-12:30:16.604.655 [rs_drv_socket.c:257]tid:1243,RsPeerFillIfaddrInfos : addr[3] 0x00
[INFO] HCCP(1243,host_server):2026-09-21-12:30:16.604.656 [rs_drv_socket.c:257]tid:1243,RsPeerFillIfaddrInfos : addr[4] 0x00
[INFO] HCCP(1243,host_server):2026-09-21-12:30:16.604.658 [rs_drv_socket.c:257]tid:1243,RsPeerFillIfaddrInfos : addr[5] 0x04
[INFO] HCCP(1243,host_server):2026-09-21-12:30:16.604.659 [rs_drv_socket.c:257]tid:1243,RsPeerFillIfaddrInfos : addr[6] 0x02
[INFO] HCCP(1243,host_server):2026-09-21-12:30:16.604.660 [rs_drv_socket.c:257]tid:1243,RsPeerFillIfaddrInfos : addr[7] 0x00
[INFO] HCCP(1243,host_server):2026-09-21-12:30:16.604.661 [rs_drv_socket.c:257]tid:1243,RsPeerFillIfaddrInfos : addr[8] 0x00
[INFO] HCCP(1243,host_server):2026-09-21-12:30:16.604.662 [rs_drv_socket.c:257]tid:1243,RsPeerFillIfaddrInfos : addr[9] 0x10
[INFO] HCCP(1243,host_server):2026-09-21-12:30:16.604.664 [rs_drv_socket.c:257]tid:1243,RsPeerFillIfaddrInfos : addr[10] 0x00
[INFO] HCCP(1243,host_server):2026-09-21-12:30:16.604.665 [rs_drv_socket.c:257]tid:1243,RsPeerFillIfaddrInfos : addr[11] 0x00
[INFO] HCCP(1243,host_server):2026-09-21-12:30:16.604.666 [rs_drv_socket.c:257]tid:1243,RsPeerFillIfaddrInfos : addr[12] 0xdf
[INFO] HCCP(1243,host_server):2026-09-21-12:30:16.604.667 [rs_drv_socket.c:257]tid:1243,RsPeerFillIfaddrInfos : addr[13] 0x00
[INFO] HCCP(1243,host_server):2026-09-21-12:30:16.604.669 [rs_drv_socket.c:257]tid:1243,RsPeerFillIfaddrInfos : addr[14] 0x85
[INFO] HCCP(1243,host_server):2026-09-21-12:30:16.604.670 [rs_drv_socket.c:257]tid:1243,RsPeerFillIfaddrInfos : addr[15] 0x00
[INFO] HCCP(1243,host_server):2026-09-21-12:30:16.604.671 [rs_drv_socket.c:253]tid:1243,RsPeerFillIfaddrInfos : ifname[ipourma0] scope_id[0] flowinfo[0]
[INFO] HCCP(1243,host_server):2026-09-21-12:30:16.604.673 [rs_drv_socket.c:257]tid:1243,RsPeerFillIfaddrInfos : addr[0] 0x00
[INFO] HCCP(1243,host_server):2026-09-21-12:30:16.604.674 [rs_drv_socket.c:257]tid:1243,RsPeerFillIfaddrInfos : addr[1] 0x00
[INFO] HCCP(1243,host_server):2026-09-21-12:30:16.604.675 [rs_drv_socket.c:257]tid:1243,RsPeerFillIfaddrInfos : addr[2] 0x00
[INFO] HCCP(1243,host_server):2026-09-21-12:30:16.604.676 [rs_drv_socket.c:257]tid:1243,RsPeerFillIfaddrInfos : addr[3] 0x00
[INFO] HCCP(1243,host_server):2026-09-21-12:30:16.604.677 [rs_drv_socket.c:257]tid:1243,RsPeerFillIfaddrInfos : addr[4] 0x00
[INFO] HCCP(1243,host_server):2026-09-21-12:30:16.604.679 [rs_drv_socket.c:257]tid:1243,RsPeerFillIfaddrInfos : addr[5] 0x03
[INFO] HCCP(1243,host_server):2026-09-21-12:30:16.604.680 [rs_drv_socket.c:257]tid:1243,RsPeerFillIfaddrInfos : addr[6] 0x02
[INFO] HCCP(1243,host_server):2026-09-21-12:30:16.604.681 [rs_drv_socket.c:257]tid:1243,RsPeerFillIfaddrInfos : addr[7] 0x00
[INFO] HCCP(1243,host_server):2026-09-21-12:30:16.604.682 [rs_drv_socket.c:257]tid:1243,RsPeerFillIfaddrInfos : addr[8] 0x00
[INFO] HCCP(1243,host_server):2026-09-21-12:30:16.604.684 [rs_drv_socket.c:257]tid:1243,RsPeerFillIfaddrInfos : addr[9] 0x10
[INFO] HCCP(1243,host_server):2026-09-21-12:30:16.604.685 [rs_drv_socket.c:257]tid:1243,RsPeerFillIfaddrInfos : addr[10] 0x00
[INFO] HCCP(1243,host_server):2026-09-21-12:30:16.604.686 [rs_drv_socket.c:257]tid:1243,RsPeerFillIfaddrInfos : addr[11] 0x00
[INFO] HCCP(1243,host_server):2026-09-21-12:30:16.604.687 [rs_drv_socket.c:257]tid:1243,RsPeerFillIfaddrInfos : addr[12] 0xdf
[INFO] HCCP(1243,host_server):2026-09-21-12:30:16.604.689 [rs_drv_socket.c:257]tid:1243,RsPeerFillIfaddrInfos : addr[13] 0x00
[INFO] HCCP(1243,host_server):2026-09-21-12:30:16.604.690 [rs_drv_socket.c:257]tid:1243,RsPeerFillIfaddrInfos : addr[14] 0x84
[INFO] HCCP(1243,host_server):2026-09-21-12:30:16.604.691 [rs_drv_socket.c:257]tid:1243,RsPeerFillIfaddrInfos : addr[15] 0x00
[INFO] HCCP(1243,host_server):2026-09-21-12:30:16.604.694 [rs_drv_socket.c:253]tid:1243,RsPeerFillIfaddrInfos : ifname[ipourma0] scope_id[0] flowinfo[0]
[INFO] HCCP(1243,host_server):2026-09-21-12:30:16.604.696 [rs_drv_socket.c:257]tid:1243,RsPeerFillIfaddrInfos : addr[0] 0x00
[INFO] HCCP(1243,host_server):2026-09-21-12:30:16.604.697 [rs_drv_socket.c:257]tid:1243,RsPeerFillIfaddrInfos : addr[1] 0x00
[INFO] HCCP(1243,host_server):2026-09-21-12:30:16.604.698 [rs_drv_socket.c:257]tid:1243,RsPeerFillIfaddrInfos : addr[2] 0x00
[INFO] HCCP(1243,host_server):2026-09-21-12:30:16.604.700 [rs_drv_socket.c:257]tid:1243,RsPeerFillIfaddrInfos : addr[3] 0x00
[INFO] HCCP(1243,host_server):2026-09-21-12:30:16.604.701 [rs_drv_socket.c:257]tid:1243,RsPeerFillIfaddrInfos : addr[4] 0x00
[INFO] HCCP(1243,host_server):2026-09-21-12:30:16.604.702 [rs_drv_socket.c:257]tid:1243,RsPeerFillIfaddrInfos : addr[5] 0x02
[INFO] HCCP(1243,host_server):2026-09-21-12:30:16.604.703 [rs_drv_socket.c:257]tid:1243,RsPeerFillIfaddrInfos : addr[6] 0x02
[INFO] HCCP(1243,host_server):2026-09-21-12:30:16.604.704 [rs_drv_socket.c:257]tid:1243,RsPeerFillIfaddrInfos : addr[7] 0x00
[INFO] HCCP(1243,host_server):2026-09-21-12:30:16.604.706 [rs_drv_socket.c:257]tid:1243,RsPeerFillIfaddrInfos : addr[8] 0x00
[INFO] HCCP(1243,host_server):2026-09-21-12:30:16.604.707 [rs_drv_socket.c:257]tid:1243,RsPeerFillIfaddrInfos : addr[9] 0x10
[INFO] HCCP(1243,host_server):2026-09-21-12:30:16.604.708 [rs_drv_socket.c:257]tid:1243,RsPeerFillIfaddrInfos : addr[10] 0x00
[INFO] HCCP(1243,host_server):2026-09-21-12:30:16.604.709 [rs_drv_socket.c:257]tid:1243,RsPeerFillIfaddrInfos : addr[11] 0x00
[INFO] HCCP(1243,host_server):2026-09-21-12:30:16.604.711 [rs_drv_socket.c:257]tid:1243,RsPeerFillIfaddrInfos : addr[12] 0xdf
[INFO] HCCP(1243,host_server):2026-09-21-12:30:16.604.712 [rs_drv_socket.c:257]tid:1243,RsPeerFillIfaddrInfos : addr[13] 0x00
[INFO] HCCP(1243,host_server):2026-09-21-12:30:16.604.713 [rs_drv_socket.c:257]tid:1243,RsPeerFillIfaddrInfos : addr[14] 0x83
[INFO] HCCP(1243,host_server):2026-09-21-12:30:16.604.714 [rs_drv_socket.c:257]tid:1243,RsPeerFillIfaddrInfos : addr[15] 0x00
[INFO] HCCP(1243,host_server):2026-09-21-12:30:16.604.716 [rs_drv_socket.c:253]tid:1243,RsPeerFillIfaddrInfos : ifname[ipourma1] scope_id[0] flowinfo[0]
[INFO] HCCP(1243,host_server):2026-09-21-12:30:16.604.717 [rs_drv_socket.c:257]tid:1243,RsPeerFillIfaddrInfos : addr[0] 0x00
[INFO] HCCP(1243,host_server):2026-09-21-12:30:16.604.718 [rs_drv_socket.c:257]tid:1243,RsPeerFillIfaddrInfos : addr[1] 0x00
[INFO] HCCP(1243,host_server):2026-09-21-12:30:16.604.720 [rs_drv_socket.c:257]tid:1243,RsPeerFillIfaddrInfos : addr[2] 0x00
[INFO] HCCP(1243,host_server):2026-09-21-12:30:16.604.721 [rs_drv_socket.c:257]tid:1243,RsPeerFillIfaddrInfos : addr[3] 0x00
[INFO] HCCP(1243,host_server):2026-09-21-12:30:16.604.722 [rs_drv_socket.c:257]tid:1243,RsPeerFillIfaddrInfos : addr[4] 0x00
[INFO] HCCP(1243,host_server):2026-09-21-12:30:16.604.723 [rs_drv_socket.c:257]tid:1243,RsPeerFillIfaddrInfos : addr[5] 0x41
[INFO] HCCP(1243,host_server):2026-09-21-12:30:16.604.724 [rs_drv_socket.c:257]tid:1243,RsPeerFillIfaddrInfos : addr[6] 0x02
[INFO] HCCP(1243,host_server):2026-09-21-12:30:16.604.726 [rs_drv_socket.c:257]tid:1243,RsPeerFillIfaddrInfos : addr[7] 0x00
[INFO] HCCP(1243,host_server):2026-09-21-12:30:16.604.727 [rs_drv_socket.c:257]tid:1243,RsPeerFillIfaddrInfos : addr[8] 0x00
[INFO] HCCP(1243,host_server):2026-09-21-12:30:16.604.728 [rs_drv_socket.c:257]tid:1243,RsPeerFillIfaddrInfos : addr[9] 0x10
[INFO] HCCP(1243,host_server):2026-09-21-12:30:16.604.729 [rs_drv_socket.c:257]tid:1243,RsPeerFillIfaddrInfos : addr[10] 0x00
[INFO] HCCP(1243,host_server):2026-09-21-12:30:16.604.731 [rs_drv_socket.c:257]tid:1243,RsPeerFillIfaddrInfos : addr[11] 0x00
[INFO] HCCP(1243,host_server):2026-09-21-12:30:16.604.732 [rs_drv_socket.c:257]tid:1243,RsPeerFillIfaddrInfos : addr[12] 0xdf
[INFO] HCCP(1243,host_server):2026-09-21-12:30:16.604.733 [rs_drv_socket.c:257]tid:1243,RsPeerFillIfaddrInfos : addr[13] 0x04
[INFO] HCCP(1243,host_server):2026-09-21-12:30:16.604.735 [rs_drv_socket.c:257]tid:1243,RsPeerFillIfaddrInfos : addr[14] 0x82
[INFO] HCCP(1243,host_server):2026-09-21-12:30:16.604.737 [rs_drv_socket.c:257]tid:1243,RsPeerFillIfaddrInfos : addr[15] 0x00
[INFO] HCCP(1243,host_server):2026-09-21-12:30:16.604.738 [rs_drv_socket.c:253]tid:1243,RsPeerFillIfaddrInfos : ifname[ipourma1] scope_id[0] flowinfo[0]
[INFO] HCCP(1243,host_server):2026-09-21-12:30:16.604.739 [rs_drv_socket.c:257]tid:1243,RsPeerFillIfaddrInfos : addr[0] 0x00
[INFO] HCCP(1243,host_server):2026-09-21-12:30:16.604.740 [rs_drv_socket.c:257]tid:1243,RsPeerFillIfaddrInfos : addr[1] 0x00
[INFO] HCCP(1243,host_server):2026-09-21-12:30:16.604.742 [rs_drv_socket.c:257]tid:1243,RsPeerFillIfaddrInfos : addr[2] 0x00
[INFO] HCCP(1243,host_server):2026-09-21-12:30:16.604.743 [rs_drv_socket.c:257]tid:1243,RsPeerFillIfaddrInfos : addr[3] 0x00
[INFO] HCCP(1243,host_server):2026-09-21-12:30:16.604.744 [rs_drv_socket.c:257]tid:1243,RsPeerFillIfaddrInfos : addr[4] 0x00
[INFO] HCCP(1243,host_server):2026-09-21-12:30:16.604.745 [rs_drv_socket.c:257]tid:1243,RsPeerFillIfaddrInfos : addr[5] 0x7f
[INFO] HCCP(1243,host_server):2026-09-21-12:30:16.604.746 [rs_drv_socket.c:257]tid:1243,RsPeerFillIfaddrInfos : addr[6] 0x02
[INFO] HCCP(1243,host_server):2026-09-21-12:30:16.604.748 [rs_drv_socket.c:257]tid:1243,RsPeerFillIfaddrInfos : addr[7] 0x00
[INFO] HCCP(1243,host_server):2026-09-21-12:30:16.604.749 [rs_drv_socket.c:257]tid:1243,RsPeerFillIfaddrInfos : addr[8] 0x00
[INFO] HCCP(1243,host_server):2026-09-21-12:30:16.604.750 [rs_drv_socket.c:257]tid:1243,RsPeerFillIfaddrInfos : addr[9] 0x10
[INFO] HCCP(1243,host_server):2026-09-21-12:30:16.604.751 [rs_drv_socket.c:257]tid:1243,RsPeerFillIfaddrInfos : addr[10] 0x00
[INFO] HCCP(1243,host_server):2026-09-21-12:30:16.604.753 [rs_drv_socket.c:257]tid:1243,RsPeerFillIfaddrInfos : addr[11] 0x00
[INFO] HCCP(1243,host_server):2026-09-21-12:30:16.604.754 [rs_drv_socket.c:257]tid:1243,RsPeerFillIfaddrInfos : addr[12] 0xdf
[INFO] HCCP(1243,host_server):2026-09-21-12:30:16.604.755 [rs_drv_socket.c:257]tid:1243,RsPeerFillIfaddrInfos : addr[13] 0x04
[INFO] HCCP(1243,host_server):2026-09-21-12:30:16.604.756 [rs_drv_socket.c:257]tid:1243,RsPeerFillIfaddrInfos : addr[14] 0x8b
[INFO] HCCP(1243,host_server):2026-09-21-12:30:16.604.758 [rs_drv_socket.c:257]tid:1243,RsPeerFillIfaddrInfos : addr[15] 0x00
[INFO] HCCP(1243,host_server):2026-09-21-12:30:16.604.759 [rs_drv_socket.c:253]tid:1243,RsPeerFillIfaddrInfos : ifname[ipourma1] scope_id[0] flowinfo[0]
[INFO] HCCP(1243,host_server):2026-09-21-12:30:16.604.760 [rs_drv_socket.c:257]tid:1243,RsPeerFillIfaddrInfos : addr[0] 0x00
[INFO] HCCP(1243,host_server):2026-09-21-12:30:16.604.761 [rs_drv_socket.c:257]tid:1243,RsPeerFillIfaddrInfos : addr[1] 0x00
[INFO] HCCP(1243,host_server):2026-09-21-12:30:16.604.763 [rs_drv_socket.c:257]tid:1243,RsPeerFillIfaddrInfos : addr[2] 0x00
[INFO] HCCP(1243,host_server):2026-09-21-12:30:16.604.764 [rs_drv_socket.c:257]tid:1243,RsPeerFillIfaddrInfos : addr[3] 0x00
[INFO] HCCP(1243,host_server):2026-09-21-12:30:16.604.765 [rs_drv_socket.c:257]tid:1243,RsPeerFillIfaddrInfos : addr[4] 0x00
[INFO] HCCP(1243,host_server):2026-09-21-12:30:16.604.766 [rs_drv_socket.c:257]tid:1243,RsPeerFillIfaddrInfos : addr[5] 0x47
[INFO] HCCP(1243,host_server):2026-09-21-12:30:16.604.768 [rs_drv_socket.c:257]tid:1243,RsPeerFillIfaddrInfos : addr[6] 0x02
[INFO] HCCP(1243,host_server):2026-09-21-12:30:16.604.769 [rs_drv_socket.c:257]tid:1243,RsPeerFillIfaddrInfos : addr[7] 0x00
[INFO] HCCP(1243,host_server):2026-09-21-12:30:16.604.770 [rs_drv_socket.c:257]tid:1243,RsPeerFillIfaddrInfos : addr[8] 0x00
[INFO] HCCP(1243,host_server):2026-09-21-12:30:16.604.771 [rs_drv_socket.c:257]tid:1243,RsPeerFillIfaddrInfos : addr[9] 0x10
[INFO] HCCP(1243,host_server):2026-09-21-12:30:16.604.772 [rs_drv_socket.c:257]tid:1243,RsPeerFillIfaddrInfos : addr[10] 0x00
[INFO] HCCP(1243,host_server):2026-09-21-12:30:16.604.774 [rs_drv_socket.c:257]tid:1243,RsPeerFillIfaddrInfos : addr[11] 0x00
[INFO] HCCP(1243,host_server):2026-09-21-12:30:16.604.775 [rs_drv_socket.c:257]tid:1243,RsPeerFillIfaddrInfos : addr[12] 0xdf
[INFO] HCCP(1243,host_server):2026-09-21-12:30:16.604.777 [rs_drv_socket.c:257]tid:1243,RsPeerFillIfaddrInfos : addr[13] 0x04
[INFO] HCCP(1243,host_server):2026-09-21-12:30:16.604.778 [rs_drv_socket.c:257]tid:1243,RsPeerFillIfaddrInfos : addr[14] 0x88
[INFO] HCCP(1243,host_server):2026-09-21-12:30:16.604.780 [rs_drv_socket.c:257]tid:1243,RsPeerFillIfaddrInfos : addr[15] 0x00
[INFO] HCCP(1243,host_server):2026-09-21-12:30:16.604.781 [rs_drv_socket.c:253]tid:1243,RsPeerFillIfaddrInfos : ifname[ipourma1] scope_id[0] flowinfo[0]
[INFO] HCCP(1243,host_server):2026-09-21-12:30:16.604.782 [rs_drv_socket.c:257]tid:1243,RsPeerFillIfaddrInfos : addr[0] 0x00
[INFO] HCCP(1243,host_server):2026-09-21-12:30:16.604.784 [rs_drv_socket.c:257]tid:1243,RsPeerFillIfaddrInfos : addr[1] 0x00
[INFO] HCCP(1243,host_server):2026-09-21-12:30:16.604.785 [rs_drv_socket.c:257]tid:1243,RsPeerFillIfaddrInfos : addr[2] 0x00
[INFO] HCCP(1243,host_server):2026-09-21-12:30:16.604.786 [rs_drv_socket.c:257]tid:1243,RsPeerFillIfaddrInfos : addr[3] 0x00
[INFO] HCCP(1243,host_server):2026-09-21-12:30:16.604.787 [rs_drv_socket.c:257]tid:1243,RsPeerFillIfaddrInfos : addr[4] 0x00
[INFO] HCCP(1243,host_server):2026-09-21-12:30:16.604.788 [rs_drv_socket.c:257]tid:1243,RsPeerFillIfaddrInfos : addr[5] 0x46
[INFO] HCCP(1243,host_server):2026-09-21-12:30:16.604.790 [rs_drv_socket.c:257]tid:1243,RsPeerFillIfaddrInfos : addr[6] 0x02
[INFO] HCCP(1243,host_server):2026-09-21-12:30:16.604.791 [rs_drv_socket.c:257]tid:1243,RsPeerFillIfaddrInfos : addr[7] 0x00
[INFO] HCCP(1243,host_server):2026-09-21-12:30:16.604.792 [rs_drv_socket.c:257]tid:1243,RsPeerFillIfaddrInfos : addr[8] 0x00
[INFO] HCCP(1243,host_server):2026-09-21-12:30:16.604.793 [rs_drv_socket.c:257]tid:1243,RsPeerFillIfaddrInfos : addr[9] 0x10
[INFO] HCCP(1243,host_server):2026-09-21-12:30:16.604.795 [rs_drv_socket.c:257]tid:1243,RsPeerFillIfaddrInfos : addr[10] 0x00
[INFO] HCCP(1243,host_server):2026-09-21-12:30:16.604.796 [rs_drv_socket.c:257]tid:1243,RsPeerFillIfaddrInfos : addr[11] 0x00
[INFO] HCCP(1243,host_server):2026-09-21-12:30:16.604.797 [rs_drv_socket.c:257]tid:1243,RsPeerFillIfaddrInfos : addr[12] 0xdf
[INFO] HCCP(1243,host_server):2026-09-21-12:30:16.604.798 [rs_drv_socket.c:257]tid:1243,RsPeerFillIfaddrInfos : addr[13] 0x04
[INFO] HCCP(1243,host_server):2026-09-21-12:30:16.604.800 [rs_drv_socket.c:257]tid:1243,RsPeerFillIfaddrInfos : addr[14] 0x87
[INFO] HCCP(1243,host_server):2026-09-21-12:30:16.604.801 [rs_drv_socket.c:257]tid:1243,RsPeerFillIfaddrInfos : addr[15] 0x00
[INFO] HCCP(1243,host_server):2026-09-21-12:30:16.604.802 [rs_drv_socket.c:253]tid:1243,RsPeerFillIfaddrInfos : ifname[ipourma1] scope_id[0] flowinfo[0]
[INFO] HCCP(1243,host_server):2026-09-21-12:30:16.604.804 [rs_drv_socket.c:257]tid:1243,RsPeerFillIfaddrInfos : addr[0] 0x00
[INFO] HCCP(1243,host_server):2026-09-21-12:30:16.604.805 [rs_drv_socket.c:257]tid:1243,RsPeerFillIfaddrInfos : addr[1] 0x00
[INFO] HCCP(1243,host_server):2026-09-21-12:30:16.604.806 [rs_drv_socket.c:257]tid:1243,RsPeerFillIfaddrInfos : addr[2] 0x00
[INFO] HCCP(1243,host_server):2026-09-21-12:30:16.604.807 [rs_drv_socket.c:257]tid:1243,RsPeerFillIfaddrInfos : addr[3] 0x00
[INFO] HCCP(1243,host_server):2026-09-21-12:30:16.604.809 [rs_drv_socket.c:257]tid:1243,RsPeerFillIfaddrInfos : addr[4] 0x00
[INFO] HCCP(1243,host_server):2026-09-21-12:30:16.604.810 [rs_drv_socket.c:257]tid:1243,RsPeerFillIfaddrInfos : addr[5] 0x45
[INFO] HCCP(1243,host_server):2026-09-21-12:30:16.604.811 [rs_drv_socket.c:257]tid:1243,RsPeerFillIfaddrInfos : addr[6] 0x02
[INFO] HCCP(1243,host_server):2026-09-21-12:30:16.604.812 [rs_drv_socket.c:257]tid:1243,RsPeerFillIfaddrInfos : addr[7] 0x00
[INFO] HCCP(1243,host_server):2026-09-21-12:30:16.604.813 [rs_drv_socket.c:257]tid:1243,RsPeerFillIfaddrInfos : addr[8] 0x00
[INFO] HCCP(1243,host_server):2026-09-21-12:30:16.604.815 [rs_drv_socket.c:257]tid:1243,RsPeerFillIfaddrInfos : addr[9] 0x10
[INFO] HCCP(1243,host_server):2026-09-21-12:30:16.604.816 [rs_drv_socket.c:257]tid:1243,RsPeerFillIfaddrInfos : addr[10] 0x00
[INFO] HCCP(1243,host_server):2026-09-21-12:30:16.604.818 [rs_drv_socket.c:257]tid:1243,RsPeerFillIfaddrInfos : addr[11] 0x00
[INFO] HCCP(1243,host_server):2026-09-21-12:30:16.604.819 [rs_drv_socket.c:257]tid:1243,RsPeerFillIfaddrInfos : addr[12] 0xdf
[INFO] HCCP(1243,host_server):2026-09-21-12:30:16.604.821 [rs_drv_socket.c:257]tid:1243,RsPeerFillIfaddrInfos : addr[13] 0x04
[INFO] HCCP(1243,host_server):2026-09-21-12:30:16.604.822 [rs_drv_socket.c:257]tid:1243,RsPeerFillIfaddrInfos : addr[14] 0x86
[INFO] HCCP(1243,host_server):2026-09-21-12:30:16.604.823 [rs_drv_socket.c:257]tid:1243,RsPeerFillIfaddrInfos : addr[15] 0x00
[INFO] HCCP(1243,host_server):2026-09-21-12:30:16.604.824 [rs_drv_socket.c:253]tid:1243,RsPeerFillIfaddrInfos : ifname[ipourma1] scope_id[0] flowinfo[0]
[INFO] HCCP(1243,host_server):2026-09-21-12:30:16.604.826 [rs_drv_socket.c:257]tid:1243,RsPeerFillIfaddrInfos : addr[0] 0x00
[INFO] HCCP(1243,host_server):2026-09-21-12:30:16.604.827 [rs_drv_socket.c:257]tid:1243,RsPeerFillIfaddrInfos : addr[1] 0x00
[INFO] HCCP(1243,host_server):2026-09-21-12:30:16.604.828 [rs_drv_socket.c:257]tid:1243,RsPeerFillIfaddrInfos : addr[2] 0x00
[INFO] HCCP(1243,host_server):2026-09-21-12:30:16.604.829 [rs_drv_socket.c:257]tid:1243,RsPeerFillIfaddrInfos : addr[3] 0x00
[INFO] HCCP(1243,host_server):2026-09-21-12:30:16.604.831 [rs_drv_socket.c:257]tid:1243,RsPeerFillIfaddrInfos : addr[4] 0x00
[INFO] HCCP(1243,host_server):2026-09-21-12:30:16.604.832 [rs_drv_socket.c:257]tid:1243,RsPeerFillIfaddrInfos : addr[5] 0x44
[INFO] HCCP(1243,host_server):2026-09-21-12:30:16.604.833 [rs_drv_socket.c:257]tid:1243,RsPeerFillIfaddrInfos : addr[6] 0x02
[INFO] HCCP(1243,host_server):2026-09-21-12:30:16.604.834 [rs_drv_socket.c:257]tid:1243,RsPeerFillIfaddrInfos : addr[7] 0x00
[INFO] HCCP(1243,host_server):2026-09-21-12:30:16.604.836 [rs_drv_socket.c:257]tid:1243,RsPeerFillIfaddrInfos : addr[8] 0x00
[INFO] HCCP(1243,host_server):2026-09-21-12:30:16.604.837 [rs_drv_socket.c:257]tid:1243,RsPeerFillIfaddrInfos : addr[9] 0x10
[INFO] HCCP(1243,host_server):2026-09-21-12:30:16.604.838 [rs_drv_socket.c:257]tid:1243,RsPeerFillIfaddrInfos : addr[10] 0x00
[INFO] HCCP(1243,host_server):2026-09-21-12:30:16.604.839 [rs_drv_socket.c:257]tid:1243,RsPeerFillIfaddrInfos : addr[11] 0x00
[INFO] HCCP(1243,host_server):2026-09-21-12:30:16.604.841 [rs_drv_socket.c:257]tid:1243,RsPeerFillIfaddrInfos : addr[12] 0xdf
[INFO] HCCP(1243,host_server):2026-09-21-12:30:16.604.842 [rs_drv_socket.c:257]tid:1243,RsPeerFillIfaddrInfos : addr[13] 0x04
[INFO] HCCP(1243,host_server):2026-09-21-12:30:16.604.843 [rs_drv_socket.c:257]tid:1243,RsPeerFillIfaddrInfos : addr[14] 0x85
[INFO] HCCP(1243,host_server):2026-09-21-12:30:16.604.844 [rs_drv_socket.c:257]tid:1243,RsPeerFillIfaddrInfos : addr[15] 0x00
[INFO] HCCP(1243,host_server):2026-09-21-12:30:16.604.846 [rs_drv_socket.c:253]tid:1243,RsPeerFillIfaddrInfos : ifname[ipourma1] scope_id[0] flowinfo[0]
[INFO] HCCP(1243,host_server):2026-09-21-12:30:16.604.847 [rs_drv_socket.c:257]tid:1243,RsPeerFillIfaddrInfos : addr[0] 0x00
[INFO] HCCP(1243,host_server):2026-09-21-12:30:16.604.848 [rs_drv_socket.c:257]tid:1243,RsPeerFillIfaddrInfos : addr[1] 0x00
[INFO] HCCP(1243,host_server):2026-09-21-12:30:16.604.849 [rs_drv_socket.c:257]tid:1243,RsPeerFillIfaddrInfos : addr[2] 0x00
[INFO] HCCP(1243,host_server):2026-09-21-12:30:16.604.851 [rs_drv_socket.c:257]tid:1243,RsPeerFillIfaddrInfos : addr[3] 0x00
[INFO] HCCP(1243,host_server):2026-09-21-12:30:16.604.852 [rs_drv_socket.c:257]tid:1243,RsPeerFillIfaddrInfos : addr[4] 0x00
[INFO] HCCP(1243,host_server):2026-09-21-12:30:16.604.853 [rs_drv_socket.c:257]tid:1243,RsPeerFillIfaddrInfos : addr[5] 0x43
[INFO] HCCP(1243,host_server):2026-09-21-12:30:16.604.854 [rs_drv_socket.c:257]tid:1243,RsPeerFillIfaddrInfos : addr[6] 0x02
[INFO] HCCP(1243,host_server):2026-09-21-12:30:16.604.856 [rs_drv_socket.c:257]tid:1243,RsPeerFillIfaddrInfos : addr[7] 0x00
[INFO] HCCP(1243,host_server):2026-09-21-12:30:16.604.857 [rs_drv_socket.c:257]tid:1243,RsPeerFillIfaddrInfos : addr[8] 0x00
[INFO] HCCP(1243,host_server):2026-09-21-12:30:16.604.859 [rs_drv_socket.c:257]tid:1243,RsPeerFillIfaddrInfos : addr[9] 0x10
[INFO] HCCP(1243,host_server):2026-09-21-12:30:16.604.860 [rs_drv_socket.c:257]tid:1243,RsPeerFillIfaddrInfos : addr[10] 0x00
[INFO] HCCP(1243,host_server):2026-09-21-12:30:16.604.861 [rs_drv_socket.c:257]tid:1243,RsPeerFillIfaddrInfos : addr[11] 0x00
[INFO] HCCP(1243,host_server):2026-09-21-12:30:16.604.863 [rs_drv_socket.c:257]tid:1243,RsPeerFillIfaddrInfos : addr[12] 0xdf
[INFO] HCCP(1243,host_server):2026-09-21-12:30:16.604.864 [rs_drv_socket.c:257]tid:1243,RsPeerFillIfaddrInfos : addr[13] 0x04
[INFO] HCCP(1243,host_server):2026-09-21-12:30:16.604.865 [rs_drv_socket.c:257]tid:1243,RsPeerFillIfaddrInfos : addr[14] 0x84
[INFO] HCCP(1243,host_server):2026-09-21-12:30:16.604.866 [rs_drv_socket.c:257]tid:1243,RsPeerFillIfaddrInfos : addr[15] 0x00
[INFO] HCCP(1243,host_server):2026-09-21-12:30:16.604.868 [rs_drv_socket.c:253]tid:1243,RsPeerFillIfaddrInfos : ifname[ipourma1] scope_id[0] flowinfo[0]
[INFO] HCCP(1243,host_server):2026-09-21-12:30:16.604.869 [rs_drv_socket.c:257]tid:1243,RsPeerFillIfaddrInfos : addr[0] 0x00
[INFO] HCCP(1243,host_server):2026-09-21-12:30:16.604.870 [rs_drv_socket.c:257]tid:1243,RsPeerFillIfaddrInfos : addr[1] 0x00
[INFO] HCCP(1243,host_server):2026-09-21-12:30:16.604.872 [rs_drv_socket.c:257]tid:1243,RsPeerFillIfaddrInfos : addr[2] 0x00
[INFO] HCCP(1243,host_server):2026-09-21-12:30:16.604.873 [rs_drv_socket.c:257]tid:1243,RsPeerFillIfaddrInfos : addr[3] 0x00
[INFO] HCCP(1243,host_server):2026-09-21-12:30:16.604.874 [rs_drv_socket.c:257]tid:1243,RsPeerFillIfaddrInfos : addr[4] 0x00
[INFO] HCCP(1243,host_server):2026-09-21-12:30:16.604.875 [rs_drv_socket.c:257]tid:1243,RsPeerFillIfaddrInfos : addr[5] 0x42
[INFO] HCCP(1243,host_server):2026-09-21-12:30:16.604.876 [rs_drv_socket.c:257]tid:1243,RsPeerFillIfaddrInfos : addr[6] 0x02
[INFO] HCCP(1243,host_server):2026-09-21-12:30:16.604.878 [rs_drv_socket.c:257]tid:1243,RsPeerFillIfaddrInfos : addr[7] 0x00
[INFO] HCCP(1243,host_server):2026-09-21-12:30:16.604.879 [rs_drv_socket.c:257]tid:1243,RsPeerFillIfaddrInfos : addr[8] 0x00
[INFO] HCCP(1243,host_server):2026-09-21-12:30:16.604.880 [rs_drv_socket.c:257]tid:1243,RsPeerFillIfaddrInfos : addr[9] 0x10
[INFO] HCCP(1243,host_server):2026-09-21-12:30:16.604.881 [rs_drv_socket.c:257]tid:1243,RsPeerFillIfaddrInfos : addr[10] 0x00
[INFO] HCCP(1243,host_server):2026-09-21-12:30:16.604.883 [rs_drv_socket.c:257]tid:1243,RsPeerFillIfaddrInfos : addr[11] 0x00
[INFO] HCCP(1243,host_server):2026-09-21-12:30:16.604.884 [rs_drv_socket.c:257]tid:1243,RsPeerFillIfaddrInfos : addr[12] 0xdf
[INFO] HCCP(1243,host_server):2026-09-21-12:30:16.604.885 [rs_drv_socket.c:257]tid:1243,RsPeerFillIfaddrInfos : addr[13] 0x04
[INFO] HCCP(1243,host_server):2026-09-21-12:30:16.604.886 [rs_drv_socket.c:257]tid:1243,RsPeerFillIfaddrInfos : addr[14] 0x83
[INFO] HCCP(1243,host_server):2026-09-21-12:30:16.604.888 [rs_drv_socket.c:257]tid:1243,RsPeerFillIfaddrInfos : addr[15] 0x00
[INFO] HCCP(1243,host_server):2026-09-21-12:30:16.604.889 [rs_drv_socket.c:253]tid:1243,RsPeerFillIfaddrInfos : ifname[ipourma2] scope_id[0] flowinfo[0]
[INFO] HCCP(1243,host_server):2026-09-21-12:30:16.604.890 [rs_drv_socket.c:257]tid:1243,RsPeerFillIfaddrInfos : addr[0] 0x00
[INFO] HCCP(1243,host_server):2026-09-21-12:30:16.604.891 [rs_drv_socket.c:257]tid:1243,RsPeerFillIfaddrInfos : addr[1] 0x00
[INFO] HCCP(1243,host_server):2026-09-21-12:30:16.604.893 [rs_drv_socket.c:257]tid:1243,RsPeerFillIfaddrInfos : addr[2] 0x00
[INFO] HCCP(1243,host_server):2026-09-21-12:30:16.604.894 [rs_drv_socket.c:257]tid:1243,RsPeerFillIfaddrInfos : addr[3] 0x00
[INFO] HCCP(1243,host_server):2026-09-21-12:30:16.604.895 [rs_drv_socket.c:257]tid:1243,RsPeerFillIfaddrInfos : addr[4] 0x00
[INFO] HCCP(1243,host_server):2026-09-21-12:30:16.604.896 [rs_drv_socket.c:257]tid:1243,RsPeerFillIfaddrInfos : addr[5] 0x00
[INFO] HCCP(1243,host_server):2026-09-21-12:30:16.604.898 [rs_drv_socket.c:257]tid:1243,RsPeerFillIfaddrInfos : addr[6] 0x04
[INFO] HCCP(1243,host_server):2026-09-21-12:30:16.604.900 [rs_drv_socket.c:257]tid:1243,RsPeerFillIfaddrInfos : addr[7] 0x00
[INFO] HCCP(1243,host_server):2026-09-21-12:30:16.604.901 [rs_drv_socket.c:257]tid:1243,RsPeerFillIfaddrInfos : addr[8] 0x00
[INFO] HCCP(1243,host_server):2026-09-21-12:30:16.604.902 [rs_drv_socket.c:257]tid:1243,RsPeerFillIfaddrInfos : addr[9] 0x10
[INFO] HCCP(1243,host_server):2026-09-21-12:30:16.604.904 [rs_drv_socket.c:257]tid:1243,RsPeerFillIfaddrInfos : addr[10] 0x00
[INFO] HCCP(1243,host_server):2026-09-21-12:30:16.604.905 [rs_drv_socket.c:257]tid:1243,RsPeerFillIfaddrInfos : addr[11] 0x00
[INFO] HCCP(1243,host_server):2026-09-21-12:30:16.604.906 [rs_drv_socket.c:257]tid:1243,RsPeerFillIfaddrInfos : addr[12] 0xdf
[INFO] HCCP(1243,host_server):2026-09-21-12:30:16.604.907 [rs_drv_socket.c:257]tid:1243,RsPeerFillIfaddrInfos : addr[13] 0x00
[INFO] HCCP(1243,host_server):2026-09-21-12:30:16.604.909 [rs_drv_socket.c:257]tid:1243,RsPeerFillIfaddrInfos : addr[14] 0x81
[INFO] HCCP(1243,host_server):2026-09-21-12:30:16.604.910 [rs_drv_socket.c:257]tid:1243,RsPeerFillIfaddrInfos : addr[15] 0x00
[INFO] HCCP(1243,host_server):2026-09-21-12:30:16.604.911 [rs_drv_socket.c:253]tid:1243,RsPeerFillIfaddrInfos : ifname[ipourma2] scope_id[0] flowinfo[0]
[INFO] HCCP(1243,host_server):2026-09-21-12:30:16.604.912 [rs_drv_socket.c:257]tid:1243,RsPeerFillIfaddrInfos : addr[0] 0x00
[INFO] HCCP(1243,host_server):2026-09-21-12:30:16.604.914 [rs_drv_socket.c:257]tid:1243,RsPeerFillIfaddrInfos : addr[1] 0x00
[INFO] HCCP(1243,host_server):2026-09-21-12:30:16.604.915 [rs_drv_socket.c:257]tid:1243,RsPeerFillIfaddrInfos : addr[2] 0x00
[INFO] HCCP(1243,host_server):2026-09-21-12:30:16.604.916 [rs_drv_socket.c:257]tid:1243,RsPeerFillIfaddrInfos : addr[3] 0x00
[INFO] HCCP(1243,host_server):2026-09-21-12:30:16.604.917 [rs_drv_socket.c:257]tid:1243,RsPeerFillIfaddrInfos : addr[4] 0x00
[INFO] HCCP(1243,host_server):2026-09-21-12:30:16.604.919 [rs_drv_socket.c:257]tid:1243,RsPeerFillIfaddrInfos : addr[5] 0x08
[INFO] HCCP(1243,host_server):2026-09-21-12:30:16.604.920 [rs_drv_socket.c:257]tid:1243,RsPeerFillIfaddrInfos : addr[6] 0x04
[INFO] HCCP(1243,host_server):2026-09-21-12:30:16.604.921 [rs_drv_socket.c:257]tid:1243,RsPeerFillIfaddrInfos : addr[7] 0x00
[INFO] HCCP(1243,host_server):2026-09-21-12:30:16.604.922 [rs_drv_socket.c:257]tid:1243,RsPeerFillIfaddrInfos : addr[8] 0x00
[INFO] HCCP(1243,host_server):2026-09-21-12:30:16.604.923 [rs_drv_socket.c:257]tid:1243,RsPeerFillIfaddrInfos : addr[9] 0x10
[INFO] HCCP(1243,host_server):2026-09-21-12:30:16.604.925 [rs_drv_socket.c:257]tid:1243,RsPeerFillIfaddrInfos : addr[10] 0x00
[INFO] HCCP(1243,host_server):2026-09-21-12:30:16.604.926 [rs_drv_socket.c:257]tid:1243,RsPeerFillIfaddrInfos : addr[11] 0x00
[INFO] HCCP(1243,host_server):2026-09-21-12:30:16.604.927 [rs_drv_socket.c:257]tid:1243,RsPeerFillIfaddrInfos : addr[12] 0xdf
[INFO] HCCP(1243,host_server):2026-09-21-12:30:16.604.928 [rs_drv_socket.c:257]tid:1243,RsPeerFillIfaddrInfos : addr[13] 0x00
[INFO] HCCP(1243,host_server):2026-09-21-12:30:16.604.930 [rs_drv_socket.c:257]tid:1243,RsPeerFillIfaddrInfos : addr[14] 0x89
[INFO] HCCP(1243,host_server):2026-09-21-12:30:16.604.931 [rs_drv_socket.c:257]tid:1243,RsPeerFillIfaddrInfos : addr[15] 0x00
[INFO] HCCP(1243,host_server):2026-09-21-12:30:16.604.932 [rs_drv_socket.c:253]tid:1243,RsPeerFillIfaddrInfos : ifname[ipourma3] scope_id[0] flowinfo[0]
[INFO] HCCP(1243,host_server):2026-09-21-12:30:16.604.934 [rs_drv_socket.c:257]tid:1243,RsPeerFillIfaddrInfos : addr[0] 0x00
[INFO] HCCP(1243,host_server):2026-09-21-12:30:16.604.935 [rs_drv_socket.c:257]tid:1243,RsPeerFillIfaddrInfos : addr[1] 0x00
[INFO] HCCP(1243,host_server):2026-09-21-12:30:16.604.936 [rs_drv_socket.c:257]tid:1243,RsPeerFillIfaddrInfos : addr[2] 0x00
[INFO] HCCP(1243,host_server):2026-09-21-12:30:16.604.937 [rs_drv_socket.c:257]tid:1243,RsPeerFillIfaddrInfos : addr[3] 0x00
[INFO] HCCP(1243,host_server):2026-09-21-12:30:16.604.938 [rs_drv_socket.c:257]tid:1243,RsPeerFillIfaddrInfos : addr[4] 0x00
[INFO] HCCP(1243,host_server):2026-09-21-12:30:16.604.941 [rs_drv_socket.c:257]tid:1243,RsPeerFillIfaddrInfos : addr[5] 0x00
[INFO] HCCP(1243,host_server):2026-09-21-12:30:16.604.942 [rs_drv_socket.c:257]tid:1243,RsPeerFillIfaddrInfos : addr[6] 0x03
[INFO] HCCP(1243,host_server):2026-09-21-12:30:16.604.943 [rs_drv_socket.c:257]tid:1243,RsPeerFillIfaddrInfos : addr[7] 0x00
[INFO] HCCP(1243,host_server):2026-09-21-12:30:16.604.944 [rs_drv_socket.c:257]tid:1243,RsPeerFillIfaddrInfos : addr[8] 0x00
[INFO] HCCP(1243,host_server):2026-09-21-12:30:16.604.946 [rs_drv_socket.c:257]tid:1243,RsPeerFillIfaddrInfos : addr[9] 0x10
[INFO] HCCP(1243,host_server):2026-09-21-12:30:16.604.947 [rs_drv_socket.c:257]tid:1243,RsPeerFillIfaddrInfos : addr[10] 0x00
[INFO] HCCP(1243,host_server):2026-09-21-12:30:16.604.948 [rs_drv_socket.c:257]tid:1243,RsPeerFillIfaddrInfos : addr[11] 0x00
[INFO] HCCP(1243,host_server):2026-09-21-12:30:16.604.949 [rs_drv_socket.c:257]tid:1243,RsPeerFillIfaddrInfos : addr[12] 0xdf
[INFO] HCCP(1243,host_server):2026-09-21-12:30:16.604.951 [rs_drv_socket.c:257]tid:1243,RsPeerFillIfaddrInfos : addr[13] 0x00
[INFO] HCCP(1243,host_server):2026-09-21-12:30:16.604.952 [rs_drv_socket.c:257]tid:1243,RsPeerFillIfaddrInfos : addr[14] 0x81
[INFO] HCCP(1243,host_server):2026-09-21-12:30:16.604.953 [rs_drv_socket.c:257]tid:1243,RsPeerFillIfaddrInfos : addr[15] 0x00
[INFO] HCCP(1243,host_server):2026-09-21-12:30:16.604.954 [rs_drv_socket.c:253]tid:1243,RsPeerFillIfaddrInfos : ifname[ipourma4] scope_id[0] flowinfo[0]
[INFO] HCCP(1243,host_server):2026-09-21-12:30:16.604.956 [rs_drv_socket.c:257]tid:1243,RsPeerFillIfaddrInfos : addr[0] 0x00
[INFO] HCCP(1243,host_server):2026-09-21-12:30:16.604.957 [rs_drv_socket.c:257]tid:1243,RsPeerFillIfaddrInfos : addr[1] 0x00
[INFO] HCCP(1243,host_server):2026-09-21-12:30:16.604.958 [rs_drv_socket.c:257]tid:1243,RsPeerFillIfaddrInfos : addr[2] 0x00
[INFO] HCCP(1243,host_server):2026-09-21-12:30:16.604.959 [rs_drv_socket.c:257]tid:1243,RsPeerFillIfaddrInfos : addr[3] 0x00
[INFO] HCCP(1243,host_server):2026-09-21-12:30:16.604.961 [rs_drv_socket.c:257]tid:1243,RsPeerFillIfaddrInfos : addr[4] 0x00
[INFO] HCCP(1243,host_server):2026-09-21-12:30:16.604.962 [rs_drv_socket.c:257]tid:1243,RsPeerFillIfaddrInfos : addr[5] 0x40
[INFO] HCCP(1243,host_server):2026-09-21-12:30:16.604.963 [rs_drv_socket.c:257]tid:1243,RsPeerFillIfaddrInfos : addr[6] 0x03
[INFO] HCCP(1243,host_server):2026-09-21-12:30:16.604.964 [rs_drv_socket.c:257]tid:1243,RsPeerFillIfaddrInfos : addr[7] 0x00
[INFO] HCCP(1243,host_server):2026-09-21-12:30:16.604.966 [rs_drv_socket.c:257]tid:1243,RsPeerFillIfaddrInfos : addr[8] 0x00
[INFO] HCCP(1243,host_server):2026-09-21-12:30:16.604.967 [rs_drv_socket.c:257]tid:1243,RsPeerFillIfaddrInfos : addr[9] 0x10
[INFO] HCCP(1243,host_server):2026-09-21-12:30:16.604.968 [rs_drv_socket.c:257]tid:1243,RsPeerFillIfaddrInfos : addr[10] 0x00
[INFO] HCCP(1243,host_server):2026-09-21-12:30:16.604.969 [rs_drv_socket.c:257]tid:1243,RsPeerFillIfaddrInfos : addr[11] 0x00
[INFO] HCCP(1243,host_server):2026-09-21-12:30:16.604.970 [rs_drv_socket.c:257]tid:1243,RsPeerFillIfaddrInfos : addr[12] 0xdf
[INFO] HCCP(1243,host_server):2026-09-21-12:30:16.604.972 [rs_drv_socket.c:257]tid:1243,RsPeerFillIfaddrInfos : addr[13] 0x04
[INFO] HCCP(1243,host_server):2026-09-21-12:30:16.604.973 [rs_drv_socket.c:257]tid:1243,RsPeerFillIfaddrInfos : addr[14] 0x81
[INFO] HCCP(1243,host_server):2026-09-21-12:30:16.604.974 [rs_drv_socket.c:257]tid:1243,RsPeerFillIfaddrInfos : addr[15] 0x00
[INFO] HCCP(1243,host_server):2026-09-21-12:30:16.604.975 [rs_drv_socket.c:253]tid:1243,RsPeerFillIfaddrInfos : ifname[ipourma5] scope_id[0] flowinfo[0]
[INFO] HCCP(1243,host_server):2026-09-21-12:30:16.604.977 [rs_drv_socket.c:257]tid:1243,RsPeerFillIfaddrInfos : addr[0] 0x00
[INFO] HCCP(1243,host_server):2026-09-21-12:30:16.604.978 [rs_drv_socket.c:257]tid:1243,RsPeerFillIfaddrInfos : addr[1] 0x00
[INFO] HCCP(1243,host_server):2026-09-21-12:30:16.604.979 [rs_drv_socket.c:257]tid:1243,RsPeerFillIfaddrInfos : addr[2] 0x00
[INFO] HCCP(1243,host_server):2026-09-21-12:30:16.604.980 [rs_drv_socket.c:257]tid:1243,RsPeerFillIfaddrInfos : addr[3] 0x00
[INFO] HCCP(1243,host_server):2026-09-21-12:30:16.604.983 [rs_drv_socket.c:257]tid:1243,RsPeerFillIfaddrInfos : addr[4] 0x00
[INFO] HCCP(1243,host_server):2026-09-21-12:30:16.604.984 [rs_drv_socket.c:257]tid:1243,RsPeerFillIfaddrInfos : addr[5] 0x40
[INFO] HCCP(1243,host_server):2026-09-21-12:30:16.604.985 [rs_drv_socket.c:257]tid:1243,RsPeerFillIfaddrInfos : addr[6] 0x04
[INFO] HCCP(1243,host_server):2026-09-21-12:30:16.604.986 [rs_drv_socket.c:257]tid:1243,RsPeerFillIfaddrInfos : addr[7] 0x00
[INFO] HCCP(1243,host_server):2026-09-21-12:30:16.604.988 [rs_drv_socket.c:257]tid:1243,RsPeerFillIfaddrInfos : addr[8] 0x00
[INFO] HCCP(1243,host_server):2026-09-21-12:30:16.604.989 [rs_drv_socket.c:257]tid:1243,RsPeerFillIfaddrInfos : addr[9] 0x10
[INFO] HCCP(1243,host_server):2026-09-21-12:30:16.604.990 [rs_drv_socket.c:257]tid:1243,RsPeerFillIfaddrInfos : addr[10] 0x00
[INFO] HCCP(1243,host_server):2026-09-21-12:30:16.604.991 [rs_drv_socket.c:257]tid:1243,RsPeerFillIfaddrInfos : addr[11] 0x00
[INFO] HCCP(1243,host_server):2026-09-21-12:30:16.604.993 [rs_drv_socket.c:257]tid:1243,RsPeerFillIfaddrInfos : addr[12] 0xdf
[INFO] HCCP(1243,host_server):2026-09-21-12:30:16.604.994 [rs_drv_socket.c:257]tid:1243,RsPeerFillIfaddrInfos : addr[13] 0x04
[INFO] HCCP(1243,host_server):2026-09-21-12:30:16.604.995 [rs_drv_socket.c:257]tid:1243,RsPeerFillIfaddrInfos : addr[14] 0x81
[INFO] HCCP(1243,host_server):2026-09-21-12:30:16.604.996 [rs_drv_socket.c:257]tid:1243,RsPeerFillIfaddrInfos : addr[15] 0x00
[INFO] HCCP(1243,host_server):2026-09-21-12:30:16.604.998 [rs_drv_socket.c:253]tid:1243,RsPeerFillIfaddrInfos : ifname[ipourma5] scope_id[0] flowinfo[0]
[INFO] HCCP(1243,host_server):2026-09-21-12:30:16.604.999 [rs_drv_socket.c:257]tid:1243,RsPeerFillIfaddrInfos : addr[0] 0x00
[INFO] HCCP(1243,host_server):2026-09-21-12:30:16.605.000 [rs_drv_socket.c:257]tid:1243,RsPeerFillIfaddrInfos : addr[1] 0x00
[INFO] HCCP(1243,host_server):2026-09-21-12:30:16.605.001 [rs_drv_socket.c:257]tid:1243,RsPeerFillIfaddrInfos : addr[2] 0x00
[INFO] HCCP(1243,host_server):2026-09-21-12:30:16.605.003 [rs_drv_socket.c:257]tid:1243,RsPeerFillIfaddrInfos : addr[3] 0x00
[INFO] HCCP(1243,host_server):2026-09-21-12:30:16.605.004 [rs_drv_socket.c:257]tid:1243,RsPeerFillIfaddrInfos : addr[4] 0x00
[INFO] HCCP(1243,host_server):2026-09-21-12:30:16.605.005 [rs_drv_socket.c:257]tid:1243,RsPeerFillIfaddrInfos : addr[5] 0x48
[INFO] HCCP(1243,host_server):2026-09-21-12:30:16.605.006 [rs_drv_socket.c:257]tid:1243,RsPeerFillIfaddrInfos : addr[6] 0x04
[INFO] HCCP(1243,host_server):2026-09-21-12:30:16.605.008 [rs_drv_socket.c:257]tid:1243,RsPeerFillIfaddrInfos : addr[7] 0x00
[INFO] HCCP(1243,host_server):2026-09-21-12:30:16.605.009 [rs_drv_socket.c:257]tid:1243,RsPeerFillIfaddrInfos : addr[8] 0x00
[INFO] HCCP(1243,host_server):2026-09-21-12:30:16.605.010 [rs_drv_socket.c:257]tid:1243,RsPeerFillIfaddrInfos : addr[9] 0x10
[INFO] HCCP(1243,host_server):2026-09-21-12:30:16.605.011 [rs_drv_socket.c:257]tid:1243,RsPeerFillIfaddrInfos : addr[10] 0x00
[INFO] HCCP(1243,host_server):2026-09-21-12:30:16.605.013 [rs_drv_socket.c:257]tid:1243,RsPeerFillIfaddrInfos : addr[11] 0x00
[INFO] HCCP(1243,host_server):2026-09-21-12:30:16.605.014 [rs_drv_socket.c:257]tid:1243,RsPeerFillIfaddrInfos : addr[12] 0xdf
[INFO] HCCP(1243,host_server):2026-09-21-12:30:16.605.015 [rs_drv_socket.c:257]tid:1243,RsPeerFillIfaddrInfos : addr[13] 0x04
[INFO] HCCP(1243,host_server):2026-09-21-12:30:16.605.017 [rs_drv_socket.c:257]tid:1243,RsPeerFillIfaddrInfos : addr[14] 0x89
[INFO] HCCP(1243,host_server):2026-09-21-12:30:16.605.018 [rs_drv_socket.c:257]tid:1243,RsPeerFillIfaddrInfos : addr[15] 0x00
[INFO] HCCP(1243,host_server):2026-09-21-12:30:16.605.019 [ra_peer.c:1126]tid:1243,RaPeerGetIfaddrs : [get][ra_peer_ifaddrs] ra_peer_get_ifaddrs phyId[0] succ
[INFO] HCCP(1243,host_server):2026-09-21-12:30:16.605.022 [ra_host.c:508]tid:1243,RaRdevInitWithBackupInfo : rdev_init:mode=0 phyId=0 family=2 ip=20.168.0.19 notify_type=0
[INFO] HCCP(1243,host_server):2026-09-21-12:30:16.605.026 [ra_peer.c:1244]tid:1243,RaPeerRdevInit : [init][ra_peer_rdev]ra_peer_rdev_init phyId[0] notify_type[0] physical device id[0]
[WARNING] HCCP(1243,host_server):2026-09-21-12:30:16.605.648 [dl_ibverbs_function.c:526]tid:1243,RsHrnApiInit : HccpDlopen[libhrn3-rdmav34.so] doesn't exist!
[WARNING] HCCP(1243,host_server):2026-09-21-12:30:16.605.710 [dl_nda_function.c:100]tid:1243,RsNdaApiInit : HccpDlopen[libibv_extend.so] doesn't exist!
[INFO] HCCP(1243,host_server):2026-09-21-12:30:16.606.719 [rs.c:1047]tid:1243,RsRdevInitWithBackupInfo : ibv_get_device_list phyId[0] dev_num[4]
[INFO] HCCP(1243,host_server):2026-09-21-12:30:16.620.081 [rs.c:1060]tid:1243,RsRdevInitWithBackupInfo : rdev init success, phyId:0, localIp:0x1300a814, rdevIndex:1
[INFO] HCCL(1243,host_server):2026-09-21-12:30:16.620.102 [rdma_handle_manager.cc:143][1243][RdmaHandleManager::GetByAddr] one rdmahandle [0xaaaaf9295570], devPhyId [0], portAddr [IpAddress[0000:0000:0000:0000:0000:0000:14a8:0013, AF=IPv4, addr=20.168.0.19]]
[INFO] HCCL(1243,host_server):2026-09-21-12:30:16.620.106 [cpu_roce_endpoint.cc:72] [1243]CpuRoceEndpoint::Init success, hostResourceId[0], ipAddr[IpAddress[0000:0000:0000:0000:0000:0000:14a8:0013, AF=IPv4, addr=20.168.0.19]], ctxHandle[0xaaaaf9295570]
[INFO] HCCL(1243,host_server):2026-09-21-12:30:16.620.109 [hcomm_c_adpt.cc:376] [1243][NicPluginDebug][HcommEndpointCreate] plugin endpoint created, protocol[1], handle[0x8000aaaaf928fdb0].
API HcommEndpointCreate(&desc, &endpoint) => 0

STAGE 2. 分配并注册 Host DRAM，填入唯一被测字符串
[WARNING] HCCL(1243,host_server):2026-09-21-12:30:16.620.117 [hcomm_adapter_runtime.cc:33] [1243][HcommAdapterRuntime][ResolveRuntimeDevicePhyId] force Host-only resource id[0], env[HCOMM_FORCE_HOST_NIC_PLUGIN]=1, test only.
[INFO] HCCL(1243,host_server):2026-09-21-12:30:16.620.120 [hcomm_c_adpt.cc:460] [1243][HcommMemReg] START. endpointHandle[0x8000aaaaf928fdb0].
[INFO] HCCL(1243,host_server):2026-09-21-12:30:16.620.123 [roce_mem.cc:32] [1243][RegisterMemory] Begin
[WARNING] HCCL(1243,host_server):2026-09-21-12:30:16.620.129 [roce_mem.cc:107] [1243]Key[addr:187651301699584, size:4096] not found. There is no key in table.
[INFO] HCCP(1243,host_server):2026-09-21-12:30:16.620.134 [rs_rdma.c:713]tid:1243,RsRegisterMr : [rs_register_mr] len[0x1000], access[15]
[INFO] HCCP(1243,host_server):2026-09-21-12:30:16.620.171 [rs_rdma.c:742]tid:1243,RsRegisterMr : rs_register_mr succ
[INFO] HCCL(1243,host_server):2026-09-21-12:30:16.620.175 [local_rdma_rma_buffer.cc:45][1243]LocalRdmaRmaBuffer[rdmaHandle=0xaaaaf9295570, mrHandle = 0xaaaaf92de970, buf=Buffer[addr=0xaaaaf92df000, size=0x1000, memInfo=host-dram]]
[INFO] HCCL(1243,host_server):2026-09-21-12:30:16.620.177 [roce_mem.cc:69] [1243][RoceRegedMemMgr][RegisterMemory]Register memory success! Add key {0xaaaaf92df000, 4096}
API HcommMemReg(endpoint, "host-dram", &memory, &registration) => 0
[WARNING] HCCL(1243,host_server):2026-09-21-12:30:16.620.181 [hcomm_adapter_runtime.cc:33] [1243][HcommAdapterRuntime][ResolveRuntimeDevicePhyId] force Host-only resource id[0], env[HCOMM_FORCE_HOST_NIC_PLUGIN]=1, test only.
[INFO] HCCL(1243,host_server):2026-09-21-12:30:16.620.183 [hcomm_c_adpt.cc:508] [1243][HcommMemExport] START. endpointHandle[0x8000aaaaf928fdb0].
[INFO] HCCL(1243,host_server):2026-09-21-12:30:16.620.185 [roce_mem.cc:147] [1243][MemoryExport] Begin
API HcommMemExport(endpoint, registration, &description, &bytes) => 0

STAGE 3. TCP 交换 opaque MR 描述符，NPU 使用标准接口导入 Host DRAM
Control listening 10.1.101.27:19516

STAGE 4. 标准 HcommChannelCreate/GetStatus 完成 Host 侧建链
API HcommChannelDescInit(&desc, 1) => 0
API EndpointDescInit(&desc, 1) => 0
[INFO] HCCL(1243,host_server):2026-09-21-12:30:46.566.573 [hcomm_c_adpt.cc:642] [1243][HcommChannelCreate] START. endpointHandle[0x8000aaaaf928fdb0], engine[CPU], channelNum[1].
[WARNING] HCCL(1243,host_server):2026-09-21-12:30:46.566.578 [hcomm_adapter_runtime.cc:33] [1243][HcommAdapterRuntime][ResolveRuntimeDevicePhyId] force Host-only resource id[0], env[HCOMM_FORCE_HOST_NIC_PLUGIN]=1, test only.
[INFO] HCCL(1243,host_server):2026-09-21-12:30:46.566.589 [host_cpu_roce_channel.cc:101] [1243][HostCpuRoceChannel][ParseInputParam] Start. endpointHandle[0xaaaaf74efb50]
[INFO] HCCL(1243,host_server):2026-09-21-12:30:46.566.592 [host_cpu_roce_channel.cc:115] [1243][HostCpuRoceChannel][ParseInputParam] exchangeAllMems == True. Get memHandles from endpoint.
[INFO] HCCL(1243,host_server):2026-09-21-12:30:46.566.594 [roce_mem.cc:251] [1243][GetAllMemHandles] Begin
[INFO] HCCL(1243,host_server):2026-09-21-12:30:46.566.596 [roce_mem.cc:257] [1243][RoceRegedMemMgr][[GetAllMemHandles] memHandleNum is [1]
[INFO] HCCL(1243,host_server):2026-09-21-12:30:46.566.597 [host_cpu_roce_channel.cc:119] [1243][HostCpuRoceChannel][ParseInputParam] Got memHandleNum[1].
[INFO] HCCL(1243,host_server):2026-09-21-12:30:46.566.600 [host_cpu_roce_channel.cc:124] [1243][HostCpuRoceChannel][ParseInputParam] Got memHandle No.0: addr[0xaaaaf92df000], size[0x1000], memInfo[host-dram].
[INFO] HCCL(1243,host_server):2026-09-21-12:30:46.566.603 [cpu_roce_endpoint.cc:181] [1243][CpuRoceEndpoint::GetCapabilities] START.
[INFO] HCCL(1243,host_server):2026-09-21-12:30:46.566.606 [cpu_roce_endpoint.cc:195] [1243][CpuRoceEndpoint::GetCapabilities] SUCCESS.
[INFO] HCCL(1243,host_server):2026-09-21-12:30:46.566.608 [host_cpu_roce_channel.cc:153] [1243][HostCpuRoceChannel][ParseInputParam] maxMsgSize_[0x40000000].
[INFO] HCCL(1243,host_server):2026-09-21-12:30:46.566.609 [host_cpu_roce_channel.cc:161] [1243][HostCpuRoceChannel::StartListen] Start. EndpointHandle[0xaaaaf74efb50], port[19517]
[INFO] HCCL(1243,host_server):2026-09-21-12:30:46.566.612 [cpu_roce_endpoint.cc:84] [1243][ConnProto2LinkProto] linkType is[LinkProtoType::RDMA]
[INFO] HCCL(1243,host_server):2026-09-21-12:30:46.566.616 [cpu_roce_endpoint.cc:91] [1243][CpuRoceEndpoint::ServerSocketListen] hostResourceId[0] ipAddress[IpAddress[0000:0000:0000:0000:0000:0000:14a8:0013, AF=IPv4, addr=20.168.0.19]]
[INFO] HCCL(1243,host_server):2026-09-21-12:30:46.566.620 [host_socket_handle_manager.cc:34][1243][HostSocketHandleManager::Create] start
[INFO] HCCL(1243,host_server):2026-09-21-12:30:46.566.625 [orion_adapter_hccp.cc:709][1243][HrtRaSocketInit] Input params: mode=0, ip=318810132, device id=0, family=2
[INFO] HCCP(1243,host_server):2026-09-21-12:30:46.566.627 [ra_host.c:239]tid:1243,RaSocketInit : socket init:mode=0 phyId=0 family=2 ip=20.168.0.19
[INFO] HCCL(1243,host_server):2026-09-21-12:30:46.566.630 [orion_adapter_hccp.cc:719][1243]socket init success, ip[318810132], device id[0], ret[0]
[INFO] HCCL(1243,host_server):2026-09-21-12:30:46.566.634 [host_socket_handle_manager.cc:68][1243][HostSocketHandleManager::Create] devicePhyId[0] hostIp[20.168.0.19] create end.
[INFO] HCCL(1243,host_server):2026-09-21-12:30:46.566.644 [server_socket_manager.cc:50] [1243][ServerSocketManager][HostSocketListen] listen_socket_info[Socket[role=SocketRole::SERVER, localIp=IpAddress[0000:0000:0000:0000:0000:0000:14a8:0013, AF=IPv4, addr=20.168.0.19], listenPort=19517, remoteIp=IpAddress[0000:0000:0000:0000:0000:0000:14a8:0013, AF=IPv4, addr=20.168.0.19], tag=server, nicType=NicType::HOST_NIC_TYPE]]
[INFO] HCCL(1243,host_server):2026-09-21-12:30:46.566.647 [socket.cc:33][1243][Socket::Listen] listen start, listenPort[19517]
[INFO] HCCL(1243,host_server):2026-09-21-12:30:46.566.650 [orion_adapter_hccp.cc:452][1243][ListenStart][RaSocket] Input params: socketHandle: 0xaaaaf92deee0, port: 19517
[INFO] HCCL(1243,host_server):2026-09-21-12:30:46.566.652 [orion_adapter_hccp.cc:364][1243][ListenStart][RaSocket] Input params: num=1
[INFO] HCCP(1243,host_server):2026-09-21-12:30:46.566.654 [ra_host.c:833]tid:1243,RaSocketListenStart : Input parameters: [0]th, phyId[0], localIp[20.168.0.19], port[19517]
[INFO] HCCP(1243,host_server):2026-09-21-12:30:46.566.659 [rs_socket.c:645]tid:1243,RsSocketInitListen : listen [0] IP 0xffff1300a814, ret_vnic -1
[INFO] HCCP(1243,host_server):2026-09-21-12:30:46.566.661 [rs_drv_socket.c:563]tid:1243,RsFindListenNode : listen node for IP(20.168.0.19), serverPort(19517) is not listen!
[INFO] HCCP(1243,host_server):2026-09-21-12:30:46.566.666 [rs_drv_socket.c:563]tid:1243,RsFindListenNode : listen node for IP(20.168.0.19), serverPort(19517) is not listen!
[INFO] HCCP(1243,host_server):2026-09-21-12:30:46.566.670 [rs_drv_socket.c:620]tid:1243,RsListenNodeAlloc : create listen node for IP(20.168.0.19)!
[INFO] HCCP(1243,host_server):2026-09-21-12:30:46.566.680 [rs_socket.c:573]tid:1243,RsSocketListenBindListen : listen state:1, then bind for (IP 20.168.0.19 : port 19517)
[INFO] HCCP(1243,host_server):2026-09-21-12:30:46.566.682 [rs_socket.c:576]tid:1243,RsSocketListenBindListen : socket bind: family 2, addr 20.168.0.19, port 19517
[INFO] HCCP(1243,host_server):2026-09-21-12:30:46.566.684 [rs_socket.c:583]tid:1243,RsSocketListenBindListen : socket bind: family 2, port 15692, addr 0x1300a814
[INFO] HCCP(1243,host_server):2026-09-21-12:30:46.566.691 [rs_socket.c:614]tid:1243,RsSocketListenBindListen : IP 20.168.0.19 : port 19517 begin listen, fd:7 !
[INFO] HCCL(1243,host_server):2026-09-21-12:30:46.566.698 [orion_adapter_hccp.cc:372][1243]socket listen start success, ret=0
[INFO] HCCL(1243,host_server):2026-09-21-12:30:46.566.703 [host_cpu_roce_channel.cc:169] [1243][HostCpuRoceChannel::StartListen] SUCCESS. port[19517].
[INFO] HCCL(1243,host_server):2026-09-21-12:30:46.566.705 [host_cpu_roce_channel.cc:178] [1243][HostCpuRoceChannel::BuildSocket] socket ptr is NULL, rebuild Socket
[INFO] HCCL(1243,host_server):2026-09-21-12:30:46.566.716 [host_cpu_roce_channel.cc:182] [1243][HostCpuRoceChannel::BuildSocket] built linkData: LinkData:type=PortDeploymentType::HOST_NET, protocol=LinkProtocol::ROCE, localRankId=0, localAddr=IpAddress[0000:0000:0000:0000:0000:0000:14a8:0013, AF=IPv4, addr=20.168.0.19], remoteRankId=2, remoteAddr=IpAddress[0000:0000:0000:0000:0000:0000:14a8:0003, AF=IPv4, addr=20.168.0.3], reuseIdx=0
[WARNING] HCCL(1243,host_server):2026-09-21-12:30:46.566.721 [hcomm_adapter_runtime.cc:33] [1243][HcommAdapterRuntime][ResolveRuntimeDevicePhyId] force Host-only resource id[0], env[HCOMM_FORCE_HOST_NIC_PLUGIN]=1, test only.
[INFO] HCCL(1243,host_server):2026-09-21-12:30:46.566.723 [socket_mgr.cc:60] [1243][SocketMgr][Init] init socket mgr, noDevice[1], runtimeDevicePhyId[0], devicePhyId[0].
[INFO] HCCL(1243,host_server):2026-09-21-12:30:46.566.729 [socket_mgr.cc:113] [1243][SocketMgr][GetSocketHandle] socketHandle[0xaaaaf92deee0] devicePhyId[0] localPort[PortData[rankId=0, type=PortDeploymentType::HOST_NET, id=0, addr=IpAddress[0000:0000:0000:0000:0000:0000:14a8:0013, AF=IPv4, addr=20.168.0.19]]]
[INFO] HCCL(1243,host_server):2026-09-21-12:30:46.566.735 [orion_adapter_hccp.cc:763][1243][HrtRaSocketWhiteListAdd] Input params: socketHandle=0xaaaaf92deee0
[INFO] HCCL(1243,host_server):2026-09-21-12:30:46.566.740 [orion_adapter_hccp.cc:781][1243]add whitelistInfo tag=[standard-host-to-hbm_20.168.0.19_20.168.0.3_19517], remoteIp[IpAddress[0000:0000:0000:0000:0000:0000:14a8:0003, AF=IPv4, addr=20.168.0.3]]
[INFO] HCCP(1243,host_server):2026-09-21-12:30:46.566.742 [ra_host.c:1598]tid:1243,RaSocketWhiteListAdd : Input parameters: phyId[0], localIp[20.168.0.19], num[1]
[INFO] HCCP(1243,host_server):2026-09-21-12:30:46.566.746 [rs_socket.c:1992]tid:1243,RsSocketGetIpInfo : white list listen IP 0x1300a814, ret_vnic -1
[INFO] HCCP(1243,host_server):2026-09-21-12:30:46.566.748 [rs_socket.c:1995]tid:1243,RsSocketGetIpInfo : white list client IP 0x300a814, ret_vnic -1
[INFO] HCCP(1243,host_server):2026-09-21-12:30:46.566.750 [rs_drv_socket.c:753]tid:1243,RsFindWhiteList : white list for IP(20.168.0.19) doesn't exist!
[INFO] HCCP(1243,host_server):2026-09-21-12:30:46.566.752 [rs_drv_socket.c:729]tid:1243,RsFindWhiteListNode : white list node for IP(20.168.0.3), tag(standard-host-to-hbm_20.168.0.19_20.168.0.3_19517) doesn't exist!
[INFO] HCCL(1243,host_server):2026-09-21-12:30:46.566.755 [orion_adapter_hccp.cc:791][1243]add white list: num[1], remain [0].
[INFO] HCCL(1243,host_server):2026-09-21-12:30:46.566.757 [orion_adapter_hccp.cc:797][1243][HrtRaSocketWhiteListAdd] Success. Total add num [1]
[INFO] HCCL(1243,host_server):2026-09-21-12:30:46.566.764 [socket_mgr.cc:153] [1243][SocketMgr][CreateSocket] client_socket_info[Socket[role=SocketRole::SERVER, localIp=IpAddress[0000:0000:0000:0000:0000:0000:14a8:0013, AF=IPv4, addr=20.168.0.19], listenPort=19517, remoteIp=IpAddress[0000:0000:0000:0000:0000:0000:14a8:0003, AF=IPv4, addr=20.168.0.3], tag=standard-host-to-hbm_20.168.0.19_20.168.0.3_19517, nicType=NicType::HOST_NIC_TYPE]]
[INFO] HCCL(1243,host_server):2026-09-21-12:30:46.566.767 [socket.cc:61][1243]socket role_ is 0, SocketRole::SERVER
[INFO] HCCL(1243,host_server):2026-09-21-12:30:46.566.772 [host_cpu_roce_channel.cc:195] [1243][HostCpuRoceChannel::BuildSocket] SUCCESS. port[19517].
[INFO] HCCL(1243,host_server):2026-09-21-12:30:46.566.775 [host_rdma_connection.cc:28] [1243][HostRdmaConnection][GetHostQpMode] host-only default qpMode[2].
[INFO] HCCL(1243,host_server):2026-09-21-12:30:46.566.777 [host_cpu_roce_channel.cc:227] [1243][HostCpuRoceChannel::BuildConnection] QpInfo[0]: lbValue[0], serviceLevel[0], trafficClass[0], retryCnt[4294967295], retryInterval[4294967295].
[INFO] HCCL(1243,host_server):2026-09-21-12:30:46.566.785 [host_cpu_roce_channel.cc:233] [1243][HostCpuRoceChannel::BuildConnection] Success, Qp count = 1
[INFO] HCCL(1243,host_server):2026-09-21-12:30:46.566.789 [dpu_notify_manager.cc:64] [1243][DpuNotifyManager::AllocNotifyIds] notifyNum == 0, no need to alloc.
[INFO] HCCL(1243,host_server):2026-09-21-12:30:46.566.795 [orion_adapter_hccp.cc:518][1243][GetOneSocket][RaSocket] Input params: role=0,socketHandle=0xaaaaf92deee0, fdHandle=(nil), remoteIp=IpAddress[0000:0000:0000:0000:0000:0000:14a8:0003, AF=IPv4, addr=20.168.0.3], timeout=0
[INFO] HCCL(1243,host_server):2026-09-21-12:30:46.566.798 [orion_adapter_hccp.cc:533][1243]Socket Get tag=[standard-host-to-hbm_20.168.0.19_20.168.0.3_19517], remoteIp[IpAddress[0000:0000:0000:0000:0000:0000:14a8:0003, AF=IPv4, addr=20.168.0.3]], ret[0]
[INFO] HCCL(1243,host_server):2026-09-21-12:30:46.566.800 [orion_adapter_hccp.cc:484][1243][GetSockets][RaBlock] Input params: role=0, num=1, timeoutSec=0
[INFO] HCCP(1243,host_server):2026-09-21-12:30:46.567.879 [rs_socket.c:493]tid:1305,RsEpollEventListenInHandle : [server]server_ip:20.168.0.19 server_port:19517 accept ok, listen_fd:7, new fd:9
[INFO] HCCP(1243,host_server):2026-09-21-12:30:46.567.921 [rs_socket.c:377]tid:1305,RsTcpRecvTagInHandle : recv tag success, server:{20.168.0.19:19517} client:20.168.0.3 timeCost:0.028000ms tagSyncTimes:1 tagEintrTimes:0
[INFO] HCCP(1243,host_server):2026-09-21-12:30:46.567.933 [rs_drv_socket.c:718]tid:1305,RsFindWhiteListNode : client_ip 20.168.0.3 0x0300a814, expectIp 20.168.0.3 0x0300a814
[INFO] HCCP(1243,host_server):2026-09-21-12:30:46.567.975 [rs_epoll.c:126]tid:1305,RsWlistCheckConnAdd : [Server]chip_id 0, fd 9 accept, server ip:20.168.0.19, client ip:20.168.0.3, state:8, tag:standard-host-to-hbm_20.168.0.19_20.168.0.3_19517
[INFO] HCCP(1243,host_server):2026-09-21-12:30:46.567.979 [rs_drv_socket.c:505]tid:1305,ShowConnNode : current server ip: 20.168.0.19, client ip:20.168.0.3, fd:9, state:8, tag:standard-host-to-hbm_20.168.0.19_20.168.0.3_19517
[INFO] HCCP(1243,host_server):2026-09-21-12:30:46.567.981 [rs_epoll.c:333]tid:1305,RsEpollEventInHandle : the fd:7 is tcp listened, no need to go on, ret:0
[INFO] HCCL(1243,host_server):2026-09-21-12:30:46.568.917 [orion_adapter_hccp.cc:505][1243]block get sockets success, socket num[1]
[INFO] HCCL(1243,host_server):2026-09-21-12:30:46.568.928 [socket.cc:110][1243]socketinfo.tag=standard-host-to-hbm_20.168.0.19_20.168.0.3_19517 status=SocketStatus::OK, role=SocketRole::SERVER
[INFO] HCCL(1243,host_server):2026-09-21-12:30:46.568.931 [host_cpu_roce_channel.cc:1476] [1243][Hybrid][HostCpuRoceChannel] Starting capability exchange
[INFO] HCCL(1243,host_server):2026-09-21-12:30:46.568.934 [orion_adapter_hccp.cc:550][1243]before ra socket send, para: fdHandle[0xaaaaf92e2110], data[0xffffcfe9a4d8], size[20]
[INFO] HCCL(1243,host_server):2026-09-21-12:30:46.568.947 [orion_adapter_hccp.cc:556][1243]ra socket send, data[0xffffcfe9a4d8], size[20] send size[0]
[INFO] HCCL(1243,host_server):2026-09-21-12:30:46.568.960 [orion_adapter_hccp.cc:582][1243]ra socket send finished,ret[0]
[INFO] HCCL(1243,host_server):2026-09-21-12:30:46.568.962 [host_cpu_roce_channel.cc:1487] [1243][Hybrid][HostCpuRoceChannel] Sent capability, version=1
[INFO] HCCL(1243,host_server):2026-09-21-12:30:46.568.964 [orion_adapter_hccp.cc:662][1243]before ra socket recv, para: fdHandle[0xaaaaf92e2110], data[0xffffcfe9a4f0], size[20]
[INFO] HCCL(1243,host_server):2026-09-21-12:30:46.580.559 [orion_adapter_hccp.cc:698][1243]ra socket receive finished. ret[0]
[INFO] HCCL(1243,host_server):2026-09-21-12:30:46.580.562 [host_cpu_roce_channel.cc:1493] [1243][Hybrid][HostCpuRoceChannel] recvCap success
[INFO] HCCL(1243,host_server):2026-09-21-12:30:46.580.564 [host_cpu_roce_channel.cc:1531] [1243][Hybrid][HostCpuRoceChannel] Capability exchange success, remote commStack=1, version=1, mode=hybrid
[INFO] HCCL(1243,host_server):2026-09-21-12:30:46.580.568 [socket.cc:84][1243]socketinfo.tag=standard-host-to-hbm_20.168.0.19_20.168.0.3_19517 status is OK, role=SocketRole::SERVER
[INFO] HCCL(1243,host_server):2026-09-21-12:30:46.580.570 [host_rdma_connection.cc:77] [1243]HostRdmaConnection CreateCompChannel
[INFO] HCCP(1243,host_server):2026-09-21-12:30:46.580.579 [rs_rdma.c:3266]tid:1243,RsCreateCompChannel : create comp channel success!
[INFO] HCCP(1243,host_server):2026-09-21-12:30:46.580.582 [rs_rdma.c:3266]tid:1243,RsCreateCompChannel : create comp channel success!
[INFO] HCCL(1243,host_server):2026-09-21-12:30:46.580.584 [host_rdma_connection.cc:94] [1243]HostRdmaConnection CreateCqAndQp
[INFO] HCCL(1243,host_server):2026-09-21-12:30:46.580.587 [orion_adapter_hccp.cc:2419][1243][HrtRaCreateQpWithCq] Input params: rdmaHandle=0xaaaaf9295570, sqEvent=-1, rqEvent=-1, sendChannel=0xaaaaf92e2210, recvChannel=0xaaaaf92e21b0
[INFO] HCCL(1243,host_server):2026-09-21-12:30:46.580.593 [orion_adapter_hccp.cc:2471][1243][HrtRaCreateCq] Input params: rdmaHandle=0xaaaaf9295570, sq=(nil), rq=(nil), context=(nil)
[INFO] HCCP(1243,host_server):2026-09-21-12:30:46.580.595 [ra_host.c:1907]tid:1243,RaCqCreate : Input parameters: phyId[0]
[INFO] HCCP(1243,host_server):2026-09-21-12:30:46.583.062 [rs_drv_rdma.c:1287]tid:1243,RsDrvCreateCqWithChannel : create cq with channel success
[INFO] HCCL(1243,host_server):2026-09-21-12:30:46.583.069 [orion_adapter_hccp.cc:2521][1243][HrtRaNormalQpCreate] Input params: rdmaHandle=0xaaaaf9295570, context=0xaaaaf92e2440
[INFO] HCCP(1243,host_server):2026-09-21-12:30:46.583.072 [ra_host.c:1968]tid:1243,RaNormalQpCreate : Input parameters: phyId[0]
[INFO] HCCP(1243,host_server):2026-09-21-12:30:46.584.088 [rs_drv_rdma.c:1365]tid:1243,RsDrvNormalQpCreate : chip_id 0, rdevIndex:1, qp[551] create succ.
[INFO] HCCP(1243,host_server):2026-09-21-12:30:46.584.095 [rs_rdma.c:3208]tid:1243,RsNormalQpCreate : qp 551 create qp.
[INFO] HCCL(1243,host_server):2026-09-21-12:30:46.584.098 [host_rdma_connection.cc:101] [1243][CreateQp]Set qp qos success by config, TC[0] SL[0]
[INFO] HCCP(1243,host_server):2026-09-21-12:30:46.584.101 [rs.c:1994]tid:1243,RsSetQpAttrQos : set qp qos attr: qpn[551] tc[0] sl[0]
[INFO] HCCP(1243,host_server):2026-09-21-12:30:46.584.103 [rs.c:2010]tid:1243,RsSetQpAttrTimeout : set qp qos attr: qpn[551] timeout[4294967295]
[INFO] HCCP(1243,host_server):2026-09-21-12:30:46.584.104 [rs.c:2026]tid:1243,RsSetQpAttrRetryCnt : set qp qos attr: qpn[551] retry_cnt[4294967295]
[INFO] HCCL(1243,host_server):2026-09-21-12:30:46.584.106 [host_cpu_roce_channel.cc:370] [1243][HostCpuRoceChannel::IsResReady] all connections resources connected.
[INFO] HCCL(1243,host_server):2026-09-21-12:30:46.584.109 [host_cpu_roce_channel.cc:1730] [1243][Hybrid] Starting hybrid data exchange
[INFO] HCCP(1243,host_server):2026-09-21-12:30:46.584.113 [rs_rdma.c:580]tid:1243,RsMrReg : qpn[551], len[0x4], access[7]
[INFO] HCCP(1243,host_server):2026-09-21-12:30:46.584.115 [rs_rdma.c:115]tid:1243,RsGetMrcb : cannot find mrcb for addr@0xaaaaf92e2a00 !
[INFO] HCCP(1243,host_server):2026-09-21-12:30:46.584.146 [rs_rdma.c:610]tid:1243,RsMrReg : rs_mr_reg succ, state:0
[INFO] HCCP(1243,host_server):2026-09-21-12:30:46.584.149 [rs_rdma.c:580]tid:1243,RsMrReg : qpn[551], len[0x4], access[7]
[INFO] HCCP(1243,host_server):2026-09-21-12:30:46.584.151 [rs_rdma.c:115]tid:1243,RsGetMrcb : cannot find mrcb for addr@0xaaaaf92e2a20 !
[INFO] HCCP(1243,host_server):2026-09-21-12:30:46.584.164 [rs_rdma.c:610]tid:1243,RsMrReg : rs_mr_reg succ, state:0
[INFO] HCCL(1243,host_server):2026-09-21-12:30:46.584.168 [orion_adapter_hccp.cc:550][1243]before ra socket send, para: fdHandle[0xaaaaf92e2110], data[0xaaaaf92e2130], size[109]
[INFO] HCCL(1243,host_server):2026-09-21-12:30:46.584.180 [orion_adapter_hccp.cc:556][1243]ra socket send, data[0xaaaaf92e2130], size[109] send size[0]
[INFO] HCCL(1243,host_server):2026-09-21-12:30:46.584.188 [orion_adapter_hccp.cc:582][1243]ra socket send finished,ret[0]
[INFO] HCCL(1243,host_server):2026-09-21-12:30:46.584.190 [orion_adapter_hccp.cc:662][1243]before ra socket recv, para: fdHandle[0xaaaaf92e2110], data[0xaaaaf9310450], size[109]
[INFO] HCCL(1243,host_server):2026-09-21-12:30:46.598.947 [orion_adapter_hccp.cc:698][1243]ra socket receive finished. ret[0]
[INFO] HCCP(1243,host_server):2026-09-21-12:30:46.598.954 [rs_rdma.c:2564]tid:1243,RsQpConnectAsync : qp:551, fd:9
[INFO] HCCP(1243,host_server):2026-09-21-12:30:46.598.963 [rs_rdma.c:2588]tid:1243,RsQpConnectAsync : after socket fd 9 send QP 551, chipId 0, state:3!
[INFO] HCCP(1243,host_server):2026-09-21-12:30:46.598.970 [rs_rdma.c:331]tid:1243,RsEpollRecvHandle : Message for qp:551, qpCb->remainSize:0, size:120
[INFO] HCCP(1243,host_server):2026-09-21-12:30:46.599.066 [rs_rdma.c:168]tid:1243,RsQpStateModify : qpn:551 state:1 start modify
[INFO] HCCP(1243,host_server):2026-09-21-12:30:46.600.051 [rs_drv_rdma.c:508]tid:1243,RsDrvQpStateModifytoRtr : qp qos attr: qpn[551] tc[0] sl[0]
[INFO] HCCP(1243,host_server):2026-09-21-12:30:46.600.170 [rs_drv_rdma.c:531]tid:1243,RsDrvQpStateModifytoRts : qp rdma attr: qpn[551] timeout[4294967295] retrycnt[4294967295]
[INFO] HCCP(1243,host_server):2026-09-21-12:30:46.600.172 [rs_rdma.c:199]tid:1243,RsQpStateModify : local qpn[551] remote qpn[122] modify succ
[INFO] HCCP(1243,host_server):2026-09-21-12:30:46.600.174 [rs_rdma.c:225]tid:1243,RsEpollRecvQpHandle : local qpn[551] remote qpn [122] connect success! cost [1.216000] ms
[INFO] HCCP(1243,host_server):2026-09-21-12:30:46.600.178 [rs_rdma.c:229]tid:1243,RsEpollRecvQpHandle : qp [551] state has been migrate to RTS!, qpCb state is 3
[INFO] HCCP(1243,host_server):2026-09-21-12:30:46.600.180 [rs_rdma.c:137]tid:1243,RsNotifyMrListAdd : qpn is 551, rdevIndex:1, chipId 0, recv notify va is 0x12c180000000, notify size is 1048576
[INFO] HCCP(1243,host_server):2026-09-21-12:30:46.600.183 [rs_rdma.c:269]tid:1243,RsCmdQpInfoHandle : rs_notify_mr_list_add
[INFO] HCCP(1243,host_server):2026-09-21-12:30:46.600.184 [rs_rdma.c:272]tid:1243,RsCmdQpInfoHandle : qp_info cur_size(0) len(64) !
[INFO] HCCP(1243,host_server):2026-09-21-12:30:46.600.186 [rs_rdma.c:252]tid:1243,RsEpollRecvMrHandle : recv mr addr is 0x12c180000000
[INFO] HCCP(1243,host_server):2026-09-21-12:30:46.600.188 [rs_rdma.c:253]tid:1243,RsEpollRecvMrHandle : recv mr len is 1048576
[INFO] HCCP(1243,host_server):2026-09-21-12:30:46.600.190 [rs_rdma.c:287]tid:1243,RsCmdMrInfoHandle : mr_info cur_size(64) len(24) !
[INFO] HCCP(1243,host_server):2026-09-21-12:30:46.600.192 [rs_rdma.c:252]tid:1243,RsEpollRecvMrHandle : recv mr addr is 0x12c081200000
[INFO] HCCP(1243,host_server):2026-09-21-12:30:46.600.193 [rs_rdma.c:253]tid:1243,RsEpollRecvMrHandle : recv mr len is 4
[INFO] HCCP(1243,host_server):2026-09-21-12:30:46.600.195 [rs_rdma.c:287]tid:1243,RsCmdMrInfoHandle : mr_info cur_size(88) len(24) !
[INFO] HCCP(1243,host_server):2026-09-21-12:30:46.600.197 [rs_rdma.c:459]tid:1243,RsMrInfoSync : mr state:0, addr:0xaaaaf92e2a00
[INFO] HCCP(1243,host_server):2026-09-21-12:30:46.600.204 [rs_rdma.c:484]tid:1243,RsMrInfoSync : after send mr state:1, addr:0xaaaaf92e2a00
[INFO] HCCP(1243,host_server):2026-09-21-12:30:46.600.212 [rs_rdma.c:459]tid:1243,RsMrInfoSync : mr state:0, addr:0xaaaaf92e2a20
[INFO] HCCP(1243,host_server):2026-09-21-12:30:46.600.216 [rs_rdma.c:484]tid:1243,RsMrInfoSync : after send mr state:1, addr:0xaaaaf92e2a20
[INFO] HCCP(1243,host_server):2026-09-21-12:30:46.600.222 [rs_rdma.c:2599]tid:1243,RsQpConnectAsync : QP 551 async done, state:3!
[INFO] HCCL(1243,host_server):2026-09-21-12:30:46.600.224 [host_cpu_roce_channel.cc:1703] [1243]HostCpuRoceChannel: waiting for qp status ready...
[INFO] HCCL(1243,host_server):2026-09-21-12:30:46.600.226 [host_cpu_roce_channel.cc:1716] [1243]In link ibv, QP get status success.
[INFO] HCCL(1243,host_server):2026-09-21-12:30:46.600.229 [socket_mgr.cc:277] [1243][SocketMgr][PutSocket] start to put a socket
[INFO] HCCL(1243,host_server):2026-09-21-12:30:46.600.234 [nic_plugin_dispatcher.cc:80] [1243][ConnectPluginChannels] SUCCESS.
API HcommChannelCreate(endpoint, engine, &desc, 1, &channel) => 0
[WARNING] HCCL(1243,host_server):2026-09-21-12:30:46.600.240 [hcomm_adapter_runtime.cc:33] [1243][HcommAdapterRuntime][ResolveRuntimeDevicePhyId] force Host-only resource id[0], env[HCOMM_FORCE_HOST_NIC_PLUGIN]=1, test only.
CHANNEL status=0

STAGE 5. 保持 DRAM/MR 有效，等待 NPU 完成 READ 和数据验证
PASS: NPU confirmed standard HCOMM READ and HBM validation

STAGE 6. 先销毁通道，再注销 MR 和释放源 DRAM
[WARNING] HCCL(1243,host_server):2026-09-21-12:30:46.705.589 [hcomm_adapter_runtime.cc:33] [1243][HcommAdapterRuntime][ResolveRuntimeDevicePhyId] force Host-only resource id[0], env[HCOMM_FORCE_HOST_NIC_PLUGIN]=1, test only.
[INFO] HCCL(1243,host_server):2026-09-21-12:30:46.705.593 [adapter_hccp.cc:363] [1243]ra mr dereg: qphandle[0xaaaaf92e5010], addr[0xaaaaf92e2a00], size[0 Byte], access[0].
[INFO] HCCL(1243,host_server):2026-09-21-12:30:46.705.614 [host_cpu_roce_channel.cc:81] [1243][~HostCpuRoceChannel] Dereg mem, type=2, addr:0xaaaaf92e2a00, lkey:0, size:0, access:0
[INFO] HCCL(1243,host_server):2026-09-21-12:30:46.705.616 [adapter_hccp.cc:363] [1243]ra mr dereg: qphandle[0xaaaaf92e5010], addr[0xaaaaf92e2a20], size[0 Byte], access[0].
[INFO] HCCL(1243,host_server):2026-09-21-12:30:46.705.629 [host_cpu_roce_channel.cc:81] [1243][~HostCpuRoceChannel] Dereg mem, type=6, addr:0xaaaaf92e2a20, lkey:0, size:0, access:0
[INFO] HCCL(1243,host_server):2026-09-21-12:30:46.705.631 [dpu_notify_manager.cc:110] [1243][DpuNotifyManager::FreeNotifyIds] notifyNum == 0, no need to free.
[INFO] HCCL(1243,host_server):2026-09-21-12:30:46.705.634 [orion_adapter_hccp.cc:2545][1243][HrtRaNormalQpDestroy] Input params: qpHandle=0xaaaaf92e5010
[INFO] HCCP(1243,host_server):2026-09-21-12:30:46.705.636 [ra_host.c:1994]tid:1243,RaNormalQpDestroy : Input parameters: qpn[551], phyId[0], rdevIndex[1]
[INFO] HCCP(1243,host_server):2026-09-21-12:30:46.706.789 [rs_rdma.c:3236]tid:1243,RsNormalQpDestroy : qp 551 destroy qp, send wr[0].
[INFO] HCCL(1243,host_server):2026-09-21-12:30:46.706.793 [orion_adapter_hccp.cc:2503][1243][HrtRaDestroyCq] Input params: rdmaHandle=0xaaaaf9295570, sq=0xaaaaf92e24a0, rq=0xaaaaf92e2700, context=0xaaaaf92e2440
[INFO] HCCP(1243,host_server):2026-09-21-12:30:46.706.795 [ra_host.c:1933]tid:1243,RaCqDestroy : Input parameters: phyId[0]
[INFO] HCCP(1243,host_server):2026-09-21-12:30:46.707.512 [rs_rdma.c:3277]tid:1243,RsDestroyCompChannel : destroy comp channel success!
[INFO] HCCP(1243,host_server):2026-09-21-12:30:46.707.515 [rs_rdma.c:3277]tid:1243,RsDestroyCompChannel : destroy comp channel success!
API HcommChannelDestroy(&channel, 1) => 0
[WARNING] HCCL(1243,host_server):2026-09-21-12:30:46.707.520 [hcomm_adapter_runtime.cc:33] [1243][HcommAdapterRuntime][ResolveRuntimeDevicePhyId] force Host-only resource id[0], env[HCOMM_FORCE_HOST_NIC_PLUGIN]=1, test only.
[INFO] HCCL(1243,host_server):2026-09-21-12:30:46.707.522 [hcomm_c_adpt.cc:483] [1243][HcommMemUnreg] START. endpointHandle[0x8000aaaaf928fdb0].
[INFO] HCCL(1243,host_server):2026-09-21-12:30:46.707.525 [roce_mem.cc:82] [1243][UnregisterMemory] Begin
[INFO] HCCP(1243,host_server):2026-09-21-12:30:46.707.543 [rs_rdma.c:1000]tid:1243,RsDeregisterMr : rs_deregister_mr succ
API HcommMemUnreg(endpoint, registration) => 0
[WARNING] HCCL(1243,host_server):2026-09-21-12:30:46.707.547 [hcomm_adapter_runtime.cc:33] [1243][HcommAdapterRuntime][ResolveRuntimeDevicePhyId] force Host-only resource id[0], env[HCOMM_FORCE_HOST_NIC_PLUGIN]=1, test only.
[INFO] HCCL(1243,host_server):2026-09-21-12:30:46.707.548 [hcomm_c_adpt.cc:390] [1243][HcommEndpointDestroy] START. endpointHandle[0x8000aaaaf928fdb0].
API HcommEndpointDestroy(endpoint) => 0
[INFO] HCCL(1243,host_server):2026-09-21-12:30:46.707.568 [orion_adapter_hccp.cc:474][1243][ListenOneStop][RaSocket] Input params: socketHandle: 0xaaaaf92deee0, port: 19517
[INFO] HCCL(1243,host_server):2026-09-21-12:30:46.707.571 [orion_adapter_hccp.cc:426][1243][ListenStop][RaSocket] Input params: num=1
[INFO] HCCP(1243,host_server):2026-09-21-12:30:46.707.573 [ra_host.c:870]tid:1243,RaSocketListenStop : Input parameters: [0]th, phyId[0], localIp[20.168.0.19]
[INFO] HCCP(1243,host_server):2026-09-21-12:30:46.707.576 [rs_socket.c:870]tid:1243,RsSocketListenStop : listen [0] IP 0xffff1300a814, ret_vnic -1
[INFO] HCCP(1243,host_server):2026-09-21-12:30:46.707.579 [rs_drv_socket.c:650]tid:1243,RsSocketListenDelFromEpoll : IP:20.168.0.19 server_port:19517 listen_fd:7 del from epoll:3
[INFO] HCCP(1243,host_server):2026-09-21-12:30:46.707.588 [rs_socket.c:899]tid:1243,RsSocketListenStop : IP(20.168.0.19) close listen fd:7 !
[INFO] HCCL(1243,host_server):2026-09-21-12:30:46.707.590 [orion_adapter_hccp.cc:433][1243]socket listen stop success, ret=0
[INFO] HCCL(1243,host_server):2026-09-21-12:30:46.707.979 [orion_adapter_hccp.cc:340][1243][CloseOne][RaSocket] Input params: socketHandle=0xaaaaf92deee0, fdHandle=0xaaaaf92e2110
[INFO] HCCL(1243,host_server):2026-09-21-12:30:46.707.982 [orion_adapter_hccp.cc:313][1243][BatchClose][RaSocket] Input params: num=1
[INFO] HCCL(1243,host_server):2026-09-21-12:30:46.707.984 [orion_adapter_hccp.cc:314][1243]ra socket batch close
[INFO] HCCP(1243,host_server):2026-09-21-12:30:46.707.986 [ra_host.c:754]tid:1243,RaSocketBatchClose : Input parameters: [0]th, phyId[0], localIp[20.168.0.19], cnt[0]
[INFO] HCCP(1243,host_server):2026-09-21-12:30:46.707.989 [rs_socket.c:1527]tid:1243,RsSocketBatchClose : conn node of IP(20.168.0.19) fd:9, state:9
[INFO] HCCL(1243,host_server):2026-09-21-12:30:46.714.450 [orion_adapter_hccp.cc:321][1243]socket batch close success, ret=0
[WARNING] HCCL(1243,host_server):2026-09-21-12:30:46.714.457 [host_socket_handle_manager.cc:105][1243][HostSocketHandleManager::DestroyAll] release is not as expected, devicePhyId[0] hostIp[20.168.0.19] ref[1]
[INFO] HCCL(1243,host_server):2026-09-21-12:30:46.714.459 [orion_adapter_hccp.cc:726][1243][HrtRaSocketDeInit] Input params: socketHandle=0xaaaaf92deee0
[INFO] HCCP(1243,host_server):2026-09-21-12:30:46.714.461 [ra_host.c:363]tid:1243,RaSocketDeinit : Input parameters: phyId[0] family[2] local_ip[20.168.0.19]
[INFO] HCCP(1243,host_server):2026-09-21-12:30:46.714.464 [rs.c:1660]tid:1243,RsSocketDeinit : rs socket deinit start, phyId:0
[INFO] HCCP(1243,host_server):2026-09-21-12:30:46.714.466 [rs.c:1672]tid:1243,RsSocketDeinit : socket deinit local IP is 0x1300a814, ret:-1
[INFO] HCCP(1243,host_server):2026-09-21-12:30:46.714.469 [rs.c:1582]tid:1243,RsWhiteListNodeFree : free White list client IP:20.168.0.3, tag:standard-host-to-hbm_20.168.0.19_20.168.0.3_19517
[INFO] HCCP(1243,host_server):2026-09-21-12:30:46.714.471 [rs.c:1597]tid:1243,RsFreeWhiteOneNode : White list server IP:20.168.0.19
[INFO] HCCP(1243,host_server):2026-09-21-12:30:46.714.473 [rs.c:1684]tid:1243,RsSocketDeinit : socket deinit success, phyId:0, localIp:20.168.0.19
[INFO] HCCL(1243,host_server):2026-09-21-12:30:46.714.487 [rdma_handle_manager.cc:299][1243][RdmaHandleManager::DestroyAll] destroy all
[INFO] HCCL(1243,host_server):2026-09-21-12:30:46.714.490 [orion_adapter_hccp.cc:991][1243][HrtRaRdmaDeInit] Input params: rdmaHandle=0xaaaaf9295570, netMode=0
[INFO] HCCP(1243,host_server):2026-09-21-12:30:46.714.492 [ra_host.c:607]tid:1243,RaRdevDeinitParaCheck : Input parameters: phyId[0] rdev_index[1] family[2] local_ip[20.168.0.19]
[INFO] HCCP(1243,host_server):2026-09-21-12:30:46.714.498 [ra_peer.c:1287]tid:1243,RaPeerRdevDeinit : [deinit][ra_peer_rdev]ra_peer_rdev_deinit phyId[0]
[INFO] HCCP(1243,host_server):2026-09-21-12:30:46.714.500 [rs.c:1145]tid:1243,RsRdevDeinit : rdev deinit start, phyId:0, rdevIndex:1
[INFO] HCCP(1243,host_server):2026-09-21-12:30:46.714.502 [rs.c:1161]tid:1243,RsRdevDeinit : poll_cqe_num[0]
[INFO] HCCP(1243,host_server):2026-09-21-12:30:46.714.504 [rs.c:1134]tid:1243,RsFreeTypicalMrCb : rs_free_typical_mr_cb is succ
[INFO] HCCP(1243,host_server):2026-09-21-12:30:46.714.955 [rs.c:1196]tid:1243,RsRdevDeinit : rdev deinit success, phyId:0, rdevIndex:1
[INFO] ASCENDCL(1243,host_server):2026-09-21-12:30:46.714.977 [callback.cpp:193]1243 aclrtRegDeviceStateCallbackImpl: start to execute aclrtRegDeviceStateCallback
[INFO] RUNTIME(1243,host_server):2026-09-21-12:30:46.714.991 [api_impl.cc:4386] 1243 RegDeviceStateCallback: Reg device state callback, regName=hcomm_res_mgr.
[INFO] ASCENDCL(1243,host_server):2026-09-21-12:30:46.714.995 [callback.cpp:197]1243 aclrtRegDeviceStateCallbackImpl: successfully execute aclrtRegDeviceStateCallback
[INFO] HCCL(1243,host_server):2026-09-21-12:30:46.714.997 [hccp_hdc_manager.cc:91][1243][HccpHdcManager] aclrtRegDeviceStateCallback unregister success
[INFO] HCCL(1243,host_server):2026-09-21-12:30:46.716.593 [cluster_monitor.cc:744] [1243][DeInit] heartbeat deinit begin.
[INFO] HCCL(1243,host_server):2026-09-21-12:30:46.716.787 [cluster_monitor.cc:768] [1243][DeInit] heartbeat deinit end.
[INFO] HCCL(1243,host_server):2026-09-21-12:30:46.716.791 [cluster_monitor.cc:744] [1243][DeInit] heartbeat deinit begin.
[INFO] HCCL(1243,host_server):2026-09-21-12:30:46.716.793 [cluster_monitor.cc:768] [1243][DeInit] heartbeat deinit end.
[INFO] HCCL(1243,host_server):2026-09-21-12:30:46.716.795 [cluster_monitor.cc:744] [1243][DeInit] heartbeat deinit begin.
[INFO] HCCL(1243,host_server):2026-09-21-12:30:46.716.797 [cluster_monitor.cc:768] [1243][DeInit] heartbeat deinit end.
[INFO] HCCL(1243,host_server):2026-09-21-12:30:46.716.799 [cluster_monitor.cc:744] [1243][DeInit] heartbeat deinit begin.
[INFO] HCCL(1243,host_server):2026-09-21-12:30:46.716.801 [cluster_monitor.cc:768] [1243][DeInit] heartbeat deinit end.
[INFO] HCCL(1243,host_server):2026-09-21-12:30:46.716.803 [cluster_monitor.cc:744] [1243][DeInit] heartbeat deinit begin.
[INFO] HCCL(1243,host_server):2026-09-21-12:30:46.716.805 [cluster_monitor.cc:768] [1243][DeInit] heartbeat deinit end.
[INFO] HCCL(1243,host_server):2026-09-21-12:30:46.716.807 [cluster_monitor.cc:744] [1243][DeInit] heartbeat deinit begin.
[INFO] HCCL(1243,host_server):2026-09-21-12:30:46.716.809 [cluster_monitor.cc:768] [1243][DeInit] heartbeat deinit end.
[INFO] HCCL(1243,host_server):2026-09-21-12:30:46.716.811 [cluster_monitor.cc:744] [1243][DeInit] heartbeat deinit begin.
[INFO] HCCL(1243,host_server):2026-09-21-12:30:46.716.813 [cluster_monitor.cc:768] [1243][DeInit] heartbeat deinit end.
[INFO] HCCL(1243,host_server):2026-09-21-12:30:46.716.815 [cluster_monitor.cc:744] [1243][DeInit] heartbeat deinit begin.
[INFO] HCCL(1243,host_server):2026-09-21-12:30:46.716.816 [cluster_monitor.cc:768] [1243][DeInit] heartbeat deinit end.
[INFO] HCCL(1243,host_server):2026-09-21-12:30:46.716.818 [cluster_monitor.cc:744] [1243][DeInit] heartbeat deinit begin.
[INFO] HCCL(1243,host_server):2026-09-21-12:30:46.716.820 [cluster_monitor.cc:768] [1243][DeInit] heartbeat deinit end.
[INFO] HCCL(1243,host_server):2026-09-21-12:30:46.716.822 [cluster_monitor.cc:744] [1243][DeInit] heartbeat deinit begin.
[INFO] HCCL(1243,host_server):2026-09-21-12:30:46.716.824 [cluster_monitor.cc:768] [1243][DeInit] heartbeat deinit end.
[INFO] HCCL(1243,host_server):2026-09-21-12:30:46.716.826 [cluster_monitor.cc:744] [1243][DeInit] heartbeat deinit begin.
[INFO] HCCL(1243,host_server):2026-09-21-12:30:46.716.828 [cluster_monitor.cc:768] [1243][DeInit] heartbeat deinit end.
[INFO] HCCL(1243,host_server):2026-09-21-12:30:46.716.834 [cluster_monitor.cc:744] [1243][DeInit] heartbeat deinit begin.
[INFO] HCCL(1243,host_server):2026-09-21-12:30:46.716.836 [cluster_monitor.cc:768] [1243][DeInit] heartbeat deinit end.
[INFO] HCCL(1243,host_server):2026-09-21-12:30:46.716.838 [cluster_monitor.cc:744] [1243][DeInit] heartbeat deinit begin.
[INFO] HCCL(1243,host_server):2026-09-21-12:30:46.716.840 [cluster_monitor.cc:768] [1243][DeInit] heartbeat deinit end.
[INFO] HCCL(1243,host_server):2026-09-21-12:30:46.716.842 [cluster_monitor.cc:744] [1243][DeInit] heartbeat deinit begin.
[INFO] HCCL(1243,host_server):2026-09-21-12:30:46.716.844 [cluster_monitor.cc:768] [1243][DeInit] heartbeat deinit end.
[INFO] HCCL(1243,host_server):2026-09-21-12:30:46.716.846 [cluster_monitor.cc:744] [1243][DeInit] heartbeat deinit begin.
[INFO] HCCL(1243,host_server):2026-09-21-12:30:46.716.847 [cluster_monitor.cc:768] [1243][DeInit] heartbeat deinit end.
[INFO] HCCL(1243,host_server):2026-09-21-12:30:46.716.849 [cluster_monitor.cc:744] [1243][DeInit] heartbeat deinit begin.
[INFO] HCCL(1243,host_server):2026-09-21-12:30:46.716.851 [cluster_monitor.cc:768] [1243][DeInit] heartbeat deinit end.
[INFO] HCCL(1243,host_server):2026-09-21-12:30:46.716.853 [cluster_monitor.cc:744] [1243][DeInit] heartbeat deinit begin.
[INFO] HCCL(1243,host_server):2026-09-21-12:30:46.716.855 [cluster_monitor.cc:768] [1243][DeInit] heartbeat deinit end.
[INFO] HCCL(1243,host_server):2026-09-21-12:30:46.716.857 [cluster_monitor.cc:744] [1243][DeInit] heartbeat deinit begin.
[INFO] HCCL(1243,host_server):2026-09-21-12:30:46.716.858 [cluster_monitor.cc:768] [1243][DeInit] heartbeat deinit end.
[INFO] HCCL(1243,host_server):2026-09-21-12:30:46.716.860 [cluster_monitor.cc:744] [1243][DeInit] heartbeat deinit begin.
[INFO] HCCL(1243,host_server):2026-09-21-12:30:46.716.862 [cluster_monitor.cc:768] [1243][DeInit] heartbeat deinit end.
[INFO] HCCL(1243,host_server):2026-09-21-12:30:46.716.864 [cluster_monitor.cc:744] [1243][DeInit] heartbeat deinit begin.
[INFO] HCCL(1243,host_server):2026-09-21-12:30:46.716.866 [cluster_monitor.cc:768] [1243][DeInit] heartbeat deinit end.
[INFO] HCCL(1243,host_server):2026-09-21-12:30:46.716.868 [cluster_monitor.cc:744] [1243][DeInit] heartbeat deinit begin.
[INFO] HCCL(1243,host_server):2026-09-21-12:30:46.716.870 [cluster_monitor.cc:768] [1243][DeInit] heartbeat deinit end.
[INFO] HCCL(1243,host_server):2026-09-21-12:30:46.716.872 [cluster_monitor.cc:744] [1243][DeInit] heartbeat deinit begin.
[INFO] HCCL(1243,host_server):2026-09-21-12:30:46.716.873 [cluster_monitor.cc:768] [1243][DeInit] heartbeat deinit end.
[INFO] HCCL(1243,host_server):2026-09-21-12:30:46.716.875 [cluster_monitor.cc:744] [1243][DeInit] heartbeat deinit begin.
[INFO] HCCL(1243,host_server):2026-09-21-12:30:46.716.877 [cluster_monitor.cc:768] [1243][DeInit] heartbeat deinit end.
[INFO] HCCL(1243,host_server):2026-09-21-12:30:46.716.879 [cluster_monitor.cc:744] [1243][DeInit] heartbeat deinit begin.
[INFO] HCCL(1243,host_server):2026-09-21-12:30:46.716.881 [cluster_monitor.cc:768] [1243][DeInit] heartbeat deinit end.
[INFO] HCCL(1243,host_server):2026-09-21-12:30:46.716.883 [cluster_monitor.cc:744] [1243][DeInit] heartbeat deinit begin.
[INFO] HCCL(1243,host_server):2026-09-21-12:30:46.716.884 [cluster_monitor.cc:768] [1243][DeInit] heartbeat deinit end.
[INFO] HCCL(1243,host_server):2026-09-21-12:30:46.716.886 [cluster_monitor.cc:744] [1243][DeInit] heartbeat deinit begin.
[INFO] HCCL(1243,host_server):2026-09-21-12:30:46.716.888 [cluster_monitor.cc:768] [1243][DeInit] heartbeat deinit end.
[INFO] HCCL(1243,host_server):2026-09-21-12:30:46.716.890 [cluster_monitor.cc:744] [1243][DeInit] heartbeat deinit begin.
[INFO] HCCL(1243,host_server):2026-09-21-12:30:46.716.892 [cluster_monitor.cc:768] [1243][DeInit] heartbeat deinit end.
[INFO] HCCL(1243,host_server):2026-09-21-12:30:46.716.894 [cluster_monitor.cc:744] [1243][DeInit] heartbeat deinit begin.
[INFO] HCCL(1243,host_server):2026-09-21-12:30:46.716.896 [cluster_monitor.cc:768] [1243][DeInit] heartbeat deinit end.
[INFO] HCCL(1243,host_server):2026-09-21-12:30:46.716.899 [cluster_monitor.cc:744] [1243][DeInit] heartbeat deinit begin.
[INFO] HCCL(1243,host_server):2026-09-21-12:30:46.716.901 [cluster_monitor.cc:768] [1243][DeInit] heartbeat deinit end.
[INFO] HCCL(1243,host_server):2026-09-21-12:30:46.716.903 [cluster_monitor.cc:744] [1243][DeInit] heartbeat deinit begin.
[INFO] HCCL(1243,host_server):2026-09-21-12:30:46.716.905 [cluster_monitor.cc:768] [1243][DeInit] heartbeat deinit end.
[INFO] HCCL(1243,host_server):2026-09-21-12:30:46.716.907 [cluster_monitor.cc:744] [1243][DeInit] heartbeat deinit begin.
[INFO] HCCL(1243,host_server):2026-09-21-12:30:46.716.909 [cluster_monitor.cc:768] [1243][DeInit] heartbeat deinit end.
[INFO] HCCL(1243,host_server):2026-09-21-12:30:46.716.911 [cluster_monitor.cc:744] [1243][DeInit] heartbeat deinit begin.
[INFO] HCCL(1243,host_server):2026-09-21-12:30:46.716.912 [cluster_monitor.cc:768] [1243][DeInit] heartbeat deinit end.
[INFO] HCCL(1243,host_server):2026-09-21-12:30:46.716.915 [cluster_monitor.cc:744] [1243][DeInit] heartbeat deinit begin.
[INFO] HCCL(1243,host_server):2026-09-21-12:30:46.716.916 [cluster_monitor.cc:768] [1243][DeInit] heartbeat deinit end.
[INFO] HCCL(1243,host_server):2026-09-21-12:30:46.716.918 [cluster_monitor.cc:744] [1243][DeInit] heartbeat deinit begin.
[INFO] HCCL(1243,host_server):2026-09-21-12:30:46.716.920 [cluster_monitor.cc:768] [1243][DeInit] heartbeat deinit end.
[INFO] HCCL(1243,host_server):2026-09-21-12:30:46.716.922 [cluster_monitor.cc:744] [1243][DeInit] heartbeat deinit begin.
[INFO] HCCL(1243,host_server):2026-09-21-12:30:46.716.924 [cluster_monitor.cc:768] [1243][DeInit] heartbeat deinit end.
[INFO] HCCL(1243,host_server):2026-09-21-12:30:46.716.926 [cluster_monitor.cc:744] [1243][DeInit] heartbeat deinit begin.
[INFO] HCCL(1243,host_server):2026-09-21-12:30:46.716.928 [cluster_monitor.cc:768] [1243][DeInit] heartbeat deinit end.
[INFO] HCCL(1243,host_server):2026-09-21-12:30:46.716.930 [cluster_monitor.cc:744] [1243][DeInit] heartbeat deinit begin.
[INFO] HCCL(1243,host_server):2026-09-21-12:30:46.716.932 [cluster_monitor.cc:768] [1243][DeInit] heartbeat deinit end.
[INFO] HCCL(1243,host_server):2026-09-21-12:30:46.716.934 [cluster_monitor.cc:744] [1243][DeInit] heartbeat deinit begin.
[INFO] HCCL(1243,host_server):2026-09-21-12:30:46.716.936 [cluster_monitor.cc:768] [1243][DeInit] heartbeat deinit end.
[INFO] HCCL(1243,host_server):2026-09-21-12:30:46.716.938 [cluster_monitor.cc:744] [1243][DeInit] heartbeat deinit begin.
[INFO] HCCL(1243,host_server):2026-09-21-12:30:46.716.939 [cluster_monitor.cc:768] [1243][DeInit] heartbeat deinit end.
[INFO] HCCL(1243,host_server):2026-09-21-12:30:46.716.942 [cluster_monitor.cc:744] [1243][DeInit] heartbeat deinit begin.
[INFO] HCCL(1243,host_server):2026-09-21-12:30:46.716.943 [cluster_monitor.cc:768] [1243][DeInit] heartbeat deinit end.
[INFO] HCCL(1243,host_server):2026-09-21-12:30:46.716.945 [cluster_monitor.cc:744] [1243][DeInit] heartbeat deinit begin.
[INFO] HCCL(1243,host_server):2026-09-21-12:30:46.716.947 [cluster_monitor.cc:768] [1243][DeInit] heartbeat deinit end.
[INFO] HCCL(1243,host_server):2026-09-21-12:30:46.716.949 [cluster_monitor.cc:744] [1243][DeInit] heartbeat deinit begin.
[INFO] HCCL(1243,host_server):2026-09-21-12:30:46.716.951 [cluster_monitor.cc:768] [1243][DeInit] heartbeat deinit end.
[INFO] HCCL(1243,host_server):2026-09-21-12:30:46.716.953 [cluster_monitor.cc:744] [1243][DeInit] heartbeat deinit begin.
[INFO] HCCL(1243,host_server):2026-09-21-12:30:46.716.955 [cluster_monitor.cc:768] [1243][DeInit] heartbeat deinit end.
[INFO] HCCL(1243,host_server):2026-09-21-12:30:46.716.957 [cluster_monitor.cc:744] [1243][DeInit] heartbeat deinit begin.
[INFO] HCCL(1243,host_server):2026-09-21-12:30:46.716.959 [cluster_monitor.cc:768] [1243][DeInit] heartbeat deinit end.
[INFO] HCCL(1243,host_server):2026-09-21-12:30:46.716.961 [cluster_monitor.cc:744] [1243][DeInit] heartbeat deinit begin.
[INFO] HCCL(1243,host_server):2026-09-21-12:30:46.716.963 [cluster_monitor.cc:768] [1243][DeInit] heartbeat deinit end.
[INFO] HCCL(1243,host_server):2026-09-21-12:30:46.716.966 [cluster_monitor.cc:744] [1243][DeInit] heartbeat deinit begin.
[INFO] HCCL(1243,host_server):2026-09-21-12:30:46.716.968 [cluster_monitor.cc:768] [1243][DeInit] heartbeat deinit end.
[INFO] HCCL(1243,host_server):2026-09-21-12:30:46.716.971 [cluster_monitor.cc:744] [1243][DeInit] heartbeat deinit begin.
[INFO] HCCL(1243,host_server):2026-09-21-12:30:46.716.972 [cluster_monitor.cc:768] [1243][DeInit] heartbeat deinit end.
[INFO] HCCL(1243,host_server):2026-09-21-12:30:46.716.975 [cluster_monitor.cc:744] [1243][DeInit] heartbeat deinit begin.
[INFO] HCCL(1243,host_server):2026-09-21-12:30:46.716.976 [cluster_monitor.cc:768] [1243][DeInit] heartbeat deinit end.
[INFO] HCCL(1243,host_server):2026-09-21-12:30:46.716.979 [cluster_monitor.cc:744] [1243][DeInit] heartbeat deinit begin.
[INFO] HCCL(1243,host_server):2026-09-21-12:30:46.716.980 [cluster_monitor.cc:768] [1243][DeInit] heartbeat deinit end.
[INFO] HCCL(1243,host_server):2026-09-21-12:30:46.716.982 [cluster_monitor.cc:744] [1243][DeInit] heartbeat deinit begin.
[INFO] HCCL(1243,host_server):2026-09-21-12:30:46.716.984 [cluster_monitor.cc:768] [1243][DeInit] heartbeat deinit end.
[INFO] HCCL(1243,host_server):2026-09-21-12:30:46.716.986 [cluster_monitor.cc:744] [1243][DeInit] heartbeat deinit begin.
[INFO] HCCL(1243,host_server):2026-09-21-12:30:46.716.988 [cluster_monitor.cc:768] [1243][DeInit] heartbeat deinit end.
[INFO] HCCL(1243,host_server):2026-09-21-12:30:46.716.990 [cluster_monitor.cc:744] [1243][DeInit] heartbeat deinit begin.
[INFO] HCCL(1243,host_server):2026-09-21-12:30:46.716.992 [cluster_monitor.cc:768] [1243][DeInit] heartbeat deinit end.
[INFO] HCCL(1243,host_server):2026-09-21-12:30:46.716.994 [cluster_monitor.cc:744] [1243][DeInit] heartbeat deinit begin.
[INFO] HCCL(1243,host_server):2026-09-21-12:30:46.716.996 [cluster_monitor.cc:768] [1243][DeInit] heartbeat deinit end.
[INFO] HCCL(1243,host_server):2026-09-21-12:30:46.716.998 [cluster_monitor.cc:744] [1243][DeInit] heartbeat deinit begin.
[INFO] HCCL(1243,host_server):2026-09-21-12:30:46.716.999 [cluster_monitor.cc:768] [1243][DeInit] heartbeat deinit end.
[INFO] HCCL(1243,host_server):2026-09-21-12:30:46.717.001 [cluster_monitor.cc:744] [1243][DeInit] heartbeat deinit begin.
[INFO] HCCL(1243,host_server):2026-09-21-12:30:46.717.003 [cluster_monitor.cc:768] [1243][DeInit] heartbeat deinit end.
[INFO] HCCL(1243,host_server):2026-09-21-12:30:46.717.005 [cluster_monitor.cc:744] [1243][DeInit] heartbeat deinit begin.
[INFO] HCCL(1243,host_server):2026-09-21-12:30:46.717.007 [cluster_monitor.cc:768] [1243][DeInit] heartbeat deinit end.
[INFO] HCCL(1243,host_server):2026-09-21-12:30:46.717.009 [cluster_monitor.cc:744] [1243][DeInit] heartbeat deinit begin.
[INFO] HCCL(1243,host_server):2026-09-21-12:30:46.717.011 [cluster_monitor.cc:768] [1243][DeInit] heartbeat deinit end.
[INFO] HCCL(1243,host_server):2026-09-21-12:30:46.717.013 [cluster_monitor.cc:744] [1243][DeInit] heartbeat deinit begin.
[INFO] HCCL(1243,host_server):2026-09-21-12:30:46.717.015 [cluster_monitor.cc:768] [1243][DeInit] heartbeat deinit end.
[INFO] HCCL(1243,host_server):2026-09-21-12:30:46.717.017 [cluster_monitor.cc:744] [1243][DeInit] heartbeat deinit begin.
[INFO] HCCL(1243,host_server):2026-09-21-12:30:46.717.019 [cluster_monitor.cc:768] [1243][DeInit] heartbeat deinit end.
[INFO] HCCL(1243,host_server):2026-09-21-12:30:46.717.021 [cluster_monitor.cc:744] [1243][DeInit] heartbeat deinit begin.
[INFO] HCCL(1243,host_server):2026-09-21-12:30:46.717.023 [cluster_monitor.cc:768] [1243][DeInit] heartbeat deinit end.
[INFO] HCCL(1243,host_server):2026-09-21-12:30:46.717.025 [cluster_monitor.cc:744] [1243][DeInit] heartbeat deinit begin.
[INFO] HCCL(1243,host_server):2026-09-21-12:30:46.717.027 [cluster_monitor.cc:768] [1243][DeInit] heartbeat deinit end.
[INFO] HCCL(1243,host_server):2026-09-21-12:30:46.717.029 [cluster_monitor.cc:744] [1243][DeInit] heartbeat deinit begin.
[INFO] HCCL(1243,host_server):2026-09-21-12:30:46.717.030 [cluster_monitor.cc:768] [1243][DeInit] heartbeat deinit end.
[INFO] HCCL(1243,host_server):2026-09-21-12:30:46.717.034 [cluster_monitor.cc:744] [1243][DeInit] heartbeat deinit begin.
[INFO] HCCL(1243,host_server):2026-09-21-12:30:46.717.035 [cluster_monitor.cc:768] [1243][DeInit] heartbeat deinit end.
[INFO] HCCL(1243,host_server):2026-09-21-12:30:46.717.038 [cluster_monitor.cc:744] [1243][DeInit] heartbeat deinit begin.
[INFO] HCCL(1243,host_server):2026-09-21-12:30:46.717.040 [cluster_monitor.cc:768] [1243][DeInit] heartbeat deinit end.
[INFO] HCCL(1243,host_server):2026-09-21-12:30:46.717.042 [cluster_monitor.cc:744] [1243][DeInit] heartbeat deinit begin.
[INFO] HCCL(1243,host_server):2026-09-21-12:30:46.717.044 [cluster_monitor.cc:768] [1243][DeInit] heartbeat deinit end.
[INFO] HCCL(1243,host_server):2026-09-21-12:30:46.717.821 [global_net_dev_manager.cc:36] [1243][GlobalNetDevMgr][~GlobalNetDevMgr] start.
[INFO] HCCL(1243,host_server):2026-09-21-12:30:46.717.823 [global_net_dev_manager.cc:40] [1243][GlobalNetDevMgr][~GlobalNetDevMgr] end.
[INFO] HCCL(1243,host_server):2026-09-21-12:30:46.717.825 [global_net_dev_manager.cc:36] [1243][GlobalNetDevMgr][~GlobalNetDevMgr] start.
[INFO] HCCL(1243,host_server):2026-09-21-12:30:46.717.826 [global_net_dev_manager.cc:40] [1243][GlobalNetDevMgr][~GlobalNetDevMgr] end.
[INFO] HCCL(1243,host_server):2026-09-21-12:30:46.717.827 [global_net_dev_manager.cc:36] [1243][GlobalNetDevMgr][~GlobalNetDevMgr] start.
[INFO] HCCL(1243,host_server):2026-09-21-12:30:46.717.829 [global_net_dev_manager.cc:40] [1243][GlobalNetDevMgr][~GlobalNetDevMgr] end.
[INFO] HCCL(1243,host_server):2026-09-21-12:30:46.717.830 [global_net_dev_manager.cc:36] [1243][GlobalNetDevMgr][~GlobalNetDevMgr] start.
[INFO] HCCL(1243,host_server):2026-09-21-12:30:46.717.831 [global_net_dev_manager.cc:40] [1243][GlobalNetDevMgr][~GlobalNetDevMgr] end.
[INFO] HCCL(1243,host_server):2026-09-21-12:30:46.717.832 [global_net_dev_manager.cc:36] [1243][GlobalNetDevMgr][~GlobalNetDevMgr] start.
[INFO] HCCL(1243,host_server):2026-09-21-12:30:46.717.834 [global_net_dev_manager.cc:40] [1243][GlobalNetDevMgr][~GlobalNetDevMgr] end.
[INFO] HCCL(1243,host_server):2026-09-21-12:30:46.717.835 [global_net_dev_manager.cc:36] [1243][GlobalNetDevMgr][~GlobalNetDevMgr] start.
[INFO] HCCL(1243,host_server):2026-09-21-12:30:46.717.836 [global_net_dev_manager.cc:40] [1243][GlobalNetDevMgr][~GlobalNetDevMgr] end.
[INFO] HCCL(1243,host_server):2026-09-21-12:30:46.717.837 [global_net_dev_manager.cc:36] [1243][GlobalNetDevMgr][~GlobalNetDevMgr] start.
[INFO] HCCL(1243,host_server):2026-09-21-12:30:46.717.839 [global_net_dev_manager.cc:40] [1243][GlobalNetDevMgr][~GlobalNetDevMgr] end.
[INFO] HCCL(1243,host_server):2026-09-21-12:30:46.717.840 [global_net_dev_manager.cc:36] [1243][GlobalNetDevMgr][~GlobalNetDevMgr] start.
[INFO] HCCL(1243,host_server):2026-09-21-12:30:46.717.841 [global_net_dev_manager.cc:40] [1243][GlobalNetDevMgr][~GlobalNetDevMgr] end.
[INFO] HCCL(1243,host_server):2026-09-21-12:30:46.717.842 [global_net_dev_manager.cc:36] [1243][GlobalNetDevMgr][~GlobalNetDevMgr] start.
[INFO] HCCL(1243,host_server):2026-09-21-12:30:46.717.843 [global_net_dev_manager.cc:40] [1243][GlobalNetDevMgr][~GlobalNetDevMgr] end.
[INFO] HCCL(1243,host_server):2026-09-21-12:30:46.717.845 [global_net_dev_manager.cc:36] [1243][GlobalNetDevMgr][~GlobalNetDevMgr] start.
[INFO] HCCL(1243,host_server):2026-09-21-12:30:46.717.846 [global_net_dev_manager.cc:40] [1243][GlobalNetDevMgr][~GlobalNetDevMgr] end.
[INFO] HCCL(1243,host_server):2026-09-21-12:30:46.717.847 [global_net_dev_manager.cc:36] [1243][GlobalNetDevMgr][~GlobalNetDevMgr] start.
[INFO] HCCL(1243,host_server):2026-09-21-12:30:46.717.848 [global_net_dev_manager.cc:40] [1243][GlobalNetDevMgr][~GlobalNetDevMgr] end.
[INFO] HCCL(1243,host_server):2026-09-21-12:30:46.717.850 [global_net_dev_manager.cc:36] [1243][GlobalNetDevMgr][~GlobalNetDevMgr] start.
[INFO] HCCL(1243,host_server):2026-09-21-12:30:46.717.851 [global_net_dev_manager.cc:40] [1243][GlobalNetDevMgr][~GlobalNetDevMgr] end.
[INFO] HCCL(1243,host_server):2026-09-21-12:30:46.717.852 [global_net_dev_manager.cc:36] [1243][GlobalNetDevMgr][~GlobalNetDevMgr] start.
[INFO] HCCL(1243,host_server):2026-09-21-12:30:46.717.856 [global_net_dev_manager.cc:40] [1243][GlobalNetDevMgr][~GlobalNetDevMgr] end.
[INFO] HCCL(1243,host_server):2026-09-21-12:30:46.717.857 [global_net_dev_manager.cc:36] [1243][GlobalNetDevMgr][~GlobalNetDevMgr] start.
[INFO] HCCL(1243,host_server):2026-09-21-12:30:46.717.858 [global_net_dev_manager.cc:40] [1243][GlobalNetDevMgr][~GlobalNetDevMgr] end.
[INFO] HCCL(1243,host_server):2026-09-21-12:30:46.717.859 [global_net_dev_manager.cc:36] [1243][GlobalNetDevMgr][~GlobalNetDevMgr] start.
[INFO] HCCL(1243,host_server):2026-09-21-12:30:46.717.861 [global_net_dev_manager.cc:40] [1243][GlobalNetDevMgr][~GlobalNetDevMgr] end.
[INFO] HCCL(1243,host_server):2026-09-21-12:30:46.717.862 [global_net_dev_manager.cc:36] [1243][GlobalNetDevMgr][~GlobalNetDevMgr] start.
[INFO] HCCL(1243,host_server):2026-09-21-12:30:46.717.863 [global_net_dev_manager.cc:40] [1243][GlobalNetDevMgr][~GlobalNetDevMgr] end.
[INFO] HCCL(1243,host_server):2026-09-21-12:30:46.717.864 [global_net_dev_manager.cc:36] [1243][GlobalNetDevMgr][~GlobalNetDevMgr] start.
[INFO] HCCL(1243,host_server):2026-09-21-12:30:46.717.865 [global_net_dev_manager.cc:40] [1243][GlobalNetDevMgr][~GlobalNetDevMgr] end.
[INFO] HCCL(1243,host_server):2026-09-21-12:30:46.717.867 [global_net_dev_manager.cc:36] [1243][GlobalNetDevMgr][~GlobalNetDevMgr] start.
[INFO] HCCL(1243,host_server):2026-09-21-12:30:46.717.868 [global_net_dev_manager.cc:40] [1243][GlobalNetDevMgr][~GlobalNetDevMgr] end.
[INFO] HCCL(1243,host_server):2026-09-21-12:30:46.717.869 [global_net_dev_manager.cc:36] [1243][GlobalNetDevMgr][~GlobalNetDevMgr] start.
[INFO] HCCL(1243,host_server):2026-09-21-12:30:46.717.870 [global_net_dev_manager.cc:40] [1243][GlobalNetDevMgr][~GlobalNetDevMgr] end.
[INFO] HCCL(1243,host_server):2026-09-21-12:30:46.717.872 [global_net_dev_manager.cc:36] [1243][GlobalNetDevMgr][~GlobalNetDevMgr] start.
[INFO] HCCL(1243,host_server):2026-09-21-12:30:46.717.873 [global_net_dev_manager.cc:40] [1243][GlobalNetDevMgr][~GlobalNetDevMgr] end.
[INFO] HCCL(1243,host_server):2026-09-21-12:30:46.717.874 [global_net_dev_manager.cc:36] [1243][GlobalNetDevMgr][~GlobalNetDevMgr] start.
[INFO] HCCL(1243,host_server):2026-09-21-12:30:46.717.875 [global_net_dev_manager.cc:40] [1243][GlobalNetDevMgr][~GlobalNetDevMgr] end.
[INFO] HCCL(1243,host_server):2026-09-21-12:30:46.717.877 [global_net_dev_manager.cc:36] [1243][GlobalNetDevMgr][~GlobalNetDevMgr] start.
[INFO] HCCL(1243,host_server):2026-09-21-12:30:46.717.878 [global_net_dev_manager.cc:40] [1243][GlobalNetDevMgr][~GlobalNetDevMgr] end.
[INFO] HCCL(1243,host_server):2026-09-21-12:30:46.717.879 [global_net_dev_manager.cc:36] [1243][GlobalNetDevMgr][~GlobalNetDevMgr] start.
[INFO] HCCL(1243,host_server):2026-09-21-12:30:46.717.880 [global_net_dev_manager.cc:40] [1243][GlobalNetDevMgr][~GlobalNetDevMgr] end.
[INFO] HCCL(1243,host_server):2026-09-21-12:30:46.717.882 [global_net_dev_manager.cc:36] [1243][GlobalNetDevMgr][~GlobalNetDevMgr] start.
[INFO] HCCL(1243,host_server):2026-09-21-12:30:46.717.883 [global_net_dev_manager.cc:40] [1243][GlobalNetDevMgr][~GlobalNetDevMgr] end.
[INFO] HCCL(1243,host_server):2026-09-21-12:30:46.717.884 [global_net_dev_manager.cc:36] [1243][GlobalNetDevMgr][~GlobalNetDevMgr] start.
[INFO] HCCL(1243,host_server):2026-09-21-12:30:46.717.885 [global_net_dev_manager.cc:40] [1243][GlobalNetDevMgr][~GlobalNetDevMgr] end.
[INFO] HCCL(1243,host_server):2026-09-21-12:30:46.717.887 [global_net_dev_manager.cc:36] [1243][GlobalNetDevMgr][~GlobalNetDevMgr] start.
[INFO] HCCL(1243,host_server):2026-09-21-12:30:46.717.888 [global_net_dev_manager.cc:40] [1243][GlobalNetDevMgr][~GlobalNetDevMgr] end.
[INFO] HCCL(1243,host_server):2026-09-21-12:30:46.717.889 [global_net_dev_manager.cc:36] [1243][GlobalNetDevMgr][~GlobalNetDevMgr] start.
[INFO] HCCL(1243,host_server):2026-09-21-12:30:46.717.890 [global_net_dev_manager.cc:40] [1243][GlobalNetDevMgr][~GlobalNetDevMgr] end.
[INFO] HCCL(1243,host_server):2026-09-21-12:30:46.717.892 [global_net_dev_manager.cc:36] [1243][GlobalNetDevMgr][~GlobalNetDevMgr] start.
[INFO] HCCL(1243,host_server):2026-09-21-12:30:46.717.894 [global_net_dev_manager.cc:40] [1243][GlobalNetDevMgr][~GlobalNetDevMgr] end.
[INFO] HCCL(1243,host_server):2026-09-21-12:30:46.717.895 [global_net_dev_manager.cc:36] [1243][GlobalNetDevMgr][~GlobalNetDevMgr] start.
[INFO] HCCL(1243,host_server):2026-09-21-12:30:46.717.896 [global_net_dev_manager.cc:40] [1243][GlobalNetDevMgr][~GlobalNetDevMgr] end.
[INFO] HCCL(1243,host_server):2026-09-21-12:30:46.717.898 [global_net_dev_manager.cc:36] [1243][GlobalNetDevMgr][~GlobalNetDevMgr] start.
[INFO] HCCL(1243,host_server):2026-09-21-12:30:46.717.899 [global_net_dev_manager.cc:40] [1243][GlobalNetDevMgr][~GlobalNetDevMgr] end.
[INFO] HCCL(1243,host_server):2026-09-21-12:30:46.717.900 [global_net_dev_manager.cc:36] [1243][GlobalNetDevMgr][~GlobalNetDevMgr] start.
[INFO] HCCL(1243,host_server):2026-09-21-12:30:46.717.901 [global_net_dev_manager.cc:40] [1243][GlobalNetDevMgr][~GlobalNetDevMgr] end.
[INFO] HCCL(1243,host_server):2026-09-21-12:30:46.717.902 [global_net_dev_manager.cc:36] [1243][GlobalNetDevMgr][~GlobalNetDevMgr] start.
[INFO] HCCL(1243,host_server):2026-09-21-12:30:46.717.904 [global_net_dev_manager.cc:40] [1243][GlobalNetDevMgr][~GlobalNetDevMgr] end.
[INFO] HCCL(1243,host_server):2026-09-21-12:30:46.717.905 [global_net_dev_manager.cc:36] [1243][GlobalNetDevMgr][~GlobalNetDevMgr] start.
[INFO] HCCL(1243,host_server):2026-09-21-12:30:46.717.906 [global_net_dev_manager.cc:40] [1243][GlobalNetDevMgr][~GlobalNetDevMgr] end.
[INFO] HCCL(1243,host_server):2026-09-21-12:30:46.717.907 [global_net_dev_manager.cc:36] [1243][GlobalNetDevMgr][~GlobalNetDevMgr] start.
[INFO] HCCL(1243,host_server):2026-09-21-12:30:46.717.909 [global_net_dev_manager.cc:40] [1243][GlobalNetDevMgr][~GlobalNetDevMgr] end.
[INFO] HCCL(1243,host_server):2026-09-21-12:30:46.717.910 [global_net_dev_manager.cc:36] [1243][GlobalNetDevMgr][~GlobalNetDevMgr] start.
[INFO] HCCL(1243,host_server):2026-09-21-12:30:46.717.911 [global_net_dev_manager.cc:40] [1243][GlobalNetDevMgr][~GlobalNetDevMgr] end.
[INFO] HCCL(1243,host_server):2026-09-21-12:30:46.717.912 [global_net_dev_manager.cc:36] [1243][GlobalNetDevMgr][~GlobalNetDevMgr] start.
[INFO] HCCL(1243,host_server):2026-09-21-12:30:46.717.914 [global_net_dev_manager.cc:40] [1243][GlobalNetDevMgr][~GlobalNetDevMgr] end.
[INFO] HCCL(1243,host_server):2026-09-21-12:30:46.717.915 [global_net_dev_manager.cc:36] [1243][GlobalNetDevMgr][~GlobalNetDevMgr] start.
[INFO] HCCL(1243,host_server):2026-09-21-12:30:46.717.916 [global_net_dev_manager.cc:40] [1243][GlobalNetDevMgr][~GlobalNetDevMgr] end.
[INFO] HCCL(1243,host_server):2026-09-21-12:30:46.717.917 [global_net_dev_manager.cc:36] [1243][GlobalNetDevMgr][~GlobalNetDevMgr] start.
[INFO] HCCL(1243,host_server):2026-09-21-12:30:46.717.919 [global_net_dev_manager.cc:40] [1243][GlobalNetDevMgr][~GlobalNetDevMgr] end.
[INFO] HCCL(1243,host_server):2026-09-21-12:30:46.717.920 [global_net_dev_manager.cc:36] [1243][GlobalNetDevMgr][~GlobalNetDevMgr] start.
[INFO] HCCL(1243,host_server):2026-09-21-12:30:46.717.921 [global_net_dev_manager.cc:40] [1243][GlobalNetDevMgr][~GlobalNetDevMgr] end.
[INFO] HCCL(1243,host_server):2026-09-21-12:30:46.717.922 [global_net_dev_manager.cc:36] [1243][GlobalNetDevMgr][~GlobalNetDevMgr] start.
[INFO] HCCL(1243,host_server):2026-09-21-12:30:46.717.924 [global_net_dev_manager.cc:40] [1243][GlobalNetDevMgr][~GlobalNetDevMgr] end.
[INFO] HCCL(1243,host_server):2026-09-21-12:30:46.717.925 [global_net_dev_manager.cc:36] [1243][GlobalNetDevMgr][~GlobalNetDevMgr] start.
[INFO] HCCL(1243,host_server):2026-09-21-12:30:46.717.926 [global_net_dev_manager.cc:40] [1243][GlobalNetDevMgr][~GlobalNetDevMgr] end.
[INFO] HCCL(1243,host_server):2026-09-21-12:30:46.717.927 [global_net_dev_manager.cc:36] [1243][GlobalNetDevMgr][~GlobalNetDevMgr] start.
[INFO] HCCL(1243,host_server):2026-09-21-12:30:46.717.929 [global_net_dev_manager.cc:40] [1243][GlobalNetDevMgr][~GlobalNetDevMgr] end.
[INFO] HCCL(1243,host_server):2026-09-21-12:30:46.717.931 [global_net_dev_manager.cc:36] [1243][GlobalNetDevMgr][~GlobalNetDevMgr] start.
[INFO] HCCL(1243,host_server):2026-09-21-12:30:46.717.932 [global_net_dev_manager.cc:40] [1243][GlobalNetDevMgr][~GlobalNetDevMgr] end.
[INFO] HCCL(1243,host_server):2026-09-21-12:30:46.717.933 [global_net_dev_manager.cc:36] [1243][GlobalNetDevMgr][~GlobalNetDevMgr] start.
[INFO] HCCL(1243,host_server):2026-09-21-12:30:46.717.935 [global_net_dev_manager.cc:40] [1243][GlobalNetDevMgr][~GlobalNetDevMgr] end.
[INFO] HCCL(1243,host_server):2026-09-21-12:30:46.717.936 [global_net_dev_manager.cc:36] [1243][GlobalNetDevMgr][~GlobalNetDevMgr] start.
[INFO] HCCL(1243,host_server):2026-09-21-12:30:46.717.937 [global_net_dev_manager.cc:40] [1243][GlobalNetDevMgr][~GlobalNetDevMgr] end.
[INFO] HCCL(1243,host_server):2026-09-21-12:30:46.717.938 [global_net_dev_manager.cc:36] [1243][GlobalNetDevMgr][~GlobalNetDevMgr] start.
[INFO] HCCL(1243,host_server):2026-09-21-12:30:46.717.940 [global_net_dev_manager.cc:40] [1243][GlobalNetDevMgr][~GlobalNetDevMgr] end.
[INFO] HCCL(1243,host_server):2026-09-21-12:30:46.717.941 [global_net_dev_manager.cc:36] [1243][GlobalNetDevMgr][~GlobalNetDevMgr] start.
[INFO] HCCL(1243,host_server):2026-09-21-12:30:46.717.942 [global_net_dev_manager.cc:40] [1243][GlobalNetDevMgr][~GlobalNetDevMgr] end.
[INFO] HCCL(1243,host_server):2026-09-21-12:30:46.717.943 [global_net_dev_manager.cc:36] [1243][GlobalNetDevMgr][~GlobalNetDevMgr] start.
[INFO] HCCL(1243,host_server):2026-09-21-12:30:46.717.944 [global_net_dev_manager.cc:40] [1243][GlobalNetDevMgr][~GlobalNetDevMgr] end.
[INFO] HCCL(1243,host_server):2026-09-21-12:30:46.717.946 [global_net_dev_manager.cc:36] [1243][GlobalNetDevMgr][~GlobalNetDevMgr] start.
[INFO] HCCL(1243,host_server):2026-09-21-12:30:46.717.947 [global_net_dev_manager.cc:40] [1243][GlobalNetDevMgr][~GlobalNetDevMgr] end.
[INFO] HCCL(1243,host_server):2026-09-21-12:30:46.717.948 [global_net_dev_manager.cc:36] [1243][GlobalNetDevMgr][~GlobalNetDevMgr] start.
[INFO] HCCL(1243,host_server):2026-09-21-12:30:46.717.949 [global_net_dev_manager.cc:40] [1243][GlobalNetDevMgr][~GlobalNetDevMgr] end.
[INFO] HCCL(1243,host_server):2026-09-21-12:30:46.717.951 [global_net_dev_manager.cc:36] [1243][GlobalNetDevMgr][~GlobalNetDevMgr] start.
[INFO] HCCL(1243,host_server):2026-09-21-12:30:46.717.952 [global_net_dev_manager.cc:40] [1243][GlobalNetDevMgr][~GlobalNetDevMgr] end.
[INFO] HCCL(1243,host_server):2026-09-21-12:30:46.717.953 [global_net_dev_manager.cc:36] [1243][GlobalNetDevMgr][~GlobalNetDevMgr] start.
[INFO] HCCL(1243,host_server):2026-09-21-12:30:46.717.954 [global_net_dev_manager.cc:40] [1243][GlobalNetDevMgr][~GlobalNetDevMgr] end.
[INFO] HCCL(1243,host_server):2026-09-21-12:30:46.717.955 [global_net_dev_manager.cc:36] [1243][GlobalNetDevMgr][~GlobalNetDevMgr] start.
[INFO] HCCL(1243,host_server):2026-09-21-12:30:46.717.957 [global_net_dev_manager.cc:40] [1243][GlobalNetDevMgr][~GlobalNetDevMgr] end.
[INFO] HCCL(1243,host_server):2026-09-21-12:30:46.717.958 [global_net_dev_manager.cc:36] [1243][GlobalNetDevMgr][~GlobalNetDevMgr] start.
[INFO] HCCL(1243,host_server):2026-09-21-12:30:46.717.959 [global_net_dev_manager.cc:40] [1243][GlobalNetDevMgr][~GlobalNetDevMgr] end.
[INFO] HCCL(1243,host_server):2026-09-21-12:30:46.717.960 [global_net_dev_manager.cc:36] [1243][GlobalNetDevMgr][~GlobalNetDevMgr] start.
[INFO] HCCL(1243,host_server):2026-09-21-12:30:46.717.962 [global_net_dev_manager.cc:40] [1243][GlobalNetDevMgr][~GlobalNetDevMgr] end.
[INFO] HCCL(1243,host_server):2026-09-21-12:30:46.717.963 [global_net_dev_manager.cc:36] [1243][GlobalNetDevMgr][~GlobalNetDevMgr] start.
[INFO] HCCL(1243,host_server):2026-09-21-12:30:46.717.964 [global_net_dev_manager.cc:40] [1243][GlobalNetDevMgr][~GlobalNetDevMgr] end.
[INFO] HCCL(1243,host_server):2026-09-21-12:30:46.717.965 [global_net_dev_manager.cc:36] [1243][GlobalNetDevMgr][~GlobalNetDevMgr] start.
[INFO] HCCL(1243,host_server):2026-09-21-12:30:46.717.967 [global_net_dev_manager.cc:40] [1243][GlobalNetDevMgr][~GlobalNetDevMgr] end.
[INFO] HCCL(1243,host_server):2026-09-21-12:30:46.717.969 [global_net_dev_manager.cc:36] [1243][GlobalNetDevMgr][~GlobalNetDevMgr] start.
[INFO] HCCL(1243,host_server):2026-09-21-12:30:46.717.970 [global_net_dev_manager.cc:40] [1243][GlobalNetDevMgr][~GlobalNetDevMgr] end.
[INFO] HCCL(1243,host_server):2026-09-21-12:30:46.717.971 [global_net_dev_manager.cc:36] [1243][GlobalNetDevMgr][~GlobalNetDevMgr] start.
[INFO] HCCL(1243,host_server):2026-09-21-12:30:46.717.972 [global_net_dev_manager.cc:40] [1243][GlobalNetDevMgr][~GlobalNetDevMgr] end.
[INFO] HCCL(1243,host_server):2026-09-21-12:30:46.717.974 [global_net_dev_manager.cc:36] [1243][GlobalNetDevMgr][~GlobalNetDevMgr] start.
[INFO] HCCL(1243,host_server):2026-09-21-12:30:46.717.975 [global_net_dev_manager.cc:40] [1243][GlobalNetDevMgr][~GlobalNetDevMgr] end.
[INFO] HCCL(1243,host_server):2026-09-21-12:30:46.717.976 [global_net_dev_manager.cc:36] [1243][GlobalNetDevMgr][~GlobalNetDevMgr] start.
[INFO] HCCL(1243,host_server):2026-09-21-12:30:46.717.977 [global_net_dev_manager.cc:40] [1243][GlobalNetDevMgr][~GlobalNetDevMgr] end.
[INFO] HCCL(1243,host_server):2026-09-21-12:30:46.717.979 [global_net_dev_manager.cc:36] [1243][GlobalNetDevMgr][~GlobalNetDevMgr] start.
[INFO] HCCL(1243,host_server):2026-09-21-12:30:46.717.980 [global_net_dev_manager.cc:40] [1243][GlobalNetDevMgr][~GlobalNetDevMgr] end.
[INFO] HCCL(1243,host_server):2026-09-21-12:30:46.717.981 [global_net_dev_manager.cc:36] [1243][GlobalNetDevMgr][~GlobalNetDevMgr] start.
[INFO] HCCL(1243,host_server):2026-09-21-12:30:46.717.982 [global_net_dev_manager.cc:40] [1243][GlobalNetDevMgr][~GlobalNetDevMgr] end.
[INFO] HCCL(1243,host_server):2026-09-21-12:30:46.717.983 [global_net_dev_manager.cc:36] [1243][GlobalNetDevMgr][~GlobalNetDevMgr] start.
[INFO] HCCL(1243,host_server):2026-09-21-12:30:46.717.985 [global_net_dev_manager.cc:40] [1243][GlobalNetDevMgr][~GlobalNetDevMgr] end.
[INFO] HCCL(1243,host_server):2026-09-21-12:30:46.717.986 [global_net_dev_manager.cc:36] [1243][GlobalNetDevMgr][~GlobalNetDevMgr] start.
[INFO] HCCL(1243,host_server):2026-09-21-12:30:46.717.987 [global_net_dev_manager.cc:40] [1243][GlobalNetDevMgr][~GlobalNetDevMgr] end.
[INFO] HCCL(1243,host_server):2026-09-21-12:30:46.717.988 [global_net_dev_manager.cc:36] [1243][GlobalNetDevMgr][~GlobalNetDevMgr] start.
[INFO] HCCL(1243,host_server):2026-09-21-12:30:46.717.990 [global_net_dev_manager.cc:40] [1243][GlobalNetDevMgr][~GlobalNetDevMgr] end.
[INFO] HCCL(1243,host_server):2026-09-21-12:30:46.727.014 [global_mirror_tasks.cc:24][1243][GlobalMirrorTasks][~GlobalMirrorTasks]GlobalMirrorTasks Destroy
[INFO] HCCL(1243,host_server):2026-09-21-12:30:46.735.161 [network_manager.cc:1442] [1243]destroy all nic/vnic.
[INFO] HCCL(1243,host_server):2026-09-21-12:30:46.735.168 [network_manager.cc:1442] [1243]destroy all nic/vnic.
[INFO] HCCL(1243,host_server):2026-09-21-12:30:46.735.169 [network_manager.cc:1442] [1243]destroy all nic/vnic.
[INFO] HCCL(1243,host_server):2026-09-21-12:30:46.735.171 [network_manager.cc:1442] [1243]destroy all nic/vnic.
[INFO] HCCL(1243,host_server):2026-09-21-12:30:46.735.172 [network_manager.cc:1442] [1243]destroy all nic/vnic.
[INFO] HCCL(1243,host_server):2026-09-21-12:30:46.735.174 [network_manager.cc:1442] [1243]destroy all nic/vnic.
[INFO] HCCL(1243,host_server):2026-09-21-12:30:46.735.175 [network_manager.cc:1442] [1243]destroy all nic/vnic.
[INFO] HCCL(1243,host_server):2026-09-21-12:30:46.735.176 [network_manager.cc:1442] [1243]destroy all nic/vnic.
[INFO] HCCL(1243,host_server):2026-09-21-12:30:46.735.178 [network_manager.cc:1442] [1243]destroy all nic/vnic.
[INFO] HCCL(1243,host_server):2026-09-21-12:30:46.735.179 [network_manager.cc:1442] [1243]destroy all nic/vnic.
[INFO] HCCL(1243,host_server):2026-09-21-12:30:46.735.180 [network_manager.cc:1442] [1243]destroy all nic/vnic.
[INFO] HCCL(1243,host_server):2026-09-21-12:30:46.735.182 [network_manager.cc:1442] [1243]destroy all nic/vnic.
[INFO] HCCL(1243,host_server):2026-09-21-12:30:46.735.183 [network_manager.cc:1442] [1243]destroy all nic/vnic.
[INFO] HCCL(1243,host_server):2026-09-21-12:30:46.735.190 [network_manager.cc:1442] [1243]destroy all nic/vnic.
[INFO] HCCL(1243,host_server):2026-09-21-12:30:46.735.191 [network_manager.cc:1442] [1243]destroy all nic/vnic.
[INFO] HCCL(1243,host_server):2026-09-21-12:30:46.735.192 [network_manager.cc:1442] [1243]destroy all nic/vnic.
[INFO] HCCL(1243,host_server):2026-09-21-12:30:46.735.194 [network_manager.cc:1442] [1243]destroy all nic/vnic.
[INFO] HCCL(1243,host_server):2026-09-21-12:30:46.735.195 [network_manager.cc:1442] [1243]destroy all nic/vnic.
[INFO] HCCL(1243,host_server):2026-09-21-12:30:46.735.196 [network_manager.cc:1442] [1243]destroy all nic/vnic.
[INFO] HCCL(1243,host_server):2026-09-21-12:30:46.735.198 [network_manager.cc:1442] [1243]destroy all nic/vnic.
[INFO] HCCL(1243,host_server):2026-09-21-12:30:46.735.199 [network_manager.cc:1442] [1243]destroy all nic/vnic.
[INFO] HCCL(1243,host_server):2026-09-21-12:30:46.735.200 [network_manager.cc:1442] [1243]destroy all nic/vnic.
[INFO] HCCL(1243,host_server):2026-09-21-12:30:46.735.202 [network_manager.cc:1442] [1243]destroy all nic/vnic.
[INFO] HCCL(1243,host_server):2026-09-21-12:30:46.735.203 [network_manager.cc:1442] [1243]destroy all nic/vnic.
[INFO] HCCL(1243,host_server):2026-09-21-12:30:46.735.204 [network_manager.cc:1442] [1243]destroy all nic/vnic.
[INFO] HCCL(1243,host_server):2026-09-21-12:30:46.735.206 [network_manager.cc:1442] [1243]destroy all nic/vnic.
[INFO] HCCL(1243,host_server):2026-09-21-12:30:46.735.207 [network_manager.cc:1442] [1243]destroy all nic/vnic.
[INFO] HCCL(1243,host_server):2026-09-21-12:30:46.735.208 [network_manager.cc:1442] [1243]destroy all nic/vnic.
[INFO] HCCL(1243,host_server):2026-09-21-12:30:46.735.210 [network_manager.cc:1442] [1243]destroy all nic/vnic.
[INFO] HCCL(1243,host_server):2026-09-21-12:30:46.735.211 [network_manager.cc:1442] [1243]destroy all nic/vnic.
[INFO] HCCL(1243,host_server):2026-09-21-12:30:46.735.212 [network_manager.cc:1442] [1243]destroy all nic/vnic.
[INFO] HCCL(1243,host_server):2026-09-21-12:30:46.735.214 [network_manager.cc:1442] [1243]destroy all nic/vnic.
[INFO] HCCL(1243,host_server):2026-09-21-12:30:46.736.618 [tbe_crack_cleared.cc:69] [1243]TbeCrackCleard Deinit
[INFO] HCCL(1243,host_server):2026-09-21-12:30:46.736.622 [tbe_crack_cleared.cc:69] [1243]TbeCrackCleard Deinit
[INFO] HCCL(1243,host_server):2026-09-21-12:30:46.736.624 [tbe_crack_cleared.cc:69] [1243]TbeCrackCleard Deinit
[INFO] HCCL(1243,host_server):2026-09-21-12:30:46.736.625 [tbe_crack_cleared.cc:69] [1243]TbeCrackCleard Deinit
[INFO] HCCL(1243,host_server):2026-09-21-12:30:46.736.626 [tbe_crack_cleared.cc:69] [1243]TbeCrackCleard Deinit
[INFO] HCCL(1243,host_server):2026-09-21-12:30:46.736.628 [tbe_crack_cleared.cc:69] [1243]TbeCrackCleard Deinit
[INFO] HCCL(1243,host_server):2026-09-21-12:30:46.736.629 [tbe_crack_cleared.cc:69] [1243]TbeCrackCleard Deinit
[INFO] HCCL(1243,host_server):2026-09-21-12:30:46.736.630 [tbe_crack_cleared.cc:69] [1243]TbeCrackCleard Deinit
[INFO] HCCL(1243,host_server):2026-09-21-12:30:46.736.632 [tbe_crack_cleared.cc:69] [1243]TbeCrackCleard Deinit
[INFO] HCCL(1243,host_server):2026-09-21-12:30:46.736.633 [tbe_crack_cleared.cc:69] [1243]TbeCrackCleard Deinit
[INFO] HCCL(1243,host_server):2026-09-21-12:30:46.736.635 [tbe_crack_cleared.cc:69] [1243]TbeCrackCleard Deinit
[INFO] HCCL(1243,host_server):2026-09-21-12:30:46.736.636 [tbe_crack_cleared.cc:69] [1243]TbeCrackCleard Deinit
[INFO] HCCL(1243,host_server):2026-09-21-12:30:46.736.637 [tbe_crack_cleared.cc:69] [1243]TbeCrackCleard Deinit
[INFO] HCCL(1243,host_server):2026-09-21-12:30:46.736.639 [tbe_crack_cleared.cc:69] [1243]TbeCrackCleard Deinit
[INFO] HCCL(1243,host_server):2026-09-21-12:30:46.736.640 [tbe_crack_cleared.cc:69] [1243]TbeCrackCleard Deinit
[INFO] HCCL(1243,host_server):2026-09-21-12:30:46.736.641 [tbe_crack_cleared.cc:69] [1243]TbeCrackCleard Deinit
[INFO] HCCL(1243,host_server):2026-09-21-12:30:46.736.643 [tbe_crack_cleared.cc:69] [1243]TbeCrackCleard Deinit
[INFO] HCCL(1243,host_server):2026-09-21-12:30:46.736.644 [tbe_crack_cleared.cc:69] [1243]TbeCrackCleard Deinit
[INFO] HCCL(1243,host_server):2026-09-21-12:30:46.736.648 [tbe_crack_cleared.cc:69] [1243]TbeCrackCleard Deinit
[INFO] HCCL(1243,host_server):2026-09-21-12:30:46.736.650 [tbe_crack_cleared.cc:69] [1243]TbeCrackCleard Deinit
[INFO] HCCL(1243,host_server):2026-09-21-12:30:46.736.651 [tbe_crack_cleared.cc:69] [1243]TbeCrackCleard Deinit
[INFO] HCCL(1243,host_server):2026-09-21-12:30:46.736.652 [tbe_crack_cleared.cc:69] [1243]TbeCrackCleard Deinit
[INFO] HCCL(1243,host_server):2026-09-21-12:30:46.736.654 [tbe_crack_cleared.cc:69] [1243]TbeCrackCleard Deinit
[INFO] HCCL(1243,host_server):2026-09-21-12:30:46.736.655 [tbe_crack_cleared.cc:69] [1243]TbeCrackCleard Deinit
[INFO] HCCL(1243,host_server):2026-09-21-12:30:46.736.657 [tbe_crack_cleared.cc:69] [1243]TbeCrackCleard Deinit
[INFO] HCCL(1243,host_server):2026-09-21-12:30:46.736.658 [tbe_crack_cleared.cc:69] [1243]TbeCrackCleard Deinit
[INFO] HCCL(1243,host_server):2026-09-21-12:30:46.736.660 [tbe_crack_cleared.cc:69] [1243]TbeCrackCleard Deinit
[INFO] HCCL(1243,host_server):2026-09-21-12:30:46.736.661 [tbe_crack_cleared.cc:69] [1243]TbeCrackCleard Deinit
[INFO] HCCL(1243,host_server):2026-09-21-12:30:46.736.662 [tbe_crack_cleared.cc:69] [1243]TbeCrackCleard Deinit
[INFO] HCCL(1243,host_server):2026-09-21-12:30:46.736.664 [tbe_crack_cleared.cc:69] [1243]TbeCrackCleard Deinit
[INFO] HCCL(1243,host_server):2026-09-21-12:30:46.736.665 [tbe_crack_cleared.cc:69] [1243]TbeCrackCleard Deinit
[INFO] HCCL(1243,host_server):2026-09-21-12:30:46.736.666 [tbe_crack_cleared.cc:69] [1243]TbeCrackCleard Deinit
[INFO] HCCL(1243,host_server):2026-09-21-12:30:46.736.668 [tbe_vector_reduce.cc:102] [1243]TbeVectorReduce Deinit
[INFO] HCCL(1243,host_server):2026-09-21-12:30:46.736.669 [tbe_vector_reduce.cc:102] [1243]TbeVectorReduce Deinit
[INFO] HCCL(1243,host_server):2026-09-21-12:30:46.736.671 [tbe_vector_reduce.cc:102] [1243]TbeVectorReduce Deinit
[INFO] HCCL(1243,host_server):2026-09-21-12:30:46.736.672 [tbe_vector_reduce.cc:102] [1243]TbeVectorReduce Deinit
[INFO] HCCL(1243,host_server):2026-09-21-12:30:46.736.673 [tbe_vector_reduce.cc:102] [1243]TbeVectorReduce Deinit
[INFO] HCCL(1243,host_server):2026-09-21-12:30:46.736.675 [tbe_vector_reduce.cc:102] [1243]TbeVectorReduce Deinit
[INFO] HCCL(1243,host_server):2026-09-21-12:30:46.736.676 [tbe_vector_reduce.cc:102] [1243]TbeVectorReduce Deinit
[INFO] HCCL(1243,host_server):2026-09-21-12:30:46.736.678 [tbe_vector_reduce.cc:102] [1243]TbeVectorReduce Deinit
[INFO] HCCL(1243,host_server):2026-09-21-12:30:46.736.679 [tbe_vector_reduce.cc:102] [1243]TbeVectorReduce Deinit
[INFO] HCCL(1243,host_server):2026-09-21-12:30:46.736.680 [tbe_vector_reduce.cc:102] [1243]TbeVectorReduce Deinit
[INFO] HCCL(1243,host_server):2026-09-21-12:30:46.736.682 [tbe_vector_reduce.cc:102] [1243]TbeVectorReduce Deinit
[INFO] HCCL(1243,host_server):2026-09-21-12:30:46.736.683 [tbe_vector_reduce.cc:102] [1243]TbeVectorReduce Deinit
[INFO] HCCL(1243,host_server):2026-09-21-12:30:46.736.684 [tbe_vector_reduce.cc:102] [1243]TbeVectorReduce Deinit
[INFO] HCCL(1243,host_server):2026-09-21-12:30:46.736.686 [tbe_vector_reduce.cc:102] [1243]TbeVectorReduce Deinit
[INFO] HCCL(1243,host_server):2026-09-21-12:30:46.736.687 [tbe_vector_reduce.cc:102] [1243]TbeVectorReduce Deinit
[INFO] HCCL(1243,host_server):2026-09-21-12:30:46.736.688 [tbe_vector_reduce.cc:102] [1243]TbeVectorReduce Deinit
[INFO] HCCL(1243,host_server):2026-09-21-12:30:46.736.690 [tbe_vector_reduce.cc:102] [1243]TbeVectorReduce Deinit
[INFO] HCCL(1243,host_server):2026-09-21-12:30:46.736.691 [tbe_vector_reduce.cc:102] [1243]TbeVectorReduce Deinit
[INFO] HCCL(1243,host_server):2026-09-21-12:30:46.736.692 [tbe_vector_reduce.cc:102] [1243]TbeVectorReduce Deinit
[INFO] HCCL(1243,host_server):2026-09-21-12:30:46.736.694 [tbe_vector_reduce.cc:102] [1243]TbeVectorReduce Deinit
[INFO] HCCL(1243,host_server):2026-09-21-12:30:46.736.695 [tbe_vector_reduce.cc:102] [1243]TbeVectorReduce Deinit
[INFO] HCCL(1243,host_server):2026-09-21-12:30:46.736.696 [tbe_vector_reduce.cc:102] [1243]TbeVectorReduce Deinit
[INFO] HCCL(1243,host_server):2026-09-21-12:30:46.736.699 [tbe_vector_reduce.cc:102] [1243]TbeVectorReduce Deinit
[INFO] HCCL(1243,host_server):2026-09-21-12:30:46.736.700 [tbe_vector_reduce.cc:102] [1243]TbeVectorReduce Deinit
[INFO] HCCL(1243,host_server):2026-09-21-12:30:46.736.702 [tbe_vector_reduce.cc:102] [1243]TbeVectorReduce Deinit
[INFO] HCCL(1243,host_server):2026-09-21-12:30:46.736.703 [tbe_vector_reduce.cc:102] [1243]TbeVectorReduce Deinit
[INFO] HCCL(1243,host_server):2026-09-21-12:30:46.736.704 [tbe_vector_reduce.cc:102] [1243]TbeVectorReduce Deinit
[INFO] HCCL(1243,host_server):2026-09-21-12:30:46.736.706 [tbe_vector_reduce.cc:102] [1243]TbeVectorReduce Deinit
[INFO] HCCL(1243,host_server):2026-09-21-12:30:46.736.707 [tbe_vector_reduce.cc:102] [1243]TbeVectorReduce Deinit
[INFO] HCCL(1243,host_server):2026-09-21-12:30:46.736.708 [tbe_vector_reduce.cc:102] [1243]TbeVectorReduce Deinit
[INFO] HCCL(1243,host_server):2026-09-21-12:30:46.736.710 [tbe_vector_reduce.cc:102] [1243]TbeVectorReduce Deinit
[INFO] HCCL(1243,host_server):2026-09-21-12:30:46.736.711 [tbe_vector_reduce.cc:102] [1243]TbeVectorReduce Deinit
[INFO] IDEDD(1243,host_server):2026-09-21-12:30:46.737.430 [kernel_dfx_dumper.cpp:151][tid:1243] Begin to stop the dfx dump task.
[INFO] RUNTIME(1243,host_server):2026-09-21-12:30:46.737.582 [runtime_keeper.cc:228] 1243 DestroyPoolRegistryImpl: Destroy PoolRegistry success.
[INFO] RUNTIME(1243,host_server):2026-09-21-12:30:46.737.586 [runtime_adapt.cc:58] 1243 ~Runtime: runtime destructor.
[INFO] RUNTIME(1243,host_server):2026-09-21-12:30:46.737.588 [runtime.cc:1340] 1243 WaitMonitorExit: wait monitor success, used count=0.
[INFO] RUNTIME(1243,host_server):2026-09-21-12:30:46.744.394 [tprt.cc:23][TPRT]TID[1243] ~TprtManage: ~TprtManage
[INFO] RUNTIME(1243,host_server):2026-09-21-12:30:46.744.401 [plugin_old_arch.cc:39] 1243 DestructorRuntimeImpl: RuntimeImpl destructor success
[INFO] RUNTIME(1243,host_server):2026-09-21-12:30:46.744.403 [runtime_keeper.cc:245] 1243 DestroyRuntimeImpl: Destroy Runtime success
[INFO] RUNTIME(1243,host_server):2026-09-21-12:30:46.744.636 [xpu_task_fail_callback_data_manager.cc:64] 1243 ~XpuTaskFailCallBackManager: XpuTaskFailCallBackManager Destructor.
[INFO] RUNTIME(1243,host_server):2026-09-21-12:30:46.744.640 [task_fail_callback_data_manager.cc:98] 1243 ~TaskFailCallBackManager: Destructor.
[INFO] ATRACE(1243,host_server):2026-09-21-12:30:46.744.996 [awatchdog_monitor.c:233](tid:1243) AwdMonitorExit
