[INFO] ATRACE(604,host_server):2026-09-21-12:09:02.339.478 [trace_core.c:31](tid:604) atrace is not supported, init nothing.
[INFO] ATRACE(604,host_server):2026-09-21-12:09:02.339.517 [awatchdog_core.c:99](tid:604) watchdog get platform host side
[INFO] ATRACE(604,host_server):2026-09-21-12:09:02.339.632 [awatchdog_monitor.c:127](tid:604) create monitor thread successfully, tid :281473275560960 
[INFO] ATRACE(604,host_server):2026-09-21-12:09:02.339.635 [awatchdog_monitor.c:225](tid:604) AwdMonitorInit
[WARNING] RUNTIME(604,host_server):2026-09-21-12:09:02.339.801 [runtime_keeper.cc:258] 604 RegisterDrvErrMsgHandle: [drv api] drv_log_report_err_msg_handle_register does not exist, skip register err msg handle.
[INFO] RUNTIME(604,host_server):2026-09-21-12:09:02.339.805 [task_fail_callback_data_manager.cc:93] 604 TaskFailCallBackManager: Constructor.
[INFO] RUNTIME(604,host_server):2026-09-21-12:09:02.339.807 [xpu_task_fail_callback_data_manager.cc:59] 604 XpuTaskFailCallBackManager: XpuTaskFailCallBackManager Constructor.
[INFO] IDEDD(604,host_server):2026-09-21-12:09:02.340.135 [dump_config_converter.cpp:1153][tid:604] No Env enable exception dump
[INFO] TDT(604,host_server):2026-09-21-12:09:02.341.046 [package_worker_factory.cpp:38][RegisterPackageWorkerCreator][tid:604] Register[2] package worker was created successfully
[INFO] TDT(604,host_server):2026-09-21-12:09:02.341.052 [package_worker_factory.cpp:38][RegisterPackageWorkerCreator][tid:604] Register[3] package worker was created successfully
[INFO] HCCL(604,host_server):2026-09-21-12:09:02.345.617 [global_mirror_tasks.cc:19][604][GlobalMirrorTasks][GlobalMirrorTasks]GlobalMirrorTasks Contruct
[INFO] HCCL(604,host_server):2026-09-21-12:09:02.352.398 [adapter_rts.cc:2585] [604][adapter_rts.cc][CallBackInitRts] g_deviceType [8] g_deviceLogicId [-1] g_devicePhyId [-1]
[INFO] GE(604,host_server):2026-09-21-12:09:02.368.111 [error_manager.cc:1047]604 RegisterFormatErrorMessage:RegisterFormatErrorMessage, try to register error message
LIBRARY HcommEndpointCreate => /usr/local/Ascend/cann-9.1.0/lib64/libhcomm.so

STAGE 1. 创建 HOST/ROCE Endpoint，hcomm 插件管理 mlx5 网络资源
API EndpointDescInit(&desc, 1) => 0
[WARNING] HCCL(604,host_server):2026-09-21-12:09:02.376.206 [hcomm_adapter_runtime.cc:33] [604][HcommAdapterRuntime][ResolveRuntimeDevicePhyId] force Host-only resource id[0], env[HCOMM_FORCE_HOST_NIC_PLUGIN]=1, test only.
[INFO] ASCENDCL(604,host_server):2026-09-21-12:09:02.376.331 [device.cpp:216]604 aclrtGetDeviceCountImpl: start to execute aclrtGetDeviceCount
[INFO] RUNTIME(604,host_server):2026-09-21-12:09:02.376.342 [runtime_keeper.cc:98] 604 GetDeviceType: hardwareVersion=0xffffffffffffffff
[INFO] RUNTIME(604,host_server):2026-09-21-12:09:02.377.171 [plugin_old_arch.cc:21] 604 ConstructRuntimeImpl: RuntimeImpl construct success, runtime = 0xaaaaf341c780
[INFO] RUNTIME(604,host_server):2026-09-21-12:09:02.377.180 [runtime_keeper.cc:211] 604 CreateRuntimeImpl: Open libruntime_v100.so successfully
[INFO] RUNTIME(604,host_server):2026-09-21-12:09:02.377.182 [runtime_keeper.cc:331] 604 BootRuntime: new Runtime ok, Runtime_alloc_size 13920.
[INFO] RUNTIME(604,host_server):2026-09-21-12:09:02.377.189 [runtime.cc:1081] 604 CheckHaveDevice: hardwareVersion=0xffffffffffffffff
[INFO] RUNTIME(604,host_server):2026-09-21-12:09:02.377.200 [runtime.cc:810] 604 InitChipTypeAndSocVersion: Runtime init: device type=0, soc version=, have device=0
[WARNING] RUNTIME(604,host_server):2026-09-21-12:09:02.377.205 [ini_parse_utils.cc:136] 604 ParseIniFile: socVersion is empty, skip ini parse.
[INFO] RUNTIME(604,host_server):2026-09-21-12:09:02.377.212 [runtime.cc:822] 604 InitApiImplies: ApiImpl:Runtime_alloc_size 16
[INFO] RUNTIME(604,host_server):2026-09-21-12:09:02.377.213 [runtime.cc:830] 604 InitApiImplies: ApiImplMbuf:Runtime_alloc_size 8
[INFO] RUNTIME(604,host_server):2026-09-21-12:09:02.377.215 [runtime.cc:838] 604 InitApiImplies: ApiImplSoma:Runtime_alloc_size 8
[INFO] RUNTIME(604,host_server):2026-09-21-12:09:02.377.216 [runtime.cc:849] 604 InitLogger: Logger:Runtime_alloc_size 32
[INFO] RUNTIME(604,host_server):2026-09-21-12:09:02.377.228 [runtime.cc:860] 604 InitApiProfiler: RProfiler:Runtime_alloc_size 176
[INFO] RUNTIME(604,host_server):2026-09-21-12:09:02.377.236 [profiler.cc:88] 604 Init: Init ok, Runtime_alloc_size 48
[INFO] RUNTIME(604,host_server):2026-09-21-12:09:02.377.241 [runtime.cc:877] 604 InitApiErrorDecorator: ApiErrorDecorator:Runtime_alloc_size 16.
[INFO] RUNTIME(604,host_server):2026-09-21-12:09:02.377.243 [runtime.cc:888] 604 InitThreadGuard: Runtime init:new ThreadGuard ok, Runtime_alloc_size 104.
[INFO] RUNTIME(604,host_server):2026-09-21-12:09:02.377.244 [runtime.cc:900] 604 InitStreamObserver: EngineStreamObserver:Runtime_alloc_size 8.
[INFO] RUNTIME(604,host_server):2026-09-21-12:09:02.377.246 [runtime.cc:913] 604 InitAicpuStreamIdBitmap: Bitmap(1024):Runtime_alloc_size 80.
[INFO] RUNTIME(604,host_server):2026-09-21-12:09:02.377.248 [runtime.cc:931] 604 InitCbSubscribe: The thread group num is 128
[INFO] RUNTIME(604,host_server):2026-09-21-12:09:02.377.249 [runtime.cc:938] 604 InitCbSubscribe: Runtime init:new CbSubscribe ok, Runtime_alloc_size 320.
[INFO] RUNTIME(604,host_server):2026-09-21-12:09:02.377.268 [runtime.cc:115] 604 Init: ObjAllocator alloc success, Runtime_alloc_size 1920(bytes)
[INFO] RUNTIME(604,host_server):2026-09-21-12:09:02.377.272 [runtime.cc:127] 604 Init: ObjAllocator alloc success, Runtime_alloc_size 11520(bytes)
[INFO] RUNTIME(604,host_server):2026-09-21-12:09:02.377.306 [runtime.cc:1011] 604 InitLabelAllocator: Runtime init:new LabelAllocator ok, Runtime_alloc_size 131152.
[INFO] RUNTIME(604,host_server):2026-09-21-12:09:02.377.309 [runtime.cc:1019] 604 InitSetRuntimeVersion: set runtime api ver success
[INFO] RUNTIME(604,host_server):2026-09-21-12:09:02.377.311 [runtime.cc:1032] 604 InitNpuCollectPath: NPU_COLLECT_PATH is not set!
[INFO] RUNTIME(604,host_server):2026-09-21-12:09:02.377.328 [runtime.cc:1195] 604 FindDcacheLockOp: Dcache lock feature is not supported on chip type=0.
[INFO] PROFILING(604,host_server):2026-09-21-12:09:02.377.332 [prof_cann_plugin.cpp:390] (tid:604) Register module[RUNTIME(7)] callback.
[INFO] ASCENDCL(604,host_server):2026-09-21-12:09:02.377.340 [device.cpp:220]604 aclrtGetDeviceCountImpl: successfully execute aclrtGetDeviceCount, get device count is 0.
[INFO] HCCL(604,host_server):2026-09-21-12:09:02.377.874 [nic_plugin_manager.cc:110] [604][NicPlugin] protocol[1] is handled by plugin[hcomm_cpu_roce].
[INFO] HCCL(604,host_server):2026-09-21-12:09:02.378.361 [nic_plugin_manager.cc:110] [604][NicPlugin] protocol[5] is handled by plugin[hcomm_cpu_ub].
[INFO] HCCL(604,host_server):2026-09-21-12:09:02.378.365 [nic_plugin_manager.cc:110] [604][NicPlugin] protocol[4] is handled by plugin[hcomm_cpu_ub].
[INFO] HCCL(604,host_server):2026-09-21-12:09:02.378.370 [cpu_roce_endpoint.cc:50] [604][Init] localEndpoint protocol[1]
[INFO] HCCL(604,host_server):2026-09-21-12:09:02.378.414 [orion_adapter_hccp.cc:737][604][HrtRaSocketSetWhiteListStatus] Input params: enable=1
[INFO] HCCP(604,host_server):2026-09-21-12:09:02.378.421 [ra_host.c:1558]tid:604,RaSocketSetWhiteListStatus : Input parameters: enable[1]
[INFO] HCCL(604,host_server):2026-09-21-12:09:02.378.427 [orion_adapter_hccp.cc:744][604]set host socket whitelist status[1] success.
[INFO] HCCL(604,host_server):2026-09-21-12:09:02.378.432 [orion_adapter_hccp.cc:198][604][Init][Ra] Input params: phyId=[0], mode=[0]
[INFO] HCCL(604,host_server):2026-09-21-12:09:02.378.454 [base_config.cc:21][604][HCCL_ENV] HCCL_IF_IP set by default to [IpAddress[0000:0000:0000:0000:0000:0000:0000:0000, AF=IPv4, addr=0.0.0.0]]
[INFO] HCCL(604,host_server):2026-09-21-12:09:02.378.457 [base_config.cc:25][604][HCCL_ENV] HCCL_IF_BASE_PORT set by default to [65536]
[INFO] HCCL(604,host_server):2026-09-21-12:09:02.378.460 [base_config.cc:29][604][HCCL_ENV] HCCL_SOCKET_IFNAME set by default to []
[INFO] HCCL(604,host_server):2026-09-21-12:09:02.378.462 [base_config.cc:33][604][HCCL_ENV] HCCL_WHITELIST_DISABLE set by environment to [0]
[INFO] HCCL(604,host_server):2026-09-21-12:09:02.378.464 [base_config.cc:38][604][HCCL_ENV] HCCL_WHITELIST_FILE set by default to []
[INFO] HCCL(604,host_server):2026-09-21-12:09:02.378.473 [base_config.cc:47][604][HCCL_ENV] HCCL_HOST_SOCKET_PORT_RANGE set by default to 
[INFO] HCCL(604,host_server):2026-09-21-12:09:02.378.475 [base_config.cc:55][604][HCCL_ENV] HCCL_NPU_SOCKET_PORT_RANGE set by default to 
[INFO] HCCL(604,host_server):2026-09-21-12:09:02.378.477 [base_config.cc:99][604][HCCL_ENV] HCCL_SOCKET_FAMILY set by default to [-1]
[INFO] HCCL(604,host_server):2026-09-21-12:09:02.378.483 [base_config.cc:103][604][HCCL_ENV] HCCL_CONNECT_TIMEOUT set by environment to [120]s
[INFO] HCCL(604,host_server):2026-09-21-12:09:02.378.486 [base_config.cc:123][604][HCCL_ENV] HCCL_EXEC_TIMEOUT set by default to [1836]s
[INFO] HCCL(604,host_server):2026-09-21-12:09:02.378.488 [base_config.cc:142][604][HCCL_ENV] HCCL_RDMA_TC set by default to [132]
[INFO] HCCL(604,host_server):2026-09-21-12:09:02.378.489 [base_config.cc:146][604][HCCL_ENV] HCCL_RDMA_SL set by default to [4]
[INFO] HCCL(604,host_server):2026-09-21-12:09:02.378.491 [base_config.cc:150][604][HCCL_ENV] HCCL_RDMA_TIMEOUT set by default to [20]
[INFO] HCCL(604,host_server):2026-09-21-12:09:02.378.493 [base_config.cc:154][604][HCCL_ENV] HCCL_RDMA_RETRY_CNT set by default to [7]
[INFO] HCCL(604,host_server):2026-09-21-12:09:02.378.494 [base_config.cc:158][604][HCCL_ENV] HCCL_UBOE_TIMEOUT set by default to [16]
[INFO] HCCL(604,host_server):2026-09-21-12:09:02.378.496 [base_config.cc:162][604][HCCL_ENV] HCCL_UB_TIMEOUT set by default to [8]
[INFO] HCCL(604,host_server):2026-09-21-12:09:02.378.498 [base_config.cc:166][604][HCCL_ENV] HCCL_RDMA_QPS_PER_CONNECTION set by default to [1]
[INFO] HCCL(604,host_server):2026-09-21-12:09:02.378.499 [base_config.cc:170][604][HCCL_ENV] HCCL_MULTI_QP_THRESHOLD set by default to [512]B
[INFO] HCCL(604,host_server):2026-09-21-12:09:02.378.501 [base_config.cc:218][604][HCCL_ENV] PRIM_QUEUE_GEN_NAME set by default to []
[INFO] HCCL(604,host_server):2026-09-21-12:09:02.378.504 [base_config.cc:232][604][HCCL_ENV] HCCL_ALGO set by default to []
[INFO] HCCL(604,host_server):2026-09-21-12:09:02.378.506 [base_config.cc:236][604][HCCL_ENV] HCCL_BUFFSIZE set by default to [209715200]B
[INFO] HCCL(604,host_server):2026-09-21-12:09:02.378.512 [base_config.cc:240][604][HCCL_ENV] HCCL_OP_EXPANSION_MODE set by default to [HcclAccelerator::AICPU_TS]
[INFO] HCCL(604,host_server):2026-09-21-12:09:02.378.514 [base_config.cc:268][604][HCCL_ENV] HCCL_ENTRY_LOG_ENABLE set by default to [0]
[INFO] HCCL(604,host_server):2026-09-21-12:09:02.378.541 [env_func.cc:700][604][CannVersion][Verification]cann version path /usr/local/Ascend/nnal/atb/latest/version.cfg is not a valid real path
[INFO] HCCL(604,host_server):2026-09-21-12:09:02.378.543 [base_config.cc:272][604][HCCL_ENV] LD_LIBRARY_PATH set by environment to []
[INFO] HCCL(604,host_server):2026-09-21-12:09:02.378.546 [base_config.cc:276][604][HCCL_ENV] HCCL_DFS_CONFIG task_exception set by default to [1], cluster_heartbeat set by default to [1], rankConsistentState set by default to [0]
[INFO] HCCL(604,host_server):2026-09-21-12:09:02.378.550 [base_config.cc:302][604][HCCL_ENV] HCCL_DETOUR set by default to [HcclDetourType::HCCL_DETOUR_DISABLE]
[INFO] HCCP(604,host_server):2026-09-21-12:09:02.378.552 [ra_init.c:165]tid:604,RaInit : Input parameters: phyId[0], nicPosition:[0] hdcType:[18] enableHdcAsync[1]
[INFO] NET(604,host_server):2026-09-21-12:09:02.378.570 [dl_hal_function.c:296]DlHalInit : dl_hal_init success!
[INFO] HCCP(604,host_server):2026-09-21-12:09:02.378.572 [ra_host.c:1552]tid:604,RaSocketGetWhiteListStatus : white list status: enable[1]
[INFO] HCCP(604,host_server):2026-09-21-12:09:02.378.574 [ra_peer.c:992]tid:604,RaPeerInit : [init][ra_peer]ra_peer_init phyId[0] start
[INFO] NET(604,host_server):2026-09-21-12:09:02.378.599 [dl_hal_function.c:296]DlHalInit : dl_hal_init success!
[INFO] NET(604,host_server):2026-09-21-12:09:02.378.617 [dl_hal_function.c:296]DlHalInit : dl_hal_init success!
[INFO] HCCP(604,host_server):2026-09-21-12:09:02.378.620 [rs.c:225]tid:604,RsPthreadMutexInit : mutex init ok
[INFO] NET(604,host_server):2026-09-21-12:09:02.378.625 [dl_hal_function.c:281]DlHalInit : dl_hal_init success, no need to dlopen libascend_hal.so!
[INFO] NET(604,host_server):2026-09-21-12:09:02.378.627 [dl_hal_function.c:262]DlHalDeinit : dl_hal_deinit success, no need to dlclose libascend_hal.so!
[INFO] HCCP(604,host_server):2026-09-21-12:09:02.378.634 [rs.c:2237]tid:604,RsGetProductType : [Get][ChipInfo]chip name is , type:7
[WARNING] HCCP(604,host_server):2026-09-21-12:09:02.378.673 [rs_tls.c:1521]tid:604,rs_ssl_init: can not get manage data, ret(-2). maybe not set tls
[INFO] HCCP(604,host_server):2026-09-21-12:09:02.378.676 [rs_tls.c:1537]tid:604,rs_ssl_init: TLS SWITCH (0)
[INFO] HCCP(604,host_server):2026-09-21-12:09:02.378.688 [rs_epoll.c:724]tid:604,RsEpollConnectHandleInit : rs_create_epoll ok
[INFO] HCCP(604,host_server):2026-09-21-12:09:02.378.775 [rs_epoll.c:518]tid:666,RsEpollHandle : <EPOLL> thread begin! thread_id:281473258144768, pid:604, ppid:599
[INFO] HCCP(604,host_server):2026-09-21-12:09:02.378.791 [rs_epoll.c:455]tid:666,BindDataCpu : no device need bind cpu, device num 0
[INFO] HCCP(604,host_server):2026-09-21-12:09:02.378.795 [rs_epoll.c:543]tid:666,RsEpollHandle : pthread[epoll_pthread] is alive!
[INFO] HCCP(604,host_server):2026-09-21-12:09:02.378.805 [rs_epoll.c:745]tid:604,RsEpollConnectHandleInit : RS INIT OK!
[INFO] HCCP(604,host_server):2026-09-21-12:09:02.378.809 [rs.c:325]tid:604,RsInitRscbCfg : rs_epoll_connect_handle_init ok cost [0.131000] ms
[INFO] HCCP(604,host_server):2026-09-21-12:09:02.378.820 [rs_epoll.c:654]tid:667,RsConnectHandle : <SOCKET> thread begin! thread_id:281473249690624, pid:604, ppid:599
[INFO] HCCP(604,host_server):2026-09-21-12:09:02.378.835 [rs_epoll.c:673]tid:667,RsConnectHandle : pthread[connect_pthread] is alive!
[INFO] HCCP(604,host_server):2026-09-21-12:09:02.380.964 [rs.c:440]tid:604,RsInit : rs init success, chipId[0]
[INFO] HCCP(604,host_server):2026-09-21-12:09:02.380.974 [ra_peer.c:1029]tid:604,RaPeerInit : [init][ra_peer]ra_peer_init phyId[0] succ
[INFO] HCCL(604,host_server):2026-09-21-12:09:02.380.977 [orion_adapter_hccp.cc:228][604]init ra success,return: ret[0]
[INFO] HCCL(604,host_server):2026-09-21-12:09:02.380.981 [plugin_core.cc:112] [604][CpuRoceEndpoint][InitHostPeerRaOnce] host peer RA init success, hostResourceId[0].
[INFO] HCCL(604,host_server):2026-09-21-12:09:02.380.991 [rdma_handle_manager.cc:68][604]RdmaHandleManager::Create, devPhyId[0], LinkProtoType[LinkProtoType::RDMA], localIp[20.168.0.19]
[INFO] HCCL(604,host_server):2026-09-21-12:09:02.380.994 [orion_adapter_hccp.cc:970][604][HrtRaRdmaInit] Input params: mode=0, phyId=0
[INFO] HCCP(604,host_server):2026-09-21-12:09:02.380.997 [ra_host.c:1727]tid:604,RaGetIfnum : Input parameters: phyId[0], nicPosition:[0], isAll:[0]
[INFO] HCCP(604,host_server):2026-09-21-12:09:02.380.999 [ra_peer.c:1101]tid:604,RaPeerGetIfnum : [get][ra_peer_ifnum]ra_peer_get_ifnum phyId[0] start
[INFO] HCCP(604,host_server):2026-09-21-12:09:02.381.006 [ra_peer.c:1108]tid:604,RaPeerGetIfnum : [get][ra_peer_ifnum]ra_peer_get_ifnum phyId[0] succ
[INFO] HCCP(604,host_server):2026-09-21-12:09:02.381.008 [ra_host.c:1777]tid:604,RaGetIfaddrs : Input parameters: phyId[0], nicPosition:[0], isAll[0], interface num[35]
[INFO] HCCP(604,host_server):2026-09-21-12:09:02.381.010 [ra_peer.c:1118]tid:604,RaPeerGetIfaddrs : [get][ra_peer_ifaddrs] ra_peer_get_ifaddrs phyId[0] start
[INFO] HCCP(604,host_server):2026-09-21-12:09:02.381.012 [rs_drv_socket.c:249]tid:604,RsPeerFillIfaddrInfos : ifname[lo] addr[0x0100007f]
[INFO] HCCP(604,host_server):2026-09-21-12:09:02.381.017 [rs_drv_socket.c:249]tid:604,RsPeerFillIfaddrInfos : ifname[bond0] addr[0x1b65010a]
[INFO] HCCP(604,host_server):2026-09-21-12:09:02.381.019 [rs_drv_socket.c:249]tid:604,RsPeerFillIfaddrInfos : ifname[enp38s0f0np0] addr[0x1401a814]
[INFO] HCCP(604,host_server):2026-09-21-12:09:02.381.020 [rs_drv_socket.c:249]tid:604,RsPeerFillIfaddrInfos : ifname[enp38s0f1np1] addr[0x1c03a814]
[INFO] HCCP(604,host_server):2026-09-21-12:09:02.381.021 [rs_drv_socket.c:249]tid:604,RsPeerFillIfaddrInfos : ifname[enp165s0f0np0] addr[0x1300a814]
[INFO] HCCP(604,host_server):2026-09-21-12:09:02.381.027 [rs_drv_socket.c:249]tid:604,RsPeerFillIfaddrInfos : ifname[enp165s0f1np1] addr[0x1b02a814]
[INFO] HCCP(604,host_server):2026-09-21-12:09:02.381.028 [rs_drv_socket.c:249]tid:604,RsPeerFillIfaddrInfos : ifname[docker0] addr[0x010011ac]
[INFO] HCCP(604,host_server):2026-09-21-12:09:02.381.030 [rs_drv_socket.c:253]tid:604,RsPeerFillIfaddrInfos : ifname[lo] scope_id[0] flowinfo[0]
[INFO] HCCP(604,host_server):2026-09-21-12:09:02.381.031 [rs_drv_socket.c:257]tid:604,RsPeerFillIfaddrInfos : addr[0] 0x00
[INFO] HCCP(604,host_server):2026-09-21-12:09:02.381.033 [rs_drv_socket.c:257]tid:604,RsPeerFillIfaddrInfos : addr[1] 0x00
[INFO] HCCP(604,host_server):2026-09-21-12:09:02.381.034 [rs_drv_socket.c:257]tid:604,RsPeerFillIfaddrInfos : addr[2] 0x00
[INFO] HCCP(604,host_server):2026-09-21-12:09:02.381.035 [rs_drv_socket.c:257]tid:604,RsPeerFillIfaddrInfos : addr[3] 0x00
[INFO] HCCP(604,host_server):2026-09-21-12:09:02.381.037 [rs_drv_socket.c:257]tid:604,RsPeerFillIfaddrInfos : addr[4] 0x00
[INFO] HCCP(604,host_server):2026-09-21-12:09:02.381.038 [rs_drv_socket.c:257]tid:604,RsPeerFillIfaddrInfos : addr[5] 0x00
[INFO] HCCP(604,host_server):2026-09-21-12:09:02.381.039 [rs_drv_socket.c:257]tid:604,RsPeerFillIfaddrInfos : addr[6] 0x00
[INFO] HCCP(604,host_server):2026-09-21-12:09:02.381.040 [rs_drv_socket.c:257]tid:604,RsPeerFillIfaddrInfos : addr[7] 0x00
[INFO] HCCP(604,host_server):2026-09-21-12:09:02.381.042 [rs_drv_socket.c:257]tid:604,RsPeerFillIfaddrInfos : addr[8] 0x00
[INFO] HCCP(604,host_server):2026-09-21-12:09:02.381.043 [rs_drv_socket.c:257]tid:604,RsPeerFillIfaddrInfos : addr[9] 0x00
[INFO] HCCP(604,host_server):2026-09-21-12:09:02.381.044 [rs_drv_socket.c:257]tid:604,RsPeerFillIfaddrInfos : addr[10] 0x00
[INFO] HCCP(604,host_server):2026-09-21-12:09:02.381.045 [rs_drv_socket.c:257]tid:604,RsPeerFillIfaddrInfos : addr[11] 0x00
[INFO] HCCP(604,host_server):2026-09-21-12:09:02.381.047 [rs_drv_socket.c:257]tid:604,RsPeerFillIfaddrInfos : addr[12] 0x00
[INFO] HCCP(604,host_server):2026-09-21-12:09:02.381.048 [rs_drv_socket.c:257]tid:604,RsPeerFillIfaddrInfos : addr[13] 0x00
[INFO] HCCP(604,host_server):2026-09-21-12:09:02.381.049 [rs_drv_socket.c:257]tid:604,RsPeerFillIfaddrInfos : addr[14] 0x00
[INFO] HCCP(604,host_server):2026-09-21-12:09:02.381.050 [rs_drv_socket.c:257]tid:604,RsPeerFillIfaddrInfos : addr[15] 0x01
[INFO] HCCP(604,host_server):2026-09-21-12:09:02.381.052 [rs_drv_socket.c:253]tid:604,RsPeerFillIfaddrInfos : ifname[bond0] scope_id[10] flowinfo[0]
[INFO] HCCP(604,host_server):2026-09-21-12:09:02.381.053 [rs_drv_socket.c:257]tid:604,RsPeerFillIfaddrInfos : addr[0] 0xfe
[INFO] HCCP(604,host_server):2026-09-21-12:09:02.381.054 [rs_drv_socket.c:257]tid:604,RsPeerFillIfaddrInfos : addr[1] 0x80
[INFO] HCCP(604,host_server):2026-09-21-12:09:02.381.056 [rs_drv_socket.c:257]tid:604,RsPeerFillIfaddrInfos : addr[2] 0x00
[INFO] HCCP(604,host_server):2026-09-21-12:09:02.381.057 [rs_drv_socket.c:257]tid:604,RsPeerFillIfaddrInfos : addr[3] 0x00
[INFO] HCCP(604,host_server):2026-09-21-12:09:02.381.058 [rs_drv_socket.c:257]tid:604,RsPeerFillIfaddrInfos : addr[4] 0x00
[INFO] HCCP(604,host_server):2026-09-21-12:09:02.381.059 [rs_drv_socket.c:257]tid:604,RsPeerFillIfaddrInfos : addr[5] 0x00
[INFO] HCCP(604,host_server):2026-09-21-12:09:02.381.061 [rs_drv_socket.c:257]tid:604,RsPeerFillIfaddrInfos : addr[6] 0x00
[INFO] HCCP(604,host_server):2026-09-21-12:09:02.381.062 [rs_drv_socket.c:257]tid:604,RsPeerFillIfaddrInfos : addr[7] 0x00
[INFO] HCCP(604,host_server):2026-09-21-12:09:02.381.063 [rs_drv_socket.c:257]tid:604,RsPeerFillIfaddrInfos : addr[8] 0x2a
[INFO] HCCP(604,host_server):2026-09-21-12:09:02.381.064 [rs_drv_socket.c:257]tid:604,RsPeerFillIfaddrInfos : addr[9] 0xff
[INFO] HCCP(604,host_server):2026-09-21-12:09:02.381.065 [rs_drv_socket.c:257]tid:604,RsPeerFillIfaddrInfos : addr[10] 0x7b
[INFO] HCCP(604,host_server):2026-09-21-12:09:02.381.067 [rs_drv_socket.c:257]tid:604,RsPeerFillIfaddrInfos : addr[11] 0x56
[INFO] HCCP(604,host_server):2026-09-21-12:09:02.381.069 [rs_drv_socket.c:257]tid:604,RsPeerFillIfaddrInfos : addr[12] 0xf9
[INFO] HCCP(604,host_server):2026-09-21-12:09:02.381.070 [rs_drv_socket.c:257]tid:604,RsPeerFillIfaddrInfos : addr[13] 0xd4
[INFO] HCCP(604,host_server):2026-09-21-12:09:02.381.072 [rs_drv_socket.c:257]tid:604,RsPeerFillIfaddrInfos : addr[14] 0x16
[INFO] HCCP(604,host_server):2026-09-21-12:09:02.381.073 [rs_drv_socket.c:257]tid:604,RsPeerFillIfaddrInfos : addr[15] 0x19
[INFO] HCCP(604,host_server):2026-09-21-12:09:02.381.074 [rs_drv_socket.c:253]tid:604,RsPeerFillIfaddrInfos : ifname[enp38s0f0np0] scope_id[11] flowinfo[0]
[INFO] HCCP(604,host_server):2026-09-21-12:09:02.381.076 [rs_drv_socket.c:257]tid:604,RsPeerFillIfaddrInfos : addr[0] 0xfe
[INFO] HCCP(604,host_server):2026-09-21-12:09:02.381.077 [rs_drv_socket.c:257]tid:604,RsPeerFillIfaddrInfos : addr[1] 0x80
[INFO] HCCP(604,host_server):2026-09-21-12:09:02.381.078 [rs_drv_socket.c:257]tid:604,RsPeerFillIfaddrInfos : addr[2] 0x00
[INFO] HCCP(604,host_server):2026-09-21-12:09:02.381.079 [rs_drv_socket.c:257]tid:604,RsPeerFillIfaddrInfos : addr[3] 0x00
[INFO] HCCP(604,host_server):2026-09-21-12:09:02.381.081 [rs_drv_socket.c:257]tid:604,RsPeerFillIfaddrInfos : addr[4] 0x00
[INFO] HCCP(604,host_server):2026-09-21-12:09:02.381.082 [rs_drv_socket.c:257]tid:604,RsPeerFillIfaddrInfos : addr[5] 0x00
[INFO] HCCP(604,host_server):2026-09-21-12:09:02.381.083 [rs_drv_socket.c:257]tid:604,RsPeerFillIfaddrInfos : addr[6] 0x00
[INFO] HCCP(604,host_server):2026-09-21-12:09:02.381.084 [rs_drv_socket.c:257]tid:604,RsPeerFillIfaddrInfos : addr[7] 0x00
[INFO] HCCP(604,host_server):2026-09-21-12:09:02.381.086 [rs_drv_socket.c:257]tid:604,RsPeerFillIfaddrInfos : addr[8] 0x98
[INFO] HCCP(604,host_server):2026-09-21-12:09:02.381.087 [rs_drv_socket.c:257]tid:604,RsPeerFillIfaddrInfos : addr[9] 0x07
[INFO] HCCP(604,host_server):2026-09-21-12:09:02.381.088 [rs_drv_socket.c:257]tid:604,RsPeerFillIfaddrInfos : addr[10] 0x86
[INFO] HCCP(604,host_server):2026-09-21-12:09:02.381.089 [rs_drv_socket.c:257]tid:604,RsPeerFillIfaddrInfos : addr[11] 0x8d
[INFO] HCCP(604,host_server):2026-09-21-12:09:02.381.091 [rs_drv_socket.c:257]tid:604,RsPeerFillIfaddrInfos : addr[12] 0xb8
[INFO] HCCP(604,host_server):2026-09-21-12:09:02.381.092 [rs_drv_socket.c:257]tid:604,RsPeerFillIfaddrInfos : addr[13] 0x2f
[INFO] HCCP(604,host_server):2026-09-21-12:09:02.381.093 [rs_drv_socket.c:257]tid:604,RsPeerFillIfaddrInfos : addr[14] 0x34
[INFO] HCCP(604,host_server):2026-09-21-12:09:02.381.094 [rs_drv_socket.c:257]tid:604,RsPeerFillIfaddrInfos : addr[15] 0x0b
[INFO] HCCP(604,host_server):2026-09-21-12:09:02.381.095 [rs_drv_socket.c:253]tid:604,RsPeerFillIfaddrInfos : ifname[enp38s0f1np1] scope_id[12] flowinfo[0]
[INFO] HCCP(604,host_server):2026-09-21-12:09:02.381.097 [rs_drv_socket.c:257]tid:604,RsPeerFillIfaddrInfos : addr[0] 0xfe
[INFO] HCCP(604,host_server):2026-09-21-12:09:02.381.098 [rs_drv_socket.c:257]tid:604,RsPeerFillIfaddrInfos : addr[1] 0x80
[INFO] HCCP(604,host_server):2026-09-21-12:09:02.381.099 [rs_drv_socket.c:257]tid:604,RsPeerFillIfaddrInfos : addr[2] 0x00
[INFO] HCCP(604,host_server):2026-09-21-12:09:02.381.101 [rs_drv_socket.c:257]tid:604,RsPeerFillIfaddrInfos : addr[3] 0x00
[INFO] HCCP(604,host_server):2026-09-21-12:09:02.381.102 [rs_drv_socket.c:257]tid:604,RsPeerFillIfaddrInfos : addr[4] 0x00
[INFO] HCCP(604,host_server):2026-09-21-12:09:02.381.103 [rs_drv_socket.c:257]tid:604,RsPeerFillIfaddrInfos : addr[5] 0x00
[INFO] HCCP(604,host_server):2026-09-21-12:09:02.381.104 [rs_drv_socket.c:257]tid:604,RsPeerFillIfaddrInfos : addr[6] 0x00
[INFO] HCCP(604,host_server):2026-09-21-12:09:02.381.105 [rs_drv_socket.c:257]tid:604,RsPeerFillIfaddrInfos : addr[7] 0x00
[INFO] HCCP(604,host_server):2026-09-21-12:09:02.381.107 [rs_drv_socket.c:257]tid:604,RsPeerFillIfaddrInfos : addr[8] 0x0d
[INFO] HCCP(604,host_server):2026-09-21-12:09:02.381.108 [rs_drv_socket.c:257]tid:604,RsPeerFillIfaddrInfos : addr[9] 0xbd
[INFO] HCCP(604,host_server):2026-09-21-12:09:02.381.109 [rs_drv_socket.c:257]tid:604,RsPeerFillIfaddrInfos : addr[10] 0xbe
[INFO] HCCP(604,host_server):2026-09-21-12:09:02.381.111 [rs_drv_socket.c:257]tid:604,RsPeerFillIfaddrInfos : addr[11] 0xf5
[INFO] HCCP(604,host_server):2026-09-21-12:09:02.381.113 [rs_drv_socket.c:257]tid:604,RsPeerFillIfaddrInfos : addr[12] 0xd6
[INFO] HCCP(604,host_server):2026-09-21-12:09:02.381.114 [rs_drv_socket.c:257]tid:604,RsPeerFillIfaddrInfos : addr[13] 0x37
[INFO] HCCP(604,host_server):2026-09-21-12:09:02.381.115 [rs_drv_socket.c:257]tid:604,RsPeerFillIfaddrInfos : addr[14] 0x47
[INFO] HCCP(604,host_server):2026-09-21-12:09:02.381.116 [rs_drv_socket.c:257]tid:604,RsPeerFillIfaddrInfos : addr[15] 0xd7
[INFO] HCCP(604,host_server):2026-09-21-12:09:02.381.118 [rs_drv_socket.c:253]tid:604,RsPeerFillIfaddrInfos : ifname[enp165s0f0np0] scope_id[13] flowinfo[0]
[INFO] HCCP(604,host_server):2026-09-21-12:09:02.381.119 [rs_drv_socket.c:257]tid:604,RsPeerFillIfaddrInfos : addr[0] 0xfe
[INFO] HCCP(604,host_server):2026-09-21-12:09:02.381.120 [rs_drv_socket.c:257]tid:604,RsPeerFillIfaddrInfos : addr[1] 0x80
[INFO] HCCP(604,host_server):2026-09-21-12:09:02.381.121 [rs_drv_socket.c:257]tid:604,RsPeerFillIfaddrInfos : addr[2] 0x00
[INFO] HCCP(604,host_server):2026-09-21-12:09:02.381.123 [rs_drv_socket.c:257]tid:604,RsPeerFillIfaddrInfos : addr[3] 0x00
[INFO] HCCP(604,host_server):2026-09-21-12:09:02.381.124 [rs_drv_socket.c:257]tid:604,RsPeerFillIfaddrInfos : addr[4] 0x00
[INFO] HCCP(604,host_server):2026-09-21-12:09:02.381.125 [rs_drv_socket.c:257]tid:604,RsPeerFillIfaddrInfos : addr[5] 0x00
[INFO] HCCP(604,host_server):2026-09-21-12:09:02.381.126 [rs_drv_socket.c:257]tid:604,RsPeerFillIfaddrInfos : addr[6] 0x00
[INFO] HCCP(604,host_server):2026-09-21-12:09:02.381.128 [rs_drv_socket.c:257]tid:604,RsPeerFillIfaddrInfos : addr[7] 0x00
[INFO] HCCP(604,host_server):2026-09-21-12:09:02.381.129 [rs_drv_socket.c:257]tid:604,RsPeerFillIfaddrInfos : addr[8] 0xa2
[INFO] HCCP(604,host_server):2026-09-21-12:09:02.381.130 [rs_drv_socket.c:257]tid:604,RsPeerFillIfaddrInfos : addr[9] 0x88
[INFO] HCCP(604,host_server):2026-09-21-12:09:02.381.131 [rs_drv_socket.c:257]tid:604,RsPeerFillIfaddrInfos : addr[10] 0xc2
[INFO] HCCP(604,host_server):2026-09-21-12:09:02.381.132 [rs_drv_socket.c:257]tid:604,RsPeerFillIfaddrInfos : addr[11] 0xff
[INFO] HCCP(604,host_server):2026-09-21-12:09:02.381.134 [rs_drv_socket.c:257]tid:604,RsPeerFillIfaddrInfos : addr[12] 0xfe
[INFO] HCCP(604,host_server):2026-09-21-12:09:02.381.135 [rs_drv_socket.c:257]tid:604,RsPeerFillIfaddrInfos : addr[13] 0x70
[INFO] HCCP(604,host_server):2026-09-21-12:09:02.381.136 [rs_drv_socket.c:257]tid:604,RsPeerFillIfaddrInfos : addr[14] 0x84
[INFO] HCCP(604,host_server):2026-09-21-12:09:02.381.137 [rs_drv_socket.c:257]tid:604,RsPeerFillIfaddrInfos : addr[15] 0x4e
[INFO] HCCP(604,host_server):2026-09-21-12:09:02.381.139 [rs_drv_socket.c:253]tid:604,RsPeerFillIfaddrInfos : ifname[enp165s0f1np1] scope_id[14] flowinfo[0]
[INFO] HCCP(604,host_server):2026-09-21-12:09:02.381.140 [rs_drv_socket.c:257]tid:604,RsPeerFillIfaddrInfos : addr[0] 0xfe
[INFO] HCCP(604,host_server):2026-09-21-12:09:02.381.141 [rs_drv_socket.c:257]tid:604,RsPeerFillIfaddrInfos : addr[1] 0x80
[INFO] HCCP(604,host_server):2026-09-21-12:09:02.381.142 [rs_drv_socket.c:257]tid:604,RsPeerFillIfaddrInfos : addr[2] 0x00
[INFO] HCCP(604,host_server):2026-09-21-12:09:02.381.144 [rs_drv_socket.c:257]tid:604,RsPeerFillIfaddrInfos : addr[3] 0x00
[INFO] HCCP(604,host_server):2026-09-21-12:09:02.381.145 [rs_drv_socket.c:257]tid:604,RsPeerFillIfaddrInfos : addr[4] 0x00
[INFO] HCCP(604,host_server):2026-09-21-12:09:02.381.146 [rs_drv_socket.c:257]tid:604,RsPeerFillIfaddrInfos : addr[5] 0x00
[INFO] HCCP(604,host_server):2026-09-21-12:09:02.381.147 [rs_drv_socket.c:257]tid:604,RsPeerFillIfaddrInfos : addr[6] 0x00
[INFO] HCCP(604,host_server):2026-09-21-12:09:02.381.149 [rs_drv_socket.c:257]tid:604,RsPeerFillIfaddrInfos : addr[7] 0x00
[INFO] HCCP(604,host_server):2026-09-21-12:09:02.381.150 [rs_drv_socket.c:257]tid:604,RsPeerFillIfaddrInfos : addr[8] 0xa2
[INFO] HCCP(604,host_server):2026-09-21-12:09:02.381.152 [rs_drv_socket.c:257]tid:604,RsPeerFillIfaddrInfos : addr[9] 0x88
[INFO] HCCP(604,host_server):2026-09-21-12:09:02.381.153 [rs_drv_socket.c:257]tid:604,RsPeerFillIfaddrInfos : addr[10] 0xc2
[INFO] HCCP(604,host_server):2026-09-21-12:09:02.381.154 [rs_drv_socket.c:257]tid:604,RsPeerFillIfaddrInfos : addr[11] 0xff
[INFO] HCCP(604,host_server):2026-09-21-12:09:02.381.156 [rs_drv_socket.c:257]tid:604,RsPeerFillIfaddrInfos : addr[12] 0xfe
[INFO] HCCP(604,host_server):2026-09-21-12:09:02.381.157 [rs_drv_socket.c:257]tid:604,RsPeerFillIfaddrInfos : addr[13] 0x70
[INFO] HCCP(604,host_server):2026-09-21-12:09:02.381.158 [rs_drv_socket.c:257]tid:604,RsPeerFillIfaddrInfos : addr[14] 0x84
[INFO] HCCP(604,host_server):2026-09-21-12:09:02.381.159 [rs_drv_socket.c:257]tid:604,RsPeerFillIfaddrInfos : addr[15] 0x4f
[INFO] HCCP(604,host_server):2026-09-21-12:09:02.381.161 [rs_drv_socket.c:253]tid:604,RsPeerFillIfaddrInfos : ifname[ipourma0] scope_id[0] flowinfo[0]
[INFO] HCCP(604,host_server):2026-09-21-12:09:02.381.162 [rs_drv_socket.c:257]tid:604,RsPeerFillIfaddrInfos : addr[0] 0x00
[INFO] HCCP(604,host_server):2026-09-21-12:09:02.381.163 [rs_drv_socket.c:257]tid:604,RsPeerFillIfaddrInfos : addr[1] 0x00
[INFO] HCCP(604,host_server):2026-09-21-12:09:02.381.165 [rs_drv_socket.c:257]tid:604,RsPeerFillIfaddrInfos : addr[2] 0x00
[INFO] HCCP(604,host_server):2026-09-21-12:09:02.381.166 [rs_drv_socket.c:257]tid:604,RsPeerFillIfaddrInfos : addr[3] 0x00
[INFO] HCCP(604,host_server):2026-09-21-12:09:02.381.167 [rs_drv_socket.c:257]tid:604,RsPeerFillIfaddrInfos : addr[4] 0x00
[INFO] HCCP(604,host_server):2026-09-21-12:09:02.381.168 [rs_drv_socket.c:257]tid:604,RsPeerFillIfaddrInfos : addr[5] 0x01
[INFO] HCCP(604,host_server):2026-09-21-12:09:02.381.169 [rs_drv_socket.c:257]tid:604,RsPeerFillIfaddrInfos : addr[6] 0x02
[INFO] HCCP(604,host_server):2026-09-21-12:09:02.381.171 [rs_drv_socket.c:257]tid:604,RsPeerFillIfaddrInfos : addr[7] 0x00
[INFO] HCCP(604,host_server):2026-09-21-12:09:02.381.172 [rs_drv_socket.c:257]tid:604,RsPeerFillIfaddrInfos : addr[8] 0x00
[INFO] HCCP(604,host_server):2026-09-21-12:09:02.381.173 [rs_drv_socket.c:257]tid:604,RsPeerFillIfaddrInfos : addr[9] 0x10
[INFO] HCCP(604,host_server):2026-09-21-12:09:02.381.174 [rs_drv_socket.c:257]tid:604,RsPeerFillIfaddrInfos : addr[10] 0x00
[INFO] HCCP(604,host_server):2026-09-21-12:09:02.381.176 [rs_drv_socket.c:257]tid:604,RsPeerFillIfaddrInfos : addr[11] 0x00
[INFO] HCCP(604,host_server):2026-09-21-12:09:02.381.177 [rs_drv_socket.c:257]tid:604,RsPeerFillIfaddrInfos : addr[12] 0xdf
[INFO] HCCP(604,host_server):2026-09-21-12:09:02.381.178 [rs_drv_socket.c:257]tid:604,RsPeerFillIfaddrInfos : addr[13] 0x00
[INFO] HCCP(604,host_server):2026-09-21-12:09:02.381.179 [rs_drv_socket.c:257]tid:604,RsPeerFillIfaddrInfos : addr[14] 0x82
[INFO] HCCP(604,host_server):2026-09-21-12:09:02.381.180 [rs_drv_socket.c:257]tid:604,RsPeerFillIfaddrInfos : addr[15] 0x00
[INFO] HCCP(604,host_server):2026-09-21-12:09:02.381.182 [rs_drv_socket.c:253]tid:604,RsPeerFillIfaddrInfos : ifname[ipourma0] scope_id[0] flowinfo[0]
[INFO] HCCP(604,host_server):2026-09-21-12:09:02.381.183 [rs_drv_socket.c:257]tid:604,RsPeerFillIfaddrInfos : addr[0] 0x00
[INFO] HCCP(604,host_server):2026-09-21-12:09:02.381.184 [rs_drv_socket.c:257]tid:604,RsPeerFillIfaddrInfos : addr[1] 0x00
[INFO] HCCP(604,host_server):2026-09-21-12:09:02.381.186 [rs_drv_socket.c:257]tid:604,RsPeerFillIfaddrInfos : addr[2] 0x00
[INFO] HCCP(604,host_server):2026-09-21-12:09:02.381.187 [rs_drv_socket.c:257]tid:604,RsPeerFillIfaddrInfos : addr[3] 0x00
[INFO] HCCP(604,host_server):2026-09-21-12:09:02.381.188 [rs_drv_socket.c:257]tid:604,RsPeerFillIfaddrInfos : addr[4] 0x00
[INFO] HCCP(604,host_server):2026-09-21-12:09:02.381.189 [rs_drv_socket.c:257]tid:604,RsPeerFillIfaddrInfos : addr[5] 0x3f
[INFO] HCCP(604,host_server):2026-09-21-12:09:02.381.190 [rs_drv_socket.c:257]tid:604,RsPeerFillIfaddrInfos : addr[6] 0x02
[INFO] HCCP(604,host_server):2026-09-21-12:09:02.381.192 [rs_drv_socket.c:257]tid:604,RsPeerFillIfaddrInfos : addr[7] 0x00
[INFO] HCCP(604,host_server):2026-09-21-12:09:02.381.194 [rs_drv_socket.c:257]tid:604,RsPeerFillIfaddrInfos : addr[8] 0x00
[INFO] HCCP(604,host_server):2026-09-21-12:09:02.381.195 [rs_drv_socket.c:257]tid:604,RsPeerFillIfaddrInfos : addr[9] 0x10
[INFO] HCCP(604,host_server):2026-09-21-12:09:02.381.196 [rs_drv_socket.c:257]tid:604,RsPeerFillIfaddrInfos : addr[10] 0x00
[INFO] HCCP(604,host_server):2026-09-21-12:09:02.381.198 [rs_drv_socket.c:257]tid:604,RsPeerFillIfaddrInfos : addr[11] 0x00
[INFO] HCCP(604,host_server):2026-09-21-12:09:02.381.199 [rs_drv_socket.c:257]tid:604,RsPeerFillIfaddrInfos : addr[12] 0xdf
[INFO] HCCP(604,host_server):2026-09-21-12:09:02.381.200 [rs_drv_socket.c:257]tid:604,RsPeerFillIfaddrInfos : addr[13] 0x00
[INFO] HCCP(604,host_server):2026-09-21-12:09:02.381.201 [rs_drv_socket.c:257]tid:604,RsPeerFillIfaddrInfos : addr[14] 0x8b
[INFO] HCCP(604,host_server):2026-09-21-12:09:02.381.203 [rs_drv_socket.c:257]tid:604,RsPeerFillIfaddrInfos : addr[15] 0x00
[INFO] HCCP(604,host_server):2026-09-21-12:09:02.381.204 [rs_drv_socket.c:253]tid:604,RsPeerFillIfaddrInfos : ifname[ipourma0] scope_id[0] flowinfo[0]
[INFO] HCCP(604,host_server):2026-09-21-12:09:02.381.205 [rs_drv_socket.c:257]tid:604,RsPeerFillIfaddrInfos : addr[0] 0x00
[INFO] HCCP(604,host_server):2026-09-21-12:09:02.381.206 [rs_drv_socket.c:257]tid:604,RsPeerFillIfaddrInfos : addr[1] 0x00
[INFO] HCCP(604,host_server):2026-09-21-12:09:02.381.208 [rs_drv_socket.c:257]tid:604,RsPeerFillIfaddrInfos : addr[2] 0x00
[INFO] HCCP(604,host_server):2026-09-21-12:09:02.381.209 [rs_drv_socket.c:257]tid:604,RsPeerFillIfaddrInfos : addr[3] 0x00
[INFO] HCCP(604,host_server):2026-09-21-12:09:02.381.210 [rs_drv_socket.c:257]tid:604,RsPeerFillIfaddrInfos : addr[4] 0x00
[INFO] HCCP(604,host_server):2026-09-21-12:09:02.381.211 [rs_drv_socket.c:257]tid:604,RsPeerFillIfaddrInfos : addr[5] 0x07
[INFO] HCCP(604,host_server):2026-09-21-12:09:02.381.212 [rs_drv_socket.c:257]tid:604,RsPeerFillIfaddrInfos : addr[6] 0x02
[INFO] HCCP(604,host_server):2026-09-21-12:09:02.381.214 [rs_drv_socket.c:257]tid:604,RsPeerFillIfaddrInfos : addr[7] 0x00
[INFO] HCCP(604,host_server):2026-09-21-12:09:02.381.215 [rs_drv_socket.c:257]tid:604,RsPeerFillIfaddrInfos : addr[8] 0x00
[INFO] HCCP(604,host_server):2026-09-21-12:09:02.381.216 [rs_drv_socket.c:257]tid:604,RsPeerFillIfaddrInfos : addr[9] 0x10
[INFO] HCCP(604,host_server):2026-09-21-12:09:02.381.217 [rs_drv_socket.c:257]tid:604,RsPeerFillIfaddrInfos : addr[10] 0x00
[INFO] HCCP(604,host_server):2026-09-21-12:09:02.381.219 [rs_drv_socket.c:257]tid:604,RsPeerFillIfaddrInfos : addr[11] 0x00
[INFO] HCCP(604,host_server):2026-09-21-12:09:02.381.220 [rs_drv_socket.c:257]tid:604,RsPeerFillIfaddrInfos : addr[12] 0xdf
[INFO] HCCP(604,host_server):2026-09-21-12:09:02.381.221 [rs_drv_socket.c:257]tid:604,RsPeerFillIfaddrInfos : addr[13] 0x00
[INFO] HCCP(604,host_server):2026-09-21-12:09:02.381.222 [rs_drv_socket.c:257]tid:604,RsPeerFillIfaddrInfos : addr[14] 0x88
[INFO] HCCP(604,host_server):2026-09-21-12:09:02.381.224 [rs_drv_socket.c:257]tid:604,RsPeerFillIfaddrInfos : addr[15] 0x00
[INFO] HCCP(604,host_server):2026-09-21-12:09:02.381.225 [rs_drv_socket.c:253]tid:604,RsPeerFillIfaddrInfos : ifname[ipourma0] scope_id[0] flowinfo[0]
[INFO] HCCP(604,host_server):2026-09-21-12:09:02.381.226 [rs_drv_socket.c:257]tid:604,RsPeerFillIfaddrInfos : addr[0] 0x00
[INFO] HCCP(604,host_server):2026-09-21-12:09:02.381.227 [rs_drv_socket.c:257]tid:604,RsPeerFillIfaddrInfos : addr[1] 0x00
[INFO] HCCP(604,host_server):2026-09-21-12:09:02.381.229 [rs_drv_socket.c:257]tid:604,RsPeerFillIfaddrInfos : addr[2] 0x00
[INFO] HCCP(604,host_server):2026-09-21-12:09:02.381.230 [rs_drv_socket.c:257]tid:604,RsPeerFillIfaddrInfos : addr[3] 0x00
[INFO] HCCP(604,host_server):2026-09-21-12:09:02.381.231 [rs_drv_socket.c:257]tid:604,RsPeerFillIfaddrInfos : addr[4] 0x00
[INFO] HCCP(604,host_server):2026-09-21-12:09:02.381.232 [rs_drv_socket.c:257]tid:604,RsPeerFillIfaddrInfos : addr[5] 0x06
[INFO] HCCP(604,host_server):2026-09-21-12:09:02.381.233 [rs_drv_socket.c:257]tid:604,RsPeerFillIfaddrInfos : addr[6] 0x02
[INFO] HCCP(604,host_server):2026-09-21-12:09:02.381.236 [rs_drv_socket.c:257]tid:604,RsPeerFillIfaddrInfos : addr[7] 0x00
[INFO] HCCP(604,host_server):2026-09-21-12:09:02.381.237 [rs_drv_socket.c:257]tid:604,RsPeerFillIfaddrInfos : addr[8] 0x00
[INFO] HCCP(604,host_server):2026-09-21-12:09:02.381.238 [rs_drv_socket.c:257]tid:604,RsPeerFillIfaddrInfos : addr[9] 0x10
[INFO] HCCP(604,host_server):2026-09-21-12:09:02.381.239 [rs_drv_socket.c:257]tid:604,RsPeerFillIfaddrInfos : addr[10] 0x00
[INFO] HCCP(604,host_server):2026-09-21-12:09:02.381.241 [rs_drv_socket.c:257]tid:604,RsPeerFillIfaddrInfos : addr[11] 0x00
[INFO] HCCP(604,host_server):2026-09-21-12:09:02.381.242 [rs_drv_socket.c:257]tid:604,RsPeerFillIfaddrInfos : addr[12] 0xdf
[INFO] HCCP(604,host_server):2026-09-21-12:09:02.381.243 [rs_drv_socket.c:257]tid:604,RsPeerFillIfaddrInfos : addr[13] 0x00
[INFO] HCCP(604,host_server):2026-09-21-12:09:02.381.244 [rs_drv_socket.c:257]tid:604,RsPeerFillIfaddrInfos : addr[14] 0x87
[INFO] HCCP(604,host_server):2026-09-21-12:09:02.381.246 [rs_drv_socket.c:257]tid:604,RsPeerFillIfaddrInfos : addr[15] 0x00
[INFO] HCCP(604,host_server):2026-09-21-12:09:02.381.247 [rs_drv_socket.c:253]tid:604,RsPeerFillIfaddrInfos : ifname[ipourma0] scope_id[0] flowinfo[0]
[INFO] HCCP(604,host_server):2026-09-21-12:09:02.381.248 [rs_drv_socket.c:257]tid:604,RsPeerFillIfaddrInfos : addr[0] 0x00
[INFO] HCCP(604,host_server):2026-09-21-12:09:02.381.249 [rs_drv_socket.c:257]tid:604,RsPeerFillIfaddrInfos : addr[1] 0x00
[INFO] HCCP(604,host_server):2026-09-21-12:09:02.381.251 [rs_drv_socket.c:257]tid:604,RsPeerFillIfaddrInfos : addr[2] 0x00
[INFO] HCCP(604,host_server):2026-09-21-12:09:02.381.252 [rs_drv_socket.c:257]tid:604,RsPeerFillIfaddrInfos : addr[3] 0x00
[INFO] HCCP(604,host_server):2026-09-21-12:09:02.381.253 [rs_drv_socket.c:257]tid:604,RsPeerFillIfaddrInfos : addr[4] 0x00
[INFO] HCCP(604,host_server):2026-09-21-12:09:02.381.254 [rs_drv_socket.c:257]tid:604,RsPeerFillIfaddrInfos : addr[5] 0x05
[INFO] HCCP(604,host_server):2026-09-21-12:09:02.381.256 [rs_drv_socket.c:257]tid:604,RsPeerFillIfaddrInfos : addr[6] 0x02
[INFO] HCCP(604,host_server):2026-09-21-12:09:02.381.257 [rs_drv_socket.c:257]tid:604,RsPeerFillIfaddrInfos : addr[7] 0x00
[INFO] HCCP(604,host_server):2026-09-21-12:09:02.381.258 [rs_drv_socket.c:257]tid:604,RsPeerFillIfaddrInfos : addr[8] 0x00
[INFO] HCCP(604,host_server):2026-09-21-12:09:02.381.259 [rs_drv_socket.c:257]tid:604,RsPeerFillIfaddrInfos : addr[9] 0x10
[INFO] HCCP(604,host_server):2026-09-21-12:09:02.381.260 [rs_drv_socket.c:257]tid:604,RsPeerFillIfaddrInfos : addr[10] 0x00
[INFO] HCCP(604,host_server):2026-09-21-12:09:02.381.262 [rs_drv_socket.c:257]tid:604,RsPeerFillIfaddrInfos : addr[11] 0x00
[INFO] HCCP(604,host_server):2026-09-21-12:09:02.381.263 [rs_drv_socket.c:257]tid:604,RsPeerFillIfaddrInfos : addr[12] 0xdf
[INFO] HCCP(604,host_server):2026-09-21-12:09:02.381.264 [rs_drv_socket.c:257]tid:604,RsPeerFillIfaddrInfos : addr[13] 0x00
[INFO] HCCP(604,host_server):2026-09-21-12:09:02.381.265 [rs_drv_socket.c:257]tid:604,RsPeerFillIfaddrInfos : addr[14] 0x86
[INFO] HCCP(604,host_server):2026-09-21-12:09:02.381.267 [rs_drv_socket.c:257]tid:604,RsPeerFillIfaddrInfos : addr[15] 0x00
[INFO] HCCP(604,host_server):2026-09-21-12:09:02.381.268 [rs_drv_socket.c:253]tid:604,RsPeerFillIfaddrInfos : ifname[ipourma0] scope_id[0] flowinfo[0]
[INFO] HCCP(604,host_server):2026-09-21-12:09:02.381.269 [rs_drv_socket.c:257]tid:604,RsPeerFillIfaddrInfos : addr[0] 0x00
[INFO] HCCP(604,host_server):2026-09-21-12:09:02.381.270 [rs_drv_socket.c:257]tid:604,RsPeerFillIfaddrInfos : addr[1] 0x00
[INFO] HCCP(604,host_server):2026-09-21-12:09:02.381.272 [rs_drv_socket.c:257]tid:604,RsPeerFillIfaddrInfos : addr[2] 0x00
[INFO] HCCP(604,host_server):2026-09-21-12:09:02.381.273 [rs_drv_socket.c:257]tid:604,RsPeerFillIfaddrInfos : addr[3] 0x00
[INFO] HCCP(604,host_server):2026-09-21-12:09:02.381.274 [rs_drv_socket.c:257]tid:604,RsPeerFillIfaddrInfos : addr[4] 0x00
[INFO] HCCP(604,host_server):2026-09-21-12:09:02.381.275 [rs_drv_socket.c:257]tid:604,RsPeerFillIfaddrInfos : addr[5] 0x04
[INFO] HCCP(604,host_server):2026-09-21-12:09:02.381.277 [rs_drv_socket.c:257]tid:604,RsPeerFillIfaddrInfos : addr[6] 0x02
[INFO] HCCP(604,host_server):2026-09-21-12:09:02.381.279 [rs_drv_socket.c:257]tid:604,RsPeerFillIfaddrInfos : addr[7] 0x00
[INFO] HCCP(604,host_server):2026-09-21-12:09:02.381.280 [rs_drv_socket.c:257]tid:604,RsPeerFillIfaddrInfos : addr[8] 0x00
[INFO] HCCP(604,host_server):2026-09-21-12:09:02.381.281 [rs_drv_socket.c:257]tid:604,RsPeerFillIfaddrInfos : addr[9] 0x10
[INFO] HCCP(604,host_server):2026-09-21-12:09:02.381.282 [rs_drv_socket.c:257]tid:604,RsPeerFillIfaddrInfos : addr[10] 0x00
[INFO] HCCP(604,host_server):2026-09-21-12:09:02.381.283 [rs_drv_socket.c:257]tid:604,RsPeerFillIfaddrInfos : addr[11] 0x00
[INFO] HCCP(604,host_server):2026-09-21-12:09:02.381.285 [rs_drv_socket.c:257]tid:604,RsPeerFillIfaddrInfos : addr[12] 0xdf
[INFO] HCCP(604,host_server):2026-09-21-12:09:02.381.286 [rs_drv_socket.c:257]tid:604,RsPeerFillIfaddrInfos : addr[13] 0x00
[INFO] HCCP(604,host_server):2026-09-21-12:09:02.381.287 [rs_drv_socket.c:257]tid:604,RsPeerFillIfaddrInfos : addr[14] 0x85
[INFO] HCCP(604,host_server):2026-09-21-12:09:02.381.288 [rs_drv_socket.c:257]tid:604,RsPeerFillIfaddrInfos : addr[15] 0x00
[INFO] HCCP(604,host_server):2026-09-21-12:09:02.381.290 [rs_drv_socket.c:253]tid:604,RsPeerFillIfaddrInfos : ifname[ipourma0] scope_id[0] flowinfo[0]
[INFO] HCCP(604,host_server):2026-09-21-12:09:02.381.291 [rs_drv_socket.c:257]tid:604,RsPeerFillIfaddrInfos : addr[0] 0x00
[INFO] HCCP(604,host_server):2026-09-21-12:09:02.381.292 [rs_drv_socket.c:257]tid:604,RsPeerFillIfaddrInfos : addr[1] 0x00
[INFO] HCCP(604,host_server):2026-09-21-12:09:02.381.293 [rs_drv_socket.c:257]tid:604,RsPeerFillIfaddrInfos : addr[2] 0x00
[INFO] HCCP(604,host_server):2026-09-21-12:09:02.381.295 [rs_drv_socket.c:257]tid:604,RsPeerFillIfaddrInfos : addr[3] 0x00
[INFO] HCCP(604,host_server):2026-09-21-12:09:02.381.296 [rs_drv_socket.c:257]tid:604,RsPeerFillIfaddrInfos : addr[4] 0x00
[INFO] HCCP(604,host_server):2026-09-21-12:09:02.381.297 [rs_drv_socket.c:257]tid:604,RsPeerFillIfaddrInfos : addr[5] 0x03
[INFO] HCCP(604,host_server):2026-09-21-12:09:02.381.298 [rs_drv_socket.c:257]tid:604,RsPeerFillIfaddrInfos : addr[6] 0x02
[INFO] HCCP(604,host_server):2026-09-21-12:09:02.381.299 [rs_drv_socket.c:257]tid:604,RsPeerFillIfaddrInfos : addr[7] 0x00
[INFO] HCCP(604,host_server):2026-09-21-12:09:02.381.301 [rs_drv_socket.c:257]tid:604,RsPeerFillIfaddrInfos : addr[8] 0x00
[INFO] HCCP(604,host_server):2026-09-21-12:09:02.381.302 [rs_drv_socket.c:257]tid:604,RsPeerFillIfaddrInfos : addr[9] 0x10
[INFO] HCCP(604,host_server):2026-09-21-12:09:02.381.303 [rs_drv_socket.c:257]tid:604,RsPeerFillIfaddrInfos : addr[10] 0x00
[INFO] HCCP(604,host_server):2026-09-21-12:09:02.381.304 [rs_drv_socket.c:257]tid:604,RsPeerFillIfaddrInfos : addr[11] 0x00
[INFO] HCCP(604,host_server):2026-09-21-12:09:02.381.306 [rs_drv_socket.c:257]tid:604,RsPeerFillIfaddrInfos : addr[12] 0xdf
[INFO] HCCP(604,host_server):2026-09-21-12:09:02.381.307 [rs_drv_socket.c:257]tid:604,RsPeerFillIfaddrInfos : addr[13] 0x00
[INFO] HCCP(604,host_server):2026-09-21-12:09:02.381.308 [rs_drv_socket.c:257]tid:604,RsPeerFillIfaddrInfos : addr[14] 0x84
[INFO] HCCP(604,host_server):2026-09-21-12:09:02.381.309 [rs_drv_socket.c:257]tid:604,RsPeerFillIfaddrInfos : addr[15] 0x00
[INFO] HCCP(604,host_server):2026-09-21-12:09:02.381.311 [rs_drv_socket.c:253]tid:604,RsPeerFillIfaddrInfos : ifname[ipourma0] scope_id[0] flowinfo[0]
[INFO] HCCP(604,host_server):2026-09-21-12:09:02.381.312 [rs_drv_socket.c:257]tid:604,RsPeerFillIfaddrInfos : addr[0] 0x00
[INFO] HCCP(604,host_server):2026-09-21-12:09:02.381.313 [rs_drv_socket.c:257]tid:604,RsPeerFillIfaddrInfos : addr[1] 0x00
[INFO] HCCP(604,host_server):2026-09-21-12:09:02.381.314 [rs_drv_socket.c:257]tid:604,RsPeerFillIfaddrInfos : addr[2] 0x00
[INFO] HCCP(604,host_server):2026-09-21-12:09:02.381.316 [rs_drv_socket.c:257]tid:604,RsPeerFillIfaddrInfos : addr[3] 0x00
[INFO] HCCP(604,host_server):2026-09-21-12:09:02.381.318 [rs_drv_socket.c:257]tid:604,RsPeerFillIfaddrInfos : addr[4] 0x00
[INFO] HCCP(604,host_server):2026-09-21-12:09:02.381.319 [rs_drv_socket.c:257]tid:604,RsPeerFillIfaddrInfos : addr[5] 0x02
[INFO] HCCP(604,host_server):2026-09-21-12:09:02.381.320 [rs_drv_socket.c:257]tid:604,RsPeerFillIfaddrInfos : addr[6] 0x02
[INFO] HCCP(604,host_server):2026-09-21-12:09:02.381.321 [rs_drv_socket.c:257]tid:604,RsPeerFillIfaddrInfos : addr[7] 0x00
[INFO] HCCP(604,host_server):2026-09-21-12:09:02.381.323 [rs_drv_socket.c:257]tid:604,RsPeerFillIfaddrInfos : addr[8] 0x00
[INFO] HCCP(604,host_server):2026-09-21-12:09:02.381.324 [rs_drv_socket.c:257]tid:604,RsPeerFillIfaddrInfos : addr[9] 0x10
[INFO] HCCP(604,host_server):2026-09-21-12:09:02.381.325 [rs_drv_socket.c:257]tid:604,RsPeerFillIfaddrInfos : addr[10] 0x00
[INFO] HCCP(604,host_server):2026-09-21-12:09:02.381.326 [rs_drv_socket.c:257]tid:604,RsPeerFillIfaddrInfos : addr[11] 0x00
[INFO] HCCP(604,host_server):2026-09-21-12:09:02.381.328 [rs_drv_socket.c:257]tid:604,RsPeerFillIfaddrInfos : addr[12] 0xdf
[INFO] HCCP(604,host_server):2026-09-21-12:09:02.381.329 [rs_drv_socket.c:257]tid:604,RsPeerFillIfaddrInfos : addr[13] 0x00
[INFO] HCCP(604,host_server):2026-09-21-12:09:02.381.330 [rs_drv_socket.c:257]tid:604,RsPeerFillIfaddrInfos : addr[14] 0x83
[INFO] HCCP(604,host_server):2026-09-21-12:09:02.381.331 [rs_drv_socket.c:257]tid:604,RsPeerFillIfaddrInfos : addr[15] 0x00
[INFO] HCCP(604,host_server):2026-09-21-12:09:02.381.333 [rs_drv_socket.c:253]tid:604,RsPeerFillIfaddrInfos : ifname[ipourma1] scope_id[0] flowinfo[0]
[INFO] HCCP(604,host_server):2026-09-21-12:09:02.381.334 [rs_drv_socket.c:257]tid:604,RsPeerFillIfaddrInfos : addr[0] 0x00
[INFO] HCCP(604,host_server):2026-09-21-12:09:02.381.335 [rs_drv_socket.c:257]tid:604,RsPeerFillIfaddrInfos : addr[1] 0x00
[INFO] HCCP(604,host_server):2026-09-21-12:09:02.381.336 [rs_drv_socket.c:257]tid:604,RsPeerFillIfaddrInfos : addr[2] 0x00
[INFO] HCCP(604,host_server):2026-09-21-12:09:02.381.338 [rs_drv_socket.c:257]tid:604,RsPeerFillIfaddrInfos : addr[3] 0x00
[INFO] HCCP(604,host_server):2026-09-21-12:09:02.381.339 [rs_drv_socket.c:257]tid:604,RsPeerFillIfaddrInfos : addr[4] 0x00
[INFO] HCCP(604,host_server):2026-09-21-12:09:02.381.340 [rs_drv_socket.c:257]tid:604,RsPeerFillIfaddrInfos : addr[5] 0x41
[INFO] HCCP(604,host_server):2026-09-21-12:09:02.381.341 [rs_drv_socket.c:257]tid:604,RsPeerFillIfaddrInfos : addr[6] 0x02
[INFO] HCCP(604,host_server):2026-09-21-12:09:02.381.343 [rs_drv_socket.c:257]tid:604,RsPeerFillIfaddrInfos : addr[7] 0x00
[INFO] HCCP(604,host_server):2026-09-21-12:09:02.381.344 [rs_drv_socket.c:257]tid:604,RsPeerFillIfaddrInfos : addr[8] 0x00
[INFO] HCCP(604,host_server):2026-09-21-12:09:02.381.345 [rs_drv_socket.c:257]tid:604,RsPeerFillIfaddrInfos : addr[9] 0x10
[INFO] HCCP(604,host_server):2026-09-21-12:09:02.381.346 [rs_drv_socket.c:257]tid:604,RsPeerFillIfaddrInfos : addr[10] 0x00
[INFO] HCCP(604,host_server):2026-09-21-12:09:02.381.347 [rs_drv_socket.c:257]tid:604,RsPeerFillIfaddrInfos : addr[11] 0x00
[INFO] HCCP(604,host_server):2026-09-21-12:09:02.381.349 [rs_drv_socket.c:257]tid:604,RsPeerFillIfaddrInfos : addr[12] 0xdf
[INFO] HCCP(604,host_server):2026-09-21-12:09:02.381.350 [rs_drv_socket.c:257]tid:604,RsPeerFillIfaddrInfos : addr[13] 0x04
[INFO] HCCP(604,host_server):2026-09-21-12:09:02.381.351 [rs_drv_socket.c:257]tid:604,RsPeerFillIfaddrInfos : addr[14] 0x82
[INFO] HCCP(604,host_server):2026-09-21-12:09:02.381.352 [rs_drv_socket.c:257]tid:604,RsPeerFillIfaddrInfos : addr[15] 0x00
[INFO] HCCP(604,host_server):2026-09-21-12:09:02.381.354 [rs_drv_socket.c:253]tid:604,RsPeerFillIfaddrInfos : ifname[ipourma1] scope_id[0] flowinfo[0]
[INFO] HCCP(604,host_server):2026-09-21-12:09:02.381.355 [rs_drv_socket.c:257]tid:604,RsPeerFillIfaddrInfos : addr[0] 0x00
[INFO] HCCP(604,host_server):2026-09-21-12:09:02.381.356 [rs_drv_socket.c:257]tid:604,RsPeerFillIfaddrInfos : addr[1] 0x00
[INFO] HCCP(604,host_server):2026-09-21-12:09:02.381.357 [rs_drv_socket.c:257]tid:604,RsPeerFillIfaddrInfos : addr[2] 0x00
[INFO] HCCP(604,host_server):2026-09-21-12:09:02.381.360 [rs_drv_socket.c:257]tid:604,RsPeerFillIfaddrInfos : addr[3] 0x00
[INFO] HCCP(604,host_server):2026-09-21-12:09:02.381.361 [rs_drv_socket.c:257]tid:604,RsPeerFillIfaddrInfos : addr[4] 0x00
[INFO] HCCP(604,host_server):2026-09-21-12:09:02.381.362 [rs_drv_socket.c:257]tid:604,RsPeerFillIfaddrInfos : addr[5] 0x7f
[INFO] HCCP(604,host_server):2026-09-21-12:09:02.381.363 [rs_drv_socket.c:257]tid:604,RsPeerFillIfaddrInfos : addr[6] 0x02
[INFO] HCCP(604,host_server):2026-09-21-12:09:02.381.365 [rs_drv_socket.c:257]tid:604,RsPeerFillIfaddrInfos : addr[7] 0x00
[INFO] HCCP(604,host_server):2026-09-21-12:09:02.381.366 [rs_drv_socket.c:257]tid:604,RsPeerFillIfaddrInfos : addr[8] 0x00
[INFO] HCCP(604,host_server):2026-09-21-12:09:02.381.367 [rs_drv_socket.c:257]tid:604,RsPeerFillIfaddrInfos : addr[9] 0x10
[INFO] HCCP(604,host_server):2026-09-21-12:09:02.381.368 [rs_drv_socket.c:257]tid:604,RsPeerFillIfaddrInfos : addr[10] 0x00
[INFO] HCCP(604,host_server):2026-09-21-12:09:02.381.369 [rs_drv_socket.c:257]tid:604,RsPeerFillIfaddrInfos : addr[11] 0x00
[INFO] HCCP(604,host_server):2026-09-21-12:09:02.381.371 [rs_drv_socket.c:257]tid:604,RsPeerFillIfaddrInfos : addr[12] 0xdf
[INFO] HCCP(604,host_server):2026-09-21-12:09:02.381.372 [rs_drv_socket.c:257]tid:604,RsPeerFillIfaddrInfos : addr[13] 0x04
[INFO] HCCP(604,host_server):2026-09-21-12:09:02.381.373 [rs_drv_socket.c:257]tid:604,RsPeerFillIfaddrInfos : addr[14] 0x8b
[INFO] HCCP(604,host_server):2026-09-21-12:09:02.381.374 [rs_drv_socket.c:257]tid:604,RsPeerFillIfaddrInfos : addr[15] 0x00
[INFO] HCCP(604,host_server):2026-09-21-12:09:02.381.376 [rs_drv_socket.c:253]tid:604,RsPeerFillIfaddrInfos : ifname[ipourma1] scope_id[0] flowinfo[0]
[INFO] HCCP(604,host_server):2026-09-21-12:09:02.381.377 [rs_drv_socket.c:257]tid:604,RsPeerFillIfaddrInfos : addr[0] 0x00
[INFO] HCCP(604,host_server):2026-09-21-12:09:02.381.378 [rs_drv_socket.c:257]tid:604,RsPeerFillIfaddrInfos : addr[1] 0x00
[INFO] HCCP(604,host_server):2026-09-21-12:09:02.381.379 [rs_drv_socket.c:257]tid:604,RsPeerFillIfaddrInfos : addr[2] 0x00
[INFO] HCCP(604,host_server):2026-09-21-12:09:02.381.381 [rs_drv_socket.c:257]tid:604,RsPeerFillIfaddrInfos : addr[3] 0x00
[INFO] HCCP(604,host_server):2026-09-21-12:09:02.381.382 [rs_drv_socket.c:257]tid:604,RsPeerFillIfaddrInfos : addr[4] 0x00
[INFO] HCCP(604,host_server):2026-09-21-12:09:02.381.383 [rs_drv_socket.c:257]tid:604,RsPeerFillIfaddrInfos : addr[5] 0x47
[INFO] HCCP(604,host_server):2026-09-21-12:09:02.381.384 [rs_drv_socket.c:257]tid:604,RsPeerFillIfaddrInfos : addr[6] 0x02
[INFO] HCCP(604,host_server):2026-09-21-12:09:02.381.385 [rs_drv_socket.c:257]tid:604,RsPeerFillIfaddrInfos : addr[7] 0x00
[INFO] HCCP(604,host_server):2026-09-21-12:09:02.381.387 [rs_drv_socket.c:257]tid:604,RsPeerFillIfaddrInfos : addr[8] 0x00
[INFO] HCCP(604,host_server):2026-09-21-12:09:02.381.388 [rs_drv_socket.c:257]tid:604,RsPeerFillIfaddrInfos : addr[9] 0x10
[INFO] HCCP(604,host_server):2026-09-21-12:09:02.381.389 [rs_drv_socket.c:257]tid:604,RsPeerFillIfaddrInfos : addr[10] 0x00
[INFO] HCCP(604,host_server):2026-09-21-12:09:02.381.390 [rs_drv_socket.c:257]tid:604,RsPeerFillIfaddrInfos : addr[11] 0x00
[INFO] HCCP(604,host_server):2026-09-21-12:09:02.381.392 [rs_drv_socket.c:257]tid:604,RsPeerFillIfaddrInfos : addr[12] 0xdf
[INFO] HCCP(604,host_server):2026-09-21-12:09:02.381.393 [rs_drv_socket.c:257]tid:604,RsPeerFillIfaddrInfos : addr[13] 0x04
[INFO] HCCP(604,host_server):2026-09-21-12:09:02.381.394 [rs_drv_socket.c:257]tid:604,RsPeerFillIfaddrInfos : addr[14] 0x88
[INFO] HCCP(604,host_server):2026-09-21-12:09:02.381.395 [rs_drv_socket.c:257]tid:604,RsPeerFillIfaddrInfos : addr[15] 0x00
[INFO] HCCP(604,host_server):2026-09-21-12:09:02.381.397 [rs_drv_socket.c:253]tid:604,RsPeerFillIfaddrInfos : ifname[ipourma1] scope_id[0] flowinfo[0]
[INFO] HCCP(604,host_server):2026-09-21-12:09:02.381.398 [rs_drv_socket.c:257]tid:604,RsPeerFillIfaddrInfos : addr[0] 0x00
[INFO] HCCP(604,host_server):2026-09-21-12:09:02.381.399 [rs_drv_socket.c:257]tid:604,RsPeerFillIfaddrInfos : addr[1] 0x00
[INFO] HCCP(604,host_server):2026-09-21-12:09:02.381.401 [rs_drv_socket.c:257]tid:604,RsPeerFillIfaddrInfos : addr[2] 0x00
[INFO] HCCP(604,host_server):2026-09-21-12:09:02.381.403 [rs_drv_socket.c:257]tid:604,RsPeerFillIfaddrInfos : addr[3] 0x00
[INFO] HCCP(604,host_server):2026-09-21-12:09:02.381.404 [rs_drv_socket.c:257]tid:604,RsPeerFillIfaddrInfos : addr[4] 0x00
[INFO] HCCP(604,host_server):2026-09-21-12:09:02.381.405 [rs_drv_socket.c:257]tid:604,RsPeerFillIfaddrInfos : addr[5] 0x46
[INFO] HCCP(604,host_server):2026-09-21-12:09:02.381.406 [rs_drv_socket.c:257]tid:604,RsPeerFillIfaddrInfos : addr[6] 0x02
[INFO] HCCP(604,host_server):2026-09-21-12:09:02.381.407 [rs_drv_socket.c:257]tid:604,RsPeerFillIfaddrInfos : addr[7] 0x00
[INFO] HCCP(604,host_server):2026-09-21-12:09:02.381.409 [rs_drv_socket.c:257]tid:604,RsPeerFillIfaddrInfos : addr[8] 0x00
[INFO] HCCP(604,host_server):2026-09-21-12:09:02.381.410 [rs_drv_socket.c:257]tid:604,RsPeerFillIfaddrInfos : addr[9] 0x10
[INFO] HCCP(604,host_server):2026-09-21-12:09:02.381.411 [rs_drv_socket.c:257]tid:604,RsPeerFillIfaddrInfos : addr[10] 0x00
[INFO] HCCP(604,host_server):2026-09-21-12:09:02.381.412 [rs_drv_socket.c:257]tid:604,RsPeerFillIfaddrInfos : addr[11] 0x00
[INFO] HCCP(604,host_server):2026-09-21-12:09:02.381.414 [rs_drv_socket.c:257]tid:604,RsPeerFillIfaddrInfos : addr[12] 0xdf
[INFO] HCCP(604,host_server):2026-09-21-12:09:02.381.415 [rs_drv_socket.c:257]tid:604,RsPeerFillIfaddrInfos : addr[13] 0x04
[INFO] HCCP(604,host_server):2026-09-21-12:09:02.381.416 [rs_drv_socket.c:257]tid:604,RsPeerFillIfaddrInfos : addr[14] 0x87
[INFO] HCCP(604,host_server):2026-09-21-12:09:02.381.417 [rs_drv_socket.c:257]tid:604,RsPeerFillIfaddrInfos : addr[15] 0x00
[INFO] HCCP(604,host_server):2026-09-21-12:09:02.381.419 [rs_drv_socket.c:253]tid:604,RsPeerFillIfaddrInfos : ifname[ipourma1] scope_id[0] flowinfo[0]
[INFO] HCCP(604,host_server):2026-09-21-12:09:02.381.420 [rs_drv_socket.c:257]tid:604,RsPeerFillIfaddrInfos : addr[0] 0x00
[INFO] HCCP(604,host_server):2026-09-21-12:09:02.381.421 [rs_drv_socket.c:257]tid:604,RsPeerFillIfaddrInfos : addr[1] 0x00
[INFO] HCCP(604,host_server):2026-09-21-12:09:02.381.422 [rs_drv_socket.c:257]tid:604,RsPeerFillIfaddrInfos : addr[2] 0x00
[INFO] HCCP(604,host_server):2026-09-21-12:09:02.381.424 [rs_drv_socket.c:257]tid:604,RsPeerFillIfaddrInfos : addr[3] 0x00
[INFO] HCCP(604,host_server):2026-09-21-12:09:02.381.425 [rs_drv_socket.c:257]tid:604,RsPeerFillIfaddrInfos : addr[4] 0x00
[INFO] HCCP(604,host_server):2026-09-21-12:09:02.381.426 [rs_drv_socket.c:257]tid:604,RsPeerFillIfaddrInfos : addr[5] 0x45
[INFO] HCCP(604,host_server):2026-09-21-12:09:02.381.427 [rs_drv_socket.c:257]tid:604,RsPeerFillIfaddrInfos : addr[6] 0x02
[INFO] HCCP(604,host_server):2026-09-21-12:09:02.381.428 [rs_drv_socket.c:257]tid:604,RsPeerFillIfaddrInfos : addr[7] 0x00
[INFO] HCCP(604,host_server):2026-09-21-12:09:02.381.430 [rs_drv_socket.c:257]tid:604,RsPeerFillIfaddrInfos : addr[8] 0x00
[INFO] HCCP(604,host_server):2026-09-21-12:09:02.381.431 [rs_drv_socket.c:257]tid:604,RsPeerFillIfaddrInfos : addr[9] 0x10
[INFO] HCCP(604,host_server):2026-09-21-12:09:02.381.432 [rs_drv_socket.c:257]tid:604,RsPeerFillIfaddrInfos : addr[10] 0x00
[INFO] HCCP(604,host_server):2026-09-21-12:09:02.381.433 [rs_drv_socket.c:257]tid:604,RsPeerFillIfaddrInfos : addr[11] 0x00
[INFO] HCCP(604,host_server):2026-09-21-12:09:02.381.435 [rs_drv_socket.c:257]tid:604,RsPeerFillIfaddrInfos : addr[12] 0xdf
[INFO] HCCP(604,host_server):2026-09-21-12:09:02.381.436 [rs_drv_socket.c:257]tid:604,RsPeerFillIfaddrInfos : addr[13] 0x04
[INFO] HCCP(604,host_server):2026-09-21-12:09:02.381.437 [rs_drv_socket.c:257]tid:604,RsPeerFillIfaddrInfos : addr[14] 0x86
[INFO] HCCP(604,host_server):2026-09-21-12:09:02.381.438 [rs_drv_socket.c:257]tid:604,RsPeerFillIfaddrInfos : addr[15] 0x00
[INFO] HCCP(604,host_server):2026-09-21-12:09:02.381.440 [rs_drv_socket.c:253]tid:604,RsPeerFillIfaddrInfos : ifname[ipourma1] scope_id[0] flowinfo[0]
[INFO] HCCP(604,host_server):2026-09-21-12:09:02.381.441 [rs_drv_socket.c:257]tid:604,RsPeerFillIfaddrInfos : addr[0] 0x00
[INFO] HCCP(604,host_server):2026-09-21-12:09:02.381.443 [rs_drv_socket.c:257]tid:604,RsPeerFillIfaddrInfos : addr[1] 0x00
[INFO] HCCP(604,host_server):2026-09-21-12:09:02.381.444 [rs_drv_socket.c:257]tid:604,RsPeerFillIfaddrInfos : addr[2] 0x00
[INFO] HCCP(604,host_server):2026-09-21-12:09:02.381.446 [rs_drv_socket.c:257]tid:604,RsPeerFillIfaddrInfos : addr[3] 0x00
[INFO] HCCP(604,host_server):2026-09-21-12:09:02.381.447 [rs_drv_socket.c:257]tid:604,RsPeerFillIfaddrInfos : addr[4] 0x00
[INFO] HCCP(604,host_server):2026-09-21-12:09:02.381.448 [rs_drv_socket.c:257]tid:604,RsPeerFillIfaddrInfos : addr[5] 0x44
[INFO] HCCP(604,host_server):2026-09-21-12:09:02.381.449 [rs_drv_socket.c:257]tid:604,RsPeerFillIfaddrInfos : addr[6] 0x02
[INFO] HCCP(604,host_server):2026-09-21-12:09:02.381.450 [rs_drv_socket.c:257]tid:604,RsPeerFillIfaddrInfos : addr[7] 0x00
[INFO] HCCP(604,host_server):2026-09-21-12:09:02.381.452 [rs_drv_socket.c:257]tid:604,RsPeerFillIfaddrInfos : addr[8] 0x00
[INFO] HCCP(604,host_server):2026-09-21-12:09:02.381.453 [rs_drv_socket.c:257]tid:604,RsPeerFillIfaddrInfos : addr[9] 0x10
[INFO] HCCP(604,host_server):2026-09-21-12:09:02.381.454 [rs_drv_socket.c:257]tid:604,RsPeerFillIfaddrInfos : addr[10] 0x00
[INFO] HCCP(604,host_server):2026-09-21-12:09:02.381.455 [rs_drv_socket.c:257]tid:604,RsPeerFillIfaddrInfos : addr[11] 0x00
[INFO] HCCP(604,host_server):2026-09-21-12:09:02.381.457 [rs_drv_socket.c:257]tid:604,RsPeerFillIfaddrInfos : addr[12] 0xdf
[INFO] HCCP(604,host_server):2026-09-21-12:09:02.381.458 [rs_drv_socket.c:257]tid:604,RsPeerFillIfaddrInfos : addr[13] 0x04
[INFO] HCCP(604,host_server):2026-09-21-12:09:02.381.459 [rs_drv_socket.c:257]tid:604,RsPeerFillIfaddrInfos : addr[14] 0x85
[INFO] HCCP(604,host_server):2026-09-21-12:09:02.381.460 [rs_drv_socket.c:257]tid:604,RsPeerFillIfaddrInfos : addr[15] 0x00
[INFO] HCCP(604,host_server):2026-09-21-12:09:02.381.462 [rs_drv_socket.c:253]tid:604,RsPeerFillIfaddrInfos : ifname[ipourma1] scope_id[0] flowinfo[0]
[INFO] HCCP(604,host_server):2026-09-21-12:09:02.381.463 [rs_drv_socket.c:257]tid:604,RsPeerFillIfaddrInfos : addr[0] 0x00
[INFO] HCCP(604,host_server):2026-09-21-12:09:02.381.464 [rs_drv_socket.c:257]tid:604,RsPeerFillIfaddrInfos : addr[1] 0x00
[INFO] HCCP(604,host_server):2026-09-21-12:09:02.381.465 [rs_drv_socket.c:257]tid:604,RsPeerFillIfaddrInfos : addr[2] 0x00
[INFO] HCCP(604,host_server):2026-09-21-12:09:02.381.467 [rs_drv_socket.c:257]tid:604,RsPeerFillIfaddrInfos : addr[3] 0x00
[INFO] HCCP(604,host_server):2026-09-21-12:09:02.381.468 [rs_drv_socket.c:257]tid:604,RsPeerFillIfaddrInfos : addr[4] 0x00
[INFO] HCCP(604,host_server):2026-09-21-12:09:02.381.469 [rs_drv_socket.c:257]tid:604,RsPeerFillIfaddrInfos : addr[5] 0x43
[INFO] HCCP(604,host_server):2026-09-21-12:09:02.381.470 [rs_drv_socket.c:257]tid:604,RsPeerFillIfaddrInfos : addr[6] 0x02
[INFO] HCCP(604,host_server):2026-09-21-12:09:02.381.471 [rs_drv_socket.c:257]tid:604,RsPeerFillIfaddrInfos : addr[7] 0x00
[INFO] HCCP(604,host_server):2026-09-21-12:09:02.381.473 [rs_drv_socket.c:257]tid:604,RsPeerFillIfaddrInfos : addr[8] 0x00
[INFO] HCCP(604,host_server):2026-09-21-12:09:02.381.474 [rs_drv_socket.c:257]tid:604,RsPeerFillIfaddrInfos : addr[9] 0x10
[INFO] HCCP(604,host_server):2026-09-21-12:09:02.381.475 [rs_drv_socket.c:257]tid:604,RsPeerFillIfaddrInfos : addr[10] 0x00
[INFO] HCCP(604,host_server):2026-09-21-12:09:02.381.476 [rs_drv_socket.c:257]tid:604,RsPeerFillIfaddrInfos : addr[11] 0x00
[INFO] HCCP(604,host_server):2026-09-21-12:09:02.381.478 [rs_drv_socket.c:257]tid:604,RsPeerFillIfaddrInfos : addr[12] 0xdf
[INFO] HCCP(604,host_server):2026-09-21-12:09:02.381.479 [rs_drv_socket.c:257]tid:604,RsPeerFillIfaddrInfos : addr[13] 0x04
[INFO] HCCP(604,host_server):2026-09-21-12:09:02.381.480 [rs_drv_socket.c:257]tid:604,RsPeerFillIfaddrInfos : addr[14] 0x84
[INFO] HCCP(604,host_server):2026-09-21-12:09:02.381.481 [rs_drv_socket.c:257]tid:604,RsPeerFillIfaddrInfos : addr[15] 0x00
[INFO] HCCP(604,host_server):2026-09-21-12:09:02.381.483 [rs_drv_socket.c:253]tid:604,RsPeerFillIfaddrInfos : ifname[ipourma1] scope_id[0] flowinfo[0]
[INFO] HCCP(604,host_server):2026-09-21-12:09:02.381.485 [rs_drv_socket.c:257]tid:604,RsPeerFillIfaddrInfos : addr[0] 0x00
[INFO] HCCP(604,host_server):2026-09-21-12:09:02.381.486 [rs_drv_socket.c:257]tid:604,RsPeerFillIfaddrInfos : addr[1] 0x00
[INFO] HCCP(604,host_server):2026-09-21-12:09:02.381.487 [rs_drv_socket.c:257]tid:604,RsPeerFillIfaddrInfos : addr[2] 0x00
[INFO] HCCP(604,host_server):2026-09-21-12:09:02.381.488 [rs_drv_socket.c:257]tid:604,RsPeerFillIfaddrInfos : addr[3] 0x00
[INFO] HCCP(604,host_server):2026-09-21-12:09:02.381.490 [rs_drv_socket.c:257]tid:604,RsPeerFillIfaddrInfos : addr[4] 0x00
[INFO] HCCP(604,host_server):2026-09-21-12:09:02.381.491 [rs_drv_socket.c:257]tid:604,RsPeerFillIfaddrInfos : addr[5] 0x42
[INFO] HCCP(604,host_server):2026-09-21-12:09:02.381.492 [rs_drv_socket.c:257]tid:604,RsPeerFillIfaddrInfos : addr[6] 0x02
[INFO] HCCP(604,host_server):2026-09-21-12:09:02.381.493 [rs_drv_socket.c:257]tid:604,RsPeerFillIfaddrInfos : addr[7] 0x00
[INFO] HCCP(604,host_server):2026-09-21-12:09:02.381.494 [rs_drv_socket.c:257]tid:604,RsPeerFillIfaddrInfos : addr[8] 0x00
[INFO] HCCP(604,host_server):2026-09-21-12:09:02.381.496 [rs_drv_socket.c:257]tid:604,RsPeerFillIfaddrInfos : addr[9] 0x10
[INFO] HCCP(604,host_server):2026-09-21-12:09:02.381.497 [rs_drv_socket.c:257]tid:604,RsPeerFillIfaddrInfos : addr[10] 0x00
[INFO] HCCP(604,host_server):2026-09-21-12:09:02.381.498 [rs_drv_socket.c:257]tid:604,RsPeerFillIfaddrInfos : addr[11] 0x00
[INFO] HCCP(604,host_server):2026-09-21-12:09:02.381.499 [rs_drv_socket.c:257]tid:604,RsPeerFillIfaddrInfos : addr[12] 0xdf
[INFO] HCCP(604,host_server):2026-09-21-12:09:02.381.501 [rs_drv_socket.c:257]tid:604,RsPeerFillIfaddrInfos : addr[13] 0x04
[INFO] HCCP(604,host_server):2026-09-21-12:09:02.381.502 [rs_drv_socket.c:257]tid:604,RsPeerFillIfaddrInfos : addr[14] 0x83
[INFO] HCCP(604,host_server):2026-09-21-12:09:02.381.503 [rs_drv_socket.c:257]tid:604,RsPeerFillIfaddrInfos : addr[15] 0x00
[INFO] HCCP(604,host_server):2026-09-21-12:09:02.381.504 [rs_drv_socket.c:253]tid:604,RsPeerFillIfaddrInfos : ifname[ipourma2] scope_id[0] flowinfo[0]
[INFO] HCCP(604,host_server):2026-09-21-12:09:02.381.506 [rs_drv_socket.c:257]tid:604,RsPeerFillIfaddrInfos : addr[0] 0x00
[INFO] HCCP(604,host_server):2026-09-21-12:09:02.381.507 [rs_drv_socket.c:257]tid:604,RsPeerFillIfaddrInfos : addr[1] 0x00
[INFO] HCCP(604,host_server):2026-09-21-12:09:02.381.508 [rs_drv_socket.c:257]tid:604,RsPeerFillIfaddrInfos : addr[2] 0x00
[INFO] HCCP(604,host_server):2026-09-21-12:09:02.381.509 [rs_drv_socket.c:257]tid:604,RsPeerFillIfaddrInfos : addr[3] 0x00
[INFO] HCCP(604,host_server):2026-09-21-12:09:02.381.511 [rs_drv_socket.c:257]tid:604,RsPeerFillIfaddrInfos : addr[4] 0x00
[INFO] HCCP(604,host_server):2026-09-21-12:09:02.381.512 [rs_drv_socket.c:257]tid:604,RsPeerFillIfaddrInfos : addr[5] 0x00
[INFO] HCCP(604,host_server):2026-09-21-12:09:02.381.513 [rs_drv_socket.c:257]tid:604,RsPeerFillIfaddrInfos : addr[6] 0x04
[INFO] HCCP(604,host_server):2026-09-21-12:09:02.381.514 [rs_drv_socket.c:257]tid:604,RsPeerFillIfaddrInfos : addr[7] 0x00
[INFO] HCCP(604,host_server):2026-09-21-12:09:02.381.515 [rs_drv_socket.c:257]tid:604,RsPeerFillIfaddrInfos : addr[8] 0x00
[INFO] HCCP(604,host_server):2026-09-21-12:09:02.381.517 [rs_drv_socket.c:257]tid:604,RsPeerFillIfaddrInfos : addr[9] 0x10
[INFO] HCCP(604,host_server):2026-09-21-12:09:02.381.518 [rs_drv_socket.c:257]tid:604,RsPeerFillIfaddrInfos : addr[10] 0x00
[INFO] HCCP(604,host_server):2026-09-21-12:09:02.381.519 [rs_drv_socket.c:257]tid:604,RsPeerFillIfaddrInfos : addr[11] 0x00
[INFO] HCCP(604,host_server):2026-09-21-12:09:02.381.520 [rs_drv_socket.c:257]tid:604,RsPeerFillIfaddrInfos : addr[12] 0xdf
[INFO] HCCP(604,host_server):2026-09-21-12:09:02.381.522 [rs_drv_socket.c:257]tid:604,RsPeerFillIfaddrInfos : addr[13] 0x00
[INFO] HCCP(604,host_server):2026-09-21-12:09:02.381.523 [rs_drv_socket.c:257]tid:604,RsPeerFillIfaddrInfos : addr[14] 0x81
[INFO] HCCP(604,host_server):2026-09-21-12:09:02.381.525 [rs_drv_socket.c:257]tid:604,RsPeerFillIfaddrInfos : addr[15] 0x00
[INFO] HCCP(604,host_server):2026-09-21-12:09:02.381.526 [rs_drv_socket.c:253]tid:604,RsPeerFillIfaddrInfos : ifname[ipourma2] scope_id[0] flowinfo[0]
[INFO] HCCP(604,host_server):2026-09-21-12:09:02.381.528 [rs_drv_socket.c:257]tid:604,RsPeerFillIfaddrInfos : addr[0] 0x00
[INFO] HCCP(604,host_server):2026-09-21-12:09:02.381.529 [rs_drv_socket.c:257]tid:604,RsPeerFillIfaddrInfos : addr[1] 0x00
[INFO] HCCP(604,host_server):2026-09-21-12:09:02.381.530 [rs_drv_socket.c:257]tid:604,RsPeerFillIfaddrInfos : addr[2] 0x00
[INFO] HCCP(604,host_server):2026-09-21-12:09:02.381.531 [rs_drv_socket.c:257]tid:604,RsPeerFillIfaddrInfos : addr[3] 0x00
[INFO] HCCP(604,host_server):2026-09-21-12:09:02.381.533 [rs_drv_socket.c:257]tid:604,RsPeerFillIfaddrInfos : addr[4] 0x00
[INFO] HCCP(604,host_server):2026-09-21-12:09:02.381.534 [rs_drv_socket.c:257]tid:604,RsPeerFillIfaddrInfos : addr[5] 0x08
[INFO] HCCP(604,host_server):2026-09-21-12:09:02.381.535 [rs_drv_socket.c:257]tid:604,RsPeerFillIfaddrInfos : addr[6] 0x04
[INFO] HCCP(604,host_server):2026-09-21-12:09:02.381.536 [rs_drv_socket.c:257]tid:604,RsPeerFillIfaddrInfos : addr[7] 0x00
[INFO] HCCP(604,host_server):2026-09-21-12:09:02.381.537 [rs_drv_socket.c:257]tid:604,RsPeerFillIfaddrInfos : addr[8] 0x00
[INFO] HCCP(604,host_server):2026-09-21-12:09:02.381.539 [rs_drv_socket.c:257]tid:604,RsPeerFillIfaddrInfos : addr[9] 0x10
[INFO] HCCP(604,host_server):2026-09-21-12:09:02.381.540 [rs_drv_socket.c:257]tid:604,RsPeerFillIfaddrInfos : addr[10] 0x00
[INFO] HCCP(604,host_server):2026-09-21-12:09:02.381.541 [rs_drv_socket.c:257]tid:604,RsPeerFillIfaddrInfos : addr[11] 0x00
[INFO] HCCP(604,host_server):2026-09-21-12:09:02.381.542 [rs_drv_socket.c:257]tid:604,RsPeerFillIfaddrInfos : addr[12] 0xdf
[INFO] HCCP(604,host_server):2026-09-21-12:09:02.381.544 [rs_drv_socket.c:257]tid:604,RsPeerFillIfaddrInfos : addr[13] 0x00
[INFO] HCCP(604,host_server):2026-09-21-12:09:02.381.545 [rs_drv_socket.c:257]tid:604,RsPeerFillIfaddrInfos : addr[14] 0x89
[INFO] HCCP(604,host_server):2026-09-21-12:09:02.381.546 [rs_drv_socket.c:257]tid:604,RsPeerFillIfaddrInfos : addr[15] 0x00
[INFO] HCCP(604,host_server):2026-09-21-12:09:02.381.547 [rs_drv_socket.c:253]tid:604,RsPeerFillIfaddrInfos : ifname[ipourma3] scope_id[0] flowinfo[0]
[INFO] HCCP(604,host_server):2026-09-21-12:09:02.381.549 [rs_drv_socket.c:257]tid:604,RsPeerFillIfaddrInfos : addr[0] 0x00
[INFO] HCCP(604,host_server):2026-09-21-12:09:02.381.550 [rs_drv_socket.c:257]tid:604,RsPeerFillIfaddrInfos : addr[1] 0x00
[INFO] HCCP(604,host_server):2026-09-21-12:09:02.381.551 [rs_drv_socket.c:257]tid:604,RsPeerFillIfaddrInfos : addr[2] 0x00
[INFO] HCCP(604,host_server):2026-09-21-12:09:02.381.552 [rs_drv_socket.c:257]tid:604,RsPeerFillIfaddrInfos : addr[3] 0x00
[INFO] HCCP(604,host_server):2026-09-21-12:09:02.381.554 [rs_drv_socket.c:257]tid:604,RsPeerFillIfaddrInfos : addr[4] 0x00
[INFO] HCCP(604,host_server):2026-09-21-12:09:02.381.555 [rs_drv_socket.c:257]tid:604,RsPeerFillIfaddrInfos : addr[5] 0x00
[INFO] HCCP(604,host_server):2026-09-21-12:09:02.381.556 [rs_drv_socket.c:257]tid:604,RsPeerFillIfaddrInfos : addr[6] 0x03
[INFO] HCCP(604,host_server):2026-09-21-12:09:02.381.557 [rs_drv_socket.c:257]tid:604,RsPeerFillIfaddrInfos : addr[7] 0x00
[INFO] HCCP(604,host_server):2026-09-21-12:09:02.381.558 [rs_drv_socket.c:257]tid:604,RsPeerFillIfaddrInfos : addr[8] 0x00
[INFO] HCCP(604,host_server):2026-09-21-12:09:02.381.560 [rs_drv_socket.c:257]tid:604,RsPeerFillIfaddrInfos : addr[9] 0x10
[INFO] HCCP(604,host_server):2026-09-21-12:09:02.381.561 [rs_drv_socket.c:257]tid:604,RsPeerFillIfaddrInfos : addr[10] 0x00
[INFO] HCCP(604,host_server):2026-09-21-12:09:02.381.562 [rs_drv_socket.c:257]tid:604,RsPeerFillIfaddrInfos : addr[11] 0x00
[INFO] HCCP(604,host_server):2026-09-21-12:09:02.381.563 [rs_drv_socket.c:257]tid:604,RsPeerFillIfaddrInfos : addr[12] 0xdf
[INFO] HCCP(604,host_server):2026-09-21-12:09:02.381.565 [rs_drv_socket.c:257]tid:604,RsPeerFillIfaddrInfos : addr[13] 0x00
[INFO] HCCP(604,host_server):2026-09-21-12:09:02.381.567 [rs_drv_socket.c:257]tid:604,RsPeerFillIfaddrInfos : addr[14] 0x81
[INFO] HCCP(604,host_server):2026-09-21-12:09:02.381.568 [rs_drv_socket.c:257]tid:604,RsPeerFillIfaddrInfos : addr[15] 0x00
[INFO] HCCP(604,host_server):2026-09-21-12:09:02.381.569 [rs_drv_socket.c:253]tid:604,RsPeerFillIfaddrInfos : ifname[ipourma4] scope_id[0] flowinfo[0]
[INFO] HCCP(604,host_server):2026-09-21-12:09:02.381.571 [rs_drv_socket.c:257]tid:604,RsPeerFillIfaddrInfos : addr[0] 0x00
[INFO] HCCP(604,host_server):2026-09-21-12:09:02.381.572 [rs_drv_socket.c:257]tid:604,RsPeerFillIfaddrInfos : addr[1] 0x00
[INFO] HCCP(604,host_server):2026-09-21-12:09:02.381.573 [rs_drv_socket.c:257]tid:604,RsPeerFillIfaddrInfos : addr[2] 0x00
[INFO] HCCP(604,host_server):2026-09-21-12:09:02.381.574 [rs_drv_socket.c:257]tid:604,RsPeerFillIfaddrInfos : addr[3] 0x00
[INFO] HCCP(604,host_server):2026-09-21-12:09:02.381.576 [rs_drv_socket.c:257]tid:604,RsPeerFillIfaddrInfos : addr[4] 0x00
[INFO] HCCP(604,host_server):2026-09-21-12:09:02.381.577 [rs_drv_socket.c:257]tid:604,RsPeerFillIfaddrInfos : addr[5] 0x40
[INFO] HCCP(604,host_server):2026-09-21-12:09:02.381.578 [rs_drv_socket.c:257]tid:604,RsPeerFillIfaddrInfos : addr[6] 0x03
[INFO] HCCP(604,host_server):2026-09-21-12:09:02.381.579 [rs_drv_socket.c:257]tid:604,RsPeerFillIfaddrInfos : addr[7] 0x00
[INFO] HCCP(604,host_server):2026-09-21-12:09:02.381.580 [rs_drv_socket.c:257]tid:604,RsPeerFillIfaddrInfos : addr[8] 0x00
[INFO] HCCP(604,host_server):2026-09-21-12:09:02.381.582 [rs_drv_socket.c:257]tid:604,RsPeerFillIfaddrInfos : addr[9] 0x10
[INFO] HCCP(604,host_server):2026-09-21-12:09:02.381.583 [rs_drv_socket.c:257]tid:604,RsPeerFillIfaddrInfos : addr[10] 0x00
[INFO] HCCP(604,host_server):2026-09-21-12:09:02.381.584 [rs_drv_socket.c:257]tid:604,RsPeerFillIfaddrInfos : addr[11] 0x00
[INFO] HCCP(604,host_server):2026-09-21-12:09:02.381.585 [rs_drv_socket.c:257]tid:604,RsPeerFillIfaddrInfos : addr[12] 0xdf
[INFO] HCCP(604,host_server):2026-09-21-12:09:02.381.586 [rs_drv_socket.c:257]tid:604,RsPeerFillIfaddrInfos : addr[13] 0x04
[INFO] HCCP(604,host_server):2026-09-21-12:09:02.381.588 [rs_drv_socket.c:257]tid:604,RsPeerFillIfaddrInfos : addr[14] 0x81
[INFO] HCCP(604,host_server):2026-09-21-12:09:02.381.589 [rs_drv_socket.c:257]tid:604,RsPeerFillIfaddrInfos : addr[15] 0x00
[INFO] HCCP(604,host_server):2026-09-21-12:09:02.381.590 [rs_drv_socket.c:253]tid:604,RsPeerFillIfaddrInfos : ifname[ipourma5] scope_id[0] flowinfo[0]
[INFO] HCCP(604,host_server):2026-09-21-12:09:02.381.592 [rs_drv_socket.c:257]tid:604,RsPeerFillIfaddrInfos : addr[0] 0x00
[INFO] HCCP(604,host_server):2026-09-21-12:09:02.381.593 [rs_drv_socket.c:257]tid:604,RsPeerFillIfaddrInfos : addr[1] 0x00
[INFO] HCCP(604,host_server):2026-09-21-12:09:02.381.594 [rs_drv_socket.c:257]tid:604,RsPeerFillIfaddrInfos : addr[2] 0x00
[INFO] HCCP(604,host_server):2026-09-21-12:09:02.381.595 [rs_drv_socket.c:257]tid:604,RsPeerFillIfaddrInfos : addr[3] 0x00
[INFO] HCCP(604,host_server):2026-09-21-12:09:02.381.596 [rs_drv_socket.c:257]tid:604,RsPeerFillIfaddrInfos : addr[4] 0x00
[INFO] HCCP(604,host_server):2026-09-21-12:09:02.381.598 [rs_drv_socket.c:257]tid:604,RsPeerFillIfaddrInfos : addr[5] 0x40
[INFO] HCCP(604,host_server):2026-09-21-12:09:02.381.599 [rs_drv_socket.c:257]tid:604,RsPeerFillIfaddrInfos : addr[6] 0x04
[INFO] HCCP(604,host_server):2026-09-21-12:09:02.381.600 [rs_drv_socket.c:257]tid:604,RsPeerFillIfaddrInfos : addr[7] 0x00
[INFO] HCCP(604,host_server):2026-09-21-12:09:02.381.601 [rs_drv_socket.c:257]tid:604,RsPeerFillIfaddrInfos : addr[8] 0x00
[INFO] HCCP(604,host_server):2026-09-21-12:09:02.381.602 [rs_drv_socket.c:257]tid:604,RsPeerFillIfaddrInfos : addr[9] 0x10
[INFO] HCCP(604,host_server):2026-09-21-12:09:02.381.604 [rs_drv_socket.c:257]tid:604,RsPeerFillIfaddrInfos : addr[10] 0x00
[INFO] HCCP(604,host_server):2026-09-21-12:09:02.381.605 [rs_drv_socket.c:257]tid:604,RsPeerFillIfaddrInfos : addr[11] 0x00
[INFO] HCCP(604,host_server):2026-09-21-12:09:02.381.606 [rs_drv_socket.c:257]tid:604,RsPeerFillIfaddrInfos : addr[12] 0xdf
[INFO] HCCP(604,host_server):2026-09-21-12:09:02.381.608 [rs_drv_socket.c:257]tid:604,RsPeerFillIfaddrInfos : addr[13] 0x04
[INFO] HCCP(604,host_server):2026-09-21-12:09:02.381.610 [rs_drv_socket.c:257]tid:604,RsPeerFillIfaddrInfos : addr[14] 0x81
[INFO] HCCP(604,host_server):2026-09-21-12:09:02.381.611 [rs_drv_socket.c:257]tid:604,RsPeerFillIfaddrInfos : addr[15] 0x00
[INFO] HCCP(604,host_server):2026-09-21-12:09:02.381.612 [rs_drv_socket.c:253]tid:604,RsPeerFillIfaddrInfos : ifname[ipourma5] scope_id[0] flowinfo[0]
[INFO] HCCP(604,host_server):2026-09-21-12:09:02.381.613 [rs_drv_socket.c:257]tid:604,RsPeerFillIfaddrInfos : addr[0] 0x00
[INFO] HCCP(604,host_server):2026-09-21-12:09:02.381.615 [rs_drv_socket.c:257]tid:604,RsPeerFillIfaddrInfos : addr[1] 0x00
[INFO] HCCP(604,host_server):2026-09-21-12:09:02.381.616 [rs_drv_socket.c:257]tid:604,RsPeerFillIfaddrInfos : addr[2] 0x00
[INFO] HCCP(604,host_server):2026-09-21-12:09:02.381.617 [rs_drv_socket.c:257]tid:604,RsPeerFillIfaddrInfos : addr[3] 0x00
[INFO] HCCP(604,host_server):2026-09-21-12:09:02.381.618 [rs_drv_socket.c:257]tid:604,RsPeerFillIfaddrInfos : addr[4] 0x00
[INFO] HCCP(604,host_server):2026-09-21-12:09:02.381.619 [rs_drv_socket.c:257]tid:604,RsPeerFillIfaddrInfos : addr[5] 0x48
[INFO] HCCP(604,host_server):2026-09-21-12:09:02.381.621 [rs_drv_socket.c:257]tid:604,RsPeerFillIfaddrInfos : addr[6] 0x04
[INFO] HCCP(604,host_server):2026-09-21-12:09:02.381.622 [rs_drv_socket.c:257]tid:604,RsPeerFillIfaddrInfos : addr[7] 0x00
[INFO] HCCP(604,host_server):2026-09-21-12:09:02.381.623 [rs_drv_socket.c:257]tid:604,RsPeerFillIfaddrInfos : addr[8] 0x00
[INFO] HCCP(604,host_server):2026-09-21-12:09:02.381.624 [rs_drv_socket.c:257]tid:604,RsPeerFillIfaddrInfos : addr[9] 0x10
[INFO] HCCP(604,host_server):2026-09-21-12:09:02.381.626 [rs_drv_socket.c:257]tid:604,RsPeerFillIfaddrInfos : addr[10] 0x00
[INFO] HCCP(604,host_server):2026-09-21-12:09:02.381.627 [rs_drv_socket.c:257]tid:604,RsPeerFillIfaddrInfos : addr[11] 0x00
[INFO] HCCP(604,host_server):2026-09-21-12:09:02.381.628 [rs_drv_socket.c:257]tid:604,RsPeerFillIfaddrInfos : addr[12] 0xdf
[INFO] HCCP(604,host_server):2026-09-21-12:09:02.381.629 [rs_drv_socket.c:257]tid:604,RsPeerFillIfaddrInfos : addr[13] 0x04
[INFO] HCCP(604,host_server):2026-09-21-12:09:02.381.631 [rs_drv_socket.c:257]tid:604,RsPeerFillIfaddrInfos : addr[14] 0x89
[INFO] HCCP(604,host_server):2026-09-21-12:09:02.381.632 [rs_drv_socket.c:257]tid:604,RsPeerFillIfaddrInfos : addr[15] 0x00
[INFO] HCCP(604,host_server):2026-09-21-12:09:02.381.633 [ra_peer.c:1126]tid:604,RaPeerGetIfaddrs : [get][ra_peer_ifaddrs] ra_peer_get_ifaddrs phyId[0] succ
[INFO] HCCP(604,host_server):2026-09-21-12:09:02.381.636 [ra_host.c:508]tid:604,RaRdevInitWithBackupInfo : rdev_init:mode=0 phyId=0 family=2 ip=20.168.0.19 notify_type=0
[INFO] HCCP(604,host_server):2026-09-21-12:09:02.381.639 [ra_peer.c:1244]tid:604,RaPeerRdevInit : [init][ra_peer_rdev]ra_peer_rdev_init phyId[0] notify_type[0] physical device id[0]
[WARNING] HCCP(604,host_server):2026-09-21-12:09:02.382.256 [dl_ibverbs_function.c:526]tid:604,RsHrnApiInit : HccpDlopen[libhrn3-rdmav34.so] doesn't exist!
[WARNING] HCCP(604,host_server):2026-09-21-12:09:02.382.316 [dl_nda_function.c:100]tid:604,RsNdaApiInit : HccpDlopen[libibv_extend.so] doesn't exist!
[INFO] HCCP(604,host_server):2026-09-21-12:09:02.383.546 [rs.c:1047]tid:604,RsRdevInitWithBackupInfo : ibv_get_device_list phyId[0] dev_num[4]
[INFO] HCCP(604,host_server):2026-09-21-12:09:02.397.193 [rs.c:1060]tid:604,RsRdevInitWithBackupInfo : rdev init success, phyId:0, localIp:0x1300a814, rdevIndex:1
[INFO] HCCL(604,host_server):2026-09-21-12:09:02.397.215 [rdma_handle_manager.cc:143][604][RdmaHandleManager::GetByAddr] one rdmahandle [0xaaaaf3492570], devPhyId [0], portAddr [IpAddress[0000:0000:0000:0000:0000:0000:14a8:0013, AF=IPv4, addr=20.168.0.19]]
[INFO] HCCL(604,host_server):2026-09-21-12:09:02.397.218 [cpu_roce_endpoint.cc:72] [604]CpuRoceEndpoint::Init success, hostResourceId[0], ipAddr[IpAddress[0000:0000:0000:0000:0000:0000:14a8:0013, AF=IPv4, addr=20.168.0.19]], ctxHandle[0xaaaaf3492570]
[INFO] HCCL(604,host_server):2026-09-21-12:09:02.397.227 [hcomm_c_adpt.cc:376] [604][NicPluginDebug][HcommEndpointCreate] plugin endpoint created, protocol[1], handle[0x8000aaaaf348cdb0].
API HcommEndpointCreate(&desc, &endpoint) => 0

STAGE 2. 分配并注册 Host DRAM，填入唯一被测字符串
[WARNING] HCCL(604,host_server):2026-09-21-12:09:02.397.236 [hcomm_adapter_runtime.cc:33] [604][HcommAdapterRuntime][ResolveRuntimeDevicePhyId] force Host-only resource id[0], env[HCOMM_FORCE_HOST_NIC_PLUGIN]=1, test only.
[INFO] HCCL(604,host_server):2026-09-21-12:09:02.397.239 [hcomm_c_adpt.cc:460] [604][HcommMemReg] START. endpointHandle[0x8000aaaaf348cdb0].
[INFO] HCCL(604,host_server):2026-09-21-12:09:02.397.242 [roce_mem.cc:32] [604][RegisterMemory] Begin
[WARNING] HCCL(604,host_server):2026-09-21-12:09:02.397.249 [roce_mem.cc:107] [604]Key[addr:187651203121152, size:4096] not found. There is no key in table.
[INFO] HCCP(604,host_server):2026-09-21-12:09:02.397.254 [rs_rdma.c:713]tid:604,RsRegisterMr : [rs_register_mr] len[0x1000], access[15]
[INFO] HCCP(604,host_server):2026-09-21-12:09:02.397.494 [rs_rdma.c:742]tid:604,RsRegisterMr : rs_register_mr succ
[INFO] HCCL(604,host_server):2026-09-21-12:09:02.397.498 [local_rdma_rma_buffer.cc:45][604]LocalRdmaRmaBuffer[rdmaHandle=0xaaaaf3492570, mrHandle = 0xaaaaf34db970, buf=Buffer[addr=0xaaaaf34dc000, size=0x1000, memInfo=host-dram]]
[INFO] HCCL(604,host_server):2026-09-21-12:09:02.397.501 [roce_mem.cc:69] [604][RoceRegedMemMgr][RegisterMemory]Register memory success! Add key {0xaaaaf34dc000, 4096}
API HcommMemReg(endpoint, "host-dram", &memory, &registration) => 0
[WARNING] HCCL(604,host_server):2026-09-21-12:09:02.397.504 [hcomm_adapter_runtime.cc:33] [604][HcommAdapterRuntime][ResolveRuntimeDevicePhyId] force Host-only resource id[0], env[HCOMM_FORCE_HOST_NIC_PLUGIN]=1, test only.
[INFO] HCCL(604,host_server):2026-09-21-12:09:02.397.506 [hcomm_c_adpt.cc:508] [604][HcommMemExport] START. endpointHandle[0x8000aaaaf348cdb0].
[INFO] HCCL(604,host_server):2026-09-21-12:09:02.397.508 [roce_mem.cc:147] [604][MemoryExport] Begin
API HcommMemExport(endpoint, registration, &description, &bytes) => 0

STAGE 3. TCP 交换 opaque MR 描述符，NPU 使用标准接口导入 Host DRAM
Control listening 10.1.101.27:19516

STAGE 4. 标准 HcommChannelCreate/GetStatus 完成 Host 侧建链
API HcommChannelDescInit(&desc, 1) => 0
API EndpointDescInit(&desc, 1) => 0
[INFO] HCCL(604,host_server):2026-09-21-12:09:13.019.467 [hcomm_c_adpt.cc:642] [604][HcommChannelCreate] START. endpointHandle[0x8000aaaaf348cdb0], engine[CPU], channelNum[1].
[WARNING] HCCL(604,host_server):2026-09-21-12:09:13.019.471 [hcomm_adapter_runtime.cc:33] [604][HcommAdapterRuntime][ResolveRuntimeDevicePhyId] force Host-only resource id[0], env[HCOMM_FORCE_HOST_NIC_PLUGIN]=1, test only.
[INFO] HCCL(604,host_server):2026-09-21-12:09:13.019.478 [host_cpu_roce_channel.cc:101] [604][HostCpuRoceChannel][ParseInputParam] Start. endpointHandle[0xaaaaf16ecb50]
[INFO] HCCL(604,host_server):2026-09-21-12:09:13.019.480 [host_cpu_roce_channel.cc:115] [604][HostCpuRoceChannel][ParseInputParam] exchangeAllMems == True. Get memHandles from endpoint.
[INFO] HCCL(604,host_server):2026-09-21-12:09:13.019.482 [roce_mem.cc:251] [604][GetAllMemHandles] Begin
[INFO] HCCL(604,host_server):2026-09-21-12:09:13.019.484 [roce_mem.cc:257] [604][RoceRegedMemMgr][[GetAllMemHandles] memHandleNum is [1]
[INFO] HCCL(604,host_server):2026-09-21-12:09:13.019.486 [host_cpu_roce_channel.cc:119] [604][HostCpuRoceChannel][ParseInputParam] Got memHandleNum[1].
[INFO] HCCL(604,host_server):2026-09-21-12:09:13.019.488 [host_cpu_roce_channel.cc:124] [604][HostCpuRoceChannel][ParseInputParam] Got memHandle No.0: addr[0xaaaaf34dc000], size[0x1000], memInfo[host-dram].
[INFO] HCCL(604,host_server):2026-09-21-12:09:13.019.491 [cpu_roce_endpoint.cc:181] [604][CpuRoceEndpoint::GetCapabilities] START.
[INFO] HCCL(604,host_server):2026-09-21-12:09:13.019.494 [cpu_roce_endpoint.cc:195] [604][CpuRoceEndpoint::GetCapabilities] SUCCESS.
[INFO] HCCL(604,host_server):2026-09-21-12:09:13.019.500 [host_cpu_roce_channel.cc:153] [604][HostCpuRoceChannel][ParseInputParam] maxMsgSize_[0x40000000].
[INFO] HCCL(604,host_server):2026-09-21-12:09:13.019.502 [host_cpu_roce_channel.cc:161] [604][HostCpuRoceChannel::StartListen] Start. EndpointHandle[0xaaaaf16ecb50], port[19517]
[INFO] HCCL(604,host_server):2026-09-21-12:09:13.019.504 [cpu_roce_endpoint.cc:84] [604][ConnProto2LinkProto] linkType is[LinkProtoType::RDMA]
[INFO] HCCL(604,host_server):2026-09-21-12:09:13.019.508 [cpu_roce_endpoint.cc:91] [604][CpuRoceEndpoint::ServerSocketListen] hostResourceId[0] ipAddress[IpAddress[0000:0000:0000:0000:0000:0000:14a8:0013, AF=IPv4, addr=20.168.0.19]]
[INFO] HCCL(604,host_server):2026-09-21-12:09:13.019.513 [host_socket_handle_manager.cc:34][604][HostSocketHandleManager::Create] start
[INFO] HCCL(604,host_server):2026-09-21-12:09:13.019.517 [orion_adapter_hccp.cc:709][604][HrtRaSocketInit] Input params: mode=0, ip=318810132, device id=0, family=2
[INFO] HCCP(604,host_server):2026-09-21-12:09:13.019.519 [ra_host.c:239]tid:604,RaSocketInit : socket init:mode=0 phyId=0 family=2 ip=20.168.0.19
[INFO] HCCL(604,host_server):2026-09-21-12:09:13.019.522 [orion_adapter_hccp.cc:719][604]socket init success, ip[318810132], device id[0], ret[0]
[INFO] HCCL(604,host_server):2026-09-21-12:09:13.019.527 [host_socket_handle_manager.cc:68][604][HostSocketHandleManager::Create] devicePhyId[0] hostIp[20.168.0.19] create end.
[INFO] HCCL(604,host_server):2026-09-21-12:09:13.019.536 [server_socket_manager.cc:50] [604][ServerSocketManager][HostSocketListen] listen_socket_info[Socket[role=SocketRole::SERVER, localIp=IpAddress[0000:0000:0000:0000:0000:0000:14a8:0013, AF=IPv4, addr=20.168.0.19], listenPort=19517, remoteIp=IpAddress[0000:0000:0000:0000:0000:0000:14a8:0013, AF=IPv4, addr=20.168.0.19], tag=server, nicType=NicType::HOST_NIC_TYPE]]
[INFO] HCCL(604,host_server):2026-09-21-12:09:13.019.539 [socket.cc:33][604][Socket::Listen] listen start, listenPort[19517]
[INFO] HCCL(604,host_server):2026-09-21-12:09:13.019.542 [orion_adapter_hccp.cc:452][604][ListenStart][RaSocket] Input params: socketHandle: 0xaaaaf34dbee0, port: 19517
[INFO] HCCL(604,host_server):2026-09-21-12:09:13.019.544 [orion_adapter_hccp.cc:364][604][ListenStart][RaSocket] Input params: num=1
[INFO] HCCP(604,host_server):2026-09-21-12:09:13.019.546 [ra_host.c:833]tid:604,RaSocketListenStart : Input parameters: [0]th, phyId[0], localIp[20.168.0.19], port[19517]
[INFO] HCCP(604,host_server):2026-09-21-12:09:13.019.550 [rs_socket.c:645]tid:604,RsSocketInitListen : listen [0] IP 0xffff1300a814, ret_vnic -1
[INFO] HCCP(604,host_server):2026-09-21-12:09:13.019.553 [rs_drv_socket.c:563]tid:604,RsFindListenNode : listen node for IP(20.168.0.19), serverPort(19517) is not listen!
[INFO] HCCP(604,host_server):2026-09-21-12:09:13.019.555 [rs_drv_socket.c:563]tid:604,RsFindListenNode : listen node for IP(20.168.0.19), serverPort(19517) is not listen!
[INFO] HCCP(604,host_server):2026-09-21-12:09:13.019.559 [rs_drv_socket.c:620]tid:604,RsListenNodeAlloc : create listen node for IP(20.168.0.19)!
[INFO] HCCP(604,host_server):2026-09-21-12:09:13.019.569 [rs_socket.c:573]tid:604,RsSocketListenBindListen : listen state:1, then bind for (IP 20.168.0.19 : port 19517)
[INFO] HCCP(604,host_server):2026-09-21-12:09:13.019.571 [rs_socket.c:576]tid:604,RsSocketListenBindListen : socket bind: family 2, addr 20.168.0.19, port 19517
[INFO] HCCP(604,host_server):2026-09-21-12:09:13.019.573 [rs_socket.c:583]tid:604,RsSocketListenBindListen : socket bind: family 2, port 15692, addr 0x1300a814
[INFO] HCCP(604,host_server):2026-09-21-12:09:13.019.579 [rs_socket.c:614]tid:604,RsSocketListenBindListen : IP 20.168.0.19 : port 19517 begin listen, fd:7 !
[INFO] HCCL(604,host_server):2026-09-21-12:09:13.019.587 [orion_adapter_hccp.cc:372][604]socket listen start success, ret=0
[INFO] HCCL(604,host_server):2026-09-21-12:09:13.019.592 [host_cpu_roce_channel.cc:169] [604][HostCpuRoceChannel::StartListen] SUCCESS. port[19517].
[INFO] HCCL(604,host_server):2026-09-21-12:09:13.019.596 [host_cpu_roce_channel.cc:178] [604][HostCpuRoceChannel::BuildSocket] socket ptr is NULL, rebuild Socket
[INFO] HCCL(604,host_server):2026-09-21-12:09:13.019.607 [host_cpu_roce_channel.cc:182] [604][HostCpuRoceChannel::BuildSocket] built linkData: LinkData:type=PortDeploymentType::HOST_NET, protocol=LinkProtocol::ROCE, localRankId=0, localAddr=IpAddress[0000:0000:0000:0000:0000:0000:14a8:0013, AF=IPv4, addr=20.168.0.19], remoteRankId=2, remoteAddr=IpAddress[0000:0000:0000:0000:0000:0000:14a8:0003, AF=IPv4, addr=20.168.0.3], reuseIdx=0
[WARNING] HCCL(604,host_server):2026-09-21-12:09:13.019.612 [hcomm_adapter_runtime.cc:33] [604][HcommAdapterRuntime][ResolveRuntimeDevicePhyId] force Host-only resource id[0], env[HCOMM_FORCE_HOST_NIC_PLUGIN]=1, test only.
[INFO] HCCL(604,host_server):2026-09-21-12:09:13.019.614 [socket_mgr.cc:60] [604][SocketMgr][Init] init socket mgr, noDevice[1], runtimeDevicePhyId[0], devicePhyId[0].
[INFO] HCCL(604,host_server):2026-09-21-12:09:13.019.620 [socket_mgr.cc:113] [604][SocketMgr][GetSocketHandle] socketHandle[0xaaaaf34dbee0] devicePhyId[0] localPort[PortData[rankId=0, type=PortDeploymentType::HOST_NET, id=0, addr=IpAddress[0000:0000:0000:0000:0000:0000:14a8:0013, AF=IPv4, addr=20.168.0.19]]]
[INFO] HCCL(604,host_server):2026-09-21-12:09:13.019.626 [orion_adapter_hccp.cc:763][604][HrtRaSocketWhiteListAdd] Input params: socketHandle=0xaaaaf34dbee0
[INFO] HCCL(604,host_server):2026-09-21-12:09:13.019.631 [orion_adapter_hccp.cc:781][604]add whitelistInfo tag=[standard-host-to-hbm_20.168.0.19_20.168.0.3_19517], remoteIp[IpAddress[0000:0000:0000:0000:0000:0000:14a8:0003, AF=IPv4, addr=20.168.0.3]]
[INFO] HCCP(604,host_server):2026-09-21-12:09:13.019.633 [ra_host.c:1598]tid:604,RaSocketWhiteListAdd : Input parameters: phyId[0], localIp[20.168.0.19], num[1]
[INFO] HCCP(604,host_server):2026-09-21-12:09:13.019.636 [rs_socket.c:1992]tid:604,RsSocketGetIpInfo : white list listen IP 0x1300a814, ret_vnic -1
[INFO] HCCP(604,host_server):2026-09-21-12:09:13.019.638 [rs_socket.c:1995]tid:604,RsSocketGetIpInfo : white list client IP 0x300a814, ret_vnic -1
[INFO] HCCP(604,host_server):2026-09-21-12:09:13.019.640 [rs_drv_socket.c:753]tid:604,RsFindWhiteList : white list for IP(20.168.0.19) doesn't exist!
[INFO] HCCP(604,host_server):2026-09-21-12:09:13.019.642 [rs_drv_socket.c:729]tid:604,RsFindWhiteListNode : white list node for IP(20.168.0.3), tag(standard-host-to-hbm_20.168.0.19_20.168.0.3_19517) doesn't exist!
[INFO] HCCL(604,host_server):2026-09-21-12:09:13.019.645 [orion_adapter_hccp.cc:791][604]add white list: num[1], remain [0].
[INFO] HCCL(604,host_server):2026-09-21-12:09:13.019.646 [orion_adapter_hccp.cc:797][604][HrtRaSocketWhiteListAdd] Success. Total add num [1]
[INFO] HCCL(604,host_server):2026-09-21-12:09:13.019.652 [socket_mgr.cc:153] [604][SocketMgr][CreateSocket] client_socket_info[Socket[role=SocketRole::SERVER, localIp=IpAddress[0000:0000:0000:0000:0000:0000:14a8:0013, AF=IPv4, addr=20.168.0.19], listenPort=19517, remoteIp=IpAddress[0000:0000:0000:0000:0000:0000:14a8:0003, AF=IPv4, addr=20.168.0.3], tag=standard-host-to-hbm_20.168.0.19_20.168.0.3_19517, nicType=NicType::HOST_NIC_TYPE]]
[INFO] HCCL(604,host_server):2026-09-21-12:09:13.019.655 [socket.cc:61][604]socket role_ is 0, SocketRole::SERVER
[INFO] HCCL(604,host_server):2026-09-21-12:09:13.019.660 [host_cpu_roce_channel.cc:195] [604][HostCpuRoceChannel::BuildSocket] SUCCESS. port[19517].
[INFO] HCCL(604,host_server):2026-09-21-12:09:13.019.662 [host_rdma_connection.cc:28] [604][HostRdmaConnection][GetHostQpMode] host-only default qpMode[2].
[INFO] HCCL(604,host_server):2026-09-21-12:09:13.019.664 [host_cpu_roce_channel.cc:227] [604][HostCpuRoceChannel::BuildConnection] QpInfo[0]: lbValue[0], serviceLevel[0], trafficClass[0], retryCnt[4294967295], retryInterval[4294967295].
[INFO] HCCL(604,host_server):2026-09-21-12:09:13.019.672 [host_cpu_roce_channel.cc:233] [604][HostCpuRoceChannel::BuildConnection] Success, Qp count = 1
[INFO] HCCL(604,host_server):2026-09-21-12:09:13.019.676 [dpu_notify_manager.cc:64] [604][DpuNotifyManager::AllocNotifyIds] notifyNum == 0, no need to alloc.
[INFO] HCCL(604,host_server):2026-09-21-12:09:13.019.684 [orion_adapter_hccp.cc:518][604][GetOneSocket][RaSocket] Input params: role=0,socketHandle=0xaaaaf34dbee0, fdHandle=(nil), remoteIp=IpAddress[0000:0000:0000:0000:0000:0000:14a8:0003, AF=IPv4, addr=20.168.0.3], timeout=0
[INFO] HCCL(604,host_server):2026-09-21-12:09:13.019.688 [orion_adapter_hccp.cc:533][604]Socket Get tag=[standard-host-to-hbm_20.168.0.19_20.168.0.3_19517], remoteIp[IpAddress[0000:0000:0000:0000:0000:0000:14a8:0003, AF=IPv4, addr=20.168.0.3]], ret[0]
[INFO] HCCL(604,host_server):2026-09-21-12:09:13.019.690 [orion_adapter_hccp.cc:484][604][GetSockets][RaBlock] Input params: role=0, num=1, timeoutSec=0
[INFO] HCCP(604,host_server):2026-09-21-12:09:13.020.868 [rs_socket.c:493]tid:666,RsEpollEventListenInHandle : [server]server_ip:20.168.0.19 server_port:19517 accept ok, listen_fd:7, new fd:9
[INFO] HCCP(604,host_server):2026-09-21-12:09:13.020.909 [rs_socket.c:377]tid:666,RsTcpRecvTagInHandle : recv tag success, server:{20.168.0.19:19517} client:20.168.0.3 timeCost:0.021000ms tagSyncTimes:1 tagEintrTimes:0
[INFO] HCCP(604,host_server):2026-09-21-12:09:13.020.923 [rs_drv_socket.c:718]tid:666,RsFindWhiteListNode : client_ip 20.168.0.3 0x0300a814, expectIp 20.168.0.3 0x0300a814
[INFO] HCCP(604,host_server):2026-09-21-12:09:13.020.968 [rs_epoll.c:126]tid:666,RsWlistCheckConnAdd : [Server]chip_id 0, fd 9 accept, server ip:20.168.0.19, client ip:20.168.0.3, state:8, tag:standard-host-to-hbm_20.168.0.19_20.168.0.3_19517
[INFO] HCCP(604,host_server):2026-09-21-12:09:13.020.972 [rs_drv_socket.c:505]tid:666,ShowConnNode : current server ip: 20.168.0.19, client ip:20.168.0.3, fd:9, state:8, tag:standard-host-to-hbm_20.168.0.19_20.168.0.3_19517
[INFO] HCCP(604,host_server):2026-09-21-12:09:13.020.975 [rs_epoll.c:333]tid:666,RsEpollEventInHandle : the fd:7 is tcp listened, no need to go on, ret:0
[INFO] HCCL(604,host_server):2026-09-21-12:09:13.021.806 [orion_adapter_hccp.cc:505][604]block get sockets success, socket num[1]
[INFO] HCCL(604,host_server):2026-09-21-12:09:13.021.813 [socket.cc:110][604]socketinfo.tag=standard-host-to-hbm_20.168.0.19_20.168.0.3_19517 status=SocketStatus::OK, role=SocketRole::SERVER
[INFO] HCCL(604,host_server):2026-09-21-12:09:13.021.815 [host_cpu_roce_channel.cc:1476] [604][Hybrid][HostCpuRoceChannel] Starting capability exchange
[INFO] HCCL(604,host_server):2026-09-21-12:09:13.021.818 [orion_adapter_hccp.cc:550][604]before ra socket send, para: fdHandle[0xaaaaf34df110], data[0xfffff7fd27a8], size[20]
[INFO] HCCL(604,host_server):2026-09-21-12:09:13.021.831 [orion_adapter_hccp.cc:556][604]ra socket send, data[0xfffff7fd27a8], size[20] send size[0]
[INFO] HCCL(604,host_server):2026-09-21-12:09:13.021.833 [orion_adapter_hccp.cc:582][604]ra socket send finished,ret[0]
[INFO] HCCL(604,host_server):2026-09-21-12:09:13.021.835 [host_cpu_roce_channel.cc:1487] [604][Hybrid][HostCpuRoceChannel] Sent capability, version=1
[INFO] HCCL(604,host_server):2026-09-21-12:09:13.021.837 [orion_adapter_hccp.cc:662][604]before ra socket recv, para: fdHandle[0xaaaaf34df110], data[0xfffff7fd27c0], size[20]
[INFO] HCCL(604,host_server):2026-09-21-12:09:13.036.599 [orion_adapter_hccp.cc:698][604]ra socket receive finished. ret[0]
[INFO] HCCL(604,host_server):2026-09-21-12:09:13.036.604 [host_cpu_roce_channel.cc:1493] [604][Hybrid][HostCpuRoceChannel] recvCap success
[INFO] HCCL(604,host_server):2026-09-21-12:09:13.036.606 [host_cpu_roce_channel.cc:1531] [604][Hybrid][HostCpuRoceChannel] Capability exchange success, remote commStack=1, version=1, mode=hybrid
[INFO] HCCL(604,host_server):2026-09-21-12:09:13.036.610 [socket.cc:84][604]socketinfo.tag=standard-host-to-hbm_20.168.0.19_20.168.0.3_19517 status is OK, role=SocketRole::SERVER
[INFO] HCCL(604,host_server):2026-09-21-12:09:13.036.611 [host_rdma_connection.cc:77] [604]HostRdmaConnection CreateCompChannel
[INFO] HCCP(604,host_server):2026-09-21-12:09:13.036.622 [rs_rdma.c:3266]tid:604,RsCreateCompChannel : create comp channel success!
[INFO] HCCP(604,host_server):2026-09-21-12:09:13.036.628 [rs_rdma.c:3266]tid:604,RsCreateCompChannel : create comp channel success!
[INFO] HCCL(604,host_server):2026-09-21-12:09:13.036.630 [host_rdma_connection.cc:94] [604]HostRdmaConnection CreateCqAndQp
[INFO] HCCL(604,host_server):2026-09-21-12:09:13.036.633 [orion_adapter_hccp.cc:2419][604][HrtRaCreateQpWithCq] Input params: rdmaHandle=0xaaaaf3492570, sqEvent=-1, rqEvent=-1, sendChannel=0xaaaaf34df210, recvChannel=0xaaaaf34df1b0
[INFO] HCCL(604,host_server):2026-09-21-12:09:13.036.639 [orion_adapter_hccp.cc:2471][604][HrtRaCreateCq] Input params: rdmaHandle=0xaaaaf3492570, sq=(nil), rq=(nil), context=(nil)
[INFO] HCCP(604,host_server):2026-09-21-12:09:13.036.641 [ra_host.c:1907]tid:604,RaCqCreate : Input parameters: phyId[0]
[INFO] HCCP(604,host_server):2026-09-21-12:09:13.038.903 [rs_drv_rdma.c:1287]tid:604,RsDrvCreateCqWithChannel : create cq with channel success
[INFO] HCCL(604,host_server):2026-09-21-12:09:13.038.910 [orion_adapter_hccp.cc:2521][604][HrtRaNormalQpCreate] Input params: rdmaHandle=0xaaaaf3492570, context=0xaaaaf34df440
[INFO] HCCP(604,host_server):2026-09-21-12:09:13.038.913 [ra_host.c:1968]tid:604,RaNormalQpCreate : Input parameters: phyId[0]
[INFO] HCCP(604,host_server):2026-09-21-12:09:13.040.333 [rs_drv_rdma.c:1365]tid:604,RsDrvNormalQpCreate : chip_id 0, rdevIndex:1, qp[548] create succ.
[INFO] HCCP(604,host_server):2026-09-21-12:09:13.040.341 [rs_rdma.c:3208]tid:604,RsNormalQpCreate : qp 548 create qp.
[INFO] HCCL(604,host_server):2026-09-21-12:09:13.040.343 [host_rdma_connection.cc:101] [604][CreateQp]Set qp qos success by config, TC[0] SL[0]
[INFO] HCCP(604,host_server):2026-09-21-12:09:13.040.346 [rs.c:1994]tid:604,RsSetQpAttrQos : set qp qos attr: qpn[548] tc[0] sl[0]
[INFO] HCCP(604,host_server):2026-09-21-12:09:13.040.348 [rs.c:2010]tid:604,RsSetQpAttrTimeout : set qp qos attr: qpn[548] timeout[4294967295]
[INFO] HCCP(604,host_server):2026-09-21-12:09:13.040.350 [rs.c:2026]tid:604,RsSetQpAttrRetryCnt : set qp qos attr: qpn[548] retry_cnt[4294967295]
[INFO] HCCL(604,host_server):2026-09-21-12:09:13.040.351 [host_cpu_roce_channel.cc:370] [604][HostCpuRoceChannel::IsResReady] all connections resources connected.
[INFO] HCCL(604,host_server):2026-09-21-12:09:13.040.354 [host_cpu_roce_channel.cc:1728] [604][Hybrid] Starting hybrid data exchange
[INFO] HCCP(604,host_server):2026-09-21-12:09:13.040.359 [rs_rdma.c:580]tid:604,RsMrReg : qpn[548], len[0x4], access[7]
[INFO] HCCP(604,host_server):2026-09-21-12:09:13.040.361 [rs_rdma.c:115]tid:604,RsGetMrcb : cannot find mrcb for addr@0xaaaaf34dfa00 !
[INFO] HCCP(604,host_server):2026-09-21-12:09:13.040.587 [rs_rdma.c:610]tid:604,RsMrReg : rs_mr_reg succ, state:0
[INFO] HCCP(604,host_server):2026-09-21-12:09:13.040.590 [rs_rdma.c:580]tid:604,RsMrReg : qpn[548], len[0x4], access[7]
[INFO] HCCP(604,host_server):2026-09-21-12:09:13.040.591 [rs_rdma.c:115]tid:604,RsGetMrcb : cannot find mrcb for addr@0xaaaaf34dfa20 !
[INFO] HCCP(604,host_server):2026-09-21-12:09:13.040.911 [rs_rdma.c:610]tid:604,RsMrReg : rs_mr_reg succ, state:0
[INFO] HCCL(604,host_server):2026-09-21-12:09:13.040.914 [orion_adapter_hccp.cc:550][604]before ra socket send, para: fdHandle[0xaaaaf34df110], data[0xaaaaf34df130], size[109]
[INFO] HCCL(604,host_server):2026-09-21-12:09:13.040.930 [orion_adapter_hccp.cc:556][604]ra socket send, data[0xaaaaf34df130], size[109] send size[0]
[INFO] HCCL(604,host_server):2026-09-21-12:09:13.040.932 [orion_adapter_hccp.cc:582][604]ra socket send finished,ret[0]
[INFO] HCCL(604,host_server):2026-09-21-12:09:13.040.934 [orion_adapter_hccp.cc:662][604]before ra socket recv, para: fdHandle[0xaaaaf34df110], data[0xaaaaf350d450], size[109]
[INFO] HCCL(604,host_server):2026-09-21-12:09:13.056.746 [orion_adapter_hccp.cc:698][604]ra socket receive finished. ret[0]
[INFO] HCCP(604,host_server):2026-09-21-12:09:13.056.753 [rs_rdma.c:2564]tid:604,RsQpConnectAsync : qp:548, fd:9
[INFO] HCCP(604,host_server):2026-09-21-12:09:13.056.761 [rs_rdma.c:2588]tid:604,RsQpConnectAsync : after socket fd 9 send QP 548, chipId 0, state:3!
[INFO] HCCP(604,host_server):2026-09-21-12:09:13.056.769 [rs_rdma.c:459]tid:604,RsMrInfoSync : mr state:0, addr:0xaaaaf34dfa00
[INFO] HCCP(604,host_server):2026-09-21-12:09:13.056.774 [rs_rdma.c:484]tid:604,RsMrInfoSync : after send mr state:1, addr:0xaaaaf34dfa00
[INFO] HCCP(604,host_server):2026-09-21-12:09:13.056.776 [rs_rdma.c:459]tid:604,RsMrInfoSync : mr state:0, addr:0xaaaaf34dfa20
[INFO] HCCP(604,host_server):2026-09-21-12:09:13.056.780 [rs_rdma.c:484]tid:604,RsMrInfoSync : after send mr state:1, addr:0xaaaaf34dfa20
[INFO] HCCP(604,host_server):2026-09-21-12:09:13.056.783 [rs_rdma.c:2599]tid:604,RsQpConnectAsync : QP 548 async done, state:3!
[INFO] HCCL(604,host_server):2026-09-21-12:09:13.056.785 [host_cpu_roce_channel.cc:1701] [604]HostCpuRoceChannel: waiting for qp status ready...
[INFO] HCCP(604,host_server):2026-09-21-12:09:13.057.847 [rs_rdma.c:331]tid:604,RsEpollRecvHandle : Message for qp:548, qpCb->remainSize:0, size:120
[INFO] HCCP(604,host_server):2026-09-21-12:09:13.057.954 [rs_rdma.c:168]tid:604,RsQpStateModify : qpn:548 state:1 start modify
[INFO] HCCP(604,host_server):2026-09-21-12:09:13.058.995 [rs_drv_rdma.c:508]tid:604,RsDrvQpStateModifytoRtr : qp qos attr: qpn[548] tc[0] sl[0]
[INFO] HCCP(604,host_server):2026-09-21-12:09:13.059.119 [rs_drv_rdma.c:531]tid:604,RsDrvQpStateModifytoRts : qp rdma attr: qpn[548] timeout[4294967295] retrycnt[4294967295]
[INFO] HCCP(604,host_server):2026-09-21-12:09:13.059.121 [rs_rdma.c:199]tid:604,RsQpStateModify : local qpn[548] remote qpn[98] modify succ
[INFO] HCCP(604,host_server):2026-09-21-12:09:13.059.123 [rs_rdma.c:225]tid:604,RsEpollRecvQpHandle : local qpn[548] remote qpn [98] connect success! cost [2.367000] ms
[INFO] HCCP(604,host_server):2026-09-21-12:09:13.059.127 [rs_rdma.c:229]tid:604,RsEpollRecvQpHandle : qp [548] state has been migrate to RTS!, qpCb state is 3
[INFO] HCCP(604,host_server):2026-09-21-12:09:13.059.129 [rs_rdma.c:137]tid:604,RsNotifyMrListAdd : qpn is 548, rdevIndex:1, chipId 0, recv notify va is 0x12c180000000, notify size is 1048576
[INFO] HCCP(604,host_server):2026-09-21-12:09:13.059.131 [rs_rdma.c:269]tid:604,RsCmdQpInfoHandle : rs_notify_mr_list_add
[INFO] HCCP(604,host_server):2026-09-21-12:09:13.059.132 [rs_rdma.c:272]tid:604,RsCmdQpInfoHandle : qp_info cur_size(0) len(64) !
[INFO] HCCP(604,host_server):2026-09-21-12:09:13.059.134 [rs_rdma.c:252]tid:604,RsEpollRecvMrHandle : recv mr addr is 0x12c180000000
[INFO] HCCP(604,host_server):2026-09-21-12:09:13.059.135 [rs_rdma.c:253]tid:604,RsEpollRecvMrHandle : recv mr len is 1048576
[INFO] HCCP(604,host_server):2026-09-21-12:09:13.059.136 [rs_rdma.c:287]tid:604,RsCmdMrInfoHandle : mr_info cur_size(64) len(24) !
[INFO] HCCP(604,host_server):2026-09-21-12:09:13.059.138 [rs_rdma.c:252]tid:604,RsEpollRecvMrHandle : recv mr addr is 0x12c081200000
[INFO] HCCP(604,host_server):2026-09-21-12:09:13.059.139 [rs_rdma.c:253]tid:604,RsEpollRecvMrHandle : recv mr len is 4
[INFO] HCCP(604,host_server):2026-09-21-12:09:13.059.140 [rs_rdma.c:287]tid:604,RsCmdMrInfoHandle : mr_info cur_size(88) len(24) !
[INFO] HCCL(604,host_server):2026-09-21-12:09:13.060.196 [host_cpu_roce_channel.cc:1714] [604]In link ibv, QP get status success.
[INFO] HCCL(604,host_server):2026-09-21-12:09:13.060.200 [socket_mgr.cc:277] [604][SocketMgr][PutSocket] start to put a socket
[INFO] HCCL(604,host_server):2026-09-21-12:09:13.060.204 [nic_plugin_dispatcher.cc:80] [604][ConnectPluginChannels] SUCCESS.
API HcommChannelCreate(endpoint, engine, &desc, 1, &channel) => 0
[WARNING] HCCL(604,host_server):2026-09-21-12:09:13.060.208 [hcomm_adapter_runtime.cc:33] [604][HcommAdapterRuntime][ResolveRuntimeDevicePhyId] force Host-only resource id[0], env[HCOMM_FORCE_HOST_NIC_PLUGIN]=1, test only.
CHANNEL status=0

STAGE 5. 保持 DRAM/MR 有效，等待 NPU 完成 READ 和数据验证
FAIL (not validated): control receive/peer closed
